Bahnaric,Vietnamese,source,example_id,source_lang,target_lang
Gak boux daiqbiuj：,各位代表：,government_work_report,0,za,zh
"Seizneix, gou daiqbiuj Gozvuyen, yiengq daihhoih baugau gij hong cwngfuj, cingj saemjlwnh, caemhcaiq cingj Daengx Guek Cwnghez gak boux veijyenz daezok yigen.",现在，我代表国务院，向大会报告政府工作，请予审议，并请全国政协各位委员提出意见。,government_work_report,1,za,zh
It、Dauqyawj Gij Hong 2016 Nienz,一、2016年工作回顾,government_work_report,2,za,zh
"Bi gvaqbae neix, guek raeuz fazcanj bungzdaengz diuhcan yiemzhaenq, ndaw guek rog guek haujlai mauzdun doxdab doxgya、fungyiemj huxndumj doxca doxgyoeb.",过去一年，我国发展面临国内外诸多矛盾叠加、风险隐患交汇的严峻挑战。,government_work_report,3,za,zh
"Miz aen Dangjcunghyangh aeu Siz Ginbingz dungzci guh haedsim haenx giengiengz lingjdauj, daengx guek gak cuz yinzminz soemh hojnanz buekguh, haenqheiq byaij baenaj, doidoengh ginghci sevei lienzdaemh cangqheiq fazcanj.",在以习近平同志为核心的党中央坚强领导下，全国各族人民迎难而上，砥砺前行，推动经济社会持续健康发展。,government_work_report,4,za,zh
"Baez Cibbet Gaiq Roek Cungh Cienzhoih aen Dangj cingqsik mingzbeg doekdingh aen diegvih haedsim Siz Ginbingz cungjsuhgi, daejyienh le gij gaenbonj leih'ik aen Dangj caeuq yinzminz, doiq baujcwng aen Dangj caeuq guekgya hoenghvuengh fatdad、ciengzgeiz onjdingh, miz yiyi cibfaen hungnaek youh gyaelaeg.",党的十八届六中全会正式明确习近平总书记的核心地位，体现了党和人民的根本利益，对保证党和国家兴旺发达、长治久安，具有十分重大而深远的意义。,government_work_report,5,za,zh
"Gak digih、gak bouhmonz mboujduenh demgiengz cwngci eiqsik、daihbuenz eiqsik、haedsim eiqsik、gaenhwnj eiqsik, doidoengh cienzmienh hwnqbaenz aen biengz siujgangh caiq ndaej fazcanj baenaj youqgaenj, cienzmienh gyalaeg gaijgwz yamq ok yamqdin hungnaek, cienzmienh ciuqfap ceihleix guekgya ndaej haeujlaeg saedhengz, cienzmienh coengzyiemz ceihleix aen Dangj ndaej coh laeg doicaenh, daengx bi ginghci sevei fazcanj cujyau muzbiuh yinvu guh baenz caezcup, ""Cibsam Haj"" saedyienh le haibuenz ndei.",各地区、各部门不断增强政治意识、大局意识、核心意识、看齐意识，推动全面建成小康社会取得新的重要进展，全面深化改革迈出重大步伐，全面依法治国深入实施，全面从严治党纵深推进，全年经济社会发展主要目标任务圆满完成，“十三五”实现了良好开局。,government_work_report,6,za,zh
Ginghci yinhhengz youq ndaw gemj menh yiengq onjmaenh、youq ndaw onjmaenh yiengq ndei.,经济运行缓中趋稳、稳中向好。,government_work_report,7,za,zh
"Ndaw guek swnghcanj cungjciz dabdaengz 74.4 fanh ik maenz, demmaj 6.7％, baizmingz youq gaxgonq seiqgyaiq gak guek, doiq cienz seiqgyaiq ginghci demmaj gunghawj beijlwd mauhgvaq 30％.",国内生产总值达到74.4万亿元，增长6.7%，名列世界前茅，对全球经济增长的贡献率超过30%。,government_work_report,8,za,zh
Gihminz siufeiq gyaqcienz lai hwnj 2％.,居民消费价格上涨2%。,government_work_report,9,za,zh
"Gunghyez giyez leihyinh daj bigonq doek bae 2.3％ cienj baenz demmaj 8.5％, danhvei ndaw guek swnghcanj cungjciz siuhauq nwngzyenz roengzdaemq 5％, ginghci fazcanj caetliengh caeuq yauqik yienhda raen daezsang.",工业企业利润由上年下降2.3%转为增长8.5%，单位国内生产总值能耗下降5%，经济发展的质量和效益明显提高。,government_work_report,10,za,zh
Couhnieb demmaj mauhgvaq yawhgeiz.,就业增长超出预期。,government_work_report,11,za,zh
Daengx bi hawsingz lai gya couhnieb 1314 fanh vunz.,全年城镇新增就业1314万人。,government_work_report,12,za,zh
Gauhyau bizyezswngh couhnieb cauhnieb vunzsoq caiq ndaej gya lai.,高校毕业生就业创业人数再创新高。,government_work_report,13,za,zh
"Nienzdaej hawsingz daenghgeiq saetnieb beijlwd 4.02％, dwg lai bi daeuj bi ceiq daemq.",年末城镇登记失业率4.02%，为多年来最低。,government_work_report,14,za,zh
"Aen guek hung cingqcaih fazcanj miz 13 ik vunz baenzneix, couhnieb ndaej haemq cungfaen, gig mbouj yungzheih.",13亿多人口的发展中大国，就业比较充分，十分不易。,government_work_report,15,za,zh
Gaijgwz hailangh ndaej doicaenh haeujlaeg.,改革开放深入推进。,government_work_report,16,za,zh
"Gij gaijgwz ndaw lingjyiz youqgaenj caeuq hothoh gvanhgen ndaej cungbyoengq fazcanj baenaj, gaijgwz gij gezgou mbiengj gunghawj codaeuz raen miz cingzyauq.",重要领域和关键环节改革取得突破性进展，供给侧结构性改革初见成效。,government_work_report,17,za,zh
"Doiq rog hailangh doiok guhfap moq, ""it rangh it loh"" hwnqguh ndaej vaiq, buek gunghcwngz hungnaek caeuq hanghmoeg gozci canjnaengz gapguh ndeu gaenq doekdingh saedhengz.",对外开放推出新举措，“一带一路”建设进展快速，一批重大工程和国际产能合作项目落地。,government_work_report,18,za,zh
Ginghci gezgou ndaej gyavaiq diuzcingj.,经济结构加快调整。,government_work_report,19,za,zh
Siufeiq gaenq baenz gij rengz youqgaenj ragdoengh ginghci demmaj.,消费在经济增长中发挥主要拉动作用。,government_work_report,20,za,zh
Gij cwnghgyahciz hangznieb fugsaeh ciemq ndaw guek swnghcanj cungjciz beijlaeh swnghwnj daengz 51.6％.,服务业增加值占国内生产总值比重上升到51.6%。,government_work_report,21,za,zh
Aen canjnieb gisuz sang、aen hangznieb ceiqcauh cangboiq demmaj haemq vaiq.,高技术产业、装备制造业较快增长。,government_work_report,22,za,zh
"Nungzyez youq ndaw onjmaenh diuzcingj ndei, haeuxgwn caiq ndaej fungsou.",农业稳中调优，粮食再获丰收。,government_work_report,23,za,zh
Gij rengz nyoengxdoengh moq fazcanj ndaej mboujduenh demgiengz.,发展新动能不断增强。,government_work_report,24,za,zh
Aen canloz doenggvaq cauhmoq bae doidoengh fazcanj ndaej haeujlaeg saedhengz.,创新驱动发展战略深入实施。,government_work_report,25,za,zh
Gohgi lingjyiz aeu ndaej buek cwngzgoj hungnaek byaij youq seiqgyaiq baihnaj ndeu.,科技领域取得一批国际领先的重大成果。,government_work_report,26,za,zh
"Gij canjnieb saenhwng hwnghwnj foedfoed, gij canjnieb cienzdoengj ndaej gyavaiq cienjhingz swnggaep.",新兴产业蓬勃兴起，传统产业加快转型升级。,government_work_report,27,za,zh
"Vunzlai cauhnieb、vunzlai cauhmoq gvangqlangh guh hwnjdaeuj, daengx bi gij giyez saen daenghgeiq de demmaj 24.5％, bingzyaenz moix ngoenz lai gya 1.5 fanh hoh.Caiq gya godij gunghsanghhu daengj, gak loih hawciengz cawjdaej moix ngoenz saen demgya 4.5 fanh hoh.",大众创业、万众创新广泛开展，全年新登记企业增长24.5%，平均每天新增1.5万户，加上个体工商户等，各类市场主体每天新增4.5万户。,government_work_report,28,za,zh
Gij rengz nyoengxdoengh moq cingqcaih cengj hwnj aen diendeih fazcanj moq.,新动能正在撑起发展新天地。,government_work_report,29,za,zh
Giekdaej sezsih daemxcengj naengzlig lienzdaemh daezswng.,基础设施支撑能力持续提升。,government_work_report,30,za,zh
"Saenhwnq gauhsuz dietloh douzcanj lijcwngz mauhgvaq 1900 goengleix, saenhwnq gaijhwnq gauhsuz goengloh 6700 lai goengleix、gij goengloh lajmbanj 29 fanh goengleix.",新建高速铁路投产里程超过1900公里，新建改建高速公路6700多公里、农村公路29万公里。,government_work_report,31,za,zh
Hwnqguh hawsingz gveijdau gyaudoeng、gvanjlangz gyoebhab lajdoem ndaej gyavaiq.,城市轨道交通、地下综合管廊建设加快。,government_work_report,32,za,zh
Saen haigoeng suijli gunghcwngz hungnaek 21 hangh.,新开工重大水利工程21项。,government_work_report,33,za,zh
Saen demgya daihseiq daih yizdung doengsaenq yunghhoh 3.4 ik hoh、gvanghlanj sienqloh 550 lai fanh goengleix.,新增第四代移动通信用户3.4亿、光缆线路550多万公里。,government_work_report,34,za,zh
Yinzminz saedceij ndaej laebdaeb gaijndei.,人民生活继续改善。,government_work_report,35,za,zh
Daengx guek gihminz moix vunz bingzyaenz gij souhaeuj ndaej ceiboiq de saedsaeh demmaj 6.3％.,全国居民人均可支配收入实际增长6.3%。,government_work_report,36,za,zh
"Gemjnoix gij vunz gungzhoj lajmbanj 1240 fanh, vuenh dieg banggungz buensenj vunz mauhgvaq 240 fanh vunz.",农村贫困人口减少1240万，易地扶贫搬迁人口超过240万。,government_work_report,37,za,zh
"Gaijcauh gij ranzyouq dieg ranzdiengz 600 lai fanh dauq, gaijcauh ranzvaih lajmbanj 380 lai fanh hoh.",棚户区住房改造600多万套，农村危房改造380多万户。,government_work_report,38,za,zh
"Ndaw guek lijyouz demmaj riengjvaiq, ok guek bae youz mauhgvaq 1.2 ik vunzbaez, hawsingz lajmbanj gihminz gwndaenj suijbingz caiq ndaej daezsang.",国内旅游快速增长，出境旅游超过1.2亿人次，城乡居民生活水平有新的提高。,government_work_report,39,za,zh
"Guek raeuz cawjbanh Ngeihcib Guek Cizdonz Lingjdaujyinz Hangzcouh Funghvei ndaej baenz, doidoengh aeu ndaej baenz buek cwngzgoj youqgaenj daiqmiz haicauh、dazyinx、gihci singqcaet, youq cienz seiqgyaiq ginghci ceihleix ndawde louz roengz le aen yaenqgeiq Cungguek gig laeg.",我国成功主办二十国集团领导人杭州峰会，推动取得一系列开创性、引领性、机制性重要成果，在全球经济治理中留下深刻的中国印记。,government_work_report,40,za,zh
"Dauqyawj bi gvaqbae neix, gij roen byaij gvaqdaeuj gig mbouj bingzciengz.",回顾过去一年，走过的路很不寻常。,government_work_report,41,za,zh
"Raeuz mienhdoiq yiengh vanzging baihrog seiqgyaiq ginghci caeuq mouyiz demmaj 7 bi daeuj ceiq daemq、gozci ginhyungz hawciengz fubfab hwnjroengz gyahaenq、digih caeuq cenzgiuzsing diuhcan boekbienq fat lai, mienhdoiq yiengh hojnanz lai caengz lumjbaenz ndaw guek gezgousing vwndiz doedyienh、fungyiemj huxndumj yienhloh okdaeuj、ginghci byaij daemq atlig gyadaih daengj, mienhdoiq yiengh hingzseiq fukcab gaijgwz yamq haeuj mwh haeb ndokgenq、cingqcaih gyalaeg diuzcingj leih'ik gvanhaeh、gij yinhsu yingjyangj aen biengz onjdingh de demlai.",我们面对的是世界经济和贸易增速7年来最低、国际金融市场波动加剧、地区和全球性挑战突发多发的外部环境，面对的是国内结构性问题突出、风险隐患显现、经济下行压力加大的多重困难，面对的是改革进入攻坚期、利益关系深刻调整、影响社会稳定因素增多的复杂局面。,government_work_report,42,za,zh
"Roeb cungj cingzgvang neix, ginghci ndaej cap onj gig mbouj yungzheih, miz haujlai bienqvaq yiengq ndei engqgya nanz ndaej.",在这种情况下，经济能够稳住很不容易，出现诸多向好变化更为难得。,government_work_report,43,za,zh
"Neix caiq baez ndeu biujmingz, gyoengq yinzminz Cungguek miz damjliengh、miz dungxcaiz、miz naengzlig hoenxhingz sojmiz gannanz yungyiemj, gij ginghci Cungguek miz rengzndumj、gig nyangqnywt、miz youhsi, diuz roen fazcanj baenaj Cungguek itdingh ndaej engq ndei.",这再次表明，中国人民有勇气、有智慧、有能力战胜任何艰难险阻，中国经济有潜力、有韧性、有优势，中国的发展前景一定会更好。,government_work_report,44,za,zh
"Bi ndeu daeuj, dou cujyau guh le gij hong lajneix.",一年来，我们主要做了以下工作。,government_work_report,45,za,zh
"It dwg laebdaeb cauhmoq caeuq gyagiengz hungzgvanh diuzgung, ginghci yinhhengz baujciz youq duenh hableix.",一是继续创新和加强宏观调控，经济运行保持在合理区间。,government_work_report,46,za,zh
"Bi'gvaq hungzgvanh diuzgung roeb daengz lai cungj gannanz genjdingh, dou genhciz mbouj guh cungj gikcoi giengzhaenq lumj ""raemx hoengh dwk naz"", dauq dwg baengh gaijgwz cauhmoq coicaenh demmaj bingzonj、diuzcingj gezgou、fuengzre fungyiemj, sien bae diuzgung mboengq ginghci yinhhengz gonq, yienzhaeuh bae gyagiengz dinghyiengq diuzgung、yawj seizgei diuzgung.",去年宏观调控面临多难抉择，我们坚持不搞“大水漫灌”式强刺激，而是依靠改革创新来稳增长、调结构、防风险，在区间调控基础上，加强定向调控、相机调控。,government_work_report,47,za,zh
"Gyarengz bae saedhengz gij caizcwng cwngcwz gaenxmaenx de, gyalai caizcwng gij ceiok lai gvaq souhaeuj de cujyau yungh bae gemj suiq gyangq feiq.",积极的财政政策力度加大，增加的财政赤字主要用于减税降费。,government_work_report,48,za,zh
"Cienzmienh doihai yingzyezsui gaij cwnghcizsui sawqdiemj, daengx bi gemjnoix giyez nab suiq 5700 lai ik maenz, sojmiz hangznieb saedyienh nab suiq caenh gemj mbouj gya.",全面推开营改增试点，全年降低企业税负5700多亿元，所有行业实现税负只减不增。,government_work_report,49,za,zh
"Ceiqdingh saedhengz aen fueng'anq gvaqdoh vehfaen cunghyangh caeuq deihfueng cwnghcizsui souhaeuj, saedbauj deihfueng gij caizlig gaenq miz de mbouj bienq.",制定实施中央与地方增值税收入划分过渡方案，确保地方既有财力不变。,government_work_report,50,za,zh
"Gyahung aen gveihmoz deihfueng cwngfuj ciq caiq moq ngamj gaeuq vuenh caiq gaeuq, gyangqdaemq diuzrap leihsik daih'iek 4000 ik maenz.",扩大地方政府存量债务置换规模，降低利息负担约4000亿元。,government_work_report,51,za,zh
"Gij hobi cwngcwz onjmaenh haenx lingzvued habdoh, gvangjyi hobi Ｍ2 demmaj 11.3％, daemq gvaq aen yawhgeiz muzbiuh 13％ baedauq de.",稳健的货币政策灵活适度，广义货币M2增长11.3%，低于13%左右的预期目标。,government_work_report,52,za,zh
"Gyoebhab yinhyungh lai cungj hobi cwngcwz gunghgi, haeujcoengh saeddaej ginghci fazcanj.",综合运用多种货币政策工具，支持实体经济发展。,government_work_report,53,za,zh
Saedhengz gij guhfap coicaenh siufeiq swnggaep.,实施促进消费升级措施。,government_work_report,54,za,zh
"Goengbouh saedhengz gij cwngcwz gikcoi ndawbiengz douzswh daengj, douzswh gaenq miz yienghceij bienq onj.",出台鼓励民间投资等政策，投资出现企稳态势。,government_work_report,55,za,zh
Faenloih diuzgung fangzdicanj hawciengz.,分类调控房地产市场。,government_work_report,56,za,zh
"Gyagiengz fuengzre gaemhanh ginhyungz fungyiemj, aen gihci cauxbaenz yinzminzbi veiliz caenh'itbouh laeb caezcienz, baujciz daihdaej onjdingh youq gwnz suijbingz hableix bingzyaenx, henhoh le guekgya ginghci ginhyungz ancienz.",加强金融风险防控，人民币汇率形成机制进一步完善，保持了在合理均衡水平上的基本稳定，维护了国家经济金融安全。,government_work_report,57,za,zh
"Ngeih dwg haenqrengz ca ndei ""sam gemj it roengz it bouj"", gunghawj gezgou miz di gaijndei.",二是着力抓好“三去一降一补”，供给结构有所改善。,government_work_report,58,za,zh
"Aeu gangdiet、meizdan hangznieb guh cungdenj bae gemj gij swnghcanj naengzlig lai yawz de, daengx bi doiqok gangdiet swnghcanj naengzlig mauhgvaq 6500 fanh dunh、meizdan swnghcanj naengzlig mauhgvaq 2.9 ik dunh, mauhgvaq dinghngeg guhbaenz nienzdoh muzbiuh yinvu, gij cizgungh faenriuz de ndaej daengz anceiq haemq ndei.",以钢铁、煤炭行业为重点去产能，全年退出钢铁产能超过6500万吨、煤炭产能超过2.9亿吨，超额完成年度目标任务，分流职工得到较好安置。,government_work_report,59,za,zh
"Haeujcoengh nungzminzgungh daengj youq hawsingz cawx ranz, daezsang aen beijlaeh gaijcauh ranzdiengz yungh cienz anceiq, fangzdicanj gemj daenzcang aeu ndaej cingzyauq ndei.",支持农民工在城镇购房，提高棚改货币化安置比例，房地产去库存取得积极成效。,government_work_report,60,za,zh
"Doidoengh giyez gyan'gyoeb dauqcungz cujhab, fazcanj cigciep yungzswh, saedhengz hawciengzvaq fazciva caiq cienj guj, gunghyez giyez swhcanj dawzcaiq beijlwd miz di roengzdaemq.",推动企业兼并重组，发展直接融资，实施市场化法治化债转股，工业企业资产负债率有所下降。,government_work_report,61,za,zh
"Vihliux coicaenh giyez gemjnoix cingzbonj, fatbouh saedhengz guhfap wngqdoiq lumjbaenz gemj suiq gyangq feiq、roengzdaemq ""haj yiemj it gim"" gyaucienz beijlaeh、roengzdaemq yungh dienh gyaqcienz daengj.",着眼促进企业降成本，出台减税降费、降低“五险一金”缴费比例、下调用电价格等举措。,government_work_report,62,za,zh
"Gyarengz bouj giz mbangnyieg, banh le buek daihsaeh dangqnaj gip aeu banh youh ik gyaeraez ndeu.",加大补短板力度，办了一批当前急需又利长远的大事。,government_work_report,63,za,zh
"Sam dwg haenqrengz gyalaeg gaijgwz hailangh, fazcanj rengzhoengh ndaej caenh'itbouh gyagiengz.",三是大力深化改革开放，发展活力进一步增强。,government_work_report,64,za,zh
"Cienzmienh gyalaeg gaijgwz, doi ok buek gaijgwz guhfap miz biugeiq singqcaet、cengjdingj singqcaet ndeu.",全面深化改革，推出一批标志性、支柱性改革举措。,government_work_report,65,za,zh
"Hopheux cawqleix ndei cwngfuj caeuq hawciengz gvanhaeh aen haedsim vwndiz ginghci dijci gaijgwz neix, laebdaeb doicaenh gij gaijgwz gemjnoix cwngfuj gihgou cuengq roengz gienzlig、cuengq guenj giethab、gaijndei fugsaeh.",围绕处理好政府和市场关系这一经济体制改革的核心问题，持续推进简政放权、放管结合、优化服务改革。,government_work_report,66,za,zh
"Youq gwnz giekdaej daezgonq guhbaenz aen muzbiuh gaiq cwngfuj neix gemjnoix hingzcwng saemjbae saehhangh sam faenh cih it neix, bi'gvaq youh siubae 165 hangh saemjbae saehhangh Gozvuyen bouhmonz caeuq de ceijdingh deihfueng saedhengz haenx, cingleix gveihfan 192 hangh saemjbae cunghgai fugsaeh saehhangh、220 hangh cizyez swhgwz hijgoj nyinhdingh saehhangh.",在提前完成本届政府减少行政审批事项三分之一目标的基础上，去年又取消165项国务院部门及其指定地方实施的审批事项，清理规范192项审批中介服务事项、220项职业资格许可认定事项。,government_work_report,67,za,zh
Gyalaeg gaijgwz sanghsw cidu.,深化商事制度改革。,government_work_report,68,za,zh
"Cienzmienh doihengz ""song seizbienh、it goenghai"", demgiengz mwh guhsaeh sat saeh le gamguenj ndaej mizyauq, doicaenh ""vangjdoxlienz + cwngvu fugsaeh"".",全面推行“双随机、一公开”，增强事中事后监管的有效性，推进“互联网+政务服务”。,government_work_report,69,za,zh
Doidoengh guekmiz giyez diuzcingj dauqcungz cujhab caeuq gaijgwz baenz miz lai cungj sojyoujci doxgyaux bae.,推动国有企业调整重组和混合所有制改革。,government_work_report,70,za,zh
Laebhwnj goengbingz gingcwngh saemjcaz cidu.,建立公平竞争审查制度。,government_work_report,71,za,zh
Gyalaeg gaijgwz swhyenzsui.,深化资源税改革。,government_work_report,72,za,zh
"Laeb caezcienz gij guhfap lajmbanj diegdeih ""sam gienz faen nda"", laebhwnj gungzhoj doiqok gihci.",完善农村土地“三权分置”办法，建立贫困退出机制。,government_work_report,73,za,zh
"Doicaenh gaijgwz gohgi guenjleix dijci, gyadaih gij gienz gag guhcawj gauhyau caeuq gohyenz yensoj, fatbouh saedhengz gij faenboiq cwngcwz aeu demgya cihsiz gyaciz bae dazyinx fuengyiengq.",推进科技管理体制改革，扩大高校和科研院所自主权，出台以增加知识价值为导向的分配政策。,government_work_report,74,za,zh
Hailangh aen hawciengz ciengxlaux fugsaeh.,放开养老服务市场。,government_work_report,75,za,zh
"Gyadaih goenglaeb yihyen gyoebhab gaijgwz sawqdiemj, gyalaeg gaijgwz gij cidu saemjbingz saemjbae gijyw yihliuz gigai.",扩大公立医院综合改革试点，深化药品医疗器械审评审批制度改革。,government_work_report,76,za,zh
"Ceiqdingh aen banhfap daenghgeiq gij gienzleih doengjit doekdingh swyenz swhyenz, guh sengj gaep doxroengz vanzbauj gihgou gamcaek gamcaz caepfap daengjsoh guenjleix、reihnaz lwnz ndaem yiet geng gaijgwz daengj sawqdiemj, cienzmienh doihengz hozcangjci, laeb caezcienz aen gihci swnghdai baujhoh boizbouj.",制定自然资源统一确权登记办法，开展省以下环保机构监测监察执法垂直管理、耕地轮作休耕改革等试点，全面推行河长制，健全生态保护补偿机制。,government_work_report,77,za,zh
Gaijgwz vih ginghci sevei fazcanj demgya le doenghlig moq.,改革为经济社会发展增添了新动力。,government_work_report,78,za,zh
Gaenxmaenx gyadaih doiq rog hailangh.,积极扩大对外开放。,government_work_report,79,za,zh
"Doicaenh hwnqguh ""it rangh it loh"", caeuq doengh aen guekgya song henz de gyagiengz canloz doiqciep、saedsaeh gapguh.",推进“一带一路”建设，与沿线国家加强战略对接、务实合作。,government_work_report,80,za,zh
Yinzminzbi cingqsik nab haeuj aen swx hobi daegbied dizgvanjgenz Gozci Hobi Gihginh Cujciz bae.,人民币正式纳入国际货币基金组织特别提款权货币篮子。,government_work_report,81,za,zh
"Gaenq guh ""Sinh Gangj doeng"".",“深港通”开启。,government_work_report,82,za,zh
"Laebndei gij guhfap coicaenh doiq rog mouyiz fazcanj, saen laeb 12 aen hamj gyaiq denswj sanghvu gyoebhab siyengih, cingouj cuzgouj cugbouh hoizfuk onjdingh.",完善促进外贸发展措施，新设12个跨境电子商务综合试验区，进出口逐步回稳。,government_work_report,83,za,zh
"Doigvangq gij gaijgwz cwngzgoj cauhmoq Sanghaij daengj swyouz mouyiz siyengih, saen laeb 7 aen swyouz mouyiz siyengih.",推广上海等自贸试验区改革创新成果，新设7个自贸试验区。,government_work_report,84,za,zh
"Cawz siujsoq lingjyiz saedhengz gij guhfap daegbied guenjleix baecinj cijndaej haeujbae ok, vaiswh giyez ndalaeb caeuq gaijbienq itlwd youz saemjbae gaij guh bwh'anq guenjleix.",除少数实行准入特别管理措施领域外，外资企业设立及变更一律由审批改为备案管理。,government_work_report,85,za,zh
"Saedsaeh sawjyungh vaiswh 1300 lai ik meijyenz, laebdaeb baiz youq baihnaj aen guekgya cingqcaih fazcanj.",实际使用外资1300多亿美元，继续位居发展中国家首位。,government_work_report,86,za,zh
"Seiq dwg gyagiengz aeu cauhmoq bae daz roen, gij rengz nyoengxdoengh moq majhung riengjvaiq.",四是强化创新引领，新动能快速成长。,government_work_report,87,za,zh
"Haeujlaeg doicaenh ""vangjdoxlienz +"" hengzdoengh caeuq guekgya daih soqgawq canloz, cienzmienh saedhengz 《Cungguek Ceiqcauh 2025》, doeksaed caeuq laebndei gij cwngcwz guhfap cauhmoq caeuq cauhnieb.",深入推进“互联网+”行动和国家大数据战略，全面实施《中国制造2025》，落实和完善“双创”政策措施。,government_work_report,88,za,zh
"Baijbouh caeuq hainduj saedhengz gij hanghmoeg hungnaek gohgi cauhmoq mienhyiengq 2030 nienz, haeujcoengh Baekging、Sanghaij hwnqguh aen gohgi cauhmoq cungsim miz rengz yingjyangj cienz seiqgyaiq de, saen laeb 6 aen sifangih guekgya guhcawj cauhmoq.",部署启动面向2030年的科技创新重大项目，支持北京、上海建设具有全球影响力的科技创新中心，新设6个国家自主创新示范区。,government_work_report,89,za,zh
Daengx sevei yenzgiu haifat ginghfei ceiok caeuq ndaw guek swnghcanj cungjciz aen beij de dabdaengz 2.08％.,全社会研发经费支出与国内生产总值之比达到2.08%。,government_work_report,90,za,zh
"Ndaw guek mizyauq fatmingz conhli mauhgvaq 100 fanh gienh, gisuz gaicawx cienzsoq mauhgvaq 1 fanh ik maenz.",国内有效发明专利拥有量突破100万件，技术交易额超过1万亿元。,government_work_report,91,za,zh
"Gohgi cinbu gunghawj beijlwd hwnjsang daengz 56.2％, gij cozyung cauhmoq daemxcengj fazcanj demgiengz yienhda.",科技进步贡献率上升到56.2%，创新对发展的支撑作用明显增强。,government_work_report,92,za,zh
"Haj dwg coicaenh gak dieg hawsingz lajmbanj boiqhab fazcanj, doengh giz demmaj caeuq doengh rangh dieg demmaj moq de ndaej gyavaiq cauxbaenz.",五是促进区域城乡协调发展，新的增长极增长带加快形成。,government_work_report,93,za,zh
"Haeujlaeg saedhengz sam daih canloz hix couh dwg hwnqguh ""it rangh it loh""、Baekging Denhcinh Hozbwz gapdoengz fazcanj、hwngfat rangh dieg ginghci song henz Dahcangzgyangh, haidoengh hwnqguh buek hanghmoeg cungdenj ndeu.",深入实施“一带一路”建设、京津冀协同发展、长江经济带发展三大战略，启动建设一批重点项目。,government_work_report,94,za,zh
"Bienguh aen ""Cibsam Haj"" gveihva daih haifat Baihsae, saedhengz lingh lwnz moq aen canloz saenqhwng Doengbae, doidoengh Cungqgyang hwnghwnj, haeujcoengh fueng dieg Baihdoeng daiqdaeuz fazcanj.",编制西部大开发“十三五”规划，实施新一轮东北振兴战略，推动中部地区崛起，支持东部地区率先发展。,government_work_report,95,za,zh
"Gyavaiq doicaenh cwngzcinva yienghmoq, gyalaeg gaijgwz huciz cidu, cienzmienh doihengz gihcucwng cidu, youh miz 1600 fanh vunz haeuj hawsingz bae an'gya.",加快推进新型城镇化，深化户籍制度改革，全面推行居住证制度，又有1600万人进城落户。,government_work_report,96,za,zh
Fazcanj aen yauqwngq gapdoengz doxdaeb de mboujduenh yienh okdaeuj.,发展的协同叠加效应不断显现。,government_work_report,97,za,zh
"Roek dwg gyagiengz hwnqguh swnghdai vwnzmingz, saekloeg fazcanj caiq ndaej guh baenaj.",六是加强生态文明建设，绿色发展取得新进展。,government_work_report,98,za,zh
"Ceiqdingh saedhengz aen guhfap bingzgyaq gaujhaed swnghdai vwnzmingz gensez muzbiuh, hwnqguh guekgya swnghdai vwnzmingz siyengih.",制定实施生态文明建设目标评价考核办法，建设国家生态文明试验区。,government_work_report,99,za,zh
"Gyagiengz ceihleix daihheiq uqlah, wyangjvaliuz、danyangjvavuz baizcuengq soqliengh faenbied roengzdaemq 5.6％、4％,74 aen hawsingz cungdenj gij naedfaenx de (PM2.5) moix bi bingzyaenz noengzdoh roengzdaemq 9.1％.",强化大气污染治理，二氧化硫、氮氧化物排放量分别下降5.6%和4%，74个重点城市细颗粒物（PM2.5）年均浓度下降9.1%。,government_work_report,100,za,zh
"Gaijndei gij gezgou nwngzyenz, siuyungh gij nwngzyenz seuqcengh de beijlaeh daezsang 1.7 aen bakfaendiemj, siuyungh meizdan beijlaeh roengzdaemq 2 aen bakfaendiemj.",优化能源结构，清洁能源消费比重提高1.7个百分点，煤炭消费比重下降2个百分点。,government_work_report,101,za,zh
"Doicaenh fuengzceih raemx uqlah, fatbouh saedhengz aen hengzdoengh giva fuengzceih doemnamh uqlah.",推进水污染防治，出台土壤污染防治行动计划。,government_work_report,102,za,zh
"Guh cunghyangh vanzging baujhoh dukcaz, yiemzcaz buek anqgienh vanzging famhfap ndeu, doidoengh le haeujlaeg bae guh hong vanzbauj.",开展中央环境保护督察，严肃查处一批环境违法案件，推动了环保工作深入开展。,government_work_report,103,za,zh
"Caet dwg yawjnaek baujcang caeuq gaijndei gij gwndaenj yinzminz, cungqvunz yinzminz cungj roxnyinh lai ndaej.",七是注重保障和改善民生，人民群众获得感增强。,government_work_report,104,za,zh
"Youq mwh caizcwng soucei atlig gyadaih, douz cienz haeuj yinzminz gwndaenj bae laebdaeb demgya.",在财政收支压力加大情况下，民生投入继续增加。,government_work_report,105,za,zh
"Goengbouh saedhengz gij cwngcwz moq couhnieb cauhnieb, netsaed guh ndei gij hong couhnieb gyoengq vunz cungdenj、fueng dieg cungdenj.",出台新的就业创业政策，扎实做好重点人群、重点地区就业工作。,government_work_report,106,za,zh
"Cienzmienh doicaenh gung roengz gij nanzdaez duetgungz, daengx guek caizcwng banggungz cienhangh cienzngaenz douzhaeuj mauhgvaq 1000 ik maenz.",全面推进脱贫攻坚，全国财政专项扶贫资金投入超过1000亿元。,government_work_report,107,za,zh
"Daezsang gij biucinj dihbauj、youhfuj、duiyouh yinzyenz gihbwnj yangjlaujginh daengj, fat gwndaenj roxnaeuz liuhleix boujdiep hawj 1700 lai fanh vunz hojnanz caeuq ndangcanz youqgaenj de.",提高低保、优抚、退休人员基本养老金等标准，为1700多万困难和重度残疾人发放生活或护理补贴。,government_work_report,108,za,zh
Caizcwngsing gyauyuz ginghfei ceiok ciemq ndaw guek swnghcanj cungjciz beijlaeh laebdaeb mauhgvaq 4％.,财政性教育经费支出占国内生产总值比例继续超过4%。,government_work_report,109,za,zh
Cungdenj daihhag ciusou gij hagseng lajmbanj dieg gungzhoj vunzsoq demmaj 21.3％.,重点高校招收贫困地区农村学生人数增长21.3%。,government_work_report,110,za,zh
Mienxcawz lajmbanj gij cienzhag cienzcab gyoengq hagseng bujdungh gauhcungh ndaw ranz gungzhoj haenx.,免除农村贫困家庭学生普通高中学杂费。,government_work_report,111,za,zh
Daengx bi okcienz bangcoh gij hagseng ndaw ranz hojnanz gak loih hagdangz 8400 lai fanh vunzbaez.,全年资助各类学校家庭困难学生8400多万人次。,government_work_report,112,za,zh
Cingjhab hawsingz lajmbanj gihminz gihbwnj yihbauj cidu、daezsang caizcwng bangbouj biucinj.,整合城乡居民基本医保制度，提高财政补助标准。,government_work_report,113,za,zh
Demgya gihbwnj goenggungh veiswngh fugsaeh ginghfei.,增加基本公共卫生服务经费。,government_work_report,114,za,zh
"Saedyienh bingh hung baujyiemj cienzbouh guenj doh, ndaw sengj lingh dieg youq yihyen ywbingh gij feiqyungh hab gvidingh de ndaej cigciep gietsuenq.",实现大病保险全覆盖，符合规定的省内异地就医住院费用可直接结算。,government_work_report,115,za,zh
Gyagiengz caengzdaej goenggungh vwnzva fugsaeh.,加强基层公共文化服务。,government_work_report,116,za,zh
"Saedhengz cienzminz cangqndang giva, gyoengq yindungyenz youq Lijyoz Auyinvei、Canzauvei caiq cauh ok cingzcik ndei.",实施全民健身计划，体育健儿在里约奥运会、残奥会上再创佳绩。,government_work_report,117,za,zh
"Bi'gvaq mbangj deihfueng daegbied dwg Cangzgyangh liuzyiz fatseng raemxrongz raemxdumh youqgaenj daengj caihaih, doenggvaq gibseiz mizrengz bae guh ciengjyiemj gouqcai, gaenjgip senjdieg anceiq 900 lai fanh vunzbaez, hanhdoh ceiq daih gemjnoix le caihaih sonjsaet, hoizfuk dauq hwnq miz bouhloh bae guh.",去年部分地区特别是长江流域发生严重洪涝等灾害，通过及时有力开展抢险救灾，紧急转移安置900多万人次，最大限度降低了灾害损失，恢复重建有序进行。,government_work_report,118,za,zh
"Bet dwg doicaenh cwngfuj gensez caeuq ceihleix cauhmoq, aen biengz baujciz huzndei onjdingh.",八是推进政府建设和治理创新，社会保持和谐稳定。,government_work_report,119,za,zh
"Gozvuyen daezcingj Daengx Guek Yinzda Cangzveijvei saemjlwnh faplwd yian 13 gienh, ceiqdingh coihdingh hingzcwng fapgvi 8 gienh.",国务院提请全国人大常委会审议法律议案13件，制定修订行政法规8件。,government_work_report,120,za,zh
"Laebndei aen gihci goenggungh gezcwz ciepsou gij yigen yinzminz, nyinhcaen banhleix gij genyi yinzda daiqbiuj caeuq gij daezanq cwnghez veijyenz.",完善公共决策吸纳民意机制，认真办理人大代表建议和政协委员提案。,government_work_report,121,za,zh
"Doicaenh hongsaeh cwngci goenghai, sengj gaep cwngfuj bouhmonz gienzlig caeuq cwzyin cingdan ndaej cienzmienh goengbouh.",推进政务公开，省级政府部门权力和责任清单全面公布。,government_work_report,122,za,zh
"Lai roengzrengz dukcaz gyaepdawz cwzyin, cujciz guh daihsam baez Gozvuyen daih dukcaz, doiq cungj cingzgvang doeksaed gij cwngcwz gemj bae gij swnghcanj naengzlig lai yawz de、ndawbiengz douzswh daengj guh cienhangh dukcaz caeuq fueng daihsam bingzguj, yiemzsuk cazbanh gij hingzveiz mbangj giz deihfueng famh gvidingh saen hwnq hanghmoeg gangdiet、swnghcanj siugai ""gangdiuz yaez"".",加大督查问责力度，组织开展第三次国务院大督查，对去产能、民间投资等政策落实情况进行专项督查和第三方评估，严肃查处一些地区违规新建钢铁项目、生产销售“地条钢”等行为。,government_work_report,123,za,zh
"Gyagiengz ancienz swnghcanj gunghcoz, saehhux cungjliengh caeuq saehhux hungloet、daegbied hungloet soqliengh laebdaeb doekdaemq.",加强安全生产工作，事故总量和重特大事故数量继续下降。,government_work_report,124,za,zh
"Gyarem gyoebhab ceihleix ndawbiengz cianh, ciuqfap dwkceih famhfap famhcoih, mizrengz henhoh guekgya ancienz caeuq goenggungh ancienz.",强化社会治安综合治理，依法打击违法犯罪，有力维护了国家安全和公共安全。,government_work_report,125,za,zh
"Netsaed guh ""song hag it guh"" hagsib gyauyuz, nyinhcaen doeksaed gij cingsaenz Dangjcunghyangh bet hangh gvidingh, giengiet niujcingq ""seiq fungh"", yiemzyiemz caephengz Gozvuyen ""dingh fap sam cieng"".",扎实开展“两学一做”学习教育，认真落实党中央八项规定精神，坚决纠正“四风”，严格执行国务院“约法三章”。,government_work_report,126,za,zh
"Ciuqfap fadceih buek vunz baihrwix ndeu, fanj baihrwix doucwngh cauxbaenz aen seiqdaeuz baihrwix cijndaej cug ngoenz cug noix.",依法惩处一批腐败分子，反腐败斗争形成压倒性态势。,government_work_report,127,za,zh
"Bi gvaqbae neix, gij vaigyauh guek hung miz Cungguek daegsaek haenx gig miz cingzyauq.",过去一年，中国特色大国外交卓有成效。,government_work_report,128,za,zh
"Siz Ginbingz cujsiz daengj doengh boux lingjdauj guekgya raeuz bae cunz lai aen guekgya, camgya doengh gij hozdung hungnaek de, lumjbaenz Ya Dai Ginghhoz Cujciz Boux Lingjdauj Aen Veiyi Mbouj Cingqsik、Sanghaij Hozcoz Cujciz Funghvei、Gimcien Guekgya boux lingjdauj doxraen、Hwz Anhcenz Funghvei、Lenzda baenzroix veiyi gaep sang、Ya Ouh Soujnauj Veiyi、Dunghya hozcoz boux lingjdauj baenzroix veiyi daengj.",习近平主席等国家领导人出访多国，出席亚太经合组织领导人非正式会议、上海合作组织峰会、金砖国家领导人会晤、核安全峰会、联大系列高级别会议、亚欧首脑会议、东亚合作领导人系列会议等重大活动。,government_work_report,129,za,zh
Hai baenz aen Lanzcanghgyangh - Meizgunghhoz Gapguh Mbat It Veiyi Boux Lingjdauj.,成功举办澜沧江－湄公河合作首次领导人会议。,government_work_report,130,za,zh
"Caeuq gij guekgya hung youqgaenj de doxbang gapguh ndaej daengz gyagiengz, caeuq gij guekgya seiqhenz cienzmienh gapguh lienzdaemh doi baenaj, caeuq gij guekgya cingqcaih fazcanj doxndei gapguh mboujduenh gyalaeg, caeuq Lenzhozgoz daengj gozci cujciz lienzhaeh engqgya maedcaed.",同主要大国协调合作得到加强，同周边国家全面合作持续推进，同发展中国家友好合作不断深化，同联合国等国际组织联系更加密切。,government_work_report,131,za,zh
Gaenxmaenx coicaenh gaijgwz caeuq laebndei aen dijhi ceihleix seiqgyaiq.,积极促进全球治理体系改革与完善。,government_work_report,132,za,zh
Doidoengh 《Bahliz Hezding》 canjseng yauqlig.,推动《巴黎协定》生效。,government_work_report,133,za,zh
Ginghci vaigyauh、yinzvwnz gyaulouz cwngzgoj lailai.,经济外交、人文交流成果丰硕。,government_work_report,134,za,zh
Giendingh henhoh diegdeih cawjgienz caeuq haijyangz gienzik guekgya.,坚定维护国家领土主权和海洋权益。,government_work_report,135,za,zh
"Cungguek dangguh aen guek hung gamj rap cwzyin, youq ndaw hongsaeh gozci caeuq digih fazveih le gensezsing cozyung, vih seiqgyaiq hozbingz caeuq fazcanj guh'ok gunghawj hungnaek.",中国作为负责任大国，在国际和地区事务中发挥了建设性作用，为世界和平与发展作出了重要贡献。,government_work_report,136,za,zh
"Gig hoengh angqhoh Cungguek Gungcanjdangj laebbaenz 95 hopbi, gig hoengh geiqniemh Cungguek Gunghnungz Hungzginh cangzcwngh ndaej hingz 80 hopbi, goenghai biujsiq gij giengiengz eiqceiq raeuz mbouj lumz simnyienh codaeuz、laebdaeb baenaj, hoenxhingz sojmiz hojnanz, sienmingz yienh'ok gij gietsim giendingh daengx guek yinzminz byaij ndei diuz roen cangzcwngh moq、mboujduenh caiq duedaeu ndaejhingz.",隆重庆祝中国共产党成立95周年，隆重纪念中国工农红军长征胜利80周年，宣示了我们不忘初心、继续前进、战胜一切困难的坚强意志，彰显了全国人民走好新的长征路、不断夺取新胜利的坚定决心！,government_work_report,137,za,zh
Gak boux daiqbiuj!,各位代表！,government_work_report,138,za,zh
"Gij cingzcik bi gvaqbae neix aeundaej, dwg aen Dangjcunghyangh aeu Siz Ginbingz dungzci guh haedsim cingqdeng lingjdauj cij aeundaej, dwg daengx Dangj daengx ginh daengx guek gak cuz yinzminz doxgiet buekguh cij aeundaej.",过去一年取得的成绩，是以习近平同志为核心的党中央正确领导的结果，是全党全军全国各族人民团结奋斗的结果。,government_work_report,139,za,zh
"Gou daiqbiuj Gozvuyen, yiengq daengx guek gak cuz yinzminz, yiengq gak minzcuj dangjbai、gak yinzminz donzdij caeuq boux mizmingz gak gyaiq, biujsiq caensim docih!",我代表国务院，向全国各族人民，向各民主党派、各人民团体和各界人士，表示诚挚感谢！,government_work_report,140,za,zh
"Yiengq gyoengq beixnuengx Yanghgangj Daegbied Hingzcwnggih、gyoengq beixnuengx Aumwnz Daegbied Hingzcwnggih、gyoengq beixnuengx Daizvanh caeuq gyoengq beixnuengx youq rog guek, biujsiq caensim docih!",向香港特别行政区同胞、澳门特别行政区同胞、台湾同胞和海外侨胞，表示诚挚感谢！,government_work_report,141,za,zh
"Yiengq doengh aen guekgya cwngfuj、gozci cujciz caeuq gak guek baengzyoux gvansim caeuq haeujcoengh Cungguek yendaiva gensez saehnieb haenx, biujsiq caensim docih!",向关心和支持中国现代化建设事业的各国政府、国际组织和各国朋友，表示诚挚感谢！,government_work_report,142,za,zh
"Dou hix singjsag yawjraen, ginghci sevei fazcanj ndawde lij miz hojnanz caeuq vwndiz mbouj noix.",我们也清醒看到，经济社会发展中还存在不少困难和问题。,government_work_report,143,za,zh
"Ginghci demmaj gij doenghlig baihndaw lij aeu gyaak, mbangj hangznieb swnghcanj naengzlig lw lai youqgaenj, mbangj giyez swnghcanj ginghyingz gunnanz haemq lai, digih ginghci fazcanj baeyiengq faenvaq, caizcwng soucei mauzdun haemq hung, ginghci ginhyungz fungyiemj huxndumj mbouj yungz yawjlawq.",经济增长内生动力仍需增强，部分行业产能过剩严重，一些企业生产经营困难较多，地区经济走势分化，财政收支矛盾较大，经济金融风险隐患不容忽视。,government_work_report,144,za,zh
"Vanzging uqlah hingzseiq ciuqgaeuq yiemzhaenq, daegbied dwg mbangj dieg deihdeih ok mokfaenx lailai, ceihleix banhfap aeu caiq gyaak.",环境污染形势依然严峻，特别是一些地区严重雾霾频发，治理措施需要进一步加强。,government_work_report,145,za,zh
"Ranzyouq、gyauyuz、ywbingh、ciengxlaux、gijgwn gijyw ancienz、souhaeuj faenboiq daengj fuengmienh, cungqvunz yinzminz lij miz haujlai giz mbouj habhoz.",在住房、教育、医疗、养老、食品药品安全、收入分配等方面，人民群众还有不少不满意的地方。,government_work_report,146,za,zh
"Meizgvang、gencuz、gyaudoeng daengj lingjyiz ok di ancienz saehhux hungnaek ndeu, hawj vunz sim'in.",煤矿、建筑、交通等领域发生了一些重大安全事故，令人痛心。,government_work_report,147,za,zh
"Gij hong cwngfuj lij miz giz mbouj gaeuq ndei, miz di gaijgwz guhfap caeuq cwngcwz doeksaed mbouj daengz vih, doengh gij vwndiz laeng giyez soufeiq lai、cungqvunz hoj banhsaeh daengj lij haemq doedyienh, youq ndaw hingzcwng caepfap lij miz gij yienhsiengq mbouj gveihfan mbouj goengcingq mbouj vwnzmingz, siujsoq ganbu gik hong ngaiz hong、doi sam doi seiq, mbangj lingjyiz seiz mbouj seiz ok baihrwix vwndiz.",政府工作存在不足，有些改革举措和政策落实不到位，涉企收费多、群众办事难等问题仍较突出，行政执法中存在不规范不公正不文明现象，少数干部懒政怠政、推诿扯皮，一些领域腐败问题时有发生。,government_work_report,148,za,zh
"Dou itdingh aeu mienhdoiq diuhcan, gamj bae rapdawz, caenhrengz bae guh ndei gij hong cwngfuj, mbouj hawj lizsij sawjmingh najmong, doiq ndaej hwnj gij daknaek yinzminz.",我们一定要直面挑战，敢于担当，全力以赴做好政府工作，不辱历史使命，不负人民重托。,government_work_report,149,za,zh
Ngeih、Cungjdaej Baijbouh Gij Hong 2017 Nienz,二、2017年工作总体部署,government_work_report,150,za,zh
"Bineix yaek hai Cungguek Gungcanjdangj Daih Cibgouj Baez Daengx Guek Daiqbiuj Daihhoih, dwg Dangj caeuq guekgya saehnieb fazcanj ndawde bi miz yiyi hungnaek ndeu.",今年将召开中国共产党第十九次全国代表大会，是党和国家事业发展中具有重大意义的一年。,government_work_report,151,za,zh
"Guh ndei gij hong cwngfuj, aeu youz aen Dangjcunghyangh aeu Siz Ginbingz dungzci guh haedsim haenx daeuj lingjdauj, yaengx sang mbaw geiz hungmbwk yiengh sevei cujyi miz Cungguek daegsaek, cienzmienh gvancez gij cingsaenz aen Dangj Cibbet Daih caeuq Cibbet Gaiq Sam Cungh、Seiq Cungh、Haj Cungh、Roek Cungh Cienzhoih, aeu Dwng Siujbingz Lijlun、""Sam Aen Daiqbiuj"" Cung'yau Swhsiengj、Gohyoz Fazcanjgvanh daeuj dazyinx, haeujlaeg gvancez gij cingsaenz Siz Ginbingz cungjsuhgi baenzroix gangjvah youqgaenj caeuq gij leixniemh moq swhsiengj moq canloz moq guenj guek leix cwng, dungjcouz doicaenh gij cungjdaej baijbouh ""haj yiengh gyoebbaenz aen cingjdaej ndeu"" caeuq boiqhab doicaenh gij canloz baijbouh ""seiq aen cienzmienh"", genhciz aen diuh goek gunghcoz youq ndaw onjmaenh gouz baenaj, laebmaenh caeuq gvancez doeksaed gij fazcanj leixniemh moq, hab'wngq gaemdawz gij yiengh cingqciengz moq dazyinx ginghci fazcanj, genhciz aeu daezsang fazcanj caetliengh caeuq yauqik guh cungsim, genhciz gij cwngcwz lohnaemj hungzgvanh cwngcwz aeu onjmaenh、canjnieb cwngcwz aeu cinjcingq、veizgvanh cwngcwz aeu lingzvued、gaijgwz cwngcwz aeu maenhsaed、sevei cwngcwz aeu dakdaej, genhciz aeu doicaenh gaijgwz gij gezgou mbiengj gunghawj guh cawjsienq, habdoh gyahung cungjdaej aeuyungh, gyagiengz yawhgeiz dazyinx, gyalaeg doenggvaq cauhmoq bae daiqdoengh, cienzmienh guh ndei onjmaenh demmaj、coicaenh gaijgwz、diuzcingj gezgou、hawj beksingq gwndaenj miz ndeicawq、re fungyiemj gak hangh hong, baujciz ginghci bingzonj cangqheiq fazcanj caeuq aen biengz huzndei onjdingh, aeu gij cingzcik gig ndei bae couxciep aen Dangj Cibgouj Daih ciuq yawhgeiz ciuhai.",做好政府工作，要在以习近平同志为核心的党中央领导下，高举中国特色社会主义伟大旗帜，全面贯彻党的十八大和十八届三中、四中、五中、六中全会精神，以邓小平理论、“三个代表”重要思想、科学发展观为指导，深入贯彻习近平总书记系列重要讲话精神和治国理政新理念新思想新战略，统筹推进“五位一体”总体布局和协调推进“四个全面”战略布局，坚持稳中求进工作总基调，牢固树立和贯彻落实新发展理念，适应把握引领经济发展新常态，坚持以提高发展质量和效益为中心，坚持宏观政策要稳、产业政策要准、微观政策要活、改革政策要实、社会政策要托底的政策思路，坚持以推进供给侧结构性改革为主线，适度扩大总需求，加强预期引导，深化创新驱动，全面做好稳增长、促改革、调结构、惠民生、防风险各项工作，保持经济平稳健康发展和社会和谐稳定，以优异成绩迎接党的十九大胜利召开。,government_work_report,152,za,zh
"Gyoebgyonj faencek gij hingzseiq ndaw guek rog guek, raeuz aeu guh ndei cungfaen caepcawq bae wngqdoiq aen hingzseiq engqgya fukcab yiemzhaenq haenx.",综合分析国内外形势，我们要做好应对更加复杂严峻局面的充分准备。,government_work_report,153,za,zh
"Seiqgyaiq ginghci demmaj naiqniek lij cingq laebdaeb roengzbae, gij swhcauz ""nyig cenzgiuzva"" caeuq gij baeyiengq baujhoh cujyi ngiengxgyaeuj, cujyau ginghcidij cwngcwz byaijyiengq caeuq roenx ok rog yauqwngq bienqsoq haemq hung, gij yinhsu mbouj onjdingh mbouj doekdingh de demlai yienhda.",世界经济增长低迷态势仍在延续，“逆全球化”思潮和保护主义倾向抬头，主要经济体政策走向及外溢效应变数较大，不稳定不确定因素明显增加。,government_work_report,154,za,zh
"Guek raeuz fazcanj cingq youq duenh gvanhgen lumj benz lingq gvaq gemh, ginghci yinhhengz lij miz mbouj noix mauzdun caeuq vwndiz doedyienh.",我国发展处在爬坡过坎的关键阶段，经济运行存在不少突出矛盾和问题。,government_work_report,155,za,zh
"Gunnanz mbouj ndaej guj noix, saenqsim mbouj ndaej soengdoengh.",困难不容低估，信心不可动摇。,government_work_report,156,za,zh
"Guek raeuz aen giekdaej doxgaiq cungcuk、rengzvunz swhyenz cukgaeuq、hawciengz gveihmoz hungloet、canjnieb boiqdauq caezcienz、gohgi cinbu gyavaiq、giekdaej sezsih haemq caezcienz, ginghci fazcanj miz diuzgen cengjdingj ndeimaenh, hungzgvanh diuzgung lij miz mbouj noix guhfap cauhmoq caeuq cwngcwz bwhcwk.",我国物质基础雄厚、人力资源充裕、市场规模庞大、产业配套齐全、科技进步加快、基础设施比较完善，经济发展具有良好支撑条件，宏观调控还有不少创新手段和政策储备。,government_work_report,157,za,zh
"Raeuz giensaenq, miz aen Dangj giengiengz lingjdauj, genhciz diuz gihbwnj lohsienq aen Dangj, giendingh mbouj bienq bae byaij diuz roen sevei cujyi miz Cungguek daegsaek, baengh gij goengrengz cauxguh fouzhanh cungqvunz yinzminz, vunzlai caezsim, haenqrengz buekguh, guek raeuz fazcanj itdingh ndaej cauh ok cingzcik ronghlwenq.",我们坚信，有党的坚强领导，坚持党的基本路线，坚定不移走中国特色社会主义道路，依靠人民群众的无穷创造力，万众一心、奋力拼搏，我国发展一定能够创造新的辉煌。,government_work_report,158,za,zh
"Bineix fazcanj cujyau yawhgeiz muzbiuh dwg: Ndaw guek swnghcanj cungjciz demmaj 6.5% baedauq, youq mwh caencingq guh de ceng'aeu guh ndaej engq ndei; gihminz siufeiq gyaqcienz hwnj 3% baedauq; hawsingz saen demgya couhnieb 1100 fanh vunz doxhwnj, hawsingz daenghgeiq saetnieb beijlwd mbouj mauhgvaq 4.5%; cingouj cuzgouj hoizfuk onjdingh yiengq ndei, gozci soucei daihdaej doxdaengh; gihminz souhaeuj caeuq ginghci demmaj daihdaej doengzbouh; danhvei ndaw guek swnghcanj cungjciz siuhauq nwngzyenz doekdaemq 3.4% doxhwnj, cujyau huq uqlah baizcuengq soqliengh laebdaeb doekdaemq.",今年发展的主要预期目标是：国内生产总值增长6.5%左右，在实际工作中争取更好结果；居民消费价格涨幅3%左右；城镇新增就业1100万人以上，城镇登记失业率4.5%以内；进出口回稳向好，国际收支基本平衡；居民收入和经济增长基本同步；单位国内生产总值能耗下降3.4%以上，主要污染物排放量继续下降。,government_work_report,159,za,zh
"Gij ginghci demmaj yawhgeiz muzbiuh bineix, hab ginghci gvilwd caeuq gwzgvanh saedsaeh, ikleih dazyinx caeuq onjdingh yawhgeiz、diuzcingj gezgou, hix caeuq gij iugouz cienzmienh hwnqbaenz aen biengz siujgangh dox hamzciep.",今年的经济增长预期目标，符合经济规律和客观实际，有利于引导和稳定预期、调整结构，也同全面建成小康社会要求相衔接。,government_work_report,160,za,zh
Onjdingh demmaj ceiq youqgaenj dwg vihliux bauj couhnieb、hawj beksingq gwndaenj miz ndeicawq.,稳增长的重要目的是为了保就业、惠民生。,government_work_report,161,za,zh
"Bineix gij atlig couhnieb gyadaih, aeu genhciz aen canloz couhnieb ciemq gonq, saedhengz gij cwngcwz couhnieb engqgya gaenxmaenx de.",今年就业压力加大，要坚持就业优先战略，实施更加积极的就业政策。,government_work_report,162,za,zh
"Gij yawhgeiz muzbiuh hawsingz saen demgya couhnieb beij bi'gvaq lai 100 fanh vunz, doedyienh le engqgya yawjnaek dazyinx couhnieb.",城镇新增就业预期目标比去年多100万人，突出了更加重视就业的导向。,government_work_report,163,za,zh
"Daj ginghci gihbwnj mienh caeuq gij naengzlig ciepsou couhnieb daeuj yawj, aen muzbiuh neix doenggvaq roengzrengz dwg guh ndaej daengz.",从经济基本面和就业吸纳能力看，这一目标通过努力是能够实现的。,government_work_report,164,za,zh
"Bineix aeu laebdaeb hengzguh gij caizcwng cwngcwz gaenxmaenx caeuq gij hobi cwngcwz onjmaenh de, youq gwnz giekdaej mboengq diuzgung de gyagiengz dinghyiengq diuzgung、yawj seizgei diuzgung, daezsang liuhraen、cingcinj caeuq mizyauq cingzdoh. Yawjnaek gak cungj cwngcwz ndeindei boiqhab, lumjbaenz siufeiq、douzswh、fueng dieg、canjnieb、vanzbauj daengj, saedbauj ginghci yinhhengz youq mboengq hableix.",今年要继续实施积极的财政政策和稳健的货币政策，在区间调控基础上加强定向调控、相机调控，提高预见性、精准性和有效性，注重消费、投资、区域、产业、环保等政策的协调配合，确保经济运行在合理区间。,government_work_report,165,za,zh
Caizcwng cwngcwz aeu engqgya gaenxmaenx mizyauq.,财政政策要更加积极有效。,government_work_report,166,za,zh
"Bineix gij beijlwd ceiok lai gvaq souhaeuj dajsuenq ciuq 3% anbaiz, caizcwng ceiok lai gvaq souhaeuj 2.38 fanh ik maenz, beij bi'gvaq demgya 2000 ik maenz.",今年赤字率拟按3%安排，财政赤字2.38万亿元，比去年增加2000亿元。,government_work_report,167,za,zh
"Ndawde, cunghyangh caizcwng ceiok lai gvaq souhaeuj 1.55 fanh ik maenz, deihfueng caizcwng ceiok lai gvaq souhaeuj 8300 ik maenz.",其中，中央财政赤字1.55万亿元，地方财政赤字8300亿元。,government_work_report,168,za,zh
"Anbaiz deihfueng cienhangh caigen 8000 ik maenz, laebdaeb fathengz gij caiq moq deihfueng cwngfuj vuenh caiq gaeuq.",安排地方专项债券8000亿元，继续发行地方政府置换债券。,government_work_report,169,za,zh
"Gij beijlwd ceiok lai gvaq souhaeuj bineix baujciz mbouj bienq, cujyau dwg vihliux caenh'itbouh gemj suiq gyangq feiq, daengx bi caiq gemjnoix giyez nabsuiq 3500 ik maenz baedauq, gemjnoix laeng giyez soufeiq daih'iek 2000 ik maenz, itdingh aeu hawj hawciengz cawjdaej caen roxnyinh daengz.",今年赤字率保持不变，主要是为了进一步减税降费，全年再减少企业税负3500亿元左右、涉企收费约2000亿元，一定要让市场主体有切身感受。,government_work_report,170,za,zh
"Caizcwng yawhsuenq anbaiz aeu hawj cungdenj doedyienh、miz bauj miz naenx, lai roengzrengz bae bouj giz mbangnyieg、hawj beksingq gwndaenj miz ndeicawq.",财政预算安排要突出重点、有保有压，加大力度补短板、惠民生。,government_work_report,171,za,zh
"Itbuen cienjok ceihawj deihfueng gveihmoz demmaj 9.5%, cungdenj demgya yiengh doxdaengh cienjok ceihawj caeuq bangbouj gij caizlig dieg gunnanz.",对地方一般性转移支付规模增长9.5%，重点增加均衡性转移支付和困难地区财力补助。,government_work_report,172,za,zh
"Atsuk gij ceiok mbouj dwg cungdenj de, gemjnoix gij yawhsuenq anbaiz aen hanghmoeg cikyauq mbouj sang de.",压缩非重点支出，减少对绩效不高项目的预算安排。,government_work_report,173,za,zh
"Gak gaep cwngfuj aeu genhciz cugndaet saivaq gvaq saedceij, cunghyangh bouhmonz aeu daiqdaeuz, itlwd ciuq gij fukdoh mbouj daemq gvaq 5% naenx gemj itbuen ceiok, baenzbaenz mbouj hawj demgya ""sam goeng"" ginghfei, caenx ok swhginh engq lai yungh bae gemj suiq gyangq feiq, genhciz diuz lohcingq mbaetyungh hawj beksingq fouqmiz.",各级政府要坚持过紧日子，中央部门要带头，一律按不低于5%的幅度压减一般性支出，决不允许增加“三公”经费，挤出更多资金用于减税降费，坚守节用裕民的正道。,government_work_report,174,za,zh
Hobi cwngcwz aeu baujciz onjmaenh mbouj gaenj mbouj soeng.,货币政策要保持稳健中性。,government_work_report,175,za,zh
Bineix gvangjyi hobi M2 caeuq sevei yungzswh gveihmoz soqyawz yawhgeiz demmaj cungj dwg 12% baedauq.,今年广义货币M2和社会融资规模余额预期增长均为12%左右。,government_work_report,176,za,zh
"Aeu gyoebhab yungh hobi cwngcwz gunghgi, henhoh liuzdungsing daihdaej onjdingh, hableix dazyinx hawciengz leihlwd suijbingz, deudoeng aen gihci cienz hawj dazyinx, coicaenh ginhyungz swhyenz engq lai lae haeuj saeddaej ginghci bae, daegbied dwg haeujcoengh nungzyez nungzminz lajmbanj caeuq giyez iq iqet.",要综合运用货币政策工具，维护流动性基本稳定，合理引导市场利率水平，疏通传导机制，促进金融资源更多流向实体经济，特别是支持“三农”和小微企业。,government_work_report,177,za,zh
"Genhciz aen fuengyiengq veiliz hawciengzvaq gaijgwz, hawj yinzminzbi youq ndaw seiqgyaiq hobi dijhi baujciz diegvih onjdingh.",坚持汇率市场化改革方向，保持人民币在全球货币体系中的稳定地位。,government_work_report,178,za,zh
"Yaek guh ndei gij hong cwngfuj bineix, aeu dawz ndei geij diemj lajneix.",做好今年政府工作，要把握好以下几点。,government_work_report,179,za,zh
"It dwg gvancez ndei aen diuh goek gunghcoz youq ndaw onjmaenh gouz baenaj, baujciz canloz dinghlig.",一是贯彻稳中求进工作总基调，保持战略定力。,government_work_report,180,za,zh
"Onjmaenh dwg daihbuenz, aeu haenqrengz sawj demmaj onjmaenh、ndaej bauj couhnieb、ndaej re fungyiemj, soujmaenh diuz daejsienq ginhyungz ancienz、baujcang beksingq gwndaenj、baujhoh vanzging daengj fuengmienh, saedbauj ginghci sevei daengxbuenz onjdingh.",稳是大局，要着力稳增长、保就业、防风险，守住金融安全、民生保障、环境保护等方面的底线，确保经济社会大局稳定。,government_work_report,181,za,zh
"Guh daengz onjmaenh le, lij aeu gamj guh baenaj, haeujlaeg doicaenh gaijgwz, gyavaiq diuzcingj gezgou, gamj henx ""ndok genq"", roengzrengz youq gvanhgen lingjyiz ndaej caiq fazcanj baenaj.",在稳的前提下要勇于进取，深入推进改革，加快结构调整，敢于啃“硬骨头”，努力在关键领域取得新进展。,government_work_report,182,za,zh
Ngeih dwg genhciz aeu doicaenh gaijgwz gij gezgou mbiengj gunghawj guh cawjsienq.,二是坚持以推进供给侧结构性改革为主线。,government_work_report,183,za,zh
"Bietdingh aeu dawz gaijndei gij gezgou mbiengj gunghawj dangguh aen fuengyiengq cawjgung, doenggvaq gemjnoix gihgou gemj noix cienzsuiq、cuengqsoeng cinjhaeuj、gikcoi cauhmoq, laebdaeb gikfat gij rengzhoengh veizgvanh cawjdaej, gemjnoix gij gunghawj fouzyauq caeuq yauqlwd daemq de、gyalai gij gunghawj mizyauq de, engq ndei bae hab'wngq caeuq dazyinx aeuyungh.",必须把改善供给侧结构作为主攻方向，通过简政减税、放宽准入、鼓励创新，持续激发微观主体活力，减少无效低效供给、扩大有效供给，更好适应和引导需求。,government_work_report,184,za,zh
"Neix dwg mwh cienjhingz swnggaep hawj reh bienq mbaj ndeu, gawq cungmuenx maqmuengh youh buenx miz in baenzraq, gawq gaenjbik dangqmaz youh gannanz fukcab.",这是一个化蛹成蝶的转型升级过程，既充满希望又伴随阵痛，既非常紧迫又艰巨复杂。,government_work_report,185,za,zh
"Aeu daihdamj baenaj, giengiet roemx gvaq aen gvan neix.",要勇往直前，坚决闯过这个关口。,government_work_report,186,za,zh
Sam dwg habdoh gyahung aen cungjliengh aeuyungh caemhcaiq daezsang gij mizyauq de.,三是适度扩大总需求并提高有效性。,government_work_report,187,za,zh
"Guek raeuz baihndaw aeuyungh miz rengzndumj hungloet, gyalai baihndaw aeuyungh gawq noix mbouj ndaej hix guh ndaej daengz, ceiq youqgaenj dwg ra cinj giz fatrengz.",我国内需潜力巨大，扩内需既有必要也有可能，关键是找准发力点。,government_work_report,188,za,zh
"Aeu hopheux gaijndei beksingq gwndaenj bae gyalai siufeiq, coengz bouj mbangnyieg、gya rengzlaeng bae demgya douzswh, sawj gyalai gij aeuyungh baihndaw engqgya mizyauq、engq ndaej lienzdaemh, hawj gaijgwz mbiengj gunghawj caeuq guenjleix mbiengj aeuyungh doxbang doxbouj、dox ndaej ndeicawq.",要围绕改善民生来扩大消费，着眼补短板、增后劲来增加投资，使扩内需更加有效、更可持续，使供给侧改革和需求侧管理相辅相成、相得益彰。,government_work_report,189,za,zh
Seiq dwg baengh cauhmoq doidoengh gij rengz nyoengxdoengh gaeuq moq cienjvuenh caeuq gezgou gaijndei swnggaep.,四是依靠创新推动新旧动能转换和结构优化升级。,government_work_report,190,za,zh
"Guek raeuz fazcanj daengz duenhmbaek seizneix, mbouj baengh gaijgwz cauhmoq couh mboujmiz roen byaij.",我国发展到现在这个阶段，不靠改革创新没有出路。,government_work_report,191,za,zh
"Raeuz miz gij lauzdungliz gwnz seiqgyaiq soqliengh ceiq lai、suciz haemq sang haenx, miz aen doih vunzcaiz gohgi caeuq ciennieb ginwngz gveihmoz ceiq hung, cwkcomz miz gij rengzndumj cauhmoq hungloet.",我们拥有世界上数量最多、素质较高的劳动力，有最大规模的科技和专业技能人才队伍，蕴藏着巨大的创新潜能。,government_work_report,192,za,zh
"Aeu genhciz yungh gaijgwz hailangh guh doenghlig、aeu swhyenz rengzvunz vunzcaiz guh cengjdingj, gyavaiq cauhmoq fazcanj, gungganq guhhung gij rengz nyoengxdoengh moq、gaijcauh daezswng gij rengz nyoengxdoengh cienzdoengj, doidoengh ginghci baujciz gij demmaj suzdu haemq sang、canjnieb yamq daengz giz suijbingz haemq sang caeuq ceiq sang bae.",要坚持以改革开放为动力、以人力人才资源为支撑，加快创新发展，培育壮大新动能、改造提升传统动能，提高全要素生产率，推动经济保持中高速增长、产业迈向中高端水平。,government_work_report,193,za,zh
Haj dwg haenqrengz gaijgez gij vwndiz doedyienh cungqvunz yinzminz cungj gvansim de.,五是着力解决人民群众普遍关心的突出问题。,government_work_report,194,za,zh
"Sojmiz gij hong cwngfuj cungj dwg vih yinzminz. Aeu ciuq gij fazcanj swhsiengj aeu yinzminz guh cungsim bae guh, gaemdawz ndei gij gihbwnj guekcingz guek raeuz lij cawqyouq duenhmbaek cogaep sevei cujyi.",政府的一切工作都是为了人民，要践行以人民为中心的发展思想，把握好我国处于社会主义初级阶段的基本国情。,government_work_report,195,za,zh
"Doiq gij vwndiz cungqvunz fanjyingj haenqrem、deqcaj gaenjbik haenx, gij miz diuzgen de aeu cagaenj gaijgez, banh ndei saehcingz; gij itseiz nanz ndaej gaijgez de, aeu roengzrengz cauh diuzgen cugbouh bae gaijgez.",对群众反映强烈、期待迫切的问题，有条件的要抓紧解决，把好事办好；一时难以解决的，要努力创造条件逐步加以解决。,government_work_report,196,za,zh
"Raeuz aeu dawzndaet vwndiz mbouj cuengqsoeng, ciengzgeiz genhciz bang cungqvunz banh saehsaed、gej saehnanz, coicaenh sevei goengbingz leix cingq, dawz fazcanj aen dauhleix mbouj bienq neix, engq lai daejyienh youq demlai fukfeiq hawj beksingq fuengmienh.",我们要咬定青山不放松，持之以恒为群众办实事、解难事，促进社会公平正义，把发展硬道理更多体现在增进人民福祉上。,government_work_report,197,za,zh
Sam、Gij Cungdenj Gunghcoz Yinvu 2017 Nienz,三、2017年重点工作任务,government_work_report,198,za,zh
"Mienhdoiq bineix gij yinvu gaijgwz fazcanj onjdingh ganhoj naek lai de, raeuz aeu yawj doh daengxbuenz、dungjcouz giemgoq, doedyienh cungdenj、gaemdawz gvanhgen, cingqdeng cawqleix ndei gak fuengmienh gvanhaeh, comzrengz ca ndei geij fuengmienh hong lajneix.",面对今年艰巨繁重的改革发展稳定任务，我们要通观全局、统筹兼顾，突出重点、把握关键，正确处理好各方面关系，着重抓好以下几个方面工作。,government_work_report,199,za,zh
"(It) Aeu gij banhfap gaijgwz bae gyalaeg doicaenh ""sam gemj it gyangq it bouj"".",（一）用改革的办法深入推进“三去一降一补”。,government_work_report,200,za,zh
"Aeu youq gwnz giekdaej gyamaenh cwngzgoj, cimdoiq cingzgvang moq vwndiz moq, laeb caezcienz cwngcwz guhfap, roengzrengz aeundaej cingzyauq engq hung.",要在巩固成果基础上，针对新情况新问题，完善政策措施，努力取得更大成效。,government_work_report,201,za,zh
Netsaed mizyauq bae gemj gij swnghcanj naengzlig lai yawz de.,扎实有效去产能。,government_work_report,202,za,zh
"Bineix aeu caiq naenx gemj gij canjnaengz gangdiet 5000 fanh dunh baedauq, doiq ok gij canjnaengz meizdan 1.5 ik dunh doxhwnj.",今年要再压减钢铁产能5000万吨左右，退出煤炭产能1.5亿吨以上。,government_work_report,203,za,zh
"Doengzseiz, aeu raengcawz、dingz hwnq、doilaeng hwnq gij canjnaengz meizdienh 5000 fanh cenhvaj doxhwnj, yawhbienh fuengzre vaqgej gij fungyiemj canjnaengz meiz dienh lai yawz de, daezsang gij yauqlwd meiz dienh hangznieb, gaijndei nwngzyenz gezgou, vih fazcanj nwngzyenz cinghseuq doenq gizhoengq okdaeuj.",同时，要淘汰、停建、缓建煤电产能5000万千瓦以上，以防范化解煤电产能过剩风险，提高煤电行业效率，优化能源结构，为清洁能源发展腾空间。,government_work_report,204,za,zh
"Aeu yiemzyiemz caephengz gij faplwd fapgvi caeuq biucinj gvendaengz vanzbauj、nwngzhau、caetliengh、ancienz daengj, engq lai yungh gij guhfap doenggvaq hawciengz fapceih, mizyauq bae cawqleix ""giyez seihaizgyaengj"", doidoengh giyez gyan'gyoeb dauqlaeb、buqcanj cingsuenq, giengiet raengcawz gij canjnaengz doeklaeng mbouj dabdaengz biucinj de, yiemzyiemz gaemhanh gij hangznieb lw lai haenx saen hwnj canjnaengz.",要严格执行环保、能耗、质量、安全等相关法律法规和标准，更多运用市场化法治化手段，有效处置“僵尸企业”，推动企业兼并重组、破产清算，坚决淘汰不达标的落后产能，严控过剩行业新上产能。,government_work_report,205,za,zh
"Gemj gij canjnaengz lai yawz de bietdingh aeu anbaiz ndei cizgungh. Cunghyangh caizcwng gij cienz cienhangh dajciengj bangbouj haenx, aeu gibseiz bued hawj, deihfueng caeuq giyez aeu doeksaed mizgven cienzngaenz caeuq guhfap, saedbauj gij cizgungh faen okbae de couhnieb miz roenloh、saedceij miz baujcang.",去产能必须安置好职工，中央财政专项奖补资金要及时拨付，地方和企业要落实相关资金与措施，确保分流职工就业有出路、生活有保障。,government_work_report,206,za,zh
Yawj singz ok geiq gemjnoix daenzcang.,因城施策去库存。,government_work_report,207,za,zh
"Seizneix hawsingz sam sienq seiq sienq gij ranzyouq daenzcang lij haemq lai, aeu haeujcoengh gihminz cawx ranz gag youq caeuq gyoengq vunz haeujsingz de cawx ranz.",目前三四线城市房地产库存仍然较多，要支持居民自住和进城人员购房需求。,government_work_report,208,za,zh
"Genhciz ranzyouq gij singqcaet dwg hawj vunz youq, doeksaed aen cawjdaej cwzyin deihfueng cwngfuj, gyavaiq laebhwnj caeuq laebndei aen gihci ciengzgeiz mizyauq coicaenh fangzdicanj hawciengz bingzonj cangqheiq fazcanj, laebndei gij cidu cawx co ranzyouq doengzcaez saedhengz, aeu hawciengz guh goek muenxcuk lai caengzmbaek aeuyungh, aeu cwngfuj guh goek daezhawj daihdaej baujcang.",坚持住房的居住属性，落实地方政府主体责任，加快建立和完善促进房地产市场平稳健康发展的长效机制，健全购租并举的住房制度，以市场为主满足多层次需求，以政府为主提供基本保障。,government_work_report,209,za,zh
"Gyagiengz faenloih diuzgung fangzdicanj hawciengz, aen hawsingz gyaqcienz ranz hwnj sang atlig daih de aeu hableix demgya dieg hwnq ranzyouq, gveihfan haifat、siugai、cunghgai daengj hingzveiz, naenxhaed gij gyaqcienz ranz aen hawsingz yinx vunz louzsim haenx hwnjsang vaiq lai.",加强房地产市场分类调控，房价上涨压力大的城市要合理增加住宅用地，规范开发、销售、中介等行为，遏制热点城市房价过快上涨。,government_work_report,210,za,zh
"Seizneix hawsingz lij miz geij cien fanh vunz youq dieg ranzdiengz diuzgen yaez, aeu laebdaeb gaijcauh.",目前城镇还有几千万人居住在条件简陋的棚户区，要持续进行改造。,government_work_report,211,za,zh
"Bineix caiq guhbaenz gaijcauh gij ranz dieg ranzdiengz 600 fanh dauq, laebdaeb fazcanj gij ranzyouq miz baujcang de lumjbaenz ranzco goenggya daengj, ciuq cingzgvang dingh geiq、lai cungj fuengsik daezsang aen beijlaeh aeu ngaenz anceiq, gyagiengz hwnqguh boiqdauq sezsih caeuq goenggungh fugsaeh, hawj ranz gunnanz de ndaej biekliz ranzdiengz engq lai, hawj cungqvunz yinzminz ndaej miz ranz youq bae dajcauh saedceij moq.",今年再完成棚户区住房改造600万套，继续发展公租房等保障性住房，因地制宜、多种方式提高货币化安置比例，加强配套设施建设和公共服务，让更多住房困难家庭告别棚户区，让广大人民群众在住有所居中创造新生活。,government_work_report,212,za,zh
Gaenxmaenx onjdangq bae gemj dawzcaiq.,积极稳妥去杠杆。,government_work_report,213,za,zh
"Guek raeuz gij giyez mbouj dwg ginhyungz de dawzcaiq beijlwd haemq sang, neix caeuq rom cienz beijlwd sang、yungzswh gezgou cujyau baengh ciq cienz miz gvanhaeh.",我国非金融企业杠杆率较高，这与储蓄率高、以信贷为主的融资结构有关。,government_work_report,214,za,zh
"Aeu sien gaemhanh cungjdaej dawzcaiq beijlwd le, dawz gyangqdaemq giyez dawzcaiq beijlwd dangguh gij ceiq youqgaenj de.",要在控制总杠杆率的前提下，把降低企业杠杆率作为重中之重。,government_work_report,215,za,zh
"Coicaenh giyez yungh ndei swhcanj yienhmiz, doicaenh swhcanj bienqbaenz cwnggen bae, haeujcoengh ciuq hawciengz ciuq fapceih bae guh caiq cienj guj, fazcanj gij swhbwnj hawciengz lai caengzmbaek, gyadaih ligdoh hawj gujgenz yungzswh, gyagiengz giyez daegbied dwg guekmiz giyez hanhhaed caizvu dawzcaiq, cugbouh dawz giyez dawzcaiq gyangq daengz aen suijbingz hableix.",促进企业盘活存量资产，推进资产证券化，支持市场化法治化债转股，发展多层次资本市场，加大股权融资力度，强化企业特别是国有企业财务杠杆约束，逐步将企业负债降到合理水平。,government_work_report,216,za,zh
Caez yungh lai cungj guhfap gyangqdaemq cingzbonj.,多措并举降成本。,government_work_report,217,za,zh
"Gya'gvangq aen gvaengh youhvei giyez iq iqet yiengjsouh gemj buenq cwngsou sojdwzsui, daengx bi gij soqngeg sojndaej wng nabsuiq de, ceiq lai hanhdoh youhvei daj 30 fanh maenz daezsang daengz 50 fanh maenz.",扩大小微企业享受减半征收所得税优惠的范围，年应纳税所得额上限由30万元提高到50万元。,government_work_report,218,za,zh
"Gij giyez rauh iq gohgi loihhingz de, yenzgiu haifat feiqyungh aen beijlaeh gya suenq gaeucawz haenx, daj 50% daezsang daengz 75%.",科技型中小企业研发费用加计扣除比例由50%提高到75%。,government_work_report,219,za,zh
Siengj caenh banhfap sawj gezgousing gemj suiq ligdoh caeuq yauqwngq caenh'itbouh yienhloh okdaeuj.,千方百计使结构性减税力度和效应进一步显现。,government_work_report,220,za,zh
Gij sou feiq mingzdangz lailai de sawj haujlai giyez rapnaek souh mbouj ndaej bae. Aeu daih fukdoh gyangqdaemq diuzrap mbouj dwg cienzsuiq.,名目繁多的收费使许多企业不堪重负，要大幅降低非税负担。,government_work_report,221,za,zh
"It dwg cienzmienh cingleix gveihfan gij gihginh cwngfuj singqcaet, siubae hawsingz goenggungh saehnieb bengxgya daengj gihginh, gyau gienz hawj deihfueng cwngfuj gag gietdingh gemjmienx mbangj gihginh.",一是全面清理规范政府性基金，取消城市公用事业附加等基金，授权地方政府自主减免部分基金。,government_work_report,222,za,zh
"Ngeih dwg siubae roxnaeuz dingz sou cunghyangh 35 hangh sou feiq hingzcwng saehnieb singqcaet nangqdaengz giyez de、sou feiq hanghmoeg caiq gemjnoix dingz ndeu doxhwnj, gij hanghmoeg baujlouz de aeu gyangqdaemq sou feiq biucinj.",二是取消或停征中央涉企行政事业性收费35项，收费项目再减少一半以上，保留的项目要尽可能降低收费标准。,government_work_report,223,za,zh
Gak dieg hix aeu soekgemj gij sou feiq hingzcwng saehnieb singqcaet laeng giyez sou de.,各地也要削减涉企行政事业性收费。,government_work_report,224,za,zh
"Sam dwg gemjnoix gij sou feiq ginghyingz singqcaet laeng giyez sou youz cwngfuj dingh gyaq haenx, cingleix siubae gij sou feiq famh gvidingh hingzcwng saemjbae hawj cunghgai fugsaeh sou haenx, doidoengh gyangqdaemq gij sou feiq ginghyingz singqcaet laeng giyez sou de, lumjbaenz ginhyungz、dietloh yinhhuq daengj, gyagiengz gamguenj gij sou feiq ginghyingz fugsaeh singqcaet loih hawciengz diuzcez de.",三是减少政府定价的涉企经营性收费，清理取消行政审批中介服务违规收费，推动降低金融、铁路货运等领域涉企经营性收费，加强对市场调节类经营服务性收费的监管。,government_work_report,225,za,zh
"Seiq dwg laebdaeb habdangq gyangqdaemq ""haj yiemj it gim"" mizgven gyau feiq beijlaeh.",四是继续适当降低“五险一金”有关缴费比例。,government_work_report,226,za,zh
"Haj dwg doenggvaq gyalaeg gaijgwz、laebndei cwngcwz, gyangqdaemq giyez gij gaicawx cingzbonj cidu singqcaet, gyangqdaemq yungh nwngzyenz、vuzliuz daengj cingzbonj.",五是通过深化改革、完善政策，降低企业制度性交易成本，降低用能、物流等成本。,government_work_report,227,za,zh
"Gak mizgven bouhmonz caeuq danhvei cungj aeu sij ndaej leih iq goq daengxbuenz, sawj giyez ndang mbaeu guh swnghcanj, cauh ok diuzgen sawj guek raeuz miz gingcwngh youhsi moq.",各有关部门和单位都要舍小利顾大义，使企业轻装上阵，创造条件形成我国竞争新优势。,government_work_report,228,za,zh
Cingcinj gyarengz bouj giz mbangnyieg.,精准加力补短板。,government_work_report,229,za,zh
"Aeu cimdoiq gij vwndiz doedyienh hanhhaed ginghci sevei fazcanj、hanhhaed gaijndei beksingq gwndaenj youqgaenj de, giethab doicaenh gij hanghmoeg hungnaek ""Cibsam Haj""Gveihva doekdingh, gyarengz bouj giz mbangnyieg, gyavaiq daezswng gij naengzlig cengjdingj goenggungh fugsaeh、giekdaej sezsih、cauhmoq fazcanj、swhyenz vanzging daengj.",要针对严重制约经济社会发展和民生改善的突出问题，结合实施“十三五”规划确定的重大项目，加大补短板力度，加快提升公共服务、基础设施、创新发展、资源环境等支撑能力。,government_work_report,230,za,zh
"Dieg gungzhoj caeuq gyoengq vunz gungzhoj, dwg giz mbangnyieg ceiq daih cienzmienh hwnqbaenz aen biengz siujgangh.",贫困地区和贫困人口是全面建成小康社会最大的短板。,government_work_report,231,za,zh
"Aeu haeujlaeg saedhengz cingcinj banggungz cingcinj duetgungz, bineix caiq gemjnoix gij vunz gungzhoj lajmbanj 1000 fanh doxhwnj, guhbaenz senj dieg an'gya bangcoh 340 fanh vunz duetgungz.",要深入实施精准扶贫精准脱贫，今年再减少农村贫困人口1000万以上，完成易地扶贫搬迁340万人。,government_work_report,232,za,zh
Cunghyangh caizcwng cienhangh banggungz swhginh demmaj 30% doxhwnj.,中央财政专项扶贫资金增长30%以上。,government_work_report,233,za,zh
"Gyagiengz haifat dieg daegbied gungzhoj lienz baenz benq、dieg doenghbaez guh gwzming、dieg henzguek caeuq dieg minzcuz, gaijndei giekdaej sezsih caeuq goenggungh fugsaeh, doidoengh fazcanj gij canjnieb miz daegsaek、soengq vunz ok rog guhhong、gyauyuz caeuq gengangh banggungz, guhndei bangfuz gyoengq vunz aenvih bingh daengj dauqcungz gungzhoj de, hengzguh aen gunghcwngz cingjdaej daezswng mbanj gungzhoj, demgiengz gij naengzlig giz dieg gungzhoj caeuq cungqvunz gungzhoj gag bae fazcanj.",加强集中连片特困地区、革命老区、边疆和民族地区开发，改善基础设施和公共服务，推动特色产业发展、劳务输出、教育和健康扶贫，做好因病等致贫返贫群众帮扶，实施贫困村整体提升工程，增强贫困地区和贫困群众自我发展能力。,government_work_report,234,za,zh
"Doicaenh aen yienh gungzhoj cingjhab gij cienhangh cienzngaenz yungh guh lajmbanj ginghci sevei fazcanj de, gyagiengz gamguenj swhginh caeuq hanghmoeg.",推进贫困县涉农资金整合，强化资金和项目监管。,government_work_report,235,za,zh
"Cauhmoq aen gihci gapguh banggungz, haeujcoengh caeuq dazyinx ligliengh ndawbiengz caeuqfaenh banggungz.",创新扶贫协作机制，支持和引导社会力量参与扶贫。,government_work_report,236,za,zh
"Cietsaed doeksaed aen cwzyinci duetgungz gaijgez hojnanz, saedhengz gij bingzguj gaujhaed ceiq yiemz de, yiemzsuk cazbanh gyaj duetgungz、""deng duetgungz""、soqmoeg duetgungz, saedbauj duetgungz ndaej daengz cungqvunz cingznyinh, souh ndaej lizsij gaujniemh.",切实落实脱贫攻坚责任制，实施最严格的评估考核，严肃查处假脱贫、“被脱贫”、数字脱贫，确保脱贫得到群众认可、经得起历史检验。,government_work_report,237,za,zh
(Ngeih) Gyalaeg gaijgwz gij lingjyiz youqgaenj caeuq hothoh ceiq youqgaenj.,（二）深化重要领域和关键环节改革。,government_work_report,238,za,zh
"Aeu cienzmienh gyalaeg gak lingjyiz gaijgwz, gyavaiq doicaenh gij gaijgwz dwg giekdaej singqcaet、bouh ceiq youqgaenj de, demgiengz gij fazcanj doenghlig baihndaw gag fatok de.",要全面深化各领域改革，加快推进基础性、关键性改革，增强内生发展动力。,government_work_report,239,za,zh
Laebdaeb doicaenh cienjbienq cwngfuj ciznwngz.,持续推进政府职能转变。,government_work_report,240,za,zh
"Yaek hawj hawciengz youq ndaw boiqbaij swhyenz miz gietdingh cozyung caeuq engq ndei fatok gij cozyung cwngfuj, bietdingh aeu gyalaeg gaijgwz gemj gihgou cuengq gienzlig、cuengq guenj giethab、guh ndei fugsaeh.",使市场在资源配置中起决定性作用和更好发挥政府作用，必须深化简政放权、放管结合、优化服务改革。,government_work_report,241,za,zh
"Neix dwg cwngfuj bonjndang ciengz gwzming laegdaeuq ndeu. Aeu laebdaeb yungh gij damjliengh bouxlanh raemj fwngz, giengiet vuet oen gvej cah, yiengq naj doicaenh.",这是政府自身的一场深刻革命，要继续以壮士断腕的勇气，坚决披荆斩棘向前推进。,government_work_report,242,za,zh
"Cienzmienh doihengz aen cidu cingdan guenjleix, ceiqdingh Gozvuyen bouhmonz gienzlig caeuq cwzyin cingdan, gyavaiq gyahung gij sawqdiemj mbaw cingdan gimq haeuj hawciengz, gemjnoix cwngfuj gij gienz swyouz caizliengh, demgya gij gienz swyouz genjdingh hawciengz.",全面实行清单管理制度，制定国务院部门权力和责任清单，加快扩大市场准入负面清单试点，减少政府的自由裁量权，增加市场的自主选择权。,government_work_report,243,za,zh
Cingleix siubae buek mbawcingq cinjhawj swnghcanj caeuq fugsaeh ndeu.,清理取消一批生产和服务许可证。,government_work_report,244,za,zh
"Gyalaeg gaijgwz sanghsw cidu, saedhengz lai mbaw cingq habbaenz mbaw ndeu, gyahung gij sawqdiemj ""cingq cauq faenliz"" gaijgwz.",深化商事制度改革，实行多证合一，扩大“证照分离”改革试点。,government_work_report,245,za,zh
"Laebndei aen cidu gamguenj mwh guhsaeh caeuq guhsaeh gvaqlaeng, saedyienh ""song seizbienh、it goenghai"" gamguenj daengz caez, doicaenh gyoebhab hingzcwng caepfap.",完善事中事后监管制度，实现“双随机、一公开”监管全覆盖，推进综合行政执法。,government_work_report,246,za,zh
"Gyavaiq aen saenqsik hidungj Gozvuyen bouhmonz caeuq deihfueng cwngfuj doxlienz doxdoeng, cauxbaenz aen bingzdaiz daengx guek doengjit cwngvu fugsaeh.",加快国务院部门和地方政府信息系统互联互通，形成全国统一政务服务平台。,government_work_report,247,za,zh
"Raeuz itdingh aeu hawj giyez caeuq cungqvunz engq lai gamjsouh daengz gij gaijgwz cingzyauq ""cuengqhai、guenjleix、fugsaeh"", roengzrengz cingcawz gij gazngaih ""goengleix satlaeng"", giengiet cawzbae gij beihbingh saepsoiq、hengz gij guhfap goengbingz、hai aen dou fuengbienh.",我们一定要让企业和群众更多感受到“放管服”改革成效，着力打通“最后一公里”，坚决除烦苛之弊、施公平之策、开便利之门。,government_work_report,248,za,zh
Laebdaeb doicaenh gaijgwz caizsui dijci.,继续推进财税体制改革。,government_work_report,249,za,zh
Doeksaed caeuq laebndei aen cwngcwz cienzmienh doihai yingzyezsui gaijbaenz cwnghcizsui.,落实和完善全面推开营改增政策。,government_work_report,250,za,zh
"Sawj gij gezgou cwnghcizsui suiqlwd bienq genjdanh bae, bineix daj seiq dangj suiqlwd gyoebgyonj baenz sam dangj, cauh ok aen nabsuiq vanzging cingseuq ronghcingx、engqgya goengbingz haenx, caenh'itbouh gemjmbaeu diuzrap nabsuiq giyez.",简化增值税税率结构，今年由四档税率简并至三档，营造简洁透明、更加公平的税收环境，进一步减轻企业税收负担。,government_work_report,251,za,zh
"Gyavaiq doicaenh gaijgwz cunghyangh caeuq deihfueng caizcwng saehgienz caeuq vehfaen ceiok cwzyin, ceiqdingh aen cungjdaej fueng'anq vehfaen souhaeuj, laebndei aen dijhi deihfueng suiq, gveihfan gij hingzveiz deihfueng cwngfuj dawzcaiq.",加快推进中央与地方财政事权和支出责任划分改革，制定收入划分总体方案，健全地方税体系，规范地方政府举债行为。,government_work_report,252,za,zh
"Haeujlaeg doicaenh goenghai cwngfuj yawhsuenq gietsuenq, fanj bik yungh ndei gij cienzngaenz cecwk. Daezsang gij yauqlwd sawjyungh cienzngaenz, moix bit cienz cungj aeu goenghai sawjyungh, yungh ok saedyauq.",深入推进政府预决算公开，倒逼沉淀资金盘活，提高资金使用效率，每一笔钱都要花在明处、用出实效。,government_work_report,253,za,zh
Ca ndei gaijgwz ginhyungz dijci.,抓好金融体制改革。,government_work_report,254,za,zh
"Coicaenh ginhyungz gihgou doedyienh cawjnieb、cungsim caem laj, demgiengz gij naengzlig fugsaeh saeddaej ginghci, giengiet fuengzre duetliz saeddaej ginghci yiengq gyajsiet ginghci.",促进金融机构突出主业、下沉重心，增强服务实体经济能力，坚决防止脱实向虚。,government_work_report,255,za,zh
"Gikcoi sanghyez ngaenzhangz hung rauh ndalaeb bujvei ginhyungz saehnieb bouhmonz, ngaenzhangz hung guekmiz aeu daiqdaeuz guh daengz gonq, saedhengz aen banhfap gaujhaed bingzgyaq caeuq gij cwngcwz haeujcoengh miz cabied de, mizyauq hoizsoeng aen vwndiz giyez rauh iq hoj yungzswh、yungzswh cingzbonj sang.",鼓励大中型商业银行设立普惠金融事业部，国有大型银行要率先做到，实行差别化考核评价办法和支持政策，有效缓解中小微企业融资难、融资贵问题。,government_work_report,256,za,zh
Fazveih ndei gij cozyung cwngcwzsing haifatsingq ginhyungz.,发挥好政策性开发性金融作用。,government_work_report,257,za,zh
"Doicaenh lajmbanj sinyungse gaijgwz, giengzvaq gij goengnaengz fugsaeh nungzyez nungzminz lajmbanj.",推进农村信用社改革，强化服务“三农”功能。,government_work_report,258,za,zh
"Gyalaeg gaijgwz lai caengzmbaek swhbwnj hawciengz, laebndei gij giekdaej cidu cawjbanj hawciengz, gaenxmaenx fazcanj cangyezbanj、sam banj moq, gveihfan fazcanj aen gujgenz hawciengz deihfueng.",深化多层次资本市场改革，完善主板市场基础性制度，积极发展创业板、新三板，规范发展区域性股权市场。,government_work_report,259,za,zh
Haigvangq gij roenloh cienzngaenz baujyiemj haeujcoengh saeddaej ginghci.,拓宽保险资金支持实体经济渠道。,government_work_report,260,za,zh
Haenqrengz fazcanj ginhyungz loegsaek.,大力发展绿色金融。,government_work_report,261,za,zh
Doidoengh aen hangznieb yungzswh okco cangqheiq fazcanj.,推动融资租赁业健康发展。,government_work_report,262,za,zh
"Dangqnaj hidungjsing fungyiemj cungjdaej gaemhanh ndaej, hoeng doiq swhcanj yaez、caigen famh iekdingh、duzngaeuz ngaenzhangz、ginhyungz vangjdoxlienz daengj cwkrom gij fungyiemj de, aeu lai singjgaeh.",当前系统性风险总体可控，但对不良资产、债券违约、影子银行、互联网金融等累积风险要高度警惕。,government_work_report,263,za,zh
"Gaenxmaenx onjdangq doicaenh gaijgwz gij dijci gamguenj ginhyungz, miz bouhloh vaqgej cawqleix giz fungyiemj doedyienh de, cingjceih gveihfan ginhyungz cizsi, cukmaenh ""fajciengz fuengz feiz""ginhyungz fungyiemj.",积极稳妥推进金融监管体制改革，有序化解处置突出风险点，整顿规范金融秩序，筑牢金融风险“防火墙”。,government_work_report,264,za,zh
"Guek raeuz ginghci daihdaej fuengmienh lij ndei, sanghyez ngaenzhangz swhbwnj cukgaeuq beijlwd、buedbwh cwgoemq beijlwd haemq sang, gij gunghgi caeuq soujduenh ndaej doenghyungh de haemq lai.",我国经济基本面好，商业银行资本充足率、拨备覆盖率比较高，可动用的工具和手段多。,government_work_report,265,za,zh
"Doiq soujmaenh diuz daejsienq mbouj fatseng hidungjsing ginhyungz fungyiemj, raeuz miz saenqsim caeuq damjliengh、miz naengzlig caeuq banhfap.",对守住不发生系统性金融风险的底线，我们有信心和底气、有能力和办法。,government_work_report,266,za,zh
Haeujlaeg doicaenh gaijgwz guekmiz giyez guekmiz swhbwnj.,深入推进国企国资改革。,government_work_report,267,za,zh
"Aeu daezsang gij gingcwngh naengzlig haedsim caeuq gij yauqlwd boiqbaij swhyenz guh muzbiuh, cauxbaenz gij hawciengz ginghyingz gihci lingzvued yauq sang、gunghswh fazyinz ceihleix gezgou ndaej doxhaed mizyauq haenx.",要以提高核心竞争力和资源配置效率为目标，形成有效制衡的公司法人治理结构、灵活高效的市场化经营机制。,government_work_report,268,za,zh
Bineix aeu daihdaej guhbaenz gunghswhci gaijci.,今年要基本完成公司制改革。,government_work_report,269,za,zh
"Gyalaeg gaijgwz gij sojyoujci doxgyaux de, youq dienhlig、sigyouz、denhyenzgi、dietloh、minzhangz、densin、ginhgungh daengj lingjyiz yamqok yamqdin maenhsaed.",深化混合所有制改革，在电力、石油、天然气、铁路、民航、电信、军工等领域迈出实质性步伐。,government_work_report,270,za,zh
"Ca ndei gaijgwz dienhlig caeuq sigyouz denhyenzgi dijci, cuengqhai gij yezvu miz gingcwngh singqcaet de.",抓好电力和石油天然气体制改革，开放竞争性业务。,government_work_report,271,za,zh
"Laebdaeb doicaenh guekmiz giyez gemj foeg cangq ndang、daezsang caetliengh demgya yauqik, cagaenj bokliz gij ciznwngz banh sevei, gaijgez gij vwndiz gaxgonq louz roengzdaeuj.",持续推进国有企业瘦身健体、提质增效，抓紧剥离办社会职能，解决历史遗留问题。,government_work_report,272,za,zh
Doicaenh gij sawqdiemj gaijgwz guekmiz swhbwnj douzswh、yinyingz gunghswh.,推进国有资本投资、运营公司改革试点。,government_work_report,273,za,zh
"Gaijcaenh caeuq gyagiengz gamguenj guekmiz swhcanj, saedbauj swhcanj baujciz gyaciz、fatlai gyaciz, baujhoh ndei、fazcanj ndei gij cienzcaiz caezcaemh yinzminz.",改善和加强国有资产监管，确保资产保值增值，把人民的共同财富切实守护好、发展好。,government_work_report,274,za,zh
Engq ndei dwk gikfat gij rengzhoengh yiengh ginghci mbouj dwg gunghyoujci de.,更好激发非公有制经济活力。,government_work_report,275,za,zh
Haeujlaeg doeksaed gij cwngcwz guhfap haeujcoengh gij ginghci mbouj dwg gunghyoujci de.,深入落实支持非公有制经济发展的政策措施。,government_work_report,276,za,zh
Gaenxmaenx cauhlaeb yiengh cwng sangh gvanhaeh moq.,积极构建新型政商关系。,government_work_report,277,za,zh
Gikcoi doengh aen giyez mbouj dwg gunghyoujci de caeuqfaenh guh guekmiz giyez gaijgwz.,鼓励非公有制企业参与国有企业改革。,government_work_report,278,za,zh
"Genhciz gienzleih bingzdaengj、gihvei bingzdaengj、gveihcwz bingzdaengj, caenh'itbouh cuengqsoeng gij ginghci mbouj dwg gunghyoujci de cinjhawj hawciengz bae.",坚持权利平等、机会平等、规则平等，进一步放宽非公有制经济市场准入。,government_work_report,279,za,zh
"Danhfanz aen hangznieb caeuq lingjyiz faplwd fapgvi mbouj mingzbeg doekdingh gimq haeuj de, cungj aeu cinjhawj gak loih hawciengz cawjdaej haeujbae; danhfanz aen hangznieb caeuq lingjyiz hailangh hawj swhbwnj guekrog de, cungj aeu hailangh hawj swhbwnj ndawbiengz; danhfanz gij hingzveiz mbouj hableix yingjyangj hawciengz goengbingz gingcwngh de, cungj aeu giengiet haeddingz.",凡法律法规未明确禁入的行业和领域，都要允许各类市场主体平等进入；凡向外资开放的行业和领域，都要向民间资本开放；凡影响市场公平竞争的不合理行为，都要坚决制止。,government_work_report,280,za,zh
Gyagiengz laebhwnj aen cidu baujhoh canjgienz.,加强产权保护制度建设。,government_work_report,281,za,zh
Baujhoh canjgienz couh dwg baujhoh lauzdung、baujhoh fatmingz cauhguh、baujhoh caeuq fazcanj swnghcanjliz.,保护产权就是保护劳动、保护发明创造、保护和发展生产力。,government_work_report,282,za,zh
"Aeu gyavaiq laebndei aen cidu baujhoh canjgienz, ciuqfap baujcang gak cungj sojyoujci ginghci cujciz caeuq gunghminz caizcanjgienz, gikcoi gyoengqvunz cauhnieb cauhmoq cauhfouq, gikfat caeuq baujhoh gij cingsaenz giyezgyah, sawj giyezgyah ansim ginghyingz、cuengqsim douzswh.",要加快完善产权保护制度，依法保障各种所有制经济组织和公民财产权，激励人们创业创新创富，激发和保护企业家精神，使企业家安心经营、放心投资。,government_work_report,283,za,zh
"Doiq gij hingzveiz ciemqhaih giyez caeuq gunghminz canjgienz de, bietdingh aeu yiemzsuk cazcawq, miz loek bietdingh aeu niujcingq.",对于侵害企业和公民产权的行为，必须严肃查处、有错必纠。,government_work_report,284,za,zh
Daihlig doicaenh gaijgwz sevei dijci.,大力推进社会体制改革。,government_work_report,285,za,zh
"Gyalaeg boiqdauq gaijgwz gij cidu souhaeuj faenboiq, yamqonj doidoengh gaijgwz aen cidu ciengxlaux baujyiemj, vehcienj mbangj swhbwnj guekmiz bae cungsaed sebauj gihginh.",深化收入分配制度配套改革。稳步推动养老保险制度改革，划转部分国有资本充实社保基金。,government_work_report,286,za,zh
Gyalaeg yihliuz、yihbauj、yihyoz lienzdoengh gaijgwz.,深化医疗、医保、医药联动改革。,government_work_report,287,za,zh
"Cienzmienh doihai yihyen goenglaeb gyoebhab gaijgwz, gimq raeg gya canhcienz cingqsoq haeuj gijyw bae, boiqhab doicaenh gaijgwz yihliuz gyaqcienz、vunz saeh cienzhong、gijyw riuzdoeng、yihbauj cei cienz fuengsik daengj.",全面推开公立医院综合改革，全部取消药品加成，协调推进医疗价格、人事薪酬、药品流通、医保支付方式等改革。,government_work_report,288,za,zh
"Haeujlaeg doicaenh gyauyuz、vwnzva caeuq saehnieb danhvei daengj gaijgwz, sawj gij rengzndumj hungloet sevei lingjyiz cungfaen hoizcuengq okdaeuj.",深入推进教育、文化和事业单位等改革，把社会领域的巨大发展潜力充分释放出来。,government_work_report,289,za,zh
Gyalaeg gaijgwz swnghdai vwnzmingz dijci.,深化生态文明体制改革。,government_work_report,290,za,zh
"Laebndei aen cidu cawjdaej gunghnwngzgih caeuq aen gihci dienzboiz swnghdai, laebhwnj aen gihci gamcaek yawhsien daezsingj swhyenz vanzging, guh yiengh sawqdiemj laebndei aen dijci guenjleix guekgya swyenz swhyenz swhcanj, fatbouh saedhengz aen cungjdaej fueng'anq guekgya gunghyenz dijci, vih swnghdai vwnzmingz gensez daezhawj gij cidu baujcang daeklig de.",完善主体功能区制度和生态补偿机制，建立资源环境监测预警机制，开展健全国家自然资源资产管理体制试点，出台国家公园体制总体方案，为生态文明建设提供有力制度保障。,government_work_report,291,za,zh
(Sam) Caenh'itbouh cuengqok gij rengzndumj ndaw guek aeuyungh.,（三）进一步释放国内需求潜力。,government_work_report,292,za,zh
"Doidoengh gunghawj gezgou caeuq aeuyungh gezgou dox hab'wngq、siufeiq swnggaep caeuq mizyauq douzswh dox coicaenh、gak dieg singz mbanj fazcanj dox boiqhab ndei, demgiengz gij cozyung baihndaw aeuyungh naihnanz ragdoengh ginghci demmaj.",推动供给结构和需求结构相适应、消费升级和有效投资相促进、区域城乡发展相协调，增强内需对经济增长的持久拉动作用。,government_work_report,293,za,zh
Coicaenh siufeiq onjdingh demmaj.,促进消费稳定增长。,government_work_report,294,za,zh
"Hab'wngq siufeiq aeuyungh bienqvaq, laebndei cwngcwz guhfap, gaijndei siufeiq vanzging.",适应消费需求变化，完善政策措施，改善消费环境。,government_work_report,295,za,zh
It aeu gyavaiq fazcanj fugsaeh siufeiq.,一要加快发展服务消费。,government_work_report,296,za,zh
"Guh dangq moq sawqdiemj gyoebhab gaijgwz hangznieb fugsaeh, haeujcoengh ligliengh ndawbiengz daezhawj gyauyuz、vwnzva、ciengxlaux、yihliuz daengj fugsaeh.",开展新一轮服务业综合改革试点，支持社会力量提供教育、文化、养老、医疗等服务。,government_work_report,297,za,zh
"Doidoengh hangznieb fugsaeh cauhmoq yienghsik caeuq hamj gyaiq yungzhab, fazcanj ywbingh swhyenz ciengxlaux swhyenz giethab、vwnzva cauhmoq daengj siufeiq saenhwng.",推动服务业模式创新和跨界融合，发展医养结合、文化创意等新兴消费。,government_work_report,298,za,zh
"Doeksaed aen cidu youhgyaj ndaej cienzhong, laebndei lijyouz sezsih caeuq fugsaeh, haenqrengz fazcanj youz lajmbanj、cwxcaih youz、youz daengx dieg.",落实带薪休假制度，完善旅游设施和服务，大力发展乡村、休闲、全域旅游。,government_work_report,299,za,zh
"Gyadaih saenqsik siufeiq, lumjbaenz soqcih gyadingz、gwnz vangj gyauyuz daengj.",扩大数字家庭、在线教育等信息消费。,government_work_report,300,za,zh
"Coicaenh densangh、vaiqsoengq haeuj segih haeuj lajmbanj bae, doidoengh saeddaej bouqdiemq siugai caeuq gwnz vangj dajcawx yungzhab fazcanj.",促进电商、快递进社区进农村，推动实体店销售和网购融合发展。,government_work_report,301,za,zh
Ngeih aeu demgya siufeiq gij canjbinj binjciz gig ndei de.,二要增加高品质产品消费。,government_work_report,302,za,zh
"Dazyinx giyez demgya binjcungj、daezsang binjciz、cauh'ok binjbaiz, gya'gvangq aen gvaengh saedhengz gij canjbinj gai ndaw guek rog guek de ""doengz sienq doengz biucinj doengz caetliengh"", engq ndei bae muenxcuk siufeiq swnggaep aeuyungh.",引导企业增品种、提品质、创品牌，扩大内外销产品“同线同标同质”实施范围，更好满足消费升级需求。,government_work_report,303,za,zh
Sam aeu cingjceih caeuq gveihfan hawciengz cizsi.,三要整顿和规范市场秩序。,government_work_report,304,za,zh
"Yiemzsuk cazcawq gij hingzveiz gyajmauh rwixyaez、gvangjgau hawgyaj、gyaqcienz yaeuh vunz daengj, gyagiengz baujhoh gij gienzik boux siufeiq, sawj vunzlai yungh cienz siufeiq noix simfanz、lai simsoeng.",严肃查处假冒伪劣、虚假广告、价格欺诈等行为，加强消费者权益保护，让群众花钱消费少烦心、多舒心。,government_work_report,305,za,zh
Gaenxmaenx gyadaih gij douzswh mizyauq de.,积极扩大有效投资。,government_work_report,306,za,zh
Dazyinx cienzngaenz engq lai douzhaeuj aen lingjyiz bouj giz mbangnyieg、diuzcingj gezgou、coicaenh cauhmoq、ik beksingq gwndaenj bae.,引导资金更多投向补短板、调结构、促创新、惠民生的领域。,government_work_report,307,za,zh
"Bineix aeu guhbaenz hwnqguh dietloh douzswh 8000 ik maenz、goengloh caeuq gwnz raemx daehyinh douzswh 1.8 fanh ik maenz, caiq haigoeng 15 hangh suijli gunghcwngz hungnaek, laebdaeb gyagiengz hwnqguh hanghmoeg hungnaek, lumjbaenz gveijdau gyaudoeng、minzyungh caeuq doeng'yungh hangzgungh、densin giekdaej sezsih daengj.",今年要完成铁路建设投资8000亿元、公路水运投资1.8万亿元，再开工15项重大水利工程，继续加强轨道交通、民用和通用航空、电信基础设施等重大项目建设。,government_work_report,308,za,zh
Ndaw cunghyangh yawhsuenq douzswh anbaiz 5076 ik maenz.,中央预算内投资安排5076亿元。,government_work_report,309,za,zh
Doeksaed caeuq laebndei gij cwngcwz guhfap coicaenh ndawbiengz douzswh.,落实和完善促进民间投资的政策措施。,government_work_report,310,za,zh
"Doicaenh cwngfuj caeuq sevei swhbwnj gapguh, laebndei gij cwngcwz gyaqcienz、suiqfeiq daengj hawj ndeicawq, cwngfuj aeu daiqdaeuz souj saenqyungh, baenzlawz cungj mbouj ndaej seizbienh gaijbienq iekdingh, baenzlawz cungj mbouj ndaej ""hak moq mbouj leix soq gaeuq"".",深化政府和社会资本合作，完善相关价格、税费等优惠政策，政府要带头讲诚信，决不能随意改变约定，决不能“新官不理旧账”。,government_work_report,311,za,zh
Gaijndei gihyiz fazcanj gwzgiz.,优化区域发展格局。,government_work_report,312,za,zh
"Dungjcouz doicaenh fazcanj sam daih canloz caeuq ""seiq daih banjgvaij"", saedhengz ndei mizgven gveihva, yenzgiu ceiqdingh guhfap moq.",统筹推进三大战略和“四大板块”发展，实施好相关规划，研究制定新举措。,government_work_report,313,za,zh
Doidoengh guekgya gaep sinhgih、gaihfazgih、canjnieb yenzgih daengj cauhmoq fazcanj.,推动国家级新区、开发区、产业园区等创新发展。,government_work_report,314,za,zh
Haeujcoengh doengh giz dieg swhyenz gaenq raeg、swnghdai doiqvaq youqgaenj de guh ginghci cienjhingz fazcanj.,支持资源枯竭、生态严重退化等地区经济转型发展。,government_work_report,315,za,zh
Gaijndei boiqceiq swhyenz gwnzmbwn.,优化空域资源配置。,government_work_report,316,za,zh
"Doicaenh hwnqguh haijyangz ginghci sifangih, gyavaiq hwnqguh haijyangz guek ak, giengiet henhoh gij haijyangz gienzik guekgya.",推进海洋经济示范区建设，加快建设海洋强国，坚决维护国家海洋权益。,government_work_report,317,za,zh
Netsaed doicaenh cwngzcinva loihhingz moq.,扎实推进新型城镇化。,government_work_report,318,za,zh
"Gyalaeg gaijgwz huciz cidu, bineix saedyienh 1300 fanh vunz doxhwnj an'gya roengzhoh hawsingz, gyavaiq cienzmienh saedhengz gihcucwng cidu.",深化户籍制度改革，今年实现进城落户1300万人以上，加快居住证制度全覆盖。,government_work_report,319,za,zh
"Haeujcoengh hawsingz rauh iq caeuq singz iq cin iq miz daegsaek de fazcanj, doidoengh buek yienh gaeuq diuzgen de caeuq aen cin daegbied hung de miz bouhloh laebbaenz si bae, fatok gij cozyung sanqfat daiqdoengh seiqhenz hawsingz comzgyoengq.",支持中小城市和特色小城镇发展，推动一批具备条件的县和特大镇有序设市，发挥城市群辐射带动作用。,government_work_report,320,za,zh
"Coicaenh ""lai cungj gveihva hab it"", daezswng gij suijbingz gveihva sezgi hawsingz.",促进“多规合一”，提升城市规划设计水平。,government_work_report,321,za,zh
"Doicaenh hangznieb dajhwnq gaijgwz fazcanj, daezsang gunghcwngz caetliengh.",推进建筑业改革发展，提高工程质量。,government_work_report,322,za,zh
"Doengjit suenqveh hawsingz hwnqguh gwnz dieg laj namh, gyagiengz diucaz hawsingz deihcaet, caiq haigoeng guh hawsingz gyoebhab gvanjlangz lajnamh 2000 goengleix doxhwnj, haiguh aen sam bi hengzdoengh siucawz duenh dieg raemx dumh cungdenj ndaw singz, doicaenh hwnqguh hawsingz haijmenz, mizyauq ceihleix gij ""binghhawsingz""gyaudoeng mbouj swnh daengj, sawj hawsingz biujmienh gyaqciq、baihndaw engq ndei.",统筹城市地上地下建设，加强城市地质调查，再开工建设城市地下综合管廊2000公里以上，启动消除城区重点易涝区段三年行动，推进海绵城市建设，有效治理交通拥堵等“城市病”，使城市既有“面子”、更有“里子”。,government_work_report,323,za,zh
(Seiq) Aeu cauhmoq dazyinx saeddaej ginghci cienjhingz swnggaep.,（四）以创新引领实体经济转型升级。,government_work_report,324,za,zh
"Saeddaej ginghci liglaiz cungj dwg gij giekdaej guek raeuz fazcanj, seizneix gij yinvu ceiq gaenjgip de dwg gyavaiq cienjhingz swnggaep.",实体经济从来都是我国发展的根基，当务之急是加快转型升级。,government_work_report,325,za,zh
"Aeu haeujlaeg saedhengz aen canloz doenggvaq cauhmoq doidoengh fazcanj, doidoengh saeddaej ginghci gaijndei gezgou, mboujduenh daezsang caetliengh、yauqik caeuq gingcwngh naengzlig.",要深入实施创新驱动发展战略，推动实体经济优化结构，不断提高质量、效益和竞争力。,government_work_report,326,za,zh
Daezswng gij naengzlig gohgi cauhmoq.,提升科技创新能力。,government_work_report,327,za,zh
"Laebndei aen gihci ciengzgeiz onjdingh haeujcoengh giekdaej yenzgiu caeuq cauhdaeuz yenzgiu, hwnqguh guekgya gohgi giekdaej sezsih hungnaek caeuq gisuz cauhmoq cungsim, dajcauh aen bingzdaiz hailangh caezyungh gohgi swhyenz.",完善对基础研究和原创性研究的长期稳定支持机制，建设国家重大科技基础设施和技术创新中心，打造科技资源开放共享平台。,government_work_report,328,za,zh
Doicaenh cienzmienh cauhmoq gaijgwz saedniemh.,推进全面创新改革试验。,government_work_report,329,za,zh
Gaijgwz aen cidu bingzgyaq gohgi.,改革科技评价制度。,government_work_report,330,za,zh
"Cietsaed doeksaed gij gienzguhcawj gauhyau caeuq gohyenz yensoj, doeksaed gij cwngcwz gikcoi gujgienz geizgienz caeuq faenhoengz daengj, doeksaed gaijgwz aen cidu guenjleix gohyenz ginghfei caeuq hanghmoeg, hawj boux guh hong gohyenz mbouj caiq vih saeh saepsoiq faensim feiqheiq.",切实落实高校和科研院所自主权，落实股权期权和分红等激励政策，落实科研经费和项目管理制度改革，让科研人员不再为杂事琐事分心劳神。,government_work_report,331,za,zh
"Guh gij sawqdiemj gaijgwz cihsiz canjgienz gyoebhab guenjleix, laebndei aen dijhi dajcauh、baujhoh caeuq yinhyungh cihsiz canjgienz.",开展知识产权综合管理改革试点，完善知识产权创造、保护和运用体系。,government_work_report,332,za,zh
"Gyalaeg gaijgwz aen dijci vunzcaiz fazcanj, saedhengz gij cwngcwz yinxhaeuj vunzcaiz engqgya mizyauq de, gvangqlangh ciucomz boux maenh'ak lajmbwn, cungfaen gikfat gij cizgizsing boux guh hong gohyenz, haengjdingh ndaej guhbaenz gij daihnieb cauhmoq.",深化人才发展体制改革，实施更加有效的人才引进政策，广聚天下英才，充分激发科研人员积极性，定能成就创新大业。,government_work_report,333,za,zh
Gyavaiq gungganq gaujhoengh aen canjnieb saenhwng.,加快培育壮大新兴产业。,government_work_report,334,za,zh
"Cienzmienh saedhengz aen gveihva fazcanj canlozsing canjnieb saenhwng, gyavaiq yenzgiu haifat caeuq cienjvaq caizliuh moq、nwngzyenz moq、yinzgungh cinwngz、cizcwngz denlu、doenghduz doenghgo cauh yw、daihhaj daih yizdung doengsaenq daengj gisuz, guhhung guh'ak canjnieb comzgyoengq.",全面实施战略性新兴产业发展规划，加快新材料、新能源、人工智能、集成电路、生物制药、第五代移动通信等技术研发和转化，做大做强产业集群。,government_work_report,335,za,zh
"Haeujcoengh caeuq dazyinx caezyungh ginghci fazcanj, daezsang gij yauqlwd leihyungh sevei swhyenz, bienhleih cungqvunz yinzminz gvaq saedceij.",支持和引导分享经济发展，提高社会资源利用效率，便利人民群众生活。,government_work_report,336,za,zh
"Ciuq gij yenzcwz gikcoi cauhmoq、bauyungz siujsim, ceiqdingh aen gveihcwz gamguenj canjnieb saenhwng, dazyinx caeuq coicaenh canjnieb saenhwng cangqheiq fazcanj.",本着鼓励创新、包容审慎原则，制定新兴产业监管规则，引导和促进新兴产业健康发展。,government_work_report,337,za,zh
"Gyalaeg gaijgwz aen dijci guenjleix dungjgi, laebndei gij dungjgi canjnieb saenhwng.",深化统计管理体制改革，健全新兴产业统计。,government_work_report,338,za,zh
"Youq aen seizdaih vangjdoxlienz, gak lingjyiz fazcanj cungj aeu miz gij saenqsik vangjloz cienzsoengq engq vaiq、cingzbonj engq daemq、engqgya ancienz de.",在互联网时代，各领域发展都需要速度更快、成本更低、安全性更高的信息网络。,government_work_report,339,za,zh
"Bineix vangjloz gyavaiq cienzsoengq、gyangqdaemq feiqyungh aeu byaij ok yamqdin engq hung, ndaw bineix cienzbouh siu soujgih gij feiqyungh ndaw guek cangzduz caeuq manyouz bae, daih fukdoh gyangqdaemq gij feiqyungh giyez rauh iq ciensienq ciephaeuj vangjdoxlienz, gyangqdaemq gij feiqyungh gozci cangzduz denva, doidoengh ""vangjdoxlienz +"" haeujlaeg fazcanj、coicaenh soqcih ginghci gyavaiq majhung, hawj giyez gvangqlangh souh'ik、vunzlai cungj ndaej ndeicawq.",今年网络提速降费要迈出更大步伐，年内全部取消手机国内长途和漫游费，大幅降低中小企业互联网专线接入资费，降低国际长途电话费，推动“互联网+”深入发展、促进数字经济加快成长，让企业广泛受益、群众普遍受惠。,government_work_report,340,za,zh
Haenqrengz gaijcauh daezswng cienzdoengj canjnieb.,大力改造提升传统产业。,government_work_report,341,za,zh
"Haeujlaeg hengzguh 《Cungguek Ceiqcauh 2025》, gyavaiq wngqyungh soqgawq hung、yinzgeiqsuenq、vangjdoxlienz, aeu gisuz moq、ginghyingz hingzsik moq、yienghsik moq, bae doidoengh bengwz gij swnghcanj、guenjleix caeuq siugai yienghsik cienzdoengj canjnieb.",深入实施《中国制造2025》，加快大数据、云计算、物联网应用，以新技术新业态新模式，推动传统产业生产、管理和营销模式变革。,government_work_report,342,za,zh
"Dawz fazcanj cinwngz ceiqcauh dangguh aen fuengyiengq cawjgung, doicaenh gensez aen sifangih guekgya cinwngz dajcauh、aen cauhmoq cungsim hangznieb ceiqcauh, haeujlaeg hengzguh aen cienhangh gunghcwngz gyaak giekdaej gunghyez、cangboiq hungloet de, haenqrengz fazcanj aen hangznieb ceiqcauh senhcin de, doidoengh Cungguek ceiqcauh byaijcoh caengzgaep sang、loq sang.",把发展智能制造作为主攻方向，推进国家智能制造示范区、制造业创新中心建设，深入实施工业强基、重大装备专项工程，大力发展先进制造业，推动中国制造向中高端迈进。,government_work_report,343,za,zh
"Laebndei gij cwngcwz dijhi hwnqguh aen guek ak ceiqcauh, aeu lai cungj fuengsik daeuj haeujcoengh gaijcauh gisuz, coicaenh cienzdoengj canjnieb caiq fat ok rengzhoengh.",完善制造强国建设政策体系，以多种方式支持技术改造，促进传统产业焕发新的蓬勃生机。,government_work_report,344,za,zh
Laebdaeb doicaenh vunzlai cauhnieb、vunzlai cauhmoq.,持续推进大众创业、万众创新。,government_work_report,345,za,zh
"""Song cauh"" dwg cungj fuengsik mizyauq aeu cauhnieb cauhmoq daiqdoengh couhnieb, dwg gij ligliengh youqgaenj doidoengh gij rengz nyoengxdoengh gaeuq moq cienjvuenh caeuq ginghci gezgou swnggaep, dwg diuz miengloh yienhsaed coicaenh gihvei goengbingz caeuq sevei daengjsoh laedoengh, aeu mboujduenh yinx haeuj laeg bae.",“双创”是以创业创新带动就业的有效方式，是推动新旧动能转换和经济结构升级的重要力量，是促进机会公平和社会纵向流动的现实渠道，要不断引向深入。,government_work_report,346,za,zh
"Saen hwnq buek sifan gihdi ""song cauh"" ndeu, gikcoi giyez hung caeuq gohyenz yensoj、gauhyau ndalaeb aen hoenggan conhyezva vunzlai cauhmoq, gyagiengz haeujcoengh gij giyez rauh、iq、iqet cauhmoq loihhingz, dajcauh aen dijhi daj haidaeuz daengz satlaeng fugsaeh yiengh ""song cauh""naj yiengq vunzlai haenx, sawj gak loih cawjdaej gak yungh bonjsaeh、gwnz vangj laj vangj dox lienzdoengh ndei, sawj giyez iq dauqcawq nyoenx okdaeuj, giyez hung dingj mbwn laeb deih, gij rengzhoengh hawciengz caeuq rengzdajcauh sevei doxciengj fat okdaeuj.",新建一批“双创”示范基地，鼓励大企业和科研院所、高校设立专业化众创空间，加强对创新型中小微企业支持，打造面向大众的“双创”全程服务体系，使各类主体各展其长、线上线下良性互动，使小企业铺天盖地、大企业顶天立地，市场活力和社会创造力竞相迸发。,government_work_report,347,za,zh
Cienzmienh daezswng caetliengh suijbingz.,全面提升质量水平。,government_work_report,348,za,zh
"Gvangqlangh guh gij hengzdoengh daezswng caetliengh, gyagiengz cienzmienh guenjleix caetliengh, cuknet gij giekdaej caetliengh gisuz, gyagiengz gamduk caetliengh, laebndei aen gihci caetliengh gingcwngh louz ndei cawz yaez.",广泛开展质量提升行动，加强全面质量管理，夯实质量技术基础，强化质量监督，健全优胜劣汰质量竞争机制。,government_work_report,349,za,zh
"Gij lingzhoenz caetliengh, couh youq naemj giujmiuq.",质量之魂，存于匠心。,government_work_report,350,za,zh
"Yaek daihlig fatyiengz cingsaenz lauxcangh, gungganq vwnzva lauxcangh, yiemzsouj cizyez hingzveiz、yawjnaek ndei caiq gouz ndei, laebndei gihci gikcoi, ganq ok ""lauxcangh Cungguek"" gig lai、dajcauh gij ""binjbaiz Cungguek"" riuzmingz seiqgyaiq engq lai, doidoengh Cungguek ginghci fazcanj haeuj aen seizdaih yawjnaek caetliengh bae.",要大力弘扬工匠精神，厚植工匠文化，恪尽职业操守，崇尚精益求精，完善激励机制，培育众多“中国工匠”，打造更多享誉世界的“中国品牌”，推动中国经济发展进入质量时代。,government_work_report,351,za,zh
（Haj）Coicaenh nungzyez onjdingh fazcanj caeuq nungzminz lienzdaemh demsou.,（五）促进农业稳定发展和农民持续增收。,government_work_report,352,za,zh
"Haeujlaeg doicaenh gaijgwz gij gezgou mbiengj gunghawj nungzyez, laebndei gij cwngcwz hawj nungzyez bienq ak、nungzminz ndaej ik, haigvangq gij miengloh nungzminz couhnieb demsou, baujcang guekgya haeuxgwn ancienz.",深入推进农业供给侧结构性改革，完善强农惠农政策，拓展农民就业增收渠道，保障国家粮食安全。,government_work_report,353,za,zh
"Doidoengh nungzyez yendaiva caeuq cwngzcinva loihhingz moq doxcoi doxcaenh, gyavaiq gungganq gij rengz nyoengxdoengh moq nungzyez lajmbanj fazcanj.",推动农业现代化与新型城镇化互促共进，加快培育农业农村发展新动能。,government_work_report,354,za,zh
Doicaenh diuzcingj nungzyez gezgou.,推进农业结构调整。,government_work_report,355,za,zh
"Dazyinx nungzminz gaengawq hawciengz aeuyungh bae guh swnghcanj, demgya gunghawj gij nungzcanjbinj saekloeg caetliengh ndei, lai ndaem gij haeuxnaz、mienh caetliengh ndei de, habdoh diuzgemj gij reih ndaem haeuxyangz, gij sawqdiemj reihnaz ndaem haeuxgwn gaij ndaem liuhgueng gya'gvangq daengz 1000 fanh moux doxhwnj.",引导农民根据市场需求发展生产，增加优质绿色农产品供给，扩大优质水稻、小麦生产，适度调减玉米种植面积，粮改饲试点面积扩大到1000万亩以上。,government_work_report,356,za,zh
Gikcoi lai miengloh siuvaq gij haeuxyangz daenzcang.,鼓励多渠道消化玉米库存。,government_work_report,357,za,zh
"Haeujcoengh dieg cujyau swnghcanj de fazcanj cingsaeq gyagoeng nungzcanjbinj, fazcanj gvanhgvangh nungzyez、youhhanz nungzyez, gya'gvangq diuz lienhcanjnieb lienhgyaciz, dajcauh lajmbanj aen gwzgiz moq it ngeih sam canjnieb yungzhab fazcanj.",支持主产区发展农产品精深加工，发展观光农业、休闲农业，拓展产业链价值链，打造农村一二三产业融合发展新格局。,government_work_report,358,za,zh
Gyagiengz cauhlaeb yienhdaih nungzyez.,加强现代农业建设。,government_work_report,359,za,zh
"Gyavaiq doicaenh ciuq biucinj bae swnghcanj nungzcanjbinj、cauhlaeb caeuq baujhoh binjbaiz, dajcauh haeuxgwn swnghcanj gunghnwngzgih、dieg baujhoh swnghcanj gij nungzcanjbinj youqgaenj、dieg nungzcanjbinj miz daegsaek miz youhsi caeuq yienhdaih nungzyez canjyezyenz.",加快推进农产品标准化生产、品牌创建和保护，打造粮食生产功能区、重要农产品生产保护区、特色农产品优势区和现代农业产业园。,government_work_report,360,za,zh
"Doicaenh cingjceih diegdeih, haenqrengz gaijcauh gij naz canjliengh daemq canjliengh cungdaengj de, doigvangq gij gisuz ndaem reih, caiq demgya gij reihnaz mbaet raemx yauqlwd sang de 2000 fanh moux.",推进土地整治，大力改造中低产田，推广旱作技术，新增高效节水灌溉面积2000万亩。,government_work_report,361,za,zh
"Gyagiengz baujhoh reihnaz, gaijcaenh ciemq bouj bingzyaenx.",加强耕地保护，改进占补平衡。,government_work_report,362,za,zh
"Fazcanj lai cungj hingzsik habdoh gveihmoz ginghyingz, dwg diuz roen yiengh nungzyez yendaiva miz Cungguek daegsaek bietdingh aeu byaij, mbouj liz ndaej nungzyez baujyiemj baujcang daeklig.",发展多种形式适度规模经营，是中国特色农业现代化的必由之路，离不开农业保险有力保障。,government_work_report,363,za,zh
"Bineix youq 13 aen sengj cujyau swnghcanj haeuxgwn ndawde genjaeu bouhfaenh yienh si, doiq doengh gij nungzhoh habdoh gveihmoz ginghyingz haenx saedhengz caihaih hung baujyiemj, diuzcingj bouhfaenh caizcwng cienzngaenz gouqcai bae haeujcoengh, daezsang gij biucinj baujyiemj guenj daengz fanveiz caeuq leixboiz, laebndei aen dijhi nungzyez caiq baujyiemj, aeu gij nungzyez baujyiemj lienzdaemh onjmaenh de bae bangcoengh nungzyez yendaiva fazcanj.",今年在13个粮食主产省选择部分县市，对适度规模经营农户实施大灾保险，调整部分财政救灾资金予以支持，提高保险覆盖面和理赔标准，完善农业再保险体系，以持续稳健的农业保险助力现代农业发展。,government_work_report,364,za,zh
Gyalaeg lajmbanj gaijgwz.,深化农村改革。,government_work_report,365,za,zh
"Yamqonj doicaenh gaijgwz lajmbanj cizdij canjgienz cidu, gyalaeg lajmbanj diegdeih cidu gaijgwz sawqdiemj, hawj nungzminz caizcanj gienzleih engq lai.",稳步推进农村集体产权制度改革，深化农村土地制度改革试点，赋予农民更多财产权利。,government_work_report,366,za,zh
"Laebndei aen gihci cauxbaenz gyaqcienz caeuq aen cidu sourom haeuxgwn daengj nungzcanjbinj youqgaen, doicaenh gyoebhab gaijgwz gij gyaqcienz raemx nungzyez.",完善粮食等重要农产品价格形成机制和收储制度，推进农业水价综合改革。,government_work_report,367,za,zh
Gyalaeg gaijgwz cizdij linzgenz、linzgih linzcangz guekmiz、nungzgwnj、gungsiuhse daengj.,深化集体林权、国有林区林场、农垦、供销社等改革。,government_work_report,368,za,zh
Gyagiengz laebhwnj lajmbanj caengzdaej cujciz.,加强农村基层组织建设。,government_work_report,369,za,zh
"Laebndei aen gihci coicaenh lajmbanj cauhnieb cauhmoq, gungganq engq lai cizyez nungzminz moq, haeujcoengh nungzminzgungh dauq ma ranzmbanj cauhnieb, caenh'itbouh yungh banhfap bae gikcoi gauhyau bizyezswngh、bouxbing doiqok doihbing、boux guh gohgi bae lajmbanj yungh dungxcaiz bonjsaeh.",健全农村“双创”促进机制，培养更多新型职业农民，支持农民工返乡创业，进一步采取措施鼓励高校毕业生、退役军人、科技人员到农村施展才华。,government_work_report,370,za,zh
Gyagiengz hwnqguh gij goenggungh sezsih lajmbanj.,加强农村公共设施建设。,government_work_report,371,za,zh
Saen guh gaij guh gij goengloh lajmbanj 20 fanh goengleix.,新建改建农村公路20万公里。,government_work_report,372,za,zh
Saedyienh lajmbanj gij fugsaeh gung dienh onjdingh gauqndaej de caeuq dieg bingzyenz gihgi cou raemxcingj doengdienh de cungj cwgoemq doh.,实现农村稳定可靠供电服务和平原地区机井通电全覆盖。,government_work_report,373,za,zh
Guhbaenz 3 fanh aen hingzcwngcunh doeng gvanghsenh.,完成3万个行政村通光纤。,government_work_report,374,za,zh
Daezsang gij beijlwd lajmbanj gwn raemx ancienz、baujcingq gung raemx.,提高农村饮水安全供水保证率。,government_work_report,375,za,zh
Gyarengz gaijcauh gij ranzvaih lajmbanj.,加大农村危房改造力度。,government_work_report,376,za,zh
"Haeujlaeg doicaenh cingjceih gij vanzging vunz youq lajmbanj, hwnqguh gij ranzmbanj gyaeundei gawq miz vwnzmingz ciuhneix、youh miz gingjsaek reihnaz.",深入推进农村人居环境整治，建设既有现代文明、又具田园风光的美丽乡村。,government_work_report,377,za,zh
（Roek）Gaenxmaenx cawjdoengh gyadaih doiq rog hailangh.,（六）积极主动扩大对外开放。,government_work_report,378,za,zh
"Mienhdoiq gij bienqvaq moq gozci vanzging caeuq gij iugouz moq ndaw guek fazcanj, aeu caenh'itbouh guhndei aen canloz baijbouh doiq rog hailangh, gyavaiq cauhlaeb yiengh ginghci dijci moq hailangh, doidoengh doiq rog hailangh caengzmbaek engq laeg suijbingz engq sang.",面对国际环境新变化和国内发展新要求，要进一步完善对外开放战略布局，加快构建开放型经济新体制，推动更深层次更高水平的对外开放。,government_work_report,379,za,zh
"Netsaed doicaenh hwnqguh ""it rangh it loh"".",扎实推进“一带一路”建设。,government_work_report,380,za,zh
"Genhciz caez yaeng caez hwnq caez yungh, gyavaiq hwnqguh rangh raez ginghci gwnz dieghawq caeuq aen cungsim cengjdingj gwnz haij gapguh, cauhlaeb aen gihci gapguh henz sienq daih doenggvan.",坚持共商共建共享，加快陆上经济走廊和海上合作支点建设，构建沿线大通关合作机制。,government_work_report,381,za,zh
"Gyalaeg gozci canjnaengz gapguh, daiqdoengh gij cangboiq、gisuz、biucinj、fugsaeh guek raeuz byaij okbae, saedyienh gijndei doxbouj.",深化国际产能合作，带动我国装备、技术、标准、服务走出去，实现优势互补。,government_work_report,382,za,zh
Gyagiengz gyauyuz、gohgi、vwnzva、veiswngh、lijyouz daengj yinzvwnz gyaulouz gapguh.,加强教育、科技、文化、卫生、旅游等人文交流合作。,government_work_report,383,za,zh
"Banh ndei ""It Rangh It Loh"" Gozci Gapguh Gauhfungh Lundanz, doengz ciengq diuz go moq gapguh caez hingz.",高质量办好“一带一路”国际合作高峰论坛，同奏合作共赢新乐章。,government_work_report,384,za,zh
Coicaenh doiq rog gaicawx laebdaeb hoizfuk onjmaenh yiengq ndei.,促进外贸继续回稳向好。,government_work_report,385,za,zh
"Doeksaed caeuq laebndei gij cwngcwz cingouj cuzgouj, doidoengh cingouj cuzgouj gijndei.",落实和完善进出口政策，推动优进优出。,government_work_report,386,za,zh
"Gyadaih aen gvaengh cuzgouj saenqyungh baujyiemj cwgoemq, doiq cuzgouj baenzdauq sezbei yungzswh gij wnggai bauj de couh caenhliengh bauj.",扩大出口信用保险覆盖面，对成套设备出口融资应保尽保。,government_work_report,387,za,zh
"Doicaenh gij sawqdiemj fugsaeh mouyiz cauhmoq fazcanj, ndalaeb gij gihginh dazyinx fugsaeh mouyiz cauhmoq fazcanj.",推进服务贸易创新发展试点，设立服务贸易创新发展引导基金。,government_work_report,388,za,zh
Haeujcoengh fazcanj aen giyez hawciengz dajcawx mouyiz、doiq rog gaicawx gyoebhab fugsaeh.,支持市场采购贸易、外贸综合服务企业发展。,government_work_report,389,za,zh
Gyavaiq hwnqguh aen sifan gihdi doiq rog gaicawx cienjhingz swnggaep.,加快外贸转型升级示范基地建设。,government_work_report,390,za,zh
Coicaenh gyagoeng mouyiz iet coh diuz lienhcanjnieb gaep sang gaep cungdaengj、yiengq dieg Cungqgyang dieg Baihsae faen mbaek senj bae.,促进加工贸易向产业链中高端延伸、向中西部地区梯度转移。,government_work_report,391,za,zh
"Doigvangq guek caeuq guek gaicawx ""aen conghcueng dog"", saedyienh daengx guek doenggvan aen cingjdaej ndeu.",推广国际贸易“单一窗口”，实现全国通关一体化。,government_work_report,392,za,zh
"Demgya cingouj gij gisuz、sezbei senhcin caeuq gij lingzgen bugen youqgaenj de, coicaenh gaicawx doxdaengh fazcanj caeuq canjnieb ndaw guek gyavaiq swnggaep.",增加先进技术、设备和关键零部件进口，促进贸易平衡发展和国内产业加快升级。,government_work_report,393,za,zh
Haenqrengz gaijndei gij vanzging canghseng'eiq guekrog douzswh.,大力优化外商投资环境。,government_work_report,394,za,zh
"Coihdingh aen moegloeg dazyinx canghseng'eiq guekrog douzswh canjnieb, caenh'itbouh cuengqsoeng swhbwnj guekrog cinjhaeuj hangznieb fugsaeh、hangznieb ceiqcauh、hangznieb vatgvangq bae.",修订外商投资产业指导目录，进一步放宽服务业、制造业、采矿业外资准入。,government_work_report,395,za,zh
"Haeujcoengh gij giyez youz canghseng'eiq guekrog douzswh haenx youq ndaw guek goenghai fathengz gujbyau、fatcaiq, cinjhawj caeuqfaenh guekgya gohgi giva hanghmoeg.",支持外商投资企业在国内上市、发债，允许参与国家科技计划项目。,government_work_report,396,za,zh
"Youq swhciz cinjhawj、ceiqdingh biucinj、cwngzfuj dajcawx、yiengjsouh gij cwngcwz 《Cungguek Ceiqcauh 2025》 daengj fuengmienh, doengzyiengh doiqdaih gij giyez ndawguek rogguek.",在资质许可、标准制定、政府采购、享受《中国制造2025》政策等方面，对内外资企业一视同仁。,government_work_report,397,za,zh
"Deihfueng cwngfuj ndaej youq ndaw gvaengh gienzhanh fapdingh, ceiqdingh fatbouh saedhengz gij youhvei cwngcwz ciu daeuj canghseng'eiq yinx haeuj cienzngaenz.",地方政府可在法定权限范围内，制定出台招商引资优惠政策。,government_work_report,398,za,zh
"Ciuq biucinj sang suijbingz sang bae gensez 11 aen swyouz mouyiz siyengih, cienzmienh doigvangq gij gingniemh cingzsug de.",高标准高水平建设11个自贸试验区，全面推广成熟经验。,government_work_report,399,za,zh
"Dazyinx doiq rog douzswh cangqheiq gveihfan fazcanj, daezswng gij naengzlig fuengzre fungyiemj.",引导对外投资健康规范发展，提升风险防范能力。,government_work_report,400,za,zh
"Aen daihmonz Cungguek hailangh yaek yied hai yied gvangq, bietdingh yaek laebdaeb bienqbaenz giz dieg ceiq ndaej supyinx canghseng'eiq guekrog douzswh.",中国开放的大门会越开越大，必将继续成为最富吸引力的外商投资目的地。,government_work_report,401,za,zh
Doicaenh gozci mouyiz caeuq douzswh ndaej swyouz bienhleih.,推进国际贸易和投资自由化便利化。,government_work_report,402,za,zh
Ginghci cenzgiuzva hab gij gaenbonj leih'ik seiqgyaiq gak guek.,经济全球化符合世界各国的根本利益。,government_work_report,403,za,zh
"Cungguek yaek giendingh mbouj bienq bae doidoengh seiqgyaiq ginghci gapguh, henhoh aen diegvih roen goek lai mbiengj mouyiz dijci, gaenxmaenx caeuqfaenh lai mbiengj mouyiz damzbuenq.",中国将坚定不移推动全球经济合作，维护多边贸易体制主渠道地位，积极参与多边贸易谈判。,government_work_report,404,za,zh
"Dou nyienh caeuq mizgven guekgya itheij, doidoengh mbaw saw yaengdingh Cungguek - Dunghmungz Swmougih swnggaep ndaej cienzmienh seng'yauq saedhengz, caeuxdi gietsat gij damzbuenq aen gihyiz cienzmienh ginghci gapdoih gvanhaeh hezding, doicaenh Ya Dai Swmougih gensez.",我们愿与有关国家一道，推动中国－东盟自贸区升级议定书全面生效实施，早日结束区域全面经济伙伴关系协定谈判，推进亚太自贸区建设。,government_work_report,405,za,zh
Laebdaeb caeuq mizgven guekgya nem digih yaengdamz douzswh mouyiz hezding.,继续与有关国家和地区商谈投资贸易协定。,government_work_report,406,za,zh
"Cungguek dwg aen guekgya gamj rap cwzyin, itcig cungj nyinhcaen hengzguh gij wngqcingz gaenq guh'ok, yaek giengiet henhoh gij gienzik wnggai miz de.",中国是负责任的国家，作出的承诺一直认真履行，应有的权益将坚决捍卫。,government_work_report,407,za,zh
（Caet）Gyarengz baujhoh ceihleix swnghdai vanzging.,（七）加大生态环境保护治理力度。,government_work_report,408,za,zh
"Gyavaiq gaijndei swnghdai vanzging daegbied dwg hoengheiq caetliengh, dwg aen simmuengh gaenjbik vunzlai, dwg ndaej laebdaeb fazcanj iugouz baenzneix guh.",加快改善生态环境特别是空气质量，是人民群众的迫切愿望，是可持续发展的内在要求。,government_work_report,409,za,zh
"Bietdingh aeu gohyoz bae guh、goek byai giem ceih、yiemzhaenq ceihleix, roengzrengz gyau faenh gienj habgek hawj vunzlai.",必须科学施策、标本兼治、铁腕治理，努力向人民群众交出合格答卷。,government_work_report,410,za,zh
Giengiet guh ndei gij hong baujhoh mbwnlamz.,坚决打好蓝天保卫战。,government_work_report,411,za,zh
"Bineix baizcuengq wyangjvaliuz、danyangjvavuz soqliengh aeu faenbied doekdaemq 3％, dieg cungdenj naedfaenx (PM2.5 ) noengzdoh aeu doekdaemq yienhda.",今年二氧化硫、氮氧化物排放量要分别下降3%，重点地区细颗粒物（PM2.5）浓度明显下降。,government_work_report,412,za,zh
It aeu gyavaiq gaijgez aen vwndiz coemh meiz uqlah.,一要加快解决燃煤污染问题。,government_work_report,413,za,zh
"Cienzmienh saedhengz gyoebhab ceihleix meiz sanq, doicaenh dieg Baihbaek seizdoeng cinghseuq aeu raeuj, guhbaenz aeu dienh dingj meiz、aeu heiq lawh meiz 300 fanh hoh doxhwnj, cienzbouh raengcawz gij gohluz iq coemh meiz ndaw aen hawsingz didingh gaep doxhwnj bae.",全面实施散煤综合治理，推进北方地区冬季清洁取暖，完成以电代煤、以气代煤300万户以上，全部淘汰地级以上城市建成区燃煤小锅炉。,government_work_report,414,za,zh
"Gyarengz gaijcauh doengh aen dencangj coemh meiz de baenz baizcuengq gig noix caeuq mbaetyungh nwngzyenz bae, dieg Baihdoeng、dieg Cungqgyang aeu faenbied youq bineix bimoq guhbaenz, dieg Baihsae youq 2020 nienz guhbaenz.",加大燃煤电厂超低排放和节能改造力度，东中部地区要分别于今明两年完成，西部地区于2020年完成。,government_work_report,415,za,zh
"Cagaenj gaijgez gihci caeuq gisuz vwndiz, sien baujcang gij nwngzyenz cinghseuq de fatdienh hwnjvangj gonq, mizyauq gemjrwnh yiengh raemx、rumz、ndit fatdienh cuengqndwi.",抓紧解决机制和技术问题，优先保障清洁能源发电上网，有效缓解弃水、弃风、弃光状况。,government_work_report,416,za,zh
Ancienz yauq sang dwk fazcanj hwzden.,安全高效发展核电。,government_work_report,417,za,zh
Gyavaiq gyoebhab leihyungh ganjnyaq doenghgo.,加快秸秆综合利用。,government_work_report,418,za,zh
Ngeih aeu cienzmienh doicaenh ceihleix goek uqlah.,二要全面推进污染源治理。,government_work_report,419,za,zh
Guh aen hengzdoengh cienhangh ceihleix hangznieb uqlah youqgaenj.,开展重点行业污染治理专项行动。,government_work_report,420,za,zh
"Doiq sojmiz goek uqlah aen gunghyez youqgaenj saedhengz 24 siujseiz gwnz vangj gamguenj, saedbauj gamguenj caetliengh.",对所有重点工业污染源实行24小时在线监控，确保监控质量。,government_work_report,421,za,zh
"Mingzbeg doekdingh gij seizhanh aen giyez baizcuengq mbouj dabdaengz biucinj de gatsat dabdaengz biucinj, daengz geiz mbouj dabdaengz biucinj ne giengiet ciuqfap gvendingz bae.",明确排放不达标企业最后达标时限，到期不达标的坚决依法关停。,government_work_report,422,za,zh
Sam aeu gyagiengz ceihleix gij heiq rieng ci gihdungceh.,三要强化机动车尾气治理。,government_work_report,423,za,zh
"Daihdaej raengcawz cimaihenj, gyavaiq raengcawz gihdungceh gaeuq, cienhangh cingjceih gij ci gihdungceh baizcuengq lai de, gikcoi sawjyungh gij ci yungh nwngzyenz seuq.",基本淘汰黄标车，加快淘汰老旧机动车，对高排放机动车进行专项整治，鼓励使用清洁能源汽车。,government_work_report,424,za,zh
"Daezsang yenzyouz binjcaet, youq dieg youqgaenj de gyavaiq doigvangq sawjyungh cungj youz guekroek biucinj.",提高燃油品质，在重点区域加快推广使用国六标准燃油。,government_work_report,425,za,zh
Seiq aeu mizyauq wngqdoiq dienheiq uqlah youqgaenj.,四要有效应对重污染天气。,government_work_report,426,za,zh
"Gyagiengz yenzgiu gij goekgaen daihheiq uqlah caeuq mokfaenx baenzlawz cauhbaenz, lai rox gohyoz caeuq cingcinj bae wngqdoiq.",加强对大气污染的源解析和雾霾形成机理研究，提高应对的科学性和精准性。,government_work_report,427,za,zh
"Gyadaih aen gvaengh lienzhab fuengzre、gaemhanh、ceihleix dieg cungdenj, giengzvaq gij guhfap yawhgingj caeuq wngqgip.",扩大重点区域联防联控范围，强化预警和应急措施。,government_work_report,428,za,zh
Haj aeu dawzyiemz vanzging caepfap caeuq dukcaz gyaepdawz cwzyin.,五要严格环境执法和督查问责。,government_work_report,429,za,zh
"Doiq boux caeg baizcuengq、cauhgyaj de, bietdingh aeu ciuqfap fadceih; doiq boux dawzfap mbouj daeklig、soeng'yungz mbouj haed de, bietdingh aeu yiemzsuk cazdawz cwzyin; doiq hoengheiq caetliengh bienq rwix、wngqdoiq mbouj daeklig ne, bietdingh aeu yiemzyiemz cazdawz cwzyin.",对偷排、造假的，必须依法惩治；对执法不力、姑息纵容的，必须严肃追究；对空气质量恶化、应对不力的，必须严格问责。,government_work_report,430,za,zh
"Ceihleix mokfaenx bouxboux miz cwzyin, ceiq youqgaenj dwg hengzdoengh, genhciz couh ndaej guhbaenz.",治理雾霾人人有责，贵在行动、成在坚持。,government_work_report,431,za,zh
"Daengx biengz mboujduenh roengzrengz, ngoenz mbwnlamz couh itdingh ndaej bi beij bi lai.",全社会不懈努力，蓝天必定会一年比一年多起来。,government_work_report,432,za,zh
Gyagiengz fuengzceih raemx、namh uqlah.,强化水、土壤污染防治。,government_work_report,433,za,zh
Bineix vayoz yungh yangj soqliengh、anhdan baizcuengq soqliengh aeu faenbied doekdaemq 2%.,今年化学需氧量、氨氮排放量要分别下降2%。,government_work_report,434,za,zh
Ca ndei fuengzceih gij raemx uqlah cungdenj liuzyiz、fueng dieg、ndaw haij caeuq gij uqlah doenggvaq raemx cienz hawj nungzyez de.,抓好重点流域、区域、海域水污染和农业面源污染防治。,government_work_report,435,za,zh
"Ciengzsaeq cazcing namh uqlah, faenloih ceiqdingh saedhengz gij guhfap ceihleix.",开展土壤污染详查，分类制定实施治理措施。,government_work_report,436,za,zh
"Gyagiengz gyoebhab cingjceih gij vanzging singz mbanj, daiqdaeuz dizcang gij gwndaenj fuengsik saekloeg, gizgiz cungj doihengz aen cidu faenloih nyapnyaj.",加强城乡环境综合整治，倡导绿色生活方式，普遍推行垃圾分类制度。,government_work_report,437,za,zh
"Gungganq guhhung aen canjnieb mbaet nwngzyenz vanzbauj, fazcanj gij canjnieb saekloeg caiq cauhguh caeuq sinzvanz leihyungh swhyenz, sawj vanzging gaijndei caeuq ginghci fazcanj saedyienh caez ndaej ndeicawq.",培育壮大节能环保产业，发展绿色再制造和资源循环利用产业，使环境改善与经济发展实现双赢。,government_work_report,438,za,zh
Doicaenh baujhoh caeuq cauhlaeb swnghdai.,推进生态保护和建设。,government_work_report,439,za,zh
Cagaenj vehdingh caemhcaiq yiemzsouj diuz sienqhoengz baujhoh swnghdai.,抓紧划定并严守生态保护红线。,government_work_report,440,za,zh
Gaenxmaenx wngqdoiq dienheiq bienqvaq.,积极应对气候变化。,government_work_report,441,za,zh
"Hai guh gij sawqdiemj doengh aen gunghcwngz daezswng ndoengfaex caetliengh、coihfuk gij swnghdai hungnaek rangh ginghci Dahcangzgyangh、daihngeih buek baujhoh bya raemx ndoeng naz huz swnghdai, guhbaenz doiq geng ndaem faex ndaem nywj 1200 fanh moux doxhwnj, gyagiengz ceihleix dieg bienq sa bienq fwz、dieg bienq rin, cwkrom gij cienzcaiz swnghdai engq lai, cauhlaeb diuz ciengzsingz saekloeg ndaej lienzdaemh fazcanj.",启动森林质量提升、长江经济带重大生态修复、第二批山水林田湖生态保护工程试点，完成退耕还林还草1200万亩以上，加强荒漠化、石漠化治理，积累更多生态财富，构筑可持续发展的绿色长城。,government_work_report,442,za,zh
（Bet）Doicaenh gij sevei gensez aeu baujcang caeuq gaijndei beksingq gwndaenj guh cungdenj.,（八）推进以保障和改善民生为重点的社会建设。,government_work_report,443,za,zh
"Beksingq gwndaenj dwg gij saeh ceiq youqgaenj guh goengsaeh, bietdingh aeu seizseiz cuengq youq ndaw sim、gwed youq gwnz mbaq.",民生是为政之要，必须时刻放在心头、扛在肩上。,government_work_report,444,za,zh
"Seizneix, ndaw guek rog guek hingzseiq yiemzhaenq fukcab, engq aeu sien baujcang caeuq gaijndei beksingq gwndaenj gonq, gij saehsaed hab guh de aeu caenhrengz guh ndei, diuz daejsienq beksingq gwndaenj aeu giengiet soujmaenh.",在当前国内外形势严峻复杂的情况下，更要优先保障和改善民生，该办能办的实事要竭力办好，基本民生的底线要坚决兜牢。,government_work_report,445,za,zh
Daihlig coicaenh couhnieb cauhnieb.,大力促进就业创业。,government_work_report,446,za,zh
"Laebndei couhnieb cwngcwz, gyarengz bae beizyin couhnieb, gyagiengz haeujcoengh lingzvued couhnieb、couhnieb yienghmoq.",完善就业政策，加大就业培训力度，加强对灵活就业、新就业形态的支持。,government_work_report,447,za,zh
"Bineix gauhyau bizyezswngh 795 fanh vunz, dwg gwnz lizsij bi ceiq lai, aeu saedhengz ndei aen giva coicaenh couhnieb、dazyinx cauhnieb、caengzdaej cingzsug daengj, coicaenh lai diuz miengloh couhnieb cauhnieb.",今年高校毕业生795万人，再创历史新高，要实施好就业促进、创业引领、基层成长等计划，促进多渠道就业创业。,government_work_report,448,za,zh
"Doeksaed caeuq laebndei cwngcwz, cietsaed guhndei gij hong anceiq bouxbing doiqok doihbing.",落实和完善政策，切实做好退役军人安置工作。,government_work_report,449,za,zh
"Gyarengz bangcoengh couhnieb, fuzrex gij vunz hojnanz hawsingz、gij vunz ndangcanz couhnieb, saedbauj aen gyadingz fouz vunz couhnieb de ceiqnoix miz boux ndeu couhnieb onjdingh.",加大就业援助力度，扶持城镇困难人员、残疾人就业，确保零就业家庭至少有一人稳定就业。,government_work_report,450,za,zh
"Raeuz bietdingh aeu dawzmaenh couhnieb aen goek beksingq gwndaenj neix, hawj gyoengqvunz youq ndaw guhhong cauh ok cienzcaiz, youq ndaw haenqguh saedyienh gyaciz seiqvunz.",我们必须牢牢抓住就业这一民生之本，让人们在劳动中创造财富，在奋斗中实现人生价值。,government_work_report,451,za,zh
Banh ndei gij gyauyuz goengbingz caetliengh ndei de.,办好公平优质教育。,government_work_report,452,za,zh
"Doengjit gij cwngcwz hawsingz lajmbanj mboengq yivu gyauyuz hagseng ""song mienx it bouj"", gyavaiq hawj yivu gyauyuz goenggungh fugsaeh cwgoemq daengz gyoengq vunz ciengzseiz youq hawsingz, laebdaeb gaijndei gij banhhag diuzgen hagdangz mbangnyieg, hawj gij gyauyuz swhyenz caetliengh ndei haenx guenj ndaej engq gvangq, mboujduenh sukiq singz mbanj、gak dieg、gak hagdangz banhhag cengca.",统一城乡义务教育学生“两免一补”政策，加快实现城镇义务教育公共服务常住人口全覆盖，持续改善薄弱学校办学条件，扩大优质教育资源覆盖面，不断缩小城乡、区域、校际办学差距。,government_work_report,453,za,zh
Laebdaeb gyahung gij gveihmoz cungdenj gauhyau yiengq dieg gungzhoj lajmbanj ciu hagseng.,继续扩大重点高校面向贫困地区农村招生规模。,government_work_report,454,za,zh
Daezsang gij biucinj cienzngaenz guekgya bangbouj bozsw yenzgiuswngh.,提高博士研究生国家助学金补助标准。,government_work_report,455,za,zh
Doicaenh hwnqguh gij daihhag caeuq yozgoh baiz youq gwnz seiqgyaiq baiz daih'it de.,推进世界一流大学和一流学科建设。,government_work_report,456,za,zh
Laebdaeb doidoengh bouhfaenh bwnjgoh gauhyau cienjbienq baenz wngqyungh loihhingz.,继续推动部分本科高校向应用型转变。,government_work_report,457,za,zh
Gyalaeg gij sawqdiemj gauhgauj gyoebhab gaijgwz.,深化高考综合改革试点。,government_work_report,458,za,zh
"Gyavaiq fazcanj gij cizyez gyauyuz ciuhneix, gyagiengz minzcuz gyauyuz, banh ndei gij gyauyuz daegbied、gij gyauyuz lienzdaemh、gij gyauyuz couh yaek haeuj hagdangz doegsaw caeuq gij gyauyuz bouxgeq.",加快发展现代职业教育，加强民族教育，办好特殊教育、继续教育、学前教育和老年教育。,government_work_report,459,za,zh
Haeujcoengh caeuq gveihfan minzbanh gyauyuz fazcanj.,支持和规范民办教育发展。,government_work_report,460,za,zh
Gyagiengz laebndei aendoih lauxsae.,加强教师队伍建设。,government_work_report,461,za,zh
Ceiqdingh saedhengz 《Cungguek Gyauyuz Yendaiva 2030》.,制定实施《中国教育现代化2030》。,government_work_report,462,za,zh
"Raeuz aeu fazcanj gij gyauyuz yinzminz habhoz de, aeu gyauyuz yendaiva dingjcengj guekgya yendaiva, hawj engq lai lwgnyez saedyienh siengjmuengh, engq lai gyadingz saedyienh maqmuengh.",我们要发展人民满意的教育，以教育现代化支撑国家现代化，使更多孩子成就梦想、更多家庭实现希望。,government_work_report,463,za,zh
Doicaenh gensez aen Cungguek cangqvuengh de.,推进健康中国建设。,government_work_report,464,za,zh
"Hawsingz lajmbanj gihminz yihbauj caizcwng bangbouj youz moix boux moix bi 420 maenz daezsang daengz 450 maenz, doengzyamq daezsang gij biucinj gak boux gyau cienz, gyahung aen gvaengh baujcang yunghyw.",城乡居民医保财政补助由每人每年420元提高到450元，同步提高个人缴费标准，扩大用药保障范围。,government_work_report,465,za,zh
"Youq daengx guek doicaenh yihbauj saenqsik lienzvangj, saedyienh gij cienz youq dieg wnq louzyouq yihyen yw bingh ndaej cigsoh gietsuenq.",在全国推进医保信息联网，实现异地就医住院费用直接结算。,government_work_report,466,za,zh
"Laebndei aen cidu baujyiemj bingh hung, daezsang gij suijbingz baujcang.",完善大病保险制度，提高保障水平。,government_work_report,467,za,zh
"Cienzmienh haiguh gij sawqdiemj hwnqguh aen yihliuz lienzhabdaej lai yiengh hingzsik, sam gaep goenglaeb yihyen, aeu cienzbouh camgya caemhcaiq ndaej guh dazyinx dem, laebhwnj gij gihci bingzgyaq gaujhaed caeuq gikcoi yihliuz swhyenz caetliengh ndei gwnzlaj doxdoeng, daezswng gij fugsaeh naengzlig caengzdaej, fuengbienh cungqvunz youq gizgyawj yw bingh.",全面启动多种形式的医疗联合体建设试点，三级公立医院要全部参与并发挥引领作用，建立促进优质医疗资源上下贯通的考核和激励机制，增强基层服务能力，方便群众就近就医。,government_work_report,468,za,zh
Hawj giz sawqhengz faen gaep yawj bingh yw bingh caeuq gyadingz ciem fugsaeh habdoengz gyahung daengz 85％ doxhwnj di si.,分级诊疗试点和家庭签约服务扩大到85%以上地市。,government_work_report,469,za,zh
"Guhndei coicaenh ndangcangq, laebdaeb daezsang gij biucinj cienz bangbouj gihbwnj goenggungh veiswngh fugsaeh, gyagiengz laebhwnj aen dijhi yawhfuengz bingh caeuq aen dijhi gaemhanh binghmenhsingq.",做好健康促进，继续提高基本公共卫生服务经费补助标准，加强疾病预防体系和慢性病防控体系建设。,government_work_report,470,za,zh
Gibseiz goenghai ronghcingx mizyauq bae wngqdoiq goenggungh veiswngh saehgienh.,及时公开透明有效应对公共卫生事件。,government_work_report,471,za,zh
Baujhoh caeuq diuhdoengh gij cizgizsing boux guh hongsaeh ywbingh.,保护和调动医务人员积极性。,government_work_report,472,za,zh
Laebhwnj gij gvanhaeh canghyw caeuq bouxbingh huzndei.,构建和谐医患关系。,government_work_report,473,za,zh
"Hab'wngq saedhengz gij cwngcwz cienzmienh hawj seng song boux lwg, gyagiengz seng lwg yihliuz baujgen fugsaeh.",适应实施全面两孩政策，加强生育医疗保健服务。,government_work_report,474,za,zh
Ciuqfap haeujcoengh yw cunghyih saehnieb fazcanj.,依法支持中医药事业发展。,government_work_report,475,za,zh
"Gijgwn gijyw ancienz gvendaengz yinzminz ndangcangq, bietdingh aeu guenj ndaej yiemz youh yiemz.",食品药品安全事关人民健康，必须管得严而又严。,government_work_report,476,za,zh
"Aeu laebndei gij dijci gihci gamguenj, cungsaed gij ligliengh caengzdaej gamguenj, dwksaed gij cwzyin gak fueng, genhciz gamhaed gizgoek、swnghcanj gamguenj caez yawjnaek、fap naek ceih luenh, giengiet dawzndei moix aen gvan cungqvunz yinzminz gwn ndoet yunghyw ancienz.",要完善监管体制机制，充实基层监管力量，夯实各方责任，坚持源头控制、产管并重、重典治乱，坚决把好人民群众饮食用药安全的每一道关口。,government_work_report,477,za,zh
San maed cug maenh aen muengx baujcang beksingq gwndaenj.,织密扎牢民生保障网。,government_work_report,478,za,zh
"Laebdaeb daezsang gij biucinj cienz gihbwnj ciengxlaux boux duiyouh, saedbauj ciuqseiz fat hawj gaeuq soq.",继续提高退休人员基本养老金，确保按时足额发放。,government_work_report,479,za,zh
"Yamqmaenh bae daezsang gij biucinj youhfuj、sevei gouqbang, saedhengz ndei gij cidu laemzseiz gouqbang.",稳步提高优抚、社会救助标准，实施好临时救助制度。,government_work_report,480,za,zh
"Diuzcingj laebndei gihci bangbouj gij gwndaenj boux deng diencai mbwn haih, cienzbouh coih ndei hwnq baenz gij ranz beksingq bi'gvaq mwh cai raemxrongz deng vaih deng doemq de.",调整完善自然灾害生活补助机制，全部完成去年洪涝灾害中倒损民房的恢复重建。,government_work_report,481,za,zh
Lai gyaezhoh gyoengq lwgnyez ce youq ndaw ranz lajmbanj caeuq hawj gyoengq lwgnyez ranz gungzhoj hawsingz lajmbanj miz baujcang.,加强农村留守儿童关爱保护和城乡困境儿童保障。,government_work_report,482,za,zh
Gvansim bangcoengh ginhsuz lezsuz caeuq bouxgeq godog.,关心帮助军烈属和孤寡老人。,government_work_report,483,za,zh
"Cienzmienh doeksaed gij cidu ""song hangh boujdiep"" bouxndangcanz.",全面落实残疾人“两项补贴”制度。,government_work_report,484,za,zh
"Yienh gaep cwngfuj aeu laebhwnj gij gihci hezdiuz baujcang gihbwnj gwndaenj, caensaed guh ndei gij hong dakdaej, hawj gij cungqvunz gungzhoj ndawsim raeujrub、gwndaenj miz maqmuengh.",县级政府要建立基本生活保障协调机制，切实做好托底工作，使困难群众心里有温暖、生活有奔头。,government_work_report,485,za,zh
"Gyoebhab yungh faplwd、hingzcwng、ginghci daengj soujduenh, itcig mbouj dingz bae gaijgez ndei gij vwndiz niengqyiemq cienzhong nungzminzgungh, baenzbaenz cungj mbouj cinjhawj gyoengqde sinhoj guhhong cix mbouj ndaej gij hoizbauq wnggai miz de.",综合运用法律、行政、经济等手段，锲而不舍解决好农民工工资拖欠问题，决不允许他们的辛勤付出得不到应有回报。,government_work_report,486,za,zh
Fazcanj vwnzva saehnieb caeuq vwnzva canjnieb.,发展文化事业和文化产业。,government_work_report,487,za,zh
"Gyagiengz gensez sevei cujyi cingsaenz vwnzmingz, genhciz yungh aen siengjmuengh Cungguek caeuq cungj haedsim gyacizgvanh sevei cujyi bae gietcomz gij yawjfap doxdoengz、gyonjcomz ligliengh, giendingh gagsaenq vwnzva bonjfaenh.",加强社会主义精神文明建设，坚持用中国梦和社会主义核心价值观凝聚共识、汇聚力量，坚定文化自信。,government_work_report,488,za,zh
"Gaujhoengh fazcanj cezyoz sevei gohyoz caeuq vwnzyoz yisuz dajcauh, fazcanj doengh gij saehnieb sinhvwnz okbanj、gvangjbo yingjsi、dangjanq daengj.",繁荣发展哲学社会科学和文学艺术创作，发展新闻出版、广播影视、档案等事业。,government_work_report,489,za,zh
Gensez aencang dungxcaiz yienghmoq miz Cungguek daegsaek.,建设中国特色新型智库。,government_work_report,490,za,zh
"Hengzguh aen gunghcwngz cienzswnj fazcanj Cunghvaz cienzdoengj vwnzva ndei, gyagiengz baujhoh leihyungh vwnzvuz caeuq gij vwnzva yizcanj mbouj dwg vuzciz.",实施中华优秀传统文化传承发展工程，加强文物和非物质文化遗产保护利用。,government_work_report,491,za,zh
"Lai roengzrengz doidoengh bouxboux doegsaw, gyagiengz bujgiz gohyoz.",大力推动全民阅读，加强科学普及。,government_work_report,492,za,zh
Daezsang gihbwnj goenggungh vwnzva fugsaeh doxbingz cingzdoh.,提高基本公共文化服务均等化水平。,government_work_report,493,za,zh
"Gyavaiq gungganq vwnzva canjnieb, gyagiengz gamguenj vwnzva hawciengz, sawj vangjloz vanzging bienq seuq bae.",加快培育文化产业，加强文化市场监管，净化网络环境。,government_work_report,494,za,zh
"Gyalaeg Cungguek guekrog yinzvwnz gyaulouz, doidoengh gij vwnzva Cunghvaz byaij okbae.",深化中外人文交流，推动中华文化走出去。,government_work_report,495,za,zh
"Guh ndei gij hong couzbanh aen Auyinvei seizdoeng、Bouxndangcanz Auyinvei seizdoeng, doengjit couzveh cungqvunz dijyuz、dijyuz doxdax、canjnieb dijyuz fazcanj, gvangqlangh guh bouxboux lienhndang, hawj engq lai vunz yiengjsouh yindung sim sangj ndang soeng、ndangdaej cangqcwt.",做好冬奥会、冬残奥会筹办工作，统筹群众体育、竞技体育、体育产业发展，广泛开展全民健身，使更多人享受运动快乐、拥有健康体魄。,government_work_report,496,za,zh
"Yinzminz ndangdaej simleix cangqheiq、simvuen baenaj, guekgya haengjdingh gig miz rengzhoengh.",人民身心健康、乐观向上，国家必将充满生机活力。,government_work_report,497,za,zh
Doidoengh cauhmoq ndawbiengz ceihleix.,推动社会治理创新。,government_work_report,498,za,zh
"Laebndei gij cidu caengzdaej cungqvunz gagguenj, gyagiengz ceihleix segih hawsingz lajmbanj.",健全基层群众自治制度，加强城乡社区治理。,government_work_report,499,za,zh
Cungfaen fazveih gij cozyung gunghvei、gungcinghdonz、fulenz daengj aen cujciz cungqvunz.,充分发挥工会、共青团、妇联等群团组织作用。,government_work_report,500,za,zh
"Gaijgwz laebndei gij cidu guenjleix sevei cujciz, ciuqfap doicaenh gij saehnieb goeng'ik caeuq swzsienh cangqheiq fazcanj, coicaenh fazcanj ciennieb sevei gunghcoz、gagnyienh fugsaeh.",改革完善社会组织管理制度，依法推进公益和慈善事业健康发展，促进专业社会工作、志愿服务发展。,government_work_report,501,za,zh
Cietsaed baujcang gij gienzik habfap mehmbwk、lwgnyez、bouxgeq、bouxndangcanz.,切实保障妇女、儿童、老人、残疾人合法权益。,government_work_report,502,za,zh
Gyavaiq gensez sevei saenqyungh dijhi.,加快社会信用体系建设。,government_work_report,503,za,zh
Gyagiengz fapceih senhconz gyauyuz caeuq faplwd fugsaeh.,加强法治宣传教育和法律服务。,government_work_report,504,za,zh
"Doeksaed gij cwzyinci hong saenqfangj, ciuqfap gibseiz youq dangdieg gaijgez gij geqgouz hableix cungqvunz.",落实信访工作责任制，依法及时就地解决群众合理诉求。,government_work_report,505,za,zh
"Haeujlaeg bae hwnqguh aen Cungguek bingzan, laebndei aen dijhi fuengzre gaemhanh ndawbiengz cianh lizdijva sinsizva, yiemzhaenq dwkceih bauqlig gungjbu hozdung, ciuqfap ceihfad gij famhcoih seiqlig yakrwix、duzbinj famhcoih caeuq gij famhcoih fat lai de lumjbaenz guhcaeg、ciengjgiep、densin vangjloz loxyaeuh、ciemqfamh goyinz saenqsik daengj, henhoh guekgya ancienz caeuq ndawbiengz onjdingh.",深化平安中国建设，健全立体化信息化社会治安防控体系，严厉打击暴力恐怖活动，依法惩治黑恶势力犯罪、毒品犯罪和盗窃、抢劫、电信网络诈骗、侵犯个人信息等多发性犯罪，维护国家安全和社会稳定。,government_work_report,506,za,zh
"Dawzyiemz gveihfan goengcingq vwnzmingz caepfap, haenqrengz cingjceih gij vwndiz hungnaek ndawbiengz cianh, gizlawz seizlawz cungj hawj cungqvunz yinzminz roxnyinh ancienz.",严格规范公正文明执法，大力整治社会治安突出问题，全方位提高人民群众安全感。,government_work_report,507,za,zh
"Mingh vunz ceiq dij, ancienz ceiq sang.",人命关天，安全至上。,government_work_report,508,za,zh
Bietdingh aeu genhciz mbouj cuengqsoeng bae ca ndei ancienz swnghcanj.,必须持之以恒抓好安全生产。,government_work_report,509,za,zh
"Gyagiengz gensez ancienz giekdaej sezsih, guh ndei gij hong deihsaenq、diensiengq、caekveh、deihcaet.",加强安全基础设施建设，做好地震、气象、测绘、地质等工作。,government_work_report,510,za,zh
"Dawzyiemz gij cwzyinci ancienz swnghcanj, cienzmienh doeksaed gij cawjdaej cwzyin giyez、gij cwzyin deihfueng gvisug guenjleix、gij cwzyin bouhmonz gamguenj, giengiet naenxhaed fatseng saehhux hungnaek caeuq daegbied hungnaek, cietsaed baujcang cungqvunz yinzminz sengmingh caizcanj ancienz.",严格安全生产责任制，全面落实企业主体责任、地方属地管理责任、部门监管责任，坚决遏制重特大事故发生，切实保障人民群众生命财产安全。,government_work_report,511,za,zh
（Gouj） Cienzmienh gyagiengz cwngfuj bonjndang gensez.,（九）全面加强政府自身建设。,government_work_report,512,za,zh
"Aeu genhciz aen Dangj lingjdauj, laeb maenh ""seiq aen eiqsik"", giengiet henhoh gij gienzvi aen Dangjcunghyangh aeu Siz Ginbingz dungzci guh haedsim haenx, gag rox youq swhsiengj fuengmienh cwngci fuengmienh caeuq Dangjcunghyangh baujciz doxdoengz caez, gyavaiq cienjbienq cwngfuj ciznwngz、daezsang hingzcwng yaunwngz, engq ndei bae fugsaeh yinzminz.",要坚持党的领导，牢固树立“四个意识”，坚决维护以习近平同志为核心的党中央权威，自觉在思想上政治上行动上同党中央保持高度一致，加快转变政府职能、提高行政效能，更好为人民服务。,government_work_report,513,za,zh
Genhciz ciuqfap cienzmienh hengzguh cizcwz.,坚持依法全面履职。,government_work_report,514,za,zh
"Gak gaep cwngfuj caeuq gij gunghcoz yinzyenz de aeu haeujlaeg gvancez gij iugouz cienzmienh ciuqfap guenj guek, yiemzyiemz ciuqsouj fapgoek, gingqcungh fapceih、gingqlau faplwd、ciuqfap gaemgienz, cauhlaeb fapceih cwngfuj.",各级政府及其工作人员要深入贯彻全面依法治国要求，严格遵守宪法，尊崇法治、敬畏法律、依法行政，建设法治政府。,government_work_report,515,za,zh
Gyadaih ligdoh goenghai gij hongsaeh hingzcwng.,加大政务公开力度。,government_work_report,516,za,zh
"Genhciz gohyoz gezcwz、minzcuj gezcwz、ciuqfap gezcwz, gvangqlangh dingqaeu gak fuengmienh yigen baudaengz bihbingz yigen.",坚持科学决策、民主决策、依法决策，广泛听取各方面意见包括批评意见。,government_work_report,517,za,zh
"Gak gaep cwngfuj aeu ciuqfap ciepsouh doengz gaep yinzda nem aen cangzveijvei de gamduk, gagrox ciepsouh yinzminz cwnghez minzcuj gamduk, cawjdoengh ciepsouh sevei caeuq yizlun gamduk, nyinhcaen dingqaeu gij yigen yinzda daiqbiuj、cwnghez veijyenz、minzcuj dangjbai、gunghsanghlenz、boux mizmingz mbouj haeuj dangjbai de caeuq gak yinzminz donzdij.",各级政府要依法接受同级人大及其常委会的监督，自觉接受人民政协的民主监督，主动接受社会和舆论监督，认真听取人大代表、政协委员、民主党派、工商联、无党派人士和各人民团体的意见。,government_work_report,518,za,zh
"Dangguh yinzminz cwngfuj, sojmiz hong cungj aeu daejyienh gij simnyienh yinzminz、henhoh gij leih'ik yinzminz、ciepsouh yinzminz gamduk.",作为人民政府，所有工作都要体现人民意愿、维护人民利益、接受人民监督。,government_work_report,519,za,zh
Seizseiz baujciz gij bonjsaek cinghseuq.,始终保持廉洁本色。,government_work_report,520,za,zh
"Aeu nyinhcaen doeksaed gij iugouz cienzmienh coengzyiemz bae guenj Dangj, dawz dangjfungh lenzcwng gensez caeuq gij hong fanj baihrwix mboujduenh yinx haeuj laeg bae.",要认真落实全面从严治党要求，把党风廉政建设和反腐败工作不断引向深入。,government_work_report,521,za,zh
"Giengiet gvancez doeksaed gij cingsaenz Dangjcunghyangh bet hangh gvidingh, itcig mbouj bienq bae niujcingq ""seiq fungh"".",坚决贯彻落实党中央八项规定精神，一以贯之纠正“四风”。,government_work_report,522,za,zh
Gyagiengz hingzcwng gamcaz caeuq saemjgeiq gamduk.,加强行政监察和审计监督。,government_work_report,523,za,zh
"Baujciz aeu yiengh rengzhaenq daeuj ceihfad baihrwix, gyoebcomz youq cungdenj lingjyiz, yiemzsuk cazbanh gij fungheiq mbouj cingq ciemqhaih leih'ik cungqvunz caeuq vwndiz baihrwix.",保持惩治腐败高压态势，聚焦重点领域，严肃查处侵害群众利益的不正之风和腐败问题。,government_work_report,524,za,zh
"Gyoengq gunghvuyenz aeu bauj seuq dawz cingq, fwngz seuq ndang cingq bang beksingq guh saeh.",广大公务员要持廉守正，干干净净为人民做事。,government_work_report,525,za,zh
Gaenxmienx caenh cizcwz guhsaeh cauhnieb.,勤勉尽责干事创业。,government_work_report,526,za,zh
"Gij cingzcik hungloet Cungguek gaijgwz fazcanj dwg gyoengq ganbu cungqvunz saedguh okdaeuj, caiq cauh niebcik moq lij aeu baengh saedguh, gak gaep cwngfuj caeuq gunghcoz yinzyenz dawz guh cuengq daih'it, caen ca saed guh、ngaemgyaeuj haenqguh、giethab saedsaeh miz dajcauh bae guh, mbouj ndaej genjdanh bae aeu veiyi gvancez veiyi、aeu vwnzgen doeksaed vwnzgen, mbouj ndaej veh max gwnz daeuh、dan gangj mbouj lienh.",中国改革发展的巨大成就是广大干部群众实干出来的，再创新业绩还得靠实干。各级政府及其工作人员要干字当头，真抓实干、埋头苦干、结合实际创造性地干，不能简单以会议贯彻会议、以文件落实文件，不能纸上谈兵、光说不练。,government_work_report,527,za,zh
"Aeu cungfaen fazveih cunghyangh caeuq deihfueng song aen cizgizsing, gikcoi deihfueng ciuq cingzgvang dingh geiq、daihdamj damqra, doxcanj bae doidoengh gohyoz fazcanj.",要充分发挥中央和地方两个积极性，鼓励地方因地制宜、大胆探索，竞相推动科学发展。,government_work_report,528,za,zh
"Dawzyiemz caephengz gunghcoz cwzyinci, daegbied dwg doiq cungdenj yinvu, aeu ding maenh gij cwzyin gak fueng, caengzcaengz cienz atlig, saedbauj cibcukcib bae doeksaed daengz vih.",严格执行工作责任制，特别是对重点任务，要铆紧各方责任、层层传导压力，确保不折不扣落实到位。,government_work_report,529,za,zh
"Giengzvaq gamduk cazdawz cwzyin, yiemzhaenq cingjceih gij hingzveiz gik guh goengsaeh, giengiet ceihleix hongsaeh cwngci saetsaenq.",强化督查问责，严厉整肃庸政懒政怠政行为，坚决治理政务失信。,government_work_report,530,za,zh
"Laebndei gij gihci gikcoi caeuq gij gihci cinjhawj sawq loek gaij loek, gikcoi boux guhsaeh gyarengz, bang boux gamj guh cengjhwet.",健全激励机制和容错纠错机制，给干事者鼓劲，为担当者撑腰。,government_work_report,531,za,zh
"Gyoengq ganbu cungj aeu cawjdoengh bae guh、caen guh bungq ndongj, caeuq cungqvunz yinzminz caezsim okrengz, yungh saedguh bae doidoengh fazcanj, yungh saedguh bae hingz ndaej daengzcog.",广大干部要主动作为、动真碰硬，与人民群众同心协力，以实干推动发展，以实干赢得未来。,government_work_report,532,za,zh
Guek raeuz dwg aen guekgya minzcuz lai youh doengjit ndeu.,我国是统一的多民族国家。,government_work_report,533,za,zh
"Aeu genhciz caeuq laebndei aen cidu dieg minzcuz gagguenj, nyinhcaen gvancez gij minzcuz cwngcwz aen Dangj, haeujlaeg bae guh gij hozdung cauhlaeb minzcuz doxgiet cinbu, cujciz ndei gij hozdung angqhoh Neimungzguj Swcigih laebbaenz 70 hopbi.",要坚持和完善民族区域自治制度，认真贯彻党的民族政策，深入开展民族团结进步创建活动，组织好内蒙古自治区成立70周年庆祝活动。,government_work_report,534,za,zh
"Lai roengzrengz bae haeujcoengh dieg minzcuz fazcanj, haeujlaeg bae hengzguh aen hengzdoengh saenqhwng henzguek sawj beksingq henzguek fouq hwnjdaeuj, baujhoh caeuq fazcanj gij cienzdoengj vwnzva ndei siujsoq minzcuz, fuzrex gij minzcuz vunz haemq noix de fazcanj, doidoengh gak cuz yinzminz youq mwh cienzmienh hwnqbaenz aen biengz siujgangh saedyienh doengzcaez fazcanj mwnhoengh.",加大对民族地区发展支持力度，深入实施兴边富民行动，保护和发展少数民族优秀传统文化，扶持人口较少民族发展，推动各族人民在全面建成小康社会进程中实现共同发展繁荣。,government_work_report,535,za,zh
"Gak minzcuz doxhuz caemhyouq、caezsim cawz hoj、doxhuz fazcanj, aen gyadingz hung Cunghvaz Minzcuz itdingh ndaej engqgya bingzan vuenyungz cangqcwt.",各民族和睦相处、和衷共济、和谐发展，中华民族大家庭必将更加幸福安康。,government_work_report,536,za,zh
"Raeuz aeu cienzmienh gvancez gij gihbwnj fuengcim hong cunghgyau aen Dangj, ciuqfap guenjleix hongsaeh cunghgyau, coicaenh cunghgyau gvanhaeh huzndei, hawj gyoengqvunz cunghgyau gyaiq caeuq gyoengq vunz saenq gyau de youq mwh coicaenh ginghci sevei fazcanj fatok cozyung ndei.",我们要全面贯彻党的宗教工作基本方针，依法管理宗教事务，促进宗教关系和谐，发挥宗教界人士和信教群众在促进经济社会发展中的积极作用。,government_work_report,537,za,zh
"Raeuz aeu nyinhcaen doeksaed gij cwngcwz hongsaeh vazgyauz, baujcang gij gienzik habfap gyoengq beixnuengx youq rog guek caeuq gij caencik beixnuengx daj rog guek dauqma de, lailai fazveih gij ndei daegbied caeuq gij cozyung youqgaenj gyoengqde, gij rengzgietcomz caeuq gij rengzcohsim lwglan Cunghvaz ndaw guek rog guek bietdingh yaek mboujduenh demgiengz.",我们要认真落实侨务政策，保障海外侨胞和归侨侨眷合法权益，充分发挥他们的独特优势和重要作用，海内外中华儿女的凝聚力和向心力必将不断增强。,government_work_report,538,za,zh
"Bi gvaqbae neix, gozfangz caeuq ginhdui gaijgwz aeundaej cungbyoengq hungnaek, ginhdui youq gwzming'va yendaiva cwnggveihva gensez fuengmienh aeundaej cincanj moq cwngzciu moq.",过去一年，国防和军队改革取得重大突破，军队革命化现代化正规化建设取得新进展新成就。,government_work_report,539,za,zh
"Youq ndaw bimoq, raeuz aeu laeblaeb genhciz dawz aen muzbiuh laj hingzseiq moq hawj ginhdui bienq ak Dangj daez ok neix daeuj dazyinx, doicaenh yungh cwngci gensez gindui、gaijgwz sawj ginhdui bienq ak、ciuqfap ceihleix ginhdui, haenqrengz lienh bing caepcawq hoenxciengq, giengiet mizyauq henhoh guekgya cawjgienz、ancienz、fazcanj leih'ik.",新的一年，我们要继续坚持以党在新形势下的强军目标为引领，推进政治建军、改革强军、依法治军，强化练兵备战，坚决有效维护国家主权、安全、发展利益。,government_work_report,540,za,zh
"Genhciz Dangj cieddoiq lingjdauj ginhdui, henhoh caeuq gvancez ginhveij cujsiz fucwzci.",坚持党对军队的绝对领导，维护和贯彻军委主席负责制。,government_work_report,541,za,zh
Lienzdaemh haeujlaeg gaijgwz gozfangz caeuq ginhdui.,持续深化国防和军队改革。,government_work_report,542,za,zh
"Hawj haij mbwn bienfuengz guenjhaed engq ak, coumaed cujciz doengh gij hengzdoengh youqgaenj fanj gungjbu hen onjdingh、gozci hen huz、haij gyae hohsoengq ruz baedauq daengj.",强化海空边防管控，周密组织反恐维稳、国际维和、远海护航等重要行动。,government_work_report,543,za,zh
"Daezsang gij naengzlig gozfangz gohgi gag guhcawj cauhmoq, gyavaiq gensez yienhdaih houginz caeuq fazcanj cangboiq.",提高国防科技自主创新能力，加快现代后勤建设和装备发展。,government_work_report,544,za,zh
Gyagiengz cienzminz gozfangz gyauyuz、gozfangz dungyenz caeuq cauhlaeb ligliengh bwhlaeng.,加强全民国防教育、国防动员和后备力量建设。,government_work_report,545,za,zh
"Coicaenh ginghci gensez caeuq gozfangz gensez boiqhab、doxdaengh、giemyungz fazcanj, gyalaeg gaijgwz aen dijci gozfangz gohgi gunghyez, doidoengh ginh minz yungzhab gyalaeg fazcanj.",促进经济建设和国防建设协调、平衡、兼容发展，深化国防科技工业体制改革，推动军民融合深度发展。,government_work_report,546,za,zh
"Gak gaep cwngfuj aeu yungh gij guhfap engqgya netsaed daeklig, bae haeujcoengh gozfangz caeuq ginhdui gaijgwz gensez, hawj gofaex ginh cwng ginh minz doxgiet rag laeg、nye hoengh、mbaw mwn!",各级政府要以更加扎实有力的举措，支持国防和军队改革建设，让军政军民团结之树根深、枝繁、叶茂！,government_work_report,547,za,zh
"Raeuz aeu laebdaeb cienzmienh cinjdeng bae gvancez gij fuengcim ""aen guekgya ndeu song cungj cidu""、""vunz Yanghgangj guenj Yanghgangj""、""vunz Aumwnz guenj Aumwnz""、gagguenj cingzdoh gig sang, yiemzyiemz ciuq fapgoek caeuq gihbwnjfaz banhsaeh, saedbauj ""aen guekgya ndeu song cungj cidu"" youq Yanghgangj、Aumwnz saedguh mbouj soengdoengh、mbouj mbitmbieng、mbouj bienq yiengh.",我们要继续全面准确贯彻“一国两制”、“港人治港”、“澳人治澳”、高度自治的方针，严格依照宪法和基本法办事，确保“一国两制”在香港、澳门实践不动摇、不走样、不变形。,government_work_report,548,za,zh
"Yungh sojmiz goengrengz bang Yanghgan、Aumwnz Daegbied Hingzcwnggih hingzcwng cangjgvanh caeuq cwngfuj ciuqfap hengzguh hongsaeh cwngfuj, fazcanj ginghci、gaijndei beksingq gwndaenj、doicaenh minzcuj、coicaenh huzndei.",全力支持香港、澳门特别行政区行政长官和政府依法施政，发展经济、改善民生、推进民主、促进和谐。,government_work_report,549,za,zh
Diuz roen Yanghgangj doglaeb byaij mbouj doeng.,“港独”是没有出路的。,government_work_report,550,za,zh
"Aeu doidoengh diegndaw caeuq Gangj Au gyalaeg gapguh, yenzgiu ceiqdingh gij fazcanj gveihva hawsingz comzgyoengq rangh dieg van Yez Gangj Au, fazveih gijndei daegbied Gangj Au, daezswng gij diegvih caeuq goengnaengz youq mwh guekgya ginghci fazcanj caeuq doiq rog hailangh.",要推动内地与港澳深化合作，研究制定粤港澳大湾区城市群发展规划，发挥港澳独特优势，提升在国家经济发展和对外开放中的地位与功能。,government_work_report,551,za,zh
Raeuz doiq Yanghgangj、Aumwnz baujciz ciengzgeiz mwnhoengh onjdingh itcig cungj gig miz saenqsim.,我们对香港、澳门保持长期繁荣稳定始终充满信心。,government_work_report,552,za,zh
"Raeuz aeu haeujlaeg gvancez gij fuengcim cwngcwz doiq Daiz gunghcoz, genhciz gij yenzcwz aen Cungguek dog, henhoh aen giekdaej cwngci caezcaemh ""gij yawjfap doxdoengz goujngeih"", henhoh guekgya cawjgienz caeuq diegguek caezcingj, henhoh song hamq gvanhaeh hozbingz fazcanj caeuq Daizvanh Haijyaz hozbingz onjdingh.",我们要深入贯彻对台工作大政方针，坚持一个中国原则，维护“九二共识”共同政治基础，维护国家主权和领土完整，维护两岸关系和平发展和台海和平稳定。,government_work_report,553,za,zh
"Giengiet fanjdoiq caeuq naenxhaed gij faenmbek hozdung ""Daizduz"", baenzbaenz cungj mbouj cinjhawj bouxlawz yungh yiengh hingzsik lawz、yiengh mingzdaeuz lawz dawz Daizvanh daj guekcoj faenmbek okbae.",坚决反对和遏制“台独”分裂活动，绝不允许任何人以任何形式、任何名义把台湾从祖国分裂出去。,government_work_report,554,za,zh
"Aeu laebdaeb doicaenh song hamq ginghci sevei yungzhab fazcanj, vih beixnuengx Daizvanh daegbied dwg bouxcoz youq daluz hagsib、couhnieb、cauhnieb、gvaq saedceij de daezhawj fuengbienh engq lai.",要持续推进两岸经济社会融合发展，为台湾同胞尤其是青年在大陆学习、就业、创业、生活提供更多便利。,government_work_report,555,za,zh
"Beixnuengx song hamq aeu caez rap minzcuz daih dauhleix, giendingh mbouj bienq bae doidoengh guekcoj hozbingz doengjit fazcanj baenaj, doengzcaez bae cauh gij saedceij vuenyungz caeuq ngoenzcog gyaeundei sojmiz vunz Cungguek.",两岸同胞要共担民族大义，坚定不移推动祖国和平统一进程，共同创造所有中国人的幸福生活和美好明天。,government_work_report,556,za,zh
"Mienhdoiq seiqgyaiq cwngci ginghci gwzgiz bienqvaq laegdaeuq, Cungguek yaek itcig ndwn youq mbiengj hozbingz onjdingh, ndwn youq mbiengj goengdauh leix cingq, guh boux cauhlaeb seiqgyaiq hozbingz、guh boux okrengz hawj daengx seiqgyaiq fazcanj、guh boux henhoh gozci cizsi.",面对世界政治经济格局的深刻变化，中国将始终站在和平稳定一边，站在公道正义一边，做世界和平的建设者、全球发展的贡献者、国际秩序的维护者。,government_work_report,557,za,zh
"Raeuz yaek giendingh mbouj bienq bae byaij diuzloh hozbingz fazcanj, giengiet henhoh gij gienzvi aen dijci lai mbiengj, hawj de laebdaeb mizyauq, fanjdoiq gak cungj hingzsik baujhoh cujyi, haeujlaeg caeuqfaenh daengx seiqgyaiq ceihleix, dazyinx ginghci cenzgiuzva coh aen fuengyiengq engqgya bauyungz dox ik、goengcingq hableix bae fazcanj.",我们将坚定不移走和平发展道路，坚决维护多边体制的权威性和有效性，反对各种形式的保护主义，深入参与全球治理进程，引导经济全球化朝着更加包容互惠、公正合理的方向发展。,government_work_report,558,za,zh
"Doidoengh cauhlaeb aen gvaenghgaq guekhung gvanhaeh cungjdaej onjdingh、bingzyaenx fazcanj, roengzrengz cauhbaenz aen vanzging seiqhenz laenzgaenh doxhuz doxsaenq、doengzcaez fazcanj, cienzmienh daezswng gij suijbingz caeuq aen guekgya cingqcaih fazcanj de gapguh, gaenxmaenx daezgung aen fueng'anq ndaej gaijgez gij vwndiz cienz seiqgyaiq caeuq gij vwndiz digih vunzlai cungj cimyawj haenx.",推动构筑总体稳定、均衡发展的大国关系框架，着力营造睦邻互信、共同发展的周边环境，全面提升同发展中国家合作水平，积极提供解决全球性和地区热点问题的建设性方案。,government_work_report,559,za,zh
Gyavaiq laebndei gij gihci caeuq gensez gij naengzlig baujhoh gienzik rog guek.,加快完善海外权益保护机制和能力建设。,government_work_report,560,za,zh
"Raeuz nyienh caeuq gozci sevei itheij, roengzrengz laebhwnj yiengh gozci gvanhaeh moq aeu gapguh caez hingz guh haedsim haenx, vih dajcauh aen minghyinh gungdungzdij vunzloih bae caiq guh'ok gunghawj.",我们愿与国际社会一道，致力构建以合作共赢为核心的新型国际关系，为打造人类命运共同体作出新的贡献。,government_work_report,561,za,zh
"Sawjmingh naek youq dangrap, saedguh couqbaenz ronghsag.",使命重在担当，实干铸就辉煌。,government_work_report,562,za,zh
"Raeuz aeu engqgya gaenjmaed doxgiet youq seiqhenz aen Dangjcunghyangh aeu Siz Ginbingz dungzci guh haedsim haenx, caezsim okrengz, hairoen baenaj, roengzrengz guhbaenz gij muzbiuh yinvu ginghci sevei fazcanj bineix, vih saedyienh aen muzbiuh hungmbwk ""song aen bak bi""、guhbaenz aen sevei cujyi yendaiva guekgya fouqak minzcuj vwnzmingz huzndei、saedyienh aen siengjmuengh Cunghvaz Minzcuz daih fukhwng buekguh mbouj dingz!",我们要更加紧密地团结在以习近平同志为核心的党中央周围，同心同德，开拓进取，努力完成今年经济社会发展目标任务，为实现“两个一百年”宏伟目标、建设富强民主文明和谐的社会主义现代化国家、实现中华民族伟大复兴的中国梦而不懈奋斗！,government_work_report,563,za,zh
Gak boux daibyauj:,各位代表：,government_work_report,564,za,zh
"Seizneix, gou daibyauj Gozvuyen, yiengq daihhoih baugau gij hongsaeh cwngfuj haj bi gvaqbae neix, doiq gij hongsaeh bineix daezok genyi, cingj saemjlwnh, caemhcaiq cingj Daengx Guek Cwnghez gak boux veijyenz daezok yigen.",现在，我代表国务院，向大会报告过去五年政府工作，对今年工作提出建议，请予审议，并请全国政协委员提出意见。,government_work_report,565,za,zh
It、Dauqngeix Gij Hongsaeh Haj Bi Gvaqbae Neix,一、过去五年工作回顾,government_work_report,566,za,zh
"Gaiq Cibngeih Daengx Guek Yinzminz Daibyauj Daihhoih Baez Hoih Daih'it doxdaeuj haj bi neix, dwg haj bi gig mbouj bingzciengz ndaw bouhloh hwngfat guek raeuz.",第十二届全国人民代表大会第一次会议以来的五年，是我国发展进程中极不平凡的五年。,government_work_report,567,za,zh
"Mienhdoiq gij hingzseiq ndawguek rogguek doxsan doxgeuj youh gig fukcab, aen Dangjcunghyangh aeu Siz Ginbingz dungzci guh gyangsim haenx comzgiet daiqlingx daengx guek gak cuz yinzminz haenqheiq baenaj, cingjdaej suenqveh doicaenh aen cungjdaej baijbouh ""haj yiengh gyoeb baenz cingjdaej"", doxdaengh doicaenh aen canloz baijbouh ""seiq aen cienzmienh"", gaijgwz hailangh caeuq cauhlaeb sevei cujyi yendaiva cienzmienh hai ok geizseiq moq.",面对极其错综复杂的国内外形势，以习近平同志为核心的党中央团结带领全国各族人民砥砺前行，统筹推进“五位一体”总体布局，协调推进“四个全面”战略布局，改革开放和社会主义现代化建设全面开创新局面。,government_work_report,568,za,zh
"Cibgouj Daih aen Dangj dinghlaeb le gij lizsij diegvih Aen Swhsiengj Sevei Cujyi Miz Gij Daegsaek Cungguek Seizdaih Moq Siz Ginbingz, ceiqdingh le aen doz giva hungmbwk caeuq aen ganghlingj hengzdoengh guhcaez gij yinvu cienzmienh hwnqbaenz aenbiengz siujgangh、roengzrengz ceng'aeu yiengh sevei cujyi miz gij daegsaek Cungguek seizdaih moq ndaej dabdaengz muzdiz yawhgeiz, miz yienhsaed eiqngeih hungnaek caeuq lizsij eiqngeih gyaelaeg.",党的十九大确立了习近平新时代中国特色社会主义思想的历史地位，制定了决胜全面建成小康社会、夺取新时代中国特色社会主义伟大胜利的宏伟蓝图和行动纲领，具有重大现实意义和深远历史意义。,government_work_report,569,za,zh
"Gak dieg gak bouhmonz mboujduenh demgiengz cwngci eiqsik、daihbuenz eiqsik、gyangsim eiqsik、gaenhwnj eiqsik, haeujlaeg gvancez doeksaed hwngfat leixniemh moq,""Cibngeih Haj"" Gveihva guhbaenz caezcup,""Cibsam Haj""Gveihva swnhleih hengzguh, ginghci sevei hwngfat aeundaej cingzcik hab geiq haeuj lizsij、fatseng bienqvaq hab geiq haeuj lizsij.",各地区各部门不断增强政治意识、大局意识、核心意识、看齐意识，深入贯彻落实新发展理念，“十二五”规划圆满完成，“十三五”规划顺利实施，经济社会发展取得历史性成就、发生历史性变革。,government_work_report,570,za,zh
"Haj bi daeuj, ginghci saedlig yathwnj mbaek moq.",五年来，经济实力跃上新台阶。,government_work_report,571,za,zh
"Gij swnghcanj cungjciz ndawguek daj 54 fanh ik maenz gyalai daengz 82.7 fanh ik maenz, moix bi bingzyaenz demmaj 7.1%, ciemq seiqgyaiq ginghci faenhliengh daj 11.4% hwnj daengz 15% baedauq, doiq seiqgyaiq ginghci demmaj gunghawj cingzsoq mauhgvaq 30%.",国内生产总值从54万亿元增加到82.7万亿元，年均增长7.1%，占世界经济比重从11.4%提高到15%左右，对世界经济增长贡献率超过30%。,government_work_report,572,za,zh
Caizcwng souhaeuj daj 11.7 fanh ik maenz gyalai daengz 17.3 fanh ik maenz.,财政收入从11.7万亿元增加到17.3万亿元。,government_work_report,573,za,zh
"Gij gyaqcienz siuyungh gihminz moix bi bingzyaenz hwnjsang 1.9%, baujciz suijbingz haemqdaemq.",居民消费价格年均上涨1.9%，保持较低水平。,government_work_report,574,za,zh
"Ndawsingz saen demgya couhnieb 6600 fanh vunz doxhwnj, aen guek hung 13 ik lai vunz raeuz ndaej guhdaengz couhnieb haemq cungfaen.",城镇新增就业6600万人以上，13亿多人口的大国实现了比较充分就业。,government_work_report,575,za,zh
"Haj bi daeuj, ginghci gapgyaq miz ok gaijbienq hungnaek.",五年来，经济结构出现重大变革。,government_work_report,576,za,zh
"Siuyungh gunghawj cingzsoq daj 54.9% hwnj daengz 58.8%, hangznieb fugsaeh soj ciemq faenhliengh daj 45.3% hwnj daengz 51.6%, bienqbaenz gij rengzgoek doidoengh coicaenh ginghci demmaj.",消费贡献率由54.9%提高到58.8%，服务业比重从45.3%上升到51.6%，成为经济增长主动力。,government_work_report,577,za,zh
Aen hangznieb dajcauh gisuz sang de moix bi bingzyaenz demmaj 11.7%.,高技术制造业年均增长11.7%。,government_work_report,578,za,zh
Gij naengzlig swnghcanj haeuxgwn dabdaengz 1.2 fanh ik gaen.,粮食生产能力达到1.2万亿斤。,government_work_report,579,za,zh
"Cwngzcinva beijlwd daj 52.6% hwnj daengz 58.5%, 8000 lai fanh vunz daj nungzyez cienj okdaeuj haenx bienqbaenz gihminz hawsingz.","城镇化率从52.6%提高到58.5%, 8000多万农业转移人口成为城镇居民。",government_work_report,580,za,zh
"Haj bi daeuj, cauhmoq doidoengh hwngfat cwngzgoj hungcoek.",五年来，创新驱动发展成果丰硕。,government_work_report,581,za,zh
"Daengx biengz damqgouz haifat douzhaeuj moix bi bingzyaenz demmaj 11%, gveihmoz yat daengz seiqgyaiq vih daihngeih.",全社会研发投入年均增长11%，规模跃居世界第二位。,government_work_report,582,za,zh
"Gohgi cinbu gunghawj cingzsoq daj 52.2% daezsang daengz 57.5%.Mboujduenh nyoenx ok cwngzgoj cauhmoq hungnaek, lumjbaenz dap vunz mbin mbwn、haij laeg damqrau、liengswj doengsaenq、feihgih hungloet daengj.",科技进步贡献率由52.2%提高到57.5%。,government_work_report,583,za,zh
Aen vangjloz gauhsuz dezlu、hongsaeh seng'eiq gwnzvangj、senjdoengh ceihawj、gij ginghci caemhyungh daengj dazyinx aen bienqvaq byaijyiengq seiqgyaiq.,载人航天、深海探测、量子通信、大飞机等重大创新成果不断涌现，高铁网络、电子商务、移动支付、共享经济等引领世界潮流。,government_work_report,584,za,zh
"""Hulenzvangj ＋""gvangqlangh yungzhaeuj gak hangz gak nieb bae.",“互联网+”广泛融入各行各业。,government_work_report,585,za,zh
"Vunzlai cauhnieb、vunzlai cauhmoq hwngfat hoenghhwd, moix ngoenz bingzyaenz laeb giyez moq daj 5 cien lai hoh gyalai daengz 1 fanh 6 cien lai hoh.",大众创业、万众创新蓬勃发展，日均新设企业由5千多户增加到1万6千多户。,government_work_report,586,za,zh
"Gij rengz doidoengh moq hwnghwnj gig vaiq, cingqcaih gaijlaeb aen gapgyaq geksik ginghci demmaj、laegdaeuq gaijbienq gij fuengsik swnghcanj swnghhoz, bienqbaenz Cungguek cauhmoq hwngfat aen geiqhauh moq ndeu.",快速崛起的新动能，正在重塑经济增长格局、深刻改变生产生活方式，成为中国创新发展的新标志。,government_work_report,587,za,zh
"Haj bi daeuj, gaijgwz hailangh yamq ok yamqdin hungnaek.",五年来，改革开放迈出重大步伐。,government_work_report,588,za,zh
"Gaijgwz ndaej cienzmienh fatrengz、cungbyoengq lai diemj、doicaenh haeuj laeg bae, gij gaijgwz aen lingjyiz youqgaenj caeuq aen hothoh ceiq youqgaenj de ndaej cungbyoengq hwngfat baenaj.",改革全面发力、多点突破、纵深推进，重要领域和关键环节改革取得突破性进展。,government_work_report,589,za,zh
"Cinggemj gihgou cuengqroengz gienzlig、cuengq guenj giethab、coisawj fugsaeh bienq ndei daengj gaijgwz doidoengh cwngfuj ciznwngz fatseng cienjbienq laegdaeuq, gij rengzhoengh hawciengz caeuq gij naengzlig dajcauh ndaw biengz gya ak yienhda.",简政放权、放管结合、优化服务等改革推动政府职能发生深刻转变，市场活力和社会创造力明显增强。,government_work_report,590,za,zh
"Hwnqguh""it rangh it loh""cingzyauq yienhda, doiq rog gaicawx caeuq yungh swhbwnj guekrog gapgyaq bienq ndei、gveihmoz naengh onj baiz gonq seiqgyaiq.",“一带一路”建设成效显著，对外贸易和利用外资结构优化、规模稳居世界前列。,government_work_report,591,za,zh
"Haj bi daeuj, gij gwndaenj lwgminz laebdaeb gaijndei.",五年来，人民生活持续改善。,government_work_report,592,za,zh
"Duetgungz gunggeng ndaej onjmaenh hwngfat baenaj, gemjnoix gij vunz gungzhoj de 6800 lai fanh.",脱贫攻坚取得决定性进展，贫困人口减少6800多万，易地扶贫搬迁830万人，贫困发生率由10.2%下降到3.1%。,government_work_report,593,za,zh
"Senj dieg an'gya banggungz 830 fanh vunz, gij beijlwd vunzsoq bouxhoj ciemq cungjvunzsoq daj 10.2% doekdaemq daengz 3.1%.Gihminz souhaeuj moix bi bingzyaenz demmaj 7.4%、vaiq gvaq ginghci demmaj, cauxbaenz gwnz seiqgyaiq gyoengq vunz souhaeuj gaepgyang ceiq lai de.",居民收入年均增长7.4%、超过经济增速，形成世界上人口最多的中等收入群体。,government_work_report,594,za,zh
Gij vunzsoq baezsoq ok gyaiq bae youz daj 8300 fanh gyalai daengz 1 ik 3 cien lai fanh.,出境旅游人次由8300万增加到1亿3千多万。,government_work_report,595,za,zh
"9 ik lai vunz ndaej daengz ndawbiengz ciengxlaux baujyiemj, 13.5 ik vunz ndaej daengz gihbwnj ywbingh baujyiemj, san baenz le fan vangx ndawbiengz baujcang gwnz seiqgyaiq ceiq hung.",社会养老保险覆盖9亿多人，基本医疗保险覆盖13.5亿人，织就了世界上最大的社会保障网。,government_work_report,596,za,zh
Daihgaiq moix vunz bingzyaenz ndaej gyaeu dabdaengz 76.5 bi.,人均预期寿命达到76.7岁。,government_work_report,597,za,zh
"Dieg ranzdiengz gaijcauh ranzyouq 2600 lai fanh dauq, lajmbanj gaijcauh ranzvaih 1700 lai fanh hoh, baenz ik vunz vuenheij buen haeuj ranz moq.",棚户区住房改造2600多万套，农村危房改造1700多万户，上亿人喜迁新居。,government_work_report,598,za,zh
"Haj bi daeuj, yiengh swnghdai vanzging yaez de cugbouh bienq ndei.",五年来，生态环境状况逐步好转。,government_work_report,599,za,zh
"Ceiqdingh hengzguh sam aen""cib diuz"" fuengzceih daihheiq、raemx、doemnamh uqlah caemhcaiq aeundaej cingzyauq maenhsaed.",制定实施大气、水、土壤污染防治三个“十条”并取得扎实成效。,government_work_report,600,za,zh
"Danhvei ndawguek swnghcanj cungjciz siuyungh nwngzyenz、siuyungh raemx bingzyaenz doekdaemq 20% doxhwnj, gij huq cujyau uqlah de baizcuengq soqliengh lienzdaemh doekdaemq, gij ngoenzsoq uqlah youqgaenj cungdenj hawsingz de gemjnoix dingz ndeu, ndoengfaex gya gvangq 1.63 ik moux, diegdeih bienq diegsa moix bi bingzyaenz gemjnoix ca mbouj geij 2000 bingzfueng goengleix, yiengh uqlah bienq noix、dieg heu bienq lai hawj vunz sim'angq.",单位国内生产总值能耗、水耗均下降20%以上，主要污染物排放量持续下降，重点城市重污染天数减少一半，森林面积增加1.63亿亩，沙化土地面积年均缩减近2000平方公里，绿色发展呈现可喜局面。,government_work_report,601,za,zh
"Bi 2017 ngamqngamq gvaqbae neix, gij cujyau muzbyauh yinvu ginghci sevei hwngfat cienzmienh guhbaenz caemhcaiq ndei gvaq yawhgeiz.",刚刚过去的2017年，经济社会发展主要目标任务全面完成并好于预期。,government_work_report,602,za,zh
"Gij swnghcanj cungjciz ndawguek demmaj 6.9%, gij souhaeuj gihminz demmaj 7.3%, demmaj cungj loq vaiq gvaq bigonq; ndaw singz gij vunz saen couhnieb de 1351 fanh vunz, saetnieb beijlwd dwg lai bi daeuj ceiq daemq; gunghyez demmaj dauq raen gyavaiq, giyez leihyinh demmaj 21%; caizcwng souhaeuj demmaj 7.4%, niujcienj le aen seiqdaeuz demmaj bienq menh de; cingouj cuzgouj demmaj 14.2%, saedsaeh sawjyungh swhbwnj guekrog 1363 ik meijyenz、dwg gwnz lizsij ceiq sang.",国内生产总值增长6.9%，居民收入增长7.3%，增速均比上年有所加快；城镇新增就业1351万人，失业率为多年来最低；工业增速回升，企业利润增长21%；财政收入增长7.4%，扭转了增速放缓态势；进出口增长14.2%，实际使用外资1363亿美元、创历史新高。,government_work_report,603,za,zh
Ginghci hwngfat yienh'ok aen geizseiq ndei demmaj caeuq caetliengh、gapgyaq、yauqik doxbouj doxik.,经济发展呈现出增长与质量、结构、效益相得益彰的良好局面。,government_work_report,604,za,zh
"Neix dwg haj bi daeuj baenzroix cwngcwz hungnaek coi baenz, gak fuengmienh mboujduenh roengzrengz、baez di guh ndei cij ndaej daeuj.",这是五年来一系列重大政策效应累积，各方面不懈努力、久久为功的结果。,government_work_report,605,za,zh
"Haj bi gvaqbae neix aeundaej gij cingzcik cienzfueng'vih、miz haicauh singqcaet de, fatseng gij bienqvaq haeuj caengz laeg、daengz goekgaen haenx, caiq hawj seiqgyaiq cimyawj baez ndeu, daengx guek gak cuz yinzminz gyaboix roxnyinh sim'angq caeuq miznaj.",过去五年取得的全方位、开创性成就，发生的深层次、根本性变革，再次令世界瞩目，全国各族人民倍感振奋和自豪。,government_work_report,606,za,zh
"Haj bi daeuj, raeuz nyinhcaen gvancez gij gezcwz baijbouh aen Dangjcunghyangh aeu Siz Ginbingz dungzci guh gyangsim, cujyau guh le gij hongsaeh lajneix.",五年来，我们认真贯彻以习近平同志为核心的党中央决策部署，主要做了以下工作。,government_work_report,607,za,zh
"（It）Genhciz aen diuhgoek guhhong youq ndaw onjmaenh gouz baenaj, yunghrengz cauhmoq caeuq guhndei hungzgvanh diuzgung, ginghci yinhhengz baujciz youq ndaw duenh hableix、saedyienh onjdingh yiengq ndei.",（一）坚持稳中求进工作总基调，着力创新和完善宏观调控，经济运行保持在合理区间、实现稳中向好。,government_work_report,608,za,zh
"Geij bi neix, seiqgyaiq ginghci hoizfuk mbouj rengz, gozci ginhyungz hawciengz fwt hwnj fwt roengz, baujhu cujyi dauq hwng yienhda.",这些年，世界经济复苏乏力，国际金融市场跌宕起伏，保护主义明显抬头。,government_work_report,609,za,zh
"Ndaw ginghci hwngfat guek raeuz gij vwndiz gapgyaq cauhbaenz caeuq mauzdun caengz laeg de doedyienh, ginghci gyodroengz atlig laebdaeb gyadaih, genj neix genj haenx cungj hojguh.",我国经济发展中结构性问题和深层次矛盾凸显，经济下行压力持续加大，遇到不少两难多难抉择。,government_work_report,610,za,zh
"Naj doiq doengh gij cingzgvang neix, raeuz youq gwnz canloz mbouj gaenj mbouj muengz, genhciz mbouj bae guh yiengh gikcoi haenqrem lumj ""hai raemx hung dwk reihnaz"", cix dwg hab'wngq gaemdawz yiengh cingqciengz moq bae dazyinx ginghci hwngfat, cingjdaej suenqveh onj demmaj、coi gaijgwz、diuz gapgyaq、ik beksingq、fuengz fungyiemj, mboujduenh cauhmoq caeuq laebndei hungzgvanh diuzgung, laebdingh gij roennaemj caeuq fuengsik gihgenh diuzgung, gyagiengz dinghyiengq diuzgung、yawj seiz diuzgung、dawzcinj diuzgung.",面对这种局面，我们保持战略定力，坚持不搞“大水漫灌”式强刺激，而是适应把握引领经济发展新常态，统筹稳增长、促改革、调结构、惠民生、防风险，不断创新和完善宏观调控，确立区间调控的思路和方式，加强定向调控、相机调控、精准调控。,government_work_report,611,za,zh
"Mingzbeg giengzdiuh cijaeu ginghci yinhhengz youq ndaw duenh hableix, couhnieb ndaej demgya、souhaeuj ndaej demmaj、vanzging ndaej gaijndei, couh gyonjcomz cinglig bae coi gaijgwz、diuz gapgyaq、dem rengznyoengx.",明确强调只要经济运行在合理区间，就业增加、收入增长、环境改善，就集中精力促改革、调结构、添动力。,government_work_report,612,za,zh
"Yungh gij banhfap geiq ik dangqnaj youh ik gyaeraez, comzrengz doicaenh gaijgwz gij gapgyaq mbiengj gunghawj, habdoh gya'gvangq cungjdaej aeuyungh, doidoengh youq caengzmbaek engq sang youq ndaw bienqvaq guhdaengz gunghawj aeuyungh doxdaengh.",采取既利当前更惠长远的举措，着力推进供给侧结构性改革，适度扩大总需求，推动实现更高层次的供需动态平衡。,government_work_report,613,za,zh
"Ginggvaq gwnhoj roengzrengz, raeuz dingj gvaq le gij atlig ginghci gyodroengz、baexmienx le gaenjgip gyangq roengzdaeuj, baujciz ginghci demmaj ndaej haemq vaiq, coicaenh le gapgyaq bienq ndei, aen giekdaej ginghci ciengzgeiz byaij ndei mboujduenh gyamaenh caeuq hwngfat.",经过艰辛努力，我们顶住了经济下行压力、避免了“硬着陆”，保持了经济中高速增长，促进了结构优化，经济长期向好的基本面不断巩固和发展。,government_work_report,614,za,zh
Genhciz saedhengz aen caizcwng cwngcwz gaenxmaenx caeuq aen hobi cwngcwz onjdangq de.,坚持实施积极的财政政策和稳健的货币政策。,government_work_report,615,za,zh
"Mienhdoiq caizcwng soucei mauzdun haemq daih, ngeixnaemj""cuengq raemx ciengx bya""、gya ak rengzlaeng, guek raeuz sien daih fukdoh gemj gvaeh gyangq feiq gonq.",在财政收支矛盾较大情况下，着眼“放水养鱼”、增强后劲，我国率先大幅减税降费。,government_work_report,616,za,zh
"Faen bouhloh cienzmienh haiguh yingzyezsui gaij cwnghcizsui, gietsat duenh lizsij cwngsou yingzyezsui 66 bi, gyoebsuenq gemj gvaeh mauhgvaq 2 fanh ik maenz, caiq gya yungh gij guhfap gemj sou cungj cienzgvaeh giyez iq saeq、cingleix gak cungj soucienz daengj, itgungh gemjmbaeu diuzrap hawciengz cawjdaej 3 fanh lai ik maenz.",分步骤全面推开营改增，结束了66年的营业税征收历史，累计减税超过2万亿元，加上采取小微企业税收优惠、清理各种收费等措施，共减轻市场主体负担3万多亿元。,government_work_report,617,za,zh
"Gyagiengz guenjleix gij ngaenzcaiq deihfueng cwngfuj, saedhengz deihfueng cwngfuj vuenh ngaenzcaiq baenz caigen, gyangqdaemq rapdawz leihsik 1.2 fanh ik maenz.",加强地方政府债务管理，实施地方政府存量债务置换，降低利息负担1.2万亿元。,government_work_report,618,za,zh
"Diuzcingj aen gapgyaq caizcwng ceiok, yungh ndei gij cienzngaenz sanq youq gwnzbiengz, baujcang gihbwnj minzswngh caeuq cungdenj hanghmoeg.",调整财政支出结构，盘活沉淀资金，保障基本民生和重点项目。,government_work_report,619,za,zh
Aen beijlwd caizcwng ceiok lai gvaq souhaeuj itcig hanh youq baihndaw 3％.,财政赤字率一直控制在3%以内。,government_work_report,620,za,zh
"Hobi cwngcwz baujciz mbouj soeng mbouj gaenj, gvangjyi hobi M2 demmaj byaijyiengq roengzdaemq, aen soqliengh sindai caeuq sevei yungzswh demmaj habdoh.",货币政策保持稳健中性，广义货币M2增速呈下降趋势，信贷和社会融资规模适度增长。,government_work_report,621,za,zh
"Yungh gij cwngcwz miz cabied bae guh dinghyiengq gyangqdaemq aen beijlwd cienzbwh、cienhangh caiq daigvanj daengj, gyalai daemxcengj aen lingjyiz cungdenj caeuq hothoh mbangnyieg, daigvanj hawj giyez iq saeq demmaj vaiq gvaq gak hangh daigvanj bingzyaenz demmaj.",采取定向降准、专项再贷款等差别化政策，加强对重点领域和薄弱环节支持，小微企业贷款增速高于各项贷款平均增速。,government_work_report,622,za,zh
"Gaijgwz laebndei aen gihci guhbaenz hawj hawciengz dingh veiqlwd, baujciz yinzminzbi veiqlwd daihdaej onjdingh, cwkrom vaivei daj doek bienq hwnj.",改革完善汇率市场化形成机制，保持人民币汇率基本稳定，外汇储备转降为升。,government_work_report,623,za,zh
"Dojdangq wngdoiq""cienz noix""daengj ginhyungz hawciengz fwt hwnj fwt roengz, gveihfan aen cizsi ginhyungz hawciengz, fuengzre vaqgej gij fungyiemj ndaw lingjyiz cungdenj, souj maenh diuz daejsienq mbouj ok gij fungyiemj baenz roix, henhoh le guekgya ginghci ginhyungz ancienz.",妥善应对“钱荒”等金融市场异常波动，规范金融市场秩序，防范化解重点领域风险，守住了不发生系统性风险的底线，维护了国家经济金融安全。,government_work_report,624,za,zh
"（Ngeih）Genhciz aeu gaijgwz gij gapgyaq mbiengj gunghawj guh cawjsienq, comzrengz ganq hung gij rengz doidoengh moq, ginghci gapgyaq ndaej gyavaiq bienqndei swnggaep.",（二）坚持以供给侧结构性改革为主线，着力培育壮大新动能，经济结构加快优化升级。,government_work_report,625,za,zh
"Gaenjndaet baenghgauq gaijgwz bae buqgej gij nanzdaez ginghci hwngfat caeuq gapgyaq mbouj doxdaengh, yungh rengz hung bae hwngfat gij canjnieb ngamq hwng, gaijcauh daezswng aen canjnieb cienzdoengj, daezsang gij caetliengh caeuq yauqlwd aen dijhi gunghawj.",紧紧依靠改革破解经济发展和结构失衡难题，大力发展新兴产业，改造提升传统产业，提高供给体系质量和效率。,government_work_report,626,za,zh
"Maedsaed doicaenh""sam gemj it gyangq it bouj"".",扎实推进“三去一降一补”。,government_work_report,627,za,zh
"Haj bi daeuj, youq gwnz giekdaej raengcawz gij swnghcanj naengzlig doeklaeng de lumjbaenz suijniz、bingzbanj bohliz daengj, aeu gangdiet、meizdan daengj hangznieb guh cungdenj, roengz rengz hung bae siugemj gij swnghcanj naengzlig lwyawz de, cunghyangh caizcwng anbaiz 1000 ik maenz cienhangh dajciengj boujdiep bae daemxcengj, yungh bae anceiq faenliuz cizgungh.",五年来，在淘汰水泥、平板玻璃等落后产能基础上，以钢铁、煤炭等行业为重点加大去产能力度，中央财政安排1000亿元专项奖补资金予以支持，用于分流职工安置。,government_work_report,628,za,zh
"Doiq ok gangdiet swnghcanj naengzlig 1.7 ik dunh doxhwnj、meizdan swnghcanj naengzlig 8 ik dunh, anceiq faenliuz le 110 lai fanh cizgungh.",退出钢铁产能1.7亿吨以上、煤炭产能8亿吨，安置分流职工110多万人。,government_work_report,629,za,zh
"Yawj singz dingh geiq faenloih dazyinx, gij ranzyouq sanghbinj daenzcang hawsingz sam seiq sienq gemjnoix yienhda, aen seiqdaeuz ranzyouq hwnjgyaq aen hawsingz vunz caenx youq de ndaej daengz gaemhanh.",因城施策分类指导，三四线城市商品住宅去库存取得明显成效，热点城市房价涨势得到控制。,government_work_report,630,za,zh
"Gaenxmaenx onjdangq bae gemjnoix dawzcaiq, gaemhanh ngaenzcaiq soqliengh, demgya gujgenz yungzswh, aen beijlwd swhcanj aemq caiq gunghyez giyez lienzdaemh doekdaemq, aen beijlwd hungzgvanh diuzgung hwnjsang fukdoh sou gaenj yienhda、seiqdaeuz cungjdaej onjdingh.",积极稳妥去杠杆，控制债务规模，增加股权融资，工业企业资产负债率连续下降，宏观杠杆率涨幅明显收窄、总体趋于稳定。,government_work_report,631,za,zh
"Lai fap caez guh gyangq cingzbonj, gemjnoix cwngfujsing gihginh hanghmoeg 30％, siugemj doengh gij hanghmoeg soucienz nangqdaengz giyez youz cunghyangh cwngfuj ndalaeb haenx 60％doxhwnj, youq ndaw duenh he gyangqdaemq gij beijlaeh gyau""haj yiemj it gim"", doidoengh gyangqdaemq gij cingzbonj yungh nwngzyenz、yinh huq、densin daengj.",多措并举降成本，压减政府性基金项目30%，削减中央政府层面设立的涉企收费项目60%以上，阶段性降低“五险一金”缴费比例，推动降低用能、物流、电信等成本。,government_work_report,632,za,zh
Doedyienh cungdenj gya rengz bouj giz mbangnyieg de.,突出重点加大补短板力度。,government_work_report,633,za,zh
Gyavaiq hawj saen gaeuq rengz doidoengh hwngfat guh ciepswnj cienjvuenh.,加快新旧发展动能接续转换。,government_work_report,634,za,zh
"Haeujlaeg mbeguh""vangjdoxlienz ＋ ""hengzdoengh, saedhengz bauyungz siujsim gamguenj, doidoengh lailai bae yungh daihsoqgawq、yinzgeiqsuenq、vangjdoxlienz, canjnieb ngamq hwng hwngfat hoenghhwd, aen cienzdoengj canjnieb ndaej daj goekgaen bae gaijlaeb.",深入开展“互联网+”行动，实行包容审慎监管，推动大数据、云计算、物联网广泛应用，新兴产业蓬勃发展，传统产业深刻重塑。,government_work_report,635,za,zh
"Saedhengz""Cungguek Dajcauh 2025"", doidoengh hwnqguh aen gunghcwngz hungnaek lumjbaenz gyamaenh goekdaej gunghyez、cinwngz dajcauh、loegsaek dajcauh daengj, gij hangznieb dajcauh senhcin de hwngfat vaiqdangq.",实施“中国制造2025”，推进工业强基、智能制造、绿色制造等重大工程，先进制造业加快发展。,government_work_report,636,za,zh
"Fatbouh gij guhfap gaijgwz hwngfat hangznieb fugsaeh yienhdaih, gij ginghyingz yienghsik moq vunqsik moq hangznieb fugsaeh hwnghwnj fwdfwd, coicaenh le gak hangznieb yungzhab swnggaep.",出台现代服务业改革发展举措，服务新业态新模式异军突起，促进了各行业融合升级。,government_work_report,637,za,zh
"Haeujlaeg gaijgwz gij gapgyaq mbiengj gunghawj nungzyez, gij ginghyingz cawjdaej yiengh moq nyoenxok buek dem buek, hangz dajndaem habdoh gveihmoz ginghyingz de soj ciemq faenhliengh daj 30％ hwnj daengz 40％ doxhwnj.",深化农业供给侧结构性改革，新型经营主体大批涌现，种植业适度规模经营比重从30%提升到40%以上。,government_work_report,638,za,zh
"Yungh banhfap hawj doengh boux souhaeuj cungdaengj、souhaeuj haemq daemq de demlai souhaeuj, doidoengh yiengh siuyungh cienzdoengj de daez hwnj mbaek sang、yiengh siuyungh saen hwng de hwnghwnj foedfoed, gij soqngeg gwnz vangj gailingz moix bi bingzyaenz demmaj 30％ doxhwnj, aen cungjngeg siuhfeibinj gailingz ndawbiengz bingzyaenz moix bi demmaj 11.3％.",采取措施增加中低收入者收入，推动传统消费提档升级、新兴消费快速兴起，网上零售额年均增长30%以上，社会消费品零售总额年均增长11.3%。,government_work_report,639,za,zh
"Gaijndei aen gapgyaq douzswh, gikcoi ndawbiengz douzswh, fazveih gij cozyung doidoengh cwngfuj douzswh, dazyinx cienzngaenz lai douzhaeuj ndaw lingjyiz gyamaenh goekdaej、demgya rengzlaeng、ikleih lwgminz bae.",优化投资结构，鼓励民间投资，发挥政府投资撬动作用，引导更多资金投向强基础、增后劲、惠民生领域。,government_work_report,640,za,zh
"Gij roenloh gauhsuz dezlu doeng hojceh daj 9000 lai goengleix demgya daengz 2 fanh 5 cien lai goengleix、ciemq seiqgyaiq sam faenh cih ngeih, roenloh gauhsuz daj 9.6 fanh goengleix demgya daengz 13.6 fanh goengleix, ngamq guh ngamq gaij goengloh lajmbanj 127 fanh goengleix, saen hwnq minzhangz gihcangz 46 aen, gaenq haigoeng gij suijli gunghcwngz hungnaek de 122 hangh, guhbaenz lwnz moq gaijcauh denvangj lajmbanj, guhbaenz aen yizdung gvanhdaivangj gwnz seiqgyaiq ceiq hung.",高速铁路运营里程从9000多公里增加到2万5千公里、占世界三分之二，高速公路里程从9.6万公里增加到13.6万公里，新建改建农村公路127万公里，新建民航机场46个，开工重大水利工程122项，完成新一轮农村电网改造，建成全球最大的移动宽带网。,government_work_report,641,za,zh
"Haj bi daeuj, hwngfat rengz doidoengh moq hungcoek vaiqdangq, ginghci demmaj guhbaenz daj cujyau baengh douzswh、baengh cuzgouj daeuj ragdoengh, cienj haeuj baengh siuyungh、douzswh、cuzgouj caez daeuj ragdoengh, daj cujyau baengh canjnieb daihngeih daeuj daiqdoengh cienj haeuj baengh sam aen canjnieb doengzcaez daiqdoengh.",五年来，发展新动能迅速壮大，经济增长实现由主要依靠投资、出口拉动转向依靠消费、投资、出口协同拉动，由主要依靠第二产业带动转向依靠三次产业共同带动。,government_work_report,642,za,zh
Neix dwg baez gaenbonj gaijbienq gapgyaq hungnaek raeuz lai bi cungj muengh guhbaenz hoeng cix guh mbouj baenz ndeu.,这是我们多年想实现而没有实现的重大结构性变革。,government_work_report,643,za,zh
"Yaek doicaenh gaijgwz gij gapgyaq mbiengj gunghawj, bietdingh aeu buqcawz cungj gazngaih hawciengz gietdingh gij gyaqcienz yausu, gyangqdaemq gij cingzbonj gaicawx cidu daiqdaeuj.",推进供给侧结构性改革，必须破除要素市场化配置障碍，降低制度性交易成本。,government_work_report,644,za,zh
"Cimdoiq gij vwndiz yawjnaek saemjbae、yawjmbaeu gamguenj、noix gangj fugsaeh ciengzgeiz mizyouq haenx, raeuz lienzdaemh haeujlaeg gaijgwz""cuengqgienz、guenjleix、fugsaeh"", gyavaiq cienjbienq cwngfuj ciznwngz, gemjnoix veizgvanh guenjleix、cigsoh capfwngz, yawjnaek gyagiengz hungzgvanh diuzgung、hawciengz gamguenj caeuq goenggungh fugsaeh.",针对长期存在的重审批、轻监管、弱服务问题，我们持续深化“放管服”改革，加快转变政府职能，减少微观管理、直接干预，注重加强宏观调控、市场监管和公共服务。,government_work_report,645,za,zh
"Haj bi daeuj, gij saehhangh youz aen bouhmonz Gozvuyen guh hingzcwng saemjbae haenx gemjnoix 44％, gij saemjbae mbouj dwg hingzcwng cinjhawj haenx gaenq mbouj lw saek yiengh, gij hanghmoeg cunghyangh cwngfuj haedcinj giyez douzswh haenx gemjnoix 90％, gij saehhangh hingzcwng saemjbae cunghgai fugsaeh haenx gemjnoix 74％, cinjhawj caeuq nyinhdingh cizyez swhgwz gemjnoix haujlai.",五年来，国务院部门行政审批事项削减44%，非行政许可审批彻底终结，中央政府层面核准的企业投资项目减少90%，行政审批中介服务事项压减74%，职业资格许可和认定大幅减少。,government_work_report,646,za,zh
"Gij hanghmoeg youz cunghyangh cwngfuj dinghgyaq de gemjnoix 80％, gij hanghmoeg youz deihfueng cwngfuj dinghgyaq de gemjnoix 50％ doxhwnj.",中央政府定价项目缩减80%，地方政府定价项目缩减50%以上。,government_work_report,647,za,zh
"Cienzmienh gaijgwz gij cidu mizgven seng'eiq lumjbaenz gunghsangh daenghgeiq、cucwz swhbwnj daengj, haibanh giyez yungh seizgan sukdinj sam faenh cih it doxhwnj.",全面改革工商登记、注册资本等商事制度，企业开办时间缩短三分之一以上。,government_work_report,648,za,zh
"Cauhmoq caeuq gyagiengz gamguenj mwh guh saeh、saeh laeng, saedhengz""song yiengh seizbienh、aen goenghai ndeu"", seizbienh cou boux genjcaz caeuq boux deng genjcaz、gibseiz goenghai cazcawq gezgoj, daezsang le gamguenj yauqnaengz caeuq goengcingq.",创新和加强事中事后监管，实行“双随机、一公开”，随机抽取检查人员和检查对象、及时公开查处结果，提高了监管效能和公正性。,government_work_report,649,za,zh
"Doihengz""vangjdoxlienz＋cwngvu fugsaeh"", saedhengz doengh gij guhfap camh ndeu fugsaeh caez.",推行“互联网+政务服务”，实施一站式服务等举措。,government_work_report,650,za,zh
"Gij vanzging guh seng'eiq gaijndei yienhda, gij rengzhoengh hawciengz lai ak yienhda, cungqvunz banhsaeh lai ngaih yienhda.",营商环境持续改善，市场活力明显增强，群众办事更加便利。,government_work_report,651,za,zh
"（Sam）Genhciz aeu cauhmoq bae dazyinx hwngfat, comzrengz gikfat gij rengz cauhmoq ndawbiengz, gij naengzlig caeuq yauqlwd cingjdaej cauhmoq daezsang yienhda.",（三）坚持创新引领发展，着力激发社会创造力，整体创新能力和效率显著提高。,government_work_report,652,za,zh
"Saedhengz aen canloz aeu cauhmoq bae coidoengh hwngfat, coisawj cauhmoq swnghdai bienqndei bae, guhbaenz yiengh gapgyaq geksik cauhmoq miz lai aen cawjdaej boiqhab、seiq fueng bet baih doicaenh.",实施创新驱动发展战略，优化创新生态，形成多主体协同、全方位推进的创新局面。,government_work_report,653,za,zh
"Hawj gohyenz gihgou caeuq gauhyau gohyenz lai miz gienz gag guhcawj, gaijndei guenjleix gohyenz hanghmoeg caeuq ginghfei, gyalaeg gaijgwz guenjleix gij gienzik gohgi cwngzgoj.",扩大科研机构和高校科研自主权，改进科研项目和经费管理，深化科技成果权益管理改革。,government_work_report,654,za,zh
"Doicaenh sawq guh gaijgwz cienzmienh cauhmoq, daemxcengj Baekging、Sanghaij hwnqguh gohgi cauhmoq cungsim, saen laeb 14 giz dieg yienghndei guekgya gag guhcawj cauhmoq, youz doengh gij dieg neix daeuj daiqdoengh guhbaenz buek dieg cauhmoq maenhndei ndeu.",支持北京、上海建设科技创新中心，新设14个国家自主创新示范区，带动形成一批区域创新高地。,government_work_report,655,za,zh
"Aeu giyez guh cawjdaej gyagiengz hwnqguh aen dijhi cauhmoq gisuz, nyoenxok buek giyez yienghmoq nem damqra haifat gihgou yienghmoq miz naengzlig caeuq guek wnq beijak ndeu.",以企业为主体加强技术创新体系建设，涌现一批具有国际竞争力的创新型企业和新型研发机构。,government_work_report,656,za,zh
"Haeujlaeg bae haiguh vunzlai cauhnieb、vunzlai cauhmoq, saedhengz gij cwngcwz daemxcengj ndaej ndei doh de, laebndei aen dijhi gungganq giyez yienghmoq.",深入开展大众创业、万众创新，实施普惠性支持政策，完善孵化体系。,government_work_report,657,za,zh
"Gak loih hawciengz cawjdaej dabdaengz 9800 lai fanh hoh, haj bi daeuj demgya 70％ doxhwnj.",各类市场主体达到9800多万户，五年增加70%以上。,government_work_report,658,za,zh
"Ndawguek gij soqliengh fatmingz conhli mizyauq haenx demgya song boix, gij soqngeg gaicawx gisuz lai boix ndeu.",国内有效发明专利拥有量增加两倍，技术交易额翻了一番。,government_work_report,659,za,zh
"Gij gohgi cauhmoq guek raeuz daj gaenlaeng buet cienj coh lai aen lingjyiz bingzbaiz buet、lingxdaeuz buet, bienqbaenz gizdieg cauhmoq cauhnieb hoenghhwd daengx seiqgyaiq cungj cimyawj.",我国科技创新由跟跑为主转向更多领域并跑、领跑，成为全球瞩目的创新创业热土。,government_work_report,660,za,zh
"（Seiq）Genhciz cienzmienh gyalaeg gaijgwz, comzrengz buqcawz yiengh mbouj ndei ndaw dijci gihci, mboujduenh gya rengz doidoengh hwngfat.",（四）坚持全面深化改革，着力破除体制机制弊端，发展动力不断增强。,government_work_report,661,za,zh
"Gaijgwz giyez guekmiz、swhcanj guekmiz netsaed guh baenaj, gaijbaenz gunghswh bae daihdaej guhsat, gyan'gyoeb dauqcungz cujhab、gemjnoix caengzgaep、daez caet dem yauq ndaej daengz hwngfat yienhda.",国企国资改革扎实推进，公司制改革基本完成，兼并重组、压减层级、提质增效取得积极进展。,government_work_report,662,za,zh
"Gij yauqik giyez guekmiz cienjndei yienhda, bi'gvaq leihyinh demmaj 23.5%.",国有企业效益明显好转，去年利润增长23.5%。,government_work_report,663,za,zh
Gyalaeg gaijgwz nwngzyenz、dietloh、hangznieb gyu daengj.,深化能源、铁路、盐业等领域改革。,government_work_report,664,za,zh
Cuengqsoeng biujcinj hawj yiengh ginghci mbouj dwg gunghyoujci de haeuj hawciengz.,放宽非公有制经济市场准入。,government_work_report,665,za,zh
Laebhwnj aen cidu doengjit daenghgeiq gij caizcanj mbouj senjdoengh ndaej de.,建立不动产统一登记制度。,government_work_report,666,za,zh
Laebndei aen cidu baujhoh canjgienz.,完善产权保护制度。,government_work_report,667,za,zh
"Gaijgwz caizsui yamqok yamqdin hungnaek, cienzmienh doihengz goenghai caizcwng yawhsuenq gietsuenq, cauhlaeb aen geksik gapgyaq faenboiq souhaeuj cunghyangh caeuq deihfueng aeu caez faenyungh cienzgvaeh guh goek haenx, haiguh gaijgwz vehfaen gij caizcwng saehgienz caeuq ceiok cwzyin cunghyangh nem deihfueng, cunghyangh bingzciengz cienjok ceihawj deihfueng demgya fukdoh lai hung lai gvangq、gij hanghmoeg cienhangh cienjok ceihawj de gemjsiuj sam faenh cih ngeih.",财税改革取得重大进展，全面推行财政预决算公开，构建以共享税为主的中央和地方收入分配格局，启动中央与地方财政事权和支出责任划分改革，中央对地方一般性转移支付规模大幅增加、专项转移支付项目减少三分之二。,government_work_report,668,za,zh
"Daihdaej cuengqhai guenjhaed leihsik, laebhwnj gij cidu baujyiemj cunz ngaenz, doidoengh gij sanghyez ngaenzhangz hung rauh de ndalaeb aen swyezbu hawj doh ginhyungz ndeicawq, gyalaeg gaijgwz gij ginhyungz gihgou cwngcwz singqcaet、haifat singqcaet de, giengzvaq aen gihci boiqhab gamguenj ginhyungz.",基本放开利率管制，建立存款保险制度，推动大中型商业银行设立普惠金融事业部，深化政策性、开发性金融机构改革，强化金融监管协调机制。,government_work_report,669,za,zh
"Onjbouh doicaenh gyoebhab gaijgwz gyauyuz, laebndei aen gihci coicaenh singz mbanj yivu gyauyuz bingzyaenx hwngfat, gaijgwz gij cidu gaujsi ciuseng.",完善城乡义务教育均衡发展促进机制，改革考试招生制度。,government_work_report,670,za,zh
"Laebhwnj aen cidu doengzcaemh gihbwnj ciengxlaux、ywbingh baujyiemj gihminz singz mbanj, guhbaenz gij cidu ciengxlaux baujyiemj gihgvanh saehnieb danhvei caeuq giyez doxcaemh roenloh.",建立统一的城乡居民基本养老、医疗保险制度，实现机关事业单位和企业养老保险制度并轨。,government_work_report,671,za,zh
Fatbouh aen fueng'anq vehcienj bouhfaenh swhbwnj guekmiz boujcung sebauj gihginh.,出台划转部分国有资本充实社保基金方案。,government_work_report,672,za,zh
"Saedhengz lienzdoengh gaijgwz yihliuz、yihbauj、yihyoz, cienzmienh haiguh gyoebhab gaijgwz yihyen goenglaeb, siubae aen cwngcwz cienzyw demgya cienzcanh cingzsoq ciengzseiz saedhengz haenx, gaijgwz aen cidu saemjbae gijyw、gij gihgi ywbingh aeundaej cungbyoengq.",实施医疗、医保、医药联动改革，全面推开公立医院综合改革，取消长期实行的药品加成政策，药品医疗器械审批制度改革取得突破。,government_work_report,673,za,zh
"Doicaenh gaijgwz gij""sam gienz""faenlaeb diegbauguh lajmbanj、gij menciz doekdingh bouxgaem de mauhgvaq 80％, gaijgwz aen cidu soucuengq gij nungzcanjbinj ceiq youqgaenj de.",推进农村承包地“三权”分置改革、确权面积超过80%，改革重要农产品收储制度。,government_work_report,674,za,zh
"Laebndei gij cidu giz dieg cawjdaej gunghnwngz, laebhwnj aen cidu gaujbingz gij cikyauq caeuq gyaepcaz gij cwzyin swnghdai vwnzmingz, doihengz gij cidu bouxdaeuz guenj dah、bouxdaeuz guenj huz, youq aen vanzbauj gihgou swngjgaep doxroengz de sawq guh gij cidu cigsoh guenjleix.",完善主体功能区制度，建立生态文明绩效考评和责任追究制度，推行河长制、湖长制，开展省级以下环保机构垂直管理制度改革试点。,government_work_report,675,za,zh
"Gak aen lingjyiz gaijgwz ndaej haeujlaeg, doidoengh ginghci hwngfat ndaej lienzdaemh riengjvaiq.",各领域改革的深化，推动了经济社会持续健康发展。,government_work_report,676,za,zh
"（Haj）Genhciz diuz gihbwnj gozcwz doiq rog hailangh, comzrengz saedyienh gapguh caez leih, gij suijbingz yiengh ginghci hailangh de daezswng yienhda.",（五）坚持对外开放的基本国策，着力实现合作共赢，开放型经济水平显著提升。,government_work_report,677,za,zh
"Iudaeuz hemqguh caeuq doidoengh""it rangh it loh"", fathwnj cauhlaeb Yadouzhangz, laebhwnj Swhlu Gihginh, buek hanghmoeg hungnaek doxlienz doxdoeng、ginghmou gapguh ndeu doeksaed daengz dieg.",倡导和推动共建“一带一路”，发起创办亚投行，设立丝路基金，一批重大互联互通、经贸合作项目落地。,government_work_report,678,za,zh
"Ndalaeb Sanghaij daengj 11 giz dieg sawq guh swyouz gaicawx, buek cwngzgoj giz sawqguh gaijgwz ndeu doigvangq daengz daengx guek.",设立上海等11个自贸试验区，一批改革试点成果向全国推广。,government_work_report,679,za,zh
"Laebndei gij gihci rapdawz cuzgouj doiqgvaeh、gij soqliengh doiqgvaeh saen gya de cienzbouh youz cunghyangh caizcwng rapdawz, laebhwnj 13 giz gyoebhab sawqguh gwnzvangj hongsaeh seng'eiq hamj gyaiq, gozci gaicawx""aen cueng ndeu banh caez""mbedoh daengx guek, yinhhuq doenggvan seizgan bingzyaenz sukdinj dingz ndeu doxhwnj, cingouj cuzgouj guhbaenz dauq onj coh ndei.",改革出口退税负担机制、退税增量全部由中央财政负担，设立13个跨境电商综合试验区，国际贸易“单一窗口”覆盖全国，货物通关时间平均缩短一半以上，进出口实现回稳向好。,government_work_report,680,za,zh
"Canghseng'eiq guekrog douzswh daj cidu saemjbae cienjyiengq doenggvaq mbawdan gimq guh guenjleix, gij guhfap hanhhaed singqcaet de gemjnoix sam faenh cih ngeih.",外商投资由审批制转向负面清单管理，限制性措施削减三分之二。,government_work_report,681,za,zh
"Gij gapgyaq swhbwnj guekrog douzswh ndaej bienq ndei, gij canjnieb gisuz sang ciemqbeij daezsang boix ndeu.",外商投资结构优化，高技术产业占比提高一倍。,government_work_report,682,za,zh
"Gya rengz yinxhaeuj bouxcaixhangz, bouxcaixhangz rogguek daeuj guek raeuz guhhong demgya 40％.",加大引智力度，来华工作的外国专家增加40%。,government_work_report,683,za,zh
Dazyinx doiq rog douzswh cangqheiq hwngfat.,引导对外投资健康发展。,government_work_report,684,za,zh
"Doicaenh gozci canjnaengz gapguh, gauhdez、hwzden daengj byaij yiengq seiqgyaiq.",推进国际产能合作，高铁、核电等装备走向世界。,government_work_report,685,za,zh
Caiq ciemdingh caeuq swnggaep 8 aen yaengdingh swyouz gaicawx.,新签和升级8个自由贸易协定。,government_work_report,686,za,zh
"Doxriengz haidoeng Hu Gangj doxdoeng、Sinh Gangj doxdoeng、caigen doxdoeng, yinzminzbi gyahaeuj aenlamz hobi Gozci Hobi Gihginh Cujciz Daegbied Dizgvanjgenz bae, yinzminzbi bienqbaenz gwnz seiqgyaiq ndaej yungh byaijok yamqdin youqgaenj.",沪港通、深港通、债券通相继启动，人民币加入国际货币基金组织特别提款权货币篮子，人民币国际化迈出重要步伐。,government_work_report,687,za,zh
"Cungguek hailangh ndaej gya'gvangq, miz rengz bae coicaenh bonj guek hwngfat, daiq seizndei youqgaenj daeuj hawj seiqgyaiq.",中国开放的扩大，有力促进了自身发展，给世界带来重大机遇。,government_work_report,688,za,zh
"（Roek）Genhciz saedhengz aen canloz ranghdieg doxdaengh hwngfat caeuq cwngzcinva yienghmoq, comzrengz doidoengh doxdaengh hwngfat, gyavaiq majbaenz doengh giz gyawj guhdoih hwngfat、rangh dieg lienzbenq hwngfat.",（六）坚持实施区域协调发展和新型城镇化战略，着力推动平衡发展，新的增长极增长带加快成长。,government_work_report,689,za,zh
"Gaenxmaenx doicaenh Baekging Denhcinh Hozbwz guhdoih hwngfat、rangh dieg ginghci Cangzgyangh lienzbenq hwngfat, bienguh caephengz mizgven gveihva, hwnqguh buek cungdenj hanghmoeg ndeu.",积极推进京津冀协同发展、长江经济带发展，编制实施相关规划，建设一批重点项目。,government_work_report,690,za,zh
Fatbouh baenzroix banhfap gaijgwz cauhmoq coicaenh haifat Baihsae、saenqhwng Doengbaek、coisawj Cungqgyang hwnghwnj、Baihdoeng hwngfat gonq.,出台一系列促进西部开发、东北振兴、中部崛起、东部率先发展的改革创新举措。,government_work_report,691,za,zh
"Gya rengz bangfuz dieg doenghbaez guh gwzming、dieg minzcuz、dieg henz guek、dieg gungzhoj, lai roengzrengz guh gij hong daemxcengj Sihcang、Sinhgyangh、Cinghhaij.",加大对革命老区、民族地区、边疆地区、贫困地区扶持力度，加强援藏援疆援青工作。,government_work_report,692,za,zh
Baujhoh caeuq haifat haijyangz miz bouhloh guh baenaj.,海洋保护和开发有序推进。,government_work_report,693,za,zh
"Saedhengz aen gveihva hawsingz cungdenj gap gyoengq hwngfat, hawsingz hung rauh iq caeuq singz iq doxdaengh hwngfat.",实施重点城市群规划，促进大中小城市和小城镇协调发展。,government_work_report,694,za,zh
"Daih dingzlai hawsingz cuengqsoeng diuzgen hawj vunz haeuj singz an'gya, cienzmienh caephengz gij cidu mbawcingq youqdingh, hawsingz gihbwnj goenggungh fugsaeh gyuem daengz boux ciengzyouq de.",绝大多数城市放宽落户限制，居住证制度全面实施，城镇基本公共服务向常住人口覆盖。,government_work_report,695,za,zh
Rangh dieg singz mbanj hwngfat raen doxdaengh haujlai.,城乡区域发展协调性显著增强。,government_work_report,696,za,zh
"（Caet）Genhciz gij hwngfat swhsiengj aeu lwgminz guh cungsim, comzrengz baujcang caeuq gaijndei gij gwndaenj lwgminz, sawj cungqvunz roxnyinh cug ngoenz bienq ndei.",（七）坚持以人民为中心的发展思想，着力保障和改善民生，人民群众获得感不断增强。,government_work_report,697,za,zh
"Dangqnaj cienzngaenz gaenj lai, aeu lienzdaemh gyalai douzhaeuj minzswngh.",在财力紧张情况下，持续加大民生投入。,government_work_report,698,za,zh
"Cienzmienh doicaenh dawzcinj banggungz、dawzcinj duetgungz, laebndei yiengh gihci guhhong cunghyangh cingjdaej suenqveh、ndaw sengj rap cungjdaej cwzyin、si yienh dawzndei doeksaed, cunghyangh caizcwng haj bi douzhaeuj cienhangh cienzngaenz banggungz 2800 lai ik maenz.",全面推进精准扶贫、精准脱贫，健全中央统筹、省负总责、市县抓落实的工作机制，中央财政五年投入专项扶贫资金2800多亿元。,government_work_report,699,za,zh
"Saedhengz gij couhnieb cwngcwz gaenxmaenx de, gyoengq vunz cungdenj de ndaej baujcang couhnieb haemq ndei.",实施积极的就业政策，重点群体就业得到较好保障。,government_work_report,700,za,zh
"Genhciz sien hwngfat gyauyuz gonq, gij cienz caizcwng bued hawj gauj gyauyuz de ciemq ndawguek swnghcanj cungjciz lienzdaemh mauhgvaq 4％.",坚持教育优先发展，财政性教育经费占国内生产总值比例持续超过4%。,government_work_report,701,za,zh
"Gaijndei gij diuzgen banhhag doengh aen hagdangz yivu gyauyuz mbangnyieg lajmbanj, lai gya cienzhong fukleih hawj lauxsae lajmbanj, aen giva gaijndei yingzyangj sawj 3600 lai fanh boux hagseng lajmbanj souh'ik.",改善农村义务教育薄弱学校办学条件，提高乡村教师待遇，营养改善计划惠及3600多万农村学生。,government_work_report,702,za,zh
Cauhlaeb aen dayoz caeuq yozgoh miz seiqgyaiq suijbingz.,启动世界一流大学和一流学科建设。,government_work_report,703,za,zh
Aen gauhyau cungdenj de cienhangh ciusou gij vunzsoq hagseng lajmbanj caeuq giz dieg gungzhoj daj fanh vunz ndeu demgya daengz 10 fanh vunz.,重点高校专项招收农村和贫困地区学生人数由1万人增加到10万人。,government_work_report,704,za,zh
"Doiq gak loih yozyau doengh boux hagseng ranz hoj de gya rengz bangcoengh, miz 4.3 ik vunzbaez ndaej ndeicawq.",加大对各类学校家庭困难学生资助力度，4.3亿人次受益。,government_work_report,705,za,zh
Doengh boux nienzgeij hab guhhong de bingzyaenz souh gyauyuz nienzhanh daezsang daengz 10.5 bi.,劳动年龄人口平均受教育年限提高到10.5年。,government_work_report,706,za,zh
"Aen biucinj caizcwng bangbouj gihminz gihbwnj yihbauj moix vunz bingzyaenz daj 240 maenz daezsang daengz 450 maenz, daihdaej laebhwnj le aen cidu bingh hung baujyiemj, gaenq miz 1700 lai fanh vunzbaez souh'ik, gij cienz youq dieg wnq yihyen yawj bingh yw bingh, ndaej cigsoh gietsuenq, faengaep yawj bingh yw bingh caeuq cauhlaeb yihliuz lenzhozdij ndaej gyavaiq guh baenaj.",居民基本医保人均财政补助标准由240元提高到450元，大病保险制度基本建立、已有1700多万人次受益，异地就医住院费用实现直接结算，分级诊疗和医联体建设加快推进。,government_work_report,707,za,zh
Lienzdaemh hableix daezsang gihbwnj yangjlaujginh hawj doengh boux duiyouh de.,持续合理提高退休人员基本养老金。,government_work_report,708,za,zh
"Daezsang aen biucinj dihbauj、youhfuj daengj, laebndei aen cidu ndawbiengz gouqbang, gij gihbwnj gwndaenj doengh boux gwn dihbauj caeuq ranz hojndoq de ca mbouj lai miz 6000 fanh vunz ndaej daengz baujcang.",提高低保、优抚等标准，完善社会救助制度，近6000万低保人员和特困群众基本生活得到保障。,government_work_report,709,za,zh
"Cimdoiq doengh boux gungzhoj caeuq ndangcanz youqgaenj laebhwnj aen cidu""song hangh boujdiep"", 2100 lai fanh vunz ndaej ndeicawq.",建立困难和重度残疾人“两项补贴”制度，惠及2100多万人。,government_work_report,710,za,zh
Hengzguh aen cwngcwz cienzbouh ndaej seng song lwgnyez.,实施全面两孩政策。,government_work_report,711,za,zh
"Lai roengzrengz youq caengzgiek guh goenggungh vwnzva fugsaeh, gyavaiq hwngfat gij saehnieb vwnzva, aen canjnieb vwnzva moix bi bingzyaenz demmaj 13％ doxhwnj.",加快发展文化事业，文化产业年均增长13%以上。,government_work_report,712,za,zh
"Daengxcungq lwgminz lienh ndang ndaej mbeguh gvangqlangh, doengh boux ak lienh dijyuz de gamj bae cauh ok cingzcik maenhndei.",全民健身广泛开展，体育健儿勇创佳绩。,government_work_report,713,za,zh
"（Bet）Genhciz bouxvunz caeuq swhyienz doxhuz hwngfat, comzrengz ceihleix vanzging uqlah, gij hong cauhlaeb swnghdai vwnzmingz cingzyauq yienhda.",（八）坚持人与自然和谐发展，着力治理环境污染，生态文明建设取得明显成效。,government_work_report,714,za,zh
"Laebhwnj cungj leixniemh raemx saw bya heu couh dwg byagim bya'ngaenz, yungh gij gietsim caeuq goengrengz doenghbaez caengz miz gvaq de gyagiengz baujhoh swnghdai vanzging.",树立绿水青山就是金山银山理念，以前所未有的决心和力度加强生态环境保护。,government_work_report,715,za,zh
"Haenqrengz cingjceih dienheiq uqlah, naed faenx iqiq（PM2.5）giz dieg cungdenj de bingzyaenz noengzdoh doekdaemq 30％ doxhwnj.",重拳整治大气污染，重点地区细颗粒物（PM2.5）平均浓度下降30%以上。,government_work_report,716,za,zh
"Gyagiengz ceihleix meiz sanq, doicaenh hangznieb cungdenj mbaetyungh nwngzyenz gemjnoix baizcuengq, 71％ meizden gihcuj guhbaenz baizcuengq gig noix.",加强散煤治理，推进重点行业节能减排，71%的煤电机组实现超低排放。,government_work_report,717,za,zh
"Gaijndei aen gapgyaq nwngzyenz, siuyungh meizdan soj ciemq faenhliengh doekroengz 8.1 aen bakfaendiemj, siuyungh nwngzyenz cingseuq soj ciemq faenhliengh daezsang 6.3 aen bakfaendiemj.",优化能源结构，煤炭消费比重下降8.1个百分点，清洁能源消费比重提高6.3个百分点。,government_work_report,718,za,zh
"Daezsang gij binjcaet youzcoemh, raengcawz gij ci biu henj gij ci gaeuqgat de 2000 lai fanh gyaq.",提高燃油品质，淘汰黄标车和老旧车2000多万辆。,government_work_report,719,za,zh
"Gyagiengz fuengzceih gij raemx uqlah ranghdieg benq haij cungdenj de, gij soqliengh sawjyungh vafeiz nungzyoz guh daengz mbouj caiq demmaj.",加强重点流域海域水污染防治，化肥农药使用量实现零增长。,government_work_report,720,za,zh
"Doicaenh aen gunghcwngz hungmbwk baujhoh caeuq coihfuk swnghdai, gya'gvangq doiq geng ndaem faex ndaem nywj hoizfuk diegdingh diegcumx, gyagiengz gyoebhab ceihleix dieg bienq sa bienq fwz、dieg loh ok rinbya、raemx namh riuzsaet.",推进重大生态保护和修复工程，扩大退耕还林还草还湿，加强荒漠化、石漠化、水土流失综合治理。,government_work_report,721,za,zh
"Haiguh cunghyangh dukcaz vanzbauj, yiemzsuk cazcawq gij anqgienh famhfap.",开展中央环保督察，严肃查处违法案件。,government_work_report,722,za,zh
"Gaenxmaenx doidoengh《Bahliz Hezding》 ciemcih seng'yauq, guek raeuz youq wngqdoiq cienz seiqgyaiq dienheiq bienqvaq fuengmienh fazveih le cozyung youqgaenj.",积极推动《巴黎协定》签署生效，我国在应对全球气候变化中发挥了重要作用。,government_work_report,723,za,zh
"（Gouj）Genhciz ciuqfap cienzmienh hengzguh gij ciznwngz cwngfuj, comzrengz gyagiengz caeuq cauhmoq ceihleix ndawbiengz, ndawbiengz baujciz huzndei onjdingh.",（九）坚持依法全面履行政府职能，着力加强和创新社会治理，社会保持和谐稳定。,government_work_report,724,za,zh
"Daezcingj Daengx Guek Yinzda Cangzveijvei ceiqdingh coihdingh faplwd 95 bouh, ceiqdingh coihdingh hingzcwng fapgvi 195 bouh, coihgaij feiqcawz baenz daihbuek bouhmonz gvicieng.",提请全国人大常委会制定修订法律95部，制定修订行政法规195部，修改废止一大批部门规章。,government_work_report,725,za,zh
Sengj、si、yienh cwngfuj bouhmonz ceiqdingh goengbouh le mbaw cingdan gienzlig cwzyin.,省、市、县政府部门制定公布权责清单。,government_work_report,726,za,zh
"Haiguh Gozvuyen daih dukcaz caeuq cienhangh dukcaz, daih haenh boux gaenx guh、cingzyauq yienhda de caemhcaiq yungh cwngcwz bae gikcoi, yiemzsuk gyaepdawz gij cwzyin guh mbouj baenz de.",开展国务院大督查和专项督查，对积极作为、成效突出的给予表彰和政策激励，对不作为的严肃问责。,government_work_report,727,za,zh
Cauhmoq ceihleix caengzgiek singz mbanj.,创新城乡基层治理。,government_work_report,728,za,zh
Laebndei aen cidu hongsaeh sinfangj.,完善信访工作制度。,government_work_report,729,za,zh
Gya'gvangq aen gvaengh faplwd daemxcengj.,扩大法律援助范围。,government_work_report,730,za,zh
"Coicaenh gaijgwz hwngfat aen lingjyiz ancienz swnghcanj, aen cungjsoq saehhux caeuq aen soq saehhux hungnaek、daegbied hungnaek de lienzdaemh doekdaemq.",促进安全生产领域改革发展，事故总量和重特大事故数量持续下降。,government_work_report,731,za,zh
"Gaijgwz laebndei gamguenj gijgwn gijyw ancienz, gyagiengz daengx aen bouhloh guenjhaed fungyiemj.",改革完善食品药品监管，强化风险全程管控。,government_work_report,732,za,zh
"Gyagiengz gij hongsaeh fuengzcai gemjcai gouqcai lumjbaenz deihdoengh、raemxrongz caihaih hungnaek daengj, laebndei aen gihci wngqgip faengaep fucwz、dox boiqhab ndei, cingzdoh ceiq daih gemjnoix gij sonjsaet deng cai.",加强地震、特大洪灾等防灾减灾救灾工作，健全分级负责、相互协同的应急机制，最大程度降低了灾害损失。,government_work_report,733,za,zh
Gyagiengz guekgya ancienz.,加强国家安全。,government_work_report,734,za,zh
"Laebndei aen dijhi fuengzre gaemhanh cianh ndawbiengz, ciuqfap dwkceih gak cungj famhfap famhcoih, mizrengz henhoh le goenggungh ancienz.",健全社会治安防控体系，依法打击各类违法犯罪，有力维护了公共安全。,government_work_report,735,za,zh
"Gvancez doeksaed aen baijbouh Dangjcunghyangh cienzmienh coengzyiemz ceih Dangj, gyagiengz cauhlaeb dangjfungh lenzcwng caeuq fanj nduknaeuh doucwngh.",贯彻落实党中央全面从严治党部署，加强党风廉政建设和反腐败斗争。,government_work_report,736,za,zh
"Haeujlaeg haiguh gij hozdung aeu diuz lohsienq cungqvunz aen Dangj daeuj guh gyauyuz caeuq sizcen、haiguh""sam yiemz sam saed""ciendaez gyauyuz、haiguh""song hag it guh""hagsib gyauyuz, nyinhcaen doeksaed gij cingsaenz bet hangh gvidingh Dangjcunghyangh, dingjnanz genhciz niujcingq""seiq cungj rumzmbeuj"", dawzyiemz caephengz aen""iek fap sam cieng""Gozvuyen.",深入开展党的群众路线教育实践活动、“三严三实”专题教育、“两学一做”学习教育，认真落实党中央八项规定精神，持之以恒纠正“四风”，严格执行国务院“约法三章”。,government_work_report,737,za,zh
"Yiemzhaenq gaemhanh saen hwnq gij louz、dangz、gvanj、soj cwngfuj cienyungh caeuq caizcwng ciengx vunz cungjvunzsoq, daih fukdoh gemjnoix ginghfei""sam goeng"".",严控新建政府性楼堂馆所和财政供养人员总量，“三公”经费大幅压减。,government_work_report,738,za,zh
Gyagiengz gamcaz hingzcwng caeuq gamduk saemjgeiq.,加强行政监察和审计监督。,government_work_report,739,za,zh
"Genhgez cazcawq caeuq niujcingq gij hingzveiz famhfap famh gvidingh, yiemzhaenq fadceih doengh boux nduknaeuh, aen seiqdaeuz lanzdangj mbouj ndaej fanj nduknaeuh gaenq ndaej guhbaenz caemhcaiq gyamaenh hwngfat.",坚决查处和纠正违法违规行为，严厉惩处腐败分子，反腐败斗争压倒性态势已经形成并巩固发展。,government_work_report,740,za,zh
Gak boux daibyauj!,各位代表！,government_work_report,741,za,zh
"Haj bi gvaqbae neix, gij hong minzcuz、cunghgyau、gyauzvu daengj cauhmoq doi baenaj.",过去五年，民族、宗教、侨务等工作创新推进。,government_work_report,742,za,zh
"Daemxcengj giz dieg minzcuz gyavaiq hwngfat, aen saehnieb minzcuz doxgiet cinbu aeundaej hwngfat baenaj riengjvaiq.",支持民族地区加快发展，民族团结进步事业取得长足进展。,government_work_report,743,za,zh
Gaenxmaenx dazyinx cunghgyau caeuq aenbiengz sevei cujyi dox hab'wngq.,积极引导宗教与社会主义社会相适应。,government_work_report,744,za,zh
Doengh boux gyauzbauh rogguek caeuq gveihgyauz gyauzgen youq ndaw yendaiva gensez guh ok le gunghawj daegbied.,海外侨胞和归侨侨眷在国家现代化建设中作出了独特贡献。,government_work_report,745,za,zh
"Haj bi gvaqbae neix, baengh Dangjcunghyangh、Cunghyangh Ginhveij lingjdauj, bingdoih hwnghwnj bienq ak youh haicauh ok yienghmoq.",过去五年，在党中央、中央军委领导下，强军兴军开创新局面。,government_work_report,746,za,zh
"Ceiqdingh aen canloz fuengcim bingsaeh laj hingzseiq moq, ciuhai Gujdenz Cenzginh Cwngci Gunghcoz Veiyi, haeujlaeg doicaenh aeu cwngci dajcauh bingdoih、aeu gaijgwz hawj bingdoih bienq ak、baengh gohgi saenqhwng bingdoih、ciuqfap ceihleix bingdoih, hawj aen bingdoih lwgminz raeuz saedyienh gaijlaeb gij yiengh seng fat cwngci、gaijlaeb gij yiengh cujciz、gaijlaeb dijhi ligliengh、gaijlaeb cozfungh yienghsiengq.",制定新形势下军事战略方针，召开古田全军政治工作会议，深入推进政治建军、改革强军、科技兴军、依法治军，人民军队实现政治生态重塑、组织形态重塑、力量体系重塑、作风形象重塑。,government_work_report,747,za,zh
"Mizyauq caephengz gij yinvu hungmbwk bingsaeh, lumjbaenz gwnz haij hen gienz、fanj gungj hen onj、ciengjyiemj gouqcai、gozci henhoh huzbingz、Yadinghvanh hen ruz、yinzdau cujyi gouqcoengh daengj.",有效遂行海上维权、反恐维稳、抢险救灾、国际维和、亚丁湾护航、人道主义救援等重大任务。,government_work_report,748,za,zh
Gak fueng boiqhab daihdaej guhbaenz aen yinvu gemj gij bing dinghngeg de 30 fanh.,各方配合基本完成裁减军队员额30万任务。,government_work_report,749,za,zh
"Aen yendaiva suijbingz cangboiq bingsaeh daezswng yienhda, bing minz yungzhab cingzdoh haeujlaeg.Bingdoih caeuq cwngfuj、bingdoih caeuq lwgminz gaenjmaed doxgiet.",军事装备现代化水平显著提升，军民融合深度发展。,government_work_report,750,za,zh
"Gij yienghsiengq bingdoih moqyat, youq gwnz roen hawj bingdoih bienq ak miz gij daegsaek Cungguek yamq ok yamqdin onjsaed.",人民军队面貌焕然一新，在中国特色强军之路上迈出坚实步伐。,government_work_report,751,za,zh
"Haj bi gvaqbae neix, gij hongsaeh Gangj Au Daiz caiq ndaej doicaenh baenaj.",过去五年，港澳台工作取得新进展。,government_work_report,752,za,zh
"Caensaed hengzguh""aen guekgya ndeu song cungj cidu""ndaej mboujduenh gyalai caeuq hwngfat, gij gienzvi Fapgoek caeuq Gihbwnjfaz youq Gangj Au Daiz caiq yienhloh okdaeuj, Diegndaw caeuq Gangj Au Daiz gyaulouz gapguh ndaej doi haeuj laeg bae, diuz giuz Gangj Cuh Au Da'gyauz cienz sienq lienzdoeng, Yanghgangj Aumwnz baujciz mwnhoengh onjdingh.",“一国两制”实践不断丰富和发展，宪法和基本法权威在港澳进一步彰显，内地与港澳交流合作深入推进，港珠澳大桥全线贯通，香港、澳门保持繁荣稳定。,government_work_report,753,za,zh
"Genhciz gij yenzcwz aen Cungguek dog caeuq""gij nyinhrox doxdoengz 92 nienz"", gyagiengz song hamq youq ginghci vwnzva fuengmienh gyaulouz gapguh, guhbaenz bouxdaeuz song hamq baez doxraen miz cungj eiqngeih lizsij.",坚持一个中国原则和“九二共识”，加强两岸经济文化交流合作，实现两岸领导人历史性会晤。,government_work_report,754,za,zh
"Genhgez fanjdoiq caeuq naenxroengz gij seiqlig faenmbek""Daizvanh doglaeb"", mizrengz henhoh Daizhaij doxhuz onjdingh.",坚决反对和遏制“台独”分裂势力，有力维护了台海和平稳定。,government_work_report,755,za,zh
"Haj bi gvaqbae neix, yiengh vaigyauh guekhung miz gij daegsaek Cungguek de cienzmienh doi baenaj.",过去五年，中国特色大国外交全面推进。,government_work_report,756,za,zh
"Haibanh baenz gij vaigyauh cawjciengz hung, lumjbaenz Baez Gauhfungh Lundanz Gozci Gapguh""It Rangh It Loh""Gaiq Daih'it、Baez Hoih Mbouj Cingqsik Bouxdaeuz Yadai Ginghci Gapguh Cujciz、Baez Hoih Hangzcouh Funghvei Bouxdaeuz Ngeihcib Guek Cizdonz、Bouxdaeuz Aen Guekgya Gimcien Yamwnz Doxraen daengj.",成功举办首届“一带一路”国际合作高峰论坛、亚太经济合作组织领导人非正式会议、二十国集团领导人杭州峰会、金砖国家领导人厦门会晤等重大主场外交。,government_work_report,757,za,zh
"Siz Ginbingz cujsiz daengj boux lingjdaujyinz guek raeuz okbae fangjvwn lai aen guekgya, camgya gij hozdung hungnaek de, lumjbaenz baenzroix funghvei Lenzhozgoz、Dienheiq Bienqvaq Daihhoih、Seiqgyaiq Ginghci Lundanz、baenzroix hoih bouxdaeuz Dunghya gapguh daengj, yiengh baijbouh vaigyauh gak fueng'vih ndaej mbeguh haeujlaeg bae.",习近平主席等国家领导人出访多国，出席联合国系列峰会、气候变化大会、世界经济论坛、东亚合作领导人系列会议等重大活动，全方位外交布局深入展开。,government_work_report,758,za,zh
"Lingxdaeuz hemqguh gaqlaeb aen cingjdaej minghyinh caezcaemh vunzloih, vih aen dijhi daengx seiqgyaiq hengzguh ceihleix ndaej daengz gaijbienq gunghawj gij dungxcaiz Cungguek engq lai.",倡导构建人类命运共同体，为全球治理体系变革贡献更多中国智慧。,government_work_report,759,za,zh
Yiengh vaigyauh ginghci、cungj gyaulouz yinzvwnz de gig miz cingzyauq.,经济外交、人文交流卓有成效。,government_work_report,760,za,zh
Giendingh henhoh aen cawjgienz guekgya caeuq gij gienzik haijyangz.,坚定维护国家主权和海洋权益。,government_work_report,761,za,zh
"Cungguek dangguh aen guekhung raphwnj cwzyin ndeu, youq mwh gaijgez gij vwndiz gozci caeuq digih cungj gig gvansim haenx fazveih cungj cozyung gaenxmaenx coicaenh youqgaenj, vih seiqgyaiq huzndei caeuq hwngfat youh caiq guh ok gunghawj hungmbwk.",中国作为负责任大国，在解决国际和地区热点问题上发挥了重要建设性作用，为世界和平与发展作出新的重大贡献。,government_work_report,762,za,zh
"Ngeuxyawj haj bi gvaqbae neix, haujlai mauzdun doxgeuj doxdab, gak cungj fungyiemj caeuq deuqnyex daemh giujdin daeujdaengz, youq ndawguek rogguek, haujlai cingzgvang dwg gaijgwz hailangh doxdaeuj lij caengz bungzdaengz gvaq, gij cingzcik gaijgwz hwngfat guek raeuz saedcaih ndaej daeuj mbouj yungzheih.",回顾过去五年，诸多矛盾交织叠加，各种风险挑战接踵而至，国内外很多情况是改革开放以来没有碰到过的，我国改革发展成就实属来之不易。,government_work_report,763,za,zh
"Neix dwg aen Dangjcunghyangh aeu Siz Ginbingz dungzci guh gyangsim haenx giengiengz lingjdauj ndaej daeuj, dwg Aen Swhsiengj Sevei Cujyi Miz Gij Daegsaek Cungguek Seizdaih Moq Siz Ginbingz gohyoz ceijyinx ndaej daeuj, dwg daengx Dangj daengx ginh daengx guek gak cuz yinzminz doxgiet haenqrengz buekguh ndaej daeuj.",这是以习近平同志为核心的党中央坚强领导的结果，是习近平新时代中国特色社会主义思想科学指引的结果，是全党全军全国各族人民团结奋斗的结果。,government_work_report,764,za,zh
"Gou daibyauj Gozvuyen, caensim docih daengx guek gak cuz yinzminz, caensim docih gak minzcuj dangjbai、gak yinzminz donzdij caeuq boux mizmingz gak gyaiq!",我代表国务院，向全国各族人民，向各民主党派、各人民团体和各界人士，表示诚挚感谢！,government_work_report,765,za,zh
Caensim docih gyoengq beixnuengx Yanghgangj Daegbied Hingzcwnggih、gyoengq beixnuengx Aumwnz Daegbied Hingzcwnggih、gyoengq beixnuengx Daizvanh caeuq gyoengq beixnuengx youq rogguek!,向香港特别行政区同胞、澳门特别行政区同胞、台湾同胞和海外侨胞，表示诚挚感谢！,government_work_report,766,za,zh
Caensim docih gak guek cwngfuj、gozci cujciz caeuq gak guek baengzyoux gvansim caeuq daemxcengj Cungguek cauhlaeb yendaiva saehnieb!,向关心和支持中国现代化建设的各国政府、国际组织和各国朋友，表示诚挚感谢！,government_work_report,767,za,zh
"Mwh an'onj mbouj lumz yungyiemj, seiz hwnghoengh mbouj lumz haemzhoj.",安不忘危，兴不忘忧。,government_work_report,768,za,zh
"Raeuz singjsag dwk rox daengz, guek raeuz vanzlij cawqyouq caemhcaiq yaek ciengzgeiz cawqyouq duenh cogaep sevei cujyi, vanzlij dwg aen guekgya ceiq hung cingqcaih hwngfat gwnz seiqgyaiq, mbangjdi vwndiz doedyienh cauhbaenz hwngfat mbouj doxdaengh mbouj cungfaen lij caengz gaijgez.",我们清醒认识到，我国仍处于并将长期处于社会主义初级阶段，仍是世界最大发展中国家，发展不平衡不充分的一些突出问题尚未解决。,government_work_report,769,za,zh
"Gij rengz baihndaw doidoengh ginghci demmaj lij mbouj cukgaeuq, gij naengzlig cauhmoq lij mbouj gaeuq ak, hwngfat caetliengh caeuq yauqik mbouj gaeuq ndei, miz mbangj giyez daegbied dwg giyez rauh iq ginghyingz hojnanz, ndawbiengz douzswh demmaj naiqnyieg, mbangj giz deihfueng ginghci gyodroengz atlig haemq daih, gij huxndumj fungyiemj ndaw lingjyiz ginhyungz daengj mbouj ndaej yawjlawq.",经济增长内生动力还不够足，创新能力还不够强，发展质量和效益不够高，一些企业特别是中小企业经营困难，民间投资增势疲弱，部分地区经济下行压力较大，金融等领域风险隐患不容忽视。,government_work_report,770,za,zh
"Aen yinvu gunggeng duetgungz gannanz naekcaem, aen giekdaej nungzyez lajmbanj vanzlij mbangnyieg, ranghdieg singz mbanj hwngfat caeuq souhaeuj faenboiq ciuqgaeuq lij cengca haemq daih.",脱贫攻坚任务艰巨，农业基础仍然薄弱，城乡区域发展和收入分配差距依然较大。,government_work_report,771,za,zh
Youq ndaw ancienz swnghcanj seiz mbouj seiz ok gij saehhux hungnaek caeuq daegbied hungnaek.,重特大安全生产事故时有发生。,government_work_report,772,za,zh
"Youq hoengheiq caetliengh、vanzging veiswngh、gijgwn gijyw ancienz caeuq ranzyouq、gyauyuz、yihliuz、couhnieb、ciengxlaux daengj fuengmienh, miz haujlai giz vunzlai lij mbouj hab'eiq.",在空气质量、环境卫生、食品药品安全和住房、教育、医疗、就业、养老等方面，群众还有不少不满意的地方。,government_work_report,773,za,zh
Cwngfuj ciznwngz cienjbienq mbouj daengz vih.,政府职能转变还不到位。,government_work_report,774,za,zh
"Hong cwngfuj guh ndaej mbouj gaeuq, miz di guhfap caeuq cwngcwz gaijgwz doeksaed mbouj rengz, gij eiqsik fugsaeh caeuq gij eiqsik fapceih mbangjdi ganbu mbouj giengz, cozfungh guhhong mbouj saed、cingsaenz dangrap mbouj gaeuq, miz cingzdoh mbouj doengz hingzsiz cujyi、gvanhliuz cujyi.",政府工作存在不足，有些改革举措和政策落实不力，一些干部服务意识和法治意识不强、工作作风不实、担当精神不够，形式主义、官僚主义不同程度存在。,government_work_report,775,za,zh
Vunzlai caeuq giyez doiq banhsaeh nanz、luenh soucienz lij miz yigen.,群众和企业对办事难、乱收费意见较多。,government_work_report,776,za,zh
Mbangj aen lingjyiz fatseng rumzheiq mbouj cingq caeuq nduknaeuh vwndiz lai.,一些领域不正之风和腐败问题仍然多发。,government_work_report,777,za,zh
"Raeuz itdingh aeu yungh cungj cingsaenz doiq guekgya caeuq lwgminz gig fucwz, yungh gij damjliengh mbouj lau gannanz、gij eiqceiq genqnyangq giendingh, caenhsim caenhrengz guhndei hongsaeh, sawj yinzminz cwngfuj doiq ndaej hwnj diuz rapnaek lwgminz dak hawj!",我们一定要以对国家和人民高度负责的精神，以不畏艰难的勇气、坚忍不拔的意志，尽心竭力做好工作，使人民政府不负人民重托！,government_work_report,778,za,zh
Ngeih、Gij Cungjdaej Iugouz Caeuq Cwngcwz Cohyiengq Ginghci Sevei Hwngfat 2018 Nienz,二、2018年经济社会发展总体要求和政策取向,government_work_report,779,za,zh
"Bineix dwg bi haidaeuz cienzmienh gvancez gij cingsaenz Cibgouj Daih aen Dangj, dwg gaijgwz hailangh 40 hopbi, dwg bi ceiq youqgaenj ciep gonq hai laeng hingz ndaej cienzmienh hwnqbaenz aenbiengz siujgangh、saedhengz""Cibsam Haj""Gveihva.",今年是全面贯彻党的十九大精神的开局之年，是改革开放40周年，是决胜全面建成小康社会、实施“十三五”规划承上启下的关键一年。,government_work_report,780,za,zh
"Yaek guhndei hongsaeh cwngfuj, aeu miz aen Dangjcunghyangh aeu Siz Ginbingz dungzci guh gyangsim giengiengz lingjdauj, aeu Majgwzswh Lezningz Cujyi、Mauz Cwzdungh Swhsiengj、Dwng Siujbingz Lijlun、""Sam Aen Daibyauj"" Cung'yau Swhsiengj、Gohyoz Fazcanjgvanh、Aen Swhsiengj Sevei Cujyi Miz Gij Daegsaek Cungguek Seizdaih Moq Siz Ginbingz daeuj ceijyinx, cienzmienh haeujlaeg gvancez gij cingsaenz Cibgouj Daih aen Dangj caeuq Cibgouj Gaiq Ngeih Cung、Sam Cung Cienzhoih, gvancez gij gihbwnj lijlun、gihbwnj lohsienq、gihbwnj fanghloz aen Dangj, genhciz caeuq gyagiengz aen Dangj cienzmienh lingjdauj, genhciz aen diuhgoek guhhong youq ndaw onjmaenh gouz baenaj, genhciz hwngfat leixniemh moq, gaenjndaet hopheux gij sevei cujyau mauzdun bienqvaq guek raeuz, ciuq gij iugouz caetliengh sang bae hwngfat, cingjdaej suenqveh doicaenh aen cungjdaej baijbouh""haj yiengh gyoeb baenz cingjdaej""caeuq doxdaengh doicaenh aen canloz baijbouh""seiq aen cienzmienh"", genhciz aeu gaijgwz gij gapgyaq mbiengj gunghawj guh cawjsienq, cingjdaej suenqveh doicaenh doengh yiengh hong onj demmaj、coi gaijgwz、diuz gapgyaq、ik minzswngh、fuengz fungyiemj, haenqrengz doicaenh gaijgwz hailangh, cauhmoq caeuq laebndei hungzgvanh diuzgung, doidoengh coengz goekgaen bae gaijbienq caetliengh、yauqlwd、rengznyoengx, daegbied youq aen fuengmienh gungroengz vwndiz hojnanz lumjbaenz fuengzre vaqgej fungyiemj hungnaek、dawzcinj duetgungz、fuengzceih uqlah cungj yaek aeundaej baenaj maenhsaed, dazyinx caeuq onjdingh yawhgeiz, gyagiengz caeuq gaijndei gij gwndaenj lwgminz, coicaenh ginghci sevei hwngfat ndaej lienzdaemh cangqheiq.",做好政府工作，要在以习近平同志为核心的党中央坚强领导下，以马克思列宁主义、毛泽东思想、邓小平理论、“三个代表”重要思想、科学发展观、习近平新时代中国特色社会主义思想为指导，全面深入贯彻党的十九大和十九届二中、三中全会精神，贯彻党的基本理论、基本路线、基本方略，坚持和加强党的全面领导，坚持稳中求进工作总基调，坚持新发展理念，紧扣我国社会主要矛盾变化，按照高质量发展的要求，统筹推进“五位一体”总体布局和协调推进“四个全面”战略布局，坚持以供给侧结构性改革为主线，统筹推进稳增长、促改革、调结构、惠民生、防风险各项工作，大力推进改革开放，创新和完善宏观调控，推动质量变革、效率变革、动力变革，特别在打好防范化解重大风险、精准脱贫、污染防治的攻坚战方面取得扎实进展，引导和稳定预期，加强和改善民生，促进经济社会持续健康发展。,government_work_report,781,za,zh
"Gyoebhab faensik gij hingzseiq ndawguek rogguek, guek raeuz hwngfat bungzdaengz seizgei ndei caemh miz deuqnyex.",综合分析国内外形势，我国发展面临的机遇和挑战并存。,government_work_report,782,za,zh
"Seiqgyaiq ginghci miz muengh fukhwng, hoeng gij yinhsu mbouj onjdingh mbouj doekdingh de gig lai, cujyau ginghcidij diuzcingj cwngcwz daiq lienz gij yauqwngq roenx ok rog de daiq daeuj saehcingz nanz liuh, baujhu cujyi gyahaenq, cungj cwngci fungyiemj aenvih guekgya diegyouq cauhbaenz haenx swnghwnj.",世界经济有望继续复苏，但不稳定不确定因素很多，主要经济体政策调整及其外溢效应带来变数，保护主义加剧，地缘政治风险上升。,government_work_report,783,za,zh
"Ginghci guek raeuz cingq cawqyouq mboengq gunggvan cienjbienq fuengsik hwngfat、gaijndei ginghci gapgyaq、cienjvuenh rengznyoengx demmaj, lij aeu benz haujlai ndoi、gvaq haujlai gumzgamx, yaek wngqdoiq gij fungyiemj caeuq deuqnyex liuh ndaej daengz nem nanz liuh ndaej daengz de.",我国经济正处在转变发展方式、优化经济结构、转换增长动力的攻关期，还有很多坡要爬、坎要过，需要应对可以预料和难以预料的风险挑战。,government_work_report,784,za,zh
"Saedguh biujmingz, gij cingzcik hwngfat Cungguek coengzlaiz cungj dwg gung roengz nanzgvan cij aeu ndaej.",实践表明，中国的发展成就从来都是在攻坚克难中取得的。,government_work_report,785,za,zh
"Seizneix aen giekdaej vuzciz gisuz guek raeuz engqgya nanoek, canjnieb dijhi caezcup、hawciengz hungloet、swhyenz rengzvunz lairaeuh、cauhnieb cauhmoq hoenghhwd, gij youhsi gyoebhab de yienhda, miz naengzlig miz diuzgen saedyienh cungj hwngfat caetliengh engq sang、engq miz yauqlwd、engqgya goengbingz、engq ndaej lienzdaemh roengzbae haenx.",当前我国物质技术基础更加雄厚，产业体系完备、市场规模巨大、人力资源丰富、创业创新活跃，综合优势明显，有能力有条件实现更高质量、更有效率、更加公平、更可持续的发展。,government_work_report,786,za,zh
"Gij muzbyauh yawhgeiz ceiq youqgaenj bineix hwngfat dwg: Ndawguek swnghcanj cungjciz demmaj 6.5％baedauq; gij gyaqcienz siuyungh gihminz hwnjsang fukdoh 3％baedauq; hawsingz lai gya couhnieb 1100 fanh vunz doxhwnj, hawsingz diucaz saetnieb beijlwd 5.5％ doxdauq, hawsingz daenghgeiq saetnieb beijlwd 4.5％doxdauq; gihminz souhaeuj demmaj caeuq ginghci demmaj daihdaej doxdoengz; cingouj cuzgouj byaij onj coh ndei, gozci soucei daihdaej doxdaengh; danhvei ndawguek swnghcanj cungjciz siuyungh nwngzyenz doekdaemq 3％ doxhwnj, gij uqlah youqgaenj haenx baizcuengq soqliengh laebdaeb doekdaemq; gaijgwz gij gapgyaq mbiengj gunghawj ndaej yamq ok yamq youqgaenj, hungzgvanh gangganj beijlwd baujciz daihdaej onjdingh, miz bouhloh youh mizyauq fuengzre gaemhanh gak loih fungyiemj.",今年发展主要预期目标是：国内生产总值增长6.5%左右；居民消费价格涨幅3%左右；城镇新增就业1100万人以上，城镇调查失业率5.5%以内，城镇登记失业率4.5%以内；居民收入增长和经济增长基本同步；进出口稳中向好，国际收支基本平衡；单位国内生产总值能耗下降3%以上，主要污染物排放量继续下降；供给侧结构性改革取得实质性进展，宏观杠杆率保持基本稳定，各类风险有序有效防控。,government_work_report,787,za,zh
"Gij muzbyauh yawhgeiz ceiq youqgaenj gwnzneix gangj, naemj daengz le cungj aeuyungh guh caez gij yinvu cienzmienh hwnqbaenz aenbiengz siujgangh, hab gij saedceiq ginghci guek raeuz gaenq daj mboengq demmaj riengjvaiq cienjyiengq mboengq hwngfat caetliengh sang.",上述主要预期目标，考虑了决胜全面建成小康社会需要，符合我国经济已由高速增长阶段转向高质量发展阶段实际。,government_work_report,788,za,zh
"Daj ginghci giekdaej caeuq gij naengzlig ciepsou couhnieb daeuj yawj, demmaj vaiqmenh miz 6.5％baedauq couh ndaej saedyienh couhnieb haemq cungfaen.",从经济基本面和就业吸纳能力看，6.5%左右的增速可以实现比较充分的就业。,government_work_report,789,za,zh
"Hawsingz diucaz saetnieb beijlwd baudaengz nungzminzgungh daengj gij vunz ciengzseiz youq hawsingz de, bineix baez daih'it dawz aen cijbyauh neix dangguh muzbyauh yawhgeiz, yawhbienh engq cienzmienh fanjyingj couhnieb cingzgvang, engq ndei daejyienh aen iugouz caez gwn gij mak hwngfat.",城镇调查失业率涵盖农民工等城镇常住人口，今年首次把这一指标作为预期目标，以更全面反映就业状况，更好体现共享发展要求。,government_work_report,790,za,zh
"Bineix aeu laebdaeb cauhmoq caeuq laebndei hungzgvanh diuzgung, dawz ndei hungzgvanh diuzgung faenconq, baujciz hungzgvanh cwngcwz ndaej lienzdaemh onjdingh, gyagiengz hawj doengh hangh cwngcwz caizcwng、hobi、canjnieb、ranghdieg daengj hezdiuz boiqhab ndei.",今年要继续创新和完善宏观调控，把握好宏观调控的度，保持宏观政策连续性稳定性，加强财政、货币、产业、区域等政策协调配合。,government_work_report,791,za,zh
"Baujciz aen caizcwng cwngcwz gaenxmaenx de mbouj bienq, aeu comz rengz dem yauq.",积极的财政政策取向不变，要聚力增效。,government_work_report,792,za,zh
"Bineix aen beijlwd caizcwng ceiok lai gvaq souhaeuj dajsuenq ciuq 2.6％ anbaiz, beij bi'gvaq yawhsuenq daemq 0.4 aen bakfaendiemj; caizcwng ceiok lai gvaq souhaeuj 2.38 fanh ik maenz, ndawde cunghyangh caizcwng ceiok lai gvaq souhaeuj 1.55 fanh ik maenz, deihfueng caizcwng ceiok lai gvaq souhaeuj 8300 ik maenz.",今年赤字率拟按2.6%安排，比去年预算低0.4个百分点；财政赤字2.38万亿元，其中中央财政赤字1.55万亿元，地方财政赤字8300亿元。,government_work_report,793,za,zh
"Diuzdaemq aen beijlwd caizcwng ceiok lai gvaq souhaeuj, cujyau dwg guek raeuz ginghci byaij onj coh ndei、caizcwng demsou miz giekdaej, hix louz miz cwngcwz hoenggan engq lai hawj guh hungzgvanh diuzgung.",调低赤字率，主要是我国经济稳中向好、财政增收有基础，也为宏观调控留下更多政策空间。,government_work_report,794,za,zh
"Bineix daengx guek caizcwng ceiok 21 fanh ik maenz, aen gvaengh ceiok caiq miz gya'gvangq.",今年全国财政支出21万亿元，支出规模进一步加大。,government_work_report,795,za,zh
"Cunghyangh bingzciengz cienjok ceihawj deihfueng demmaj 10.9％, demgiengz gij caizlig deihfueng daegbied dwg gij caizlig Cungqgyang Baihsae.",中央对地方一般性转移支付增长10.9%，增强地方特别是中西部地区财力。,government_work_report,796,za,zh
"Gaijndei gij gapgyaq caizcwng ceiok, coisawj caizcwng ceiok hawj goenggungh lai、souh'ik doh, gya rengz daemxcengj guh ndei sam daih hongsaeh ceiq hoj guh haenx, engq lai ngeng coh doengh aen lingjyiz cauhmoq nyoengxdoengh、lajmbanj nungzyez nungzminz、minzswngh daengj.",优化财政支出结构，提高财政支出的公共性、普惠性，加大对三大攻坚战的支持，更多向创新驱动、“三农”、民生等领域倾斜。,government_work_report,797,za,zh
"Dangqnaj caizcwng souhaeuj cienj ndei, gak gaep cwngfuj vanzlij aeu genhciz haed saivaq gvaq saedceij, yiemzsouj gaenxgiemh、gaiqcawz wenj rog, dawzyiemz gaemhanh bingzciengz ceiok, dawz gij cienzngaenz dijbauj de yungh youq demgiengz rengzlaeng hwngfat、ndaw siet soengq danq hawj mingzswngh engq lai .",当前财政状况出现好转，各级政府仍要坚持过紧日子，执守简朴、力戒浮华，严控一般性支出，把宝贵的资金更多用于为发展增添后劲、为民生雪中送炭。,government_work_report,798,za,zh
"Gij hobi cwngcwz onjdangq de baujciz mbouj soeng mbouj gaenj, aeu soeng gaenj habdoh.",稳健的货币政策保持中性，要松紧适度。,government_work_report,799,za,zh
"Guenj ndei aen doucab gunghawj hobi, baujciz gvangjyi hobi M2、sindai caeuq sevei yungzswh gveihmoz hableix demmaj, henhoh gij riuzdoengh onjdingh hableix de, daezsang cigsoh yungzswh daegbied dwg gujgenz yungzswh soj ciemq faenhliengh.",管好货币供给总闸门，保持广义货币M2、信贷和社会融资规模合理增长，维护流动性合理稳定，提高直接融资特别是股权融资比重。,government_work_report,800,za,zh
"Deudoeng diuzroen cienzyinx hobi cwngcwz, yungh ndei gij cwngcwz cienzbwh miz cabied、sindai miz mbouj doengz de daengj, dazyinx cienzngaenz douzhaeuj giyez iq saeq、nungzyez nungzminz lajmbanj caeuq dieg gungzhoj bae engq lai, engq ndei bae fugsaeh saeddaej ginghci.",疏通货币政策传导渠道，用好差别化准备金、差异化信贷等政策，引导资金更多投向小微企业、“三农”和贫困地区，更好服务实体经济。,government_work_report,801,za,zh
"Yaek guh ndei gij hongsaeh bineix, aeu nyinhcaen gvancez Aen Ginghci Swhsiengj Sevei Cujyi Miz Gij Daegsaek Cungguek Seizdaih Moq Siz Ginbingz, genhciz aen diuhgoek guhhong youq ndaw onjmaenh gouz baenaj, dawz onjmaenh caeuq baenaj dangguh aen cingjdaej ndeu daeuj gaemdawz, yawjnaek geij diemj lajneix.",做好今年工作，要认真贯彻习近平新时代中国特色社会主义经济思想，坚持稳中求进工作总基调，把稳和进作为一个整体来把握，注重以下几点。,government_work_report,802,za,zh
It dwg roengz rengz hung bae doidoengh hwngfat caetliengh sang.,一是大力推动高质量发展。,government_work_report,803,za,zh
Hwngfat dwg gij giekdaej caeuq giz ceiq youqgaenj gaijgez sojmiz vwndiz guek raeuz.,发展是解决我国一切问题的基础和关键。,government_work_report,804,za,zh
"Aeu lai comzrengz gaijgez gij vwndiz hwngfat mbouj bingzyaenx mbouj cungfaen de, hopheux cauhlaeb yendaiva ginghci dijhi, genhciz caetliengh daih'it、yauqik ciemqgonq, coicaenh ginghci gapgyaq bienqndei swnggaep.",要着力解决发展不平衡不充分问题，围绕建设现代化经济体系，坚持质量第一、效益优先，促进经济结构优化升级。,government_work_report,805,za,zh
"Aeu aeueiq ginghci gvilwd, gyae'gyawj giethab, saedbauj ginghci yinhhengz youq ndaw duenh hableix, saedyienh ginghci bingzonj demmaj caeuq caetliengh yauqik daezsang dox coicaenh.",要尊重经济规律，远近结合，确保经济运行在合理区间，实现经济平稳增长和质量效益提高互促共进。,government_work_report,806,za,zh
Ngeih dwg gya rengz gaijgwz hailangh.,二是加大改革开放力度。,government_work_report,807,za,zh
"Gaijgwz hailangh dwg gij banhfap ceiq youqgaenj gietdingh diuzmingh Cungguek ciuhneix, hix dwg gij banhfap youqgaenj saedyienh aen muzbyauh haenqguh""song aen bak bi"".",改革开放是决定当代中国命运的关键一招，也是实现“两个一百年”奋斗目标的关键一招。,government_work_report,808,za,zh
"Youq gwnz diemj lizsij hwnjdin moq, aeu caiq gejcuengq swhsiengj, caiq gyalaeg gaijgwz, caiq gya'gvangq hailangh.",在新的历史起点上，思想要再解放，改革要再深化，开放要再扩大。,government_work_report,809,za,zh
"Aeu fazveih gij cingsaenz baeznduj dajcauh lwgminz, gikcoi gak dieg daj saedsaeh hwnjdin, gamj roemx gamj sawq, gamj bungq saeh ndongj, mboujduenh doinyoengx gaijgwz hailangh baenaj.",充分发挥人民首创精神，鼓励各地从实际出发，敢闯敢试，敢于碰硬，把改革开放不断向前推进。,government_work_report,810,za,zh
Sam dwg dawz ndei sam daih hongsaeh ceiq hoj guh satlaeng hingz ndaej cienzmienh hwnqbaenz aenbiengz siujgangh.,三是抓好决胜全面建成小康社会三大攻坚战。,government_work_report,811,za,zh
"Aeu faenbied daezok gij roennaemj guhhong caeuq gij fuengfap hengzguh de, baizok mbaw biuj seizgan、mbaw doz roenloh、yienghlawz sien guh, saedbauj gij huxndumj fungyiemj ndaej daengz gaemhanh mizyauq, saedbauj gij yinvu gunggeng duetgungz ndaej guhbaenz caez, saedbauj swnghdai vanzging caetliengh cungjdaej ndaej gaijndei.",要分别提出工作思路和具体举措，排出时间表、路线图、优先序，确保风险隐患得到有效控制，确保脱贫攻坚任务全面完成，确保生态环境质量总体改善。,government_work_report,812,za,zh
"Sojmiz gij hong raeuz guh, cungj dwg vihliux lwgminz.",我们所做的一切工作，都是为了人民。,government_work_report,813,za,zh
"Aeu genhciz gij hwngfat swhsiengj aeu lwgminz guh cungsim, daj gihbwnj guekcingz guek raeuz bae naemj, caenhrengz bae guh, aenq rengz bae guh, dawz gij saeh cungqvunz ceiq fanzsim ceiq gvansim haenx baez gienh baez gienh gaijgez ndei, coicaenh sevei goengbingz cingqngeih caeuq bouxvunz ndaej cienzmienh hwngfat, sawj gij gwndaenj lwgminz buenxriengz guekgya ndaej hwngfat bi ndei gvaq bi.",要坚持以人民为中心的发展思想，从我国基本国情出发，尽力而为、量力而行，把群众最关切最烦心的事一件一件解决好，促进社会公平正义和人的全面发展，使人民生活随着国家发展一年比一年更好。,government_work_report,814,za,zh
Sam、 Gij Genyi Guh Ndei Hongsaeh Cwngfuj 2018 Nienz,三、对2018年政府工作的建议,government_work_report,815,za,zh
"Gij yinvu ginghci sevei hwngfat bineix naek dangqmaz.Aeu gaem ndaet gij seizndei gwnz lizsij nanz bungz daihbaj saehcingz cigndaej guh haenx, cingjdaej suenqveh giemgoq、doedyienh cungdenj, netsaed bae guh ndei gak hangh hong.",今年经济社会发展任务十分繁重。要紧紧抓住大有可为的历史机遇期，统筹兼顾、突出重点，扎实做好各项工作。,government_work_report,816,za,zh
（It）Haeujlaeg bae doicaenh gaijgwz gij gapgyaq mbiengj gunghawj.,（一）深入推进供给侧结构性改革。,government_work_report,817,za,zh
"Genhciz dawz giz yunghrengz hwngfat ginghci coq youq saeddaej ginghci fuengmienh, laebdaeb guh ndei""sam gemj it gyangq it bouj"", roengz rengz hung genj cwng gemj gvaeh gemj feiq, mboujduenh coisawj gij vanzging guh seng'eiq bienq ndei, caiq gikfat gij rengzhoengh hawciengz cawjdaej, daezsang gij caetliengh hwngfat ginghci.",坚持把发展经济着力点放在实体经济上，继续抓好“三去一降一补”，大力简政减税减费，不断优化营商环境，进一步激发市场主体活力，提升经济发展质量。,government_work_report,818,za,zh
Hwngfat guh hung rengz doidoengh moq.,发展壮大新动能。,government_work_report,819,za,zh
"Guh hung guh ak gij canjnieb comz gyoengq ngamq hwnghwnj, hengzguh gij hengzdoengh hwngfat daihsoqgawq, gya rengz damqra haifat wngqyungh gij yinzgungh cinwngz daih moq, youq yihliuz、ciengxlaux、gyauyuz、vwnzva、dijyuz daengj lai aen lingjyiz lai guh""vangjdoxlienz ＋"".",做大做强新兴产业集群，实施大数据发展行动，加强新一代人工智能研发应用，在医疗、养老、教育、文化、体育等多领域推进“互联网+”。,government_work_report,820,za,zh
Gyavaiq hwngfat hangznieb fugsaeh seizneix.,发展智能产业，拓展智能生活。,government_work_report,821,za,zh
"Hwngfat cinwngz canjnieb, hai'gvangq cinwngz swnghhoz.Yungh gisuz moq、yienghnieb moq、vunqsik moq, roengz rengz hung bae gaijcauh swnggaep gij canjnieb cienzdoengj.",运用新技术、新业态、新模式，大力改造提升传统产业。,government_work_report,822,za,zh
Gya rengz doengjgeiq gij canjnieb ngamq hwng.,加强新兴产业统计。,government_work_report,823,za,zh
"Gya rengz daezsang vangjloz suzdu gemjnoix soucienz, saedyienh gij gvanhdai suzdu vaiq de cwgoemq singz mbanj caez, gya'gvangq gvaengh dieg goenggungh hwnjvangj mbouj soucienz, yienhda gyangqdaemq gij cienz gyadingz、giyez sawjyungh gvanhdai caeuq ciensienq, siubae gij cienzyungh""manyouz""liuzlieng , gij cienzyungh liuzlieng yizdung vangjloz ndaw bi neix ceiq noix gyangqdaemq 30％, hawj cungqvunz caeuq giyez caensaed souh'ik, bang hwnqguh aen cihsoq Cungguek、vangjloz guekak coengh rengz.",加大网络提速降费力度，实现高速宽带城乡全覆盖，扩大公共场所免费上网范围，明显降低家庭宽带、企业宽带和专线使用费，取消流量“漫游”费，移动网络流量资费年内至少降低30%，让群众和企业切实受益，为数字中国建设加油助力。,government_work_report,824,za,zh
Gyavaiq cauhlaeb aen guek ak dajcauh.,加快制造强国建设。,government_work_report,825,za,zh
"Doidoengh canjnieb hwngfat, lumjbaenz cizcwngz denlu、yizdung doengsaenq daih daihhaj、fazdunggih feihgih、giceh nwngzyenz moq、caizliuh moq daengj, hengzguh aen gunghcwngz cienhangh cangboiq hothoh mbangnyieg youqgaenj, hwngfat aen bingzdaiz gunghyez vangjdoxlienz, cauhlaeb giz dieg yienghndei""Cungguek Dajcauh 2025"".",推动集成电路、第五代移动通信、飞机发动机、新能源汽车、新材料等产业发展，实施重大短板装备专项工程，发展工业互联网平台，创建“中国制造2025”示范区。,government_work_report,826,za,zh
"Daihliengh gemjnoix mbaw cingq cinjhawj gunghyez swnghcanj, gyagiengz gamguenj canjbinj caetliengh.",大幅压减工业生产许可证，强化产品质量监管。,government_work_report,827,za,zh
"Cienzmienh mbeguh aen hengzdoengh daezswng caetliengh, doicaenh caeuq gij senhcin suijbingz gozci doiqciuq biucinj dabdaengz biucinj, fatyiengz gij cingsaenz boux yienghndei gaenxguh caeuq gij cingsaenz lauxcangh, cauhlaeb aen doih guhhong miz dungxcaiz、dinfwngz raeh、ak cauhmoq, guh ciengz binjcaet gwzming Cungguek dajcauh.",全面开展质量提升行动，推进与国际先进水平对标达标，弘扬工匠精神，来一场中国制造的品质革命。,government_work_report,828,za,zh
Laebdaeb buqcawz gij gunghawj fouzyauq de.,继续破除无效供给。,government_work_report,829,za,zh
"Genhciz yungh gij soujduenh hawciengz fapceih, dawzyiemz caephengz gij fapgvi biucinj vanzbauj、caetliengh、ancienz daengj, vaqgej gij swnghcanj naengzlig laiyawz、raengcawz gij swnghcanj naengzlig doeklaeng de.",坚持用市场化法治化手段，严格执行环保、质量、安全等法规标准，化解过剩产能、淘汰落后产能。,government_work_report,830,za,zh
"Bineix caiq gemjnoix gangdiet swnghcanj naengzlig 3000 fanh dunh baedauq, doiqok meizdan swnghcanj naengzlig 1.5 ik dunh baedauq, raengcawz gven dingz gij meizden gihcuj 30 fanh cienvaj doxroengz mbouj hab biucinj de.",今年再压减钢铁产能3000万吨左右，退出煤炭产能1.5亿吨左右，淘汰关停不达标的30万千瓦以下煤电机组。,government_work_report,831,za,zh
"Gya rengz buqcanj cingsuenq caeuq dauqcungz cingjhab ""aen giyez daigyaengj"", anceiq ndei cizgungh caeuq cawqleix ndei dawzcaiq.",加大“僵尸企业”破产清算和重整力度，做好职工安置和债务处置。,government_work_report,832,za,zh
Gemjnoix gij gunghawj fouzyauq de aeu guh ok cingzyauq moq daeuj.,减少无效供给要抓出新成效。,government_work_report,833,za,zh
"Gyalaeg bae gaijgwz""cuengqgienz guenjleix fugsaeh"".",深化“放管服”改革。,government_work_report,834,za,zh
Cienzmienh hengzguh gij cidu mbawdan gimq guh cinjhaeuj hawciengz daengx guek doengjit.,全面实施市场准入负面清单制度。,government_work_report,835,za,zh
"Youq daengx guek haiguh gij gaijgwz""cwnggen cizcau faenliz"", cungdenj dwg miz cizcau le gemj yungh cwnggen, gak loih cwnggen ndaej gemj caenhliengh gemj、ndaej doxhab couh doxhab, caiq atsuk seizgan haibanh giyez.",在全国推开“证照分离”改革，重点是照后减证，各类证能减尽减、能合则合，进一步压缩企业开办时间。,government_work_report,836,za,zh
Daih fukdoh sukgemj aen cougeiz cucwz sanghbyauh.ij seizgan saemjbae gunghcwngz hanghmoeg de caiq gemjnoix dingz ndeu.,大幅缩短商标注册周期。,government_work_report,837,za,zh
"Cienzmienh hengzguh yiengh gamguenj""song seizbienh coucaz、it goenghai"", baenzlawz cungj mbouj hawj gyaj、mauh、rwix、yaez fatmaj baihraih, baenzlawz cungj mbouj hawj bouxcaepfap gwn、lab、gaz、aeu.",工程建设项目审批时间再压减一半。,government_work_report,838,za,zh
"Haeujlaeg bae doicaenh""vangjdoxlienz ＋ cwngvu fugsaeh"", hawj youq gwnz vangj banhleix saehhangh engq lai, gij itdingh aeu daengz ciengz banh de hix aeu caenhrengz guhdaengz""dan haeuj aen dou ndeu""、""ceiq lai buet mbat ndeu"".",全面实施“双随机、一公开”监管，决不允许假冒伪劣滋生蔓延，决不允许执法者吃拿卡要。,government_work_report,839,za,zh
Gyagiengz cauhlaeb cwngvu fugsaeh baenz biucinj bae.,深入推进“互联网+政务服务”，使更多事项在网上办理，必须到现场办的也要力争做到“只进一扇门”、“最多跑一次”。,government_work_report,840,za,zh
"Haenqrengz doicaenh gaijgwz aen gihci gyoebhab caepfap gihgou, comzrengz gaijgez aen vwndiz lai gyaeuj lai caengz cungzfuk caepfap.",大力推进综合执法机构机制改革，着力解决多头多层重复执法问题。,government_work_report,841,za,zh
"Gyavaiq cwngfuj saenqsik hidungj dox lienz dox doeng, dwkdoeng aen dauj saenqsik godog.",加快政府信息系统互联互通，打通信息孤岛。,government_work_report,842,za,zh
"Cingleix gak cungj cwngmingz banhsaeh cungqvunz caeuq giyez, gij mbouj miz faplwd fapgvi gaengawq de aeu siu caez bae.",清理群众和企业办事的各类证明，没有法律法规依据的一律取消。,government_work_report,843,za,zh
"Hawj vanzging guh seng'eiq bienq ndei couh dwg gejcuengq swnghcanjliz、daezsang naengzlig beijak, aeu buqcawz gazngaih、siucawz fanzcab、cukmaenh roen bingz, demgiengz rengzhoengh hawj hawciengz cawjdaej, demgya fuengbienh hawj cungqvunz lwgminz.",优化营商环境就是解放生产力、提高竞争力，要破障碍、去烦苛、筑坦途，为市场主体添活力，为人民群众增便利。,government_work_report,844,za,zh
Caiq gemjmbaeu gij gvaeh giyez.,进一步减轻企业税负。,government_work_report,845,za,zh
"Gaijgwz laebndei cwnghcizsui, ciuq aen fuengyiengq sam dangj gyoebbaenz song dangj bae diuzcingj suiqlwd suijbingz, cungdenj gyangqdaemq gij suiqlwd hangznieb dajcauh、hangznieb daehyinh daengj, daezsang aen biucinj daengxbi siugai soqngeg bouxnabgvaeh gveihmoz iq de.",改革完善增值税，按照三档并两档方向调整税率水平，重点降低制造业、交通运输等行业税率，提高小规模纳税人年销售额标准。,government_work_report,846,za,zh
Daih fukdoh gya'gvangq aen gvaengh giyez iq saeq yiengjsouh aen cwngcwz gemj buenq cwngsou sojdwzsui.,大幅扩展享受减半征收所得税优惠政策的小微企业范围。,government_work_report,847,za,zh
Daih fukdoh daezsang aen soq ceiq sang gaeucawz nabgvaeh gaxgonq giyez cawx yizgi sezbei moq.,大幅提高企业新购入仪器设备税前扣除上限。,government_work_report,848,za,zh
Saedhengz aen cwngcwz gyoebgyonj dingj mienx giyez youq rogguek canh ndaej.,实施企业境外所得综合抵免政策。,government_work_report,849,za,zh
Gya'gvangq aen gvaengh cienzgvaeh youhvei yiengh diegdeih vuzliuz giyez cuengq huq.,扩大物流企业仓储用地税收优惠范围。,government_work_report,850,za,zh
Laebdaeb hengzguh gij cwngcwz daengz geiz youhvei yiengh diegdeih cwnghcizsui、gisui aen giyez cungzcuj.,继续实施企业重组土地增值税、契税等到期优惠政策。,government_work_report,851,za,zh
"Daengxbi caiq doiq giyez caeuq goyinz gemjgvaeh 8000 lai ik maenz, coicaenh saeddaej ginghci cienjhingz swnggaep, haenqrengz gikfat gij rengzhoengh hawciengz caeuq gij naengzlig aenbiengz dajcauh.",全年再为企业和个人减税8000多亿元，促进实体经济转型升级，着力激发市场活力和社会创造力。,government_work_report,852,za,zh
Daih fukdoh gemjmbaeu diuzrap mbouj dwg gvaehsuiq giyez.,大幅降低企业非税负担。,government_work_report,853,za,zh
"Caiq cingleix gveihfan gij soucienz hingzcwng saehnieb singqcaet, diuzdaemq aen biucinj mbangj cwngfujsing gihginh cwngsou.",进一步清理规范行政事业性收费，调低部分政府性基金征收标准。,government_work_report,854,za,zh
"Laebdaeb guh duenh gyangqdaemq gij beijlaeh giyez gyaucienz""haj yiemj it ginh"".",继续阶段性降低企业“五险一金”缴费比例。,government_work_report,855,za,zh
"Gyangqdaemq gij soucienz hothoh denvangj caeuq gij gyaqcienz soengq dienh boiq dienh, bingzyaenz gyangqdaemq gij gyaqdienh itbuen gunghsanghyez 10％.",降低电网环节收费和输配电价格，一般工商业电价平均降低10%。,government_work_report,856,za,zh
"Gyalaeg gaijgwz gij cidu goengloh soucienz, gyangqdaemq gij cienz gvaq roen gvaq giuz.",深化收费公路制度改革，降低过路过桥费用。,government_work_report,857,za,zh
Gya rengz cingleix cingjdun cunghgai fugsaeh soucienz.,加大中介服务收费清理整顿力度。,government_work_report,858,za,zh
"Daengxbi aeu bang hawciengz cawjdaej gemjmbaeu diuzrap mbouj dwg gvaehsuiq de 3000 lai ik maenz, gij mbouj hableix de genhgez siubae, gij sang lai de genhgez gyangq roengzdaeuj. Hawj giyez ndaej ndang mbaeu bae guh、comzrengz hwngfat.",全年要为市场主体减轻非税负担3000多亿元，不合理的坚决取消，过高的坚决降下来，让企业轻装上阵、聚力发展。,government_work_report,859,za,zh
（Ngeih）Gyavaiq cauhlaeb aen guekgya cauhmoq.,（二）加快建设创新型国家。,government_work_report,860,za,zh
"Dawzmaenh aen daihseiq seiqgyaiq lwnz moq gohgi gwzming caeuq canjnieb bengwz, haeujlaeg hengzguh aen canloz aeu cauhmoq doinyoengx hwngfat, mboujduenh gya ak gij naengzlig cauhmoq caeuq gij naengzlig beijak ginghci.",把握世界新一轮科技革命和产业变革大势，深入实施创新驱动发展战略，不断增强经济创新力和竞争力。,government_work_report,861,za,zh
Gyagiengz cauhlaeb aen dijhi cauhmoq guekgya.,加强国家创新体系建设。,government_work_report,862,za,zh
"Gya rengz guh gihcuj yenzgiu、wngqyungh gihcuj yenzgiu caeuq baeznduj cauhmoq, doenghfwngz guh buek hanghmoeg hungnaek gohgi cauhmoq ndeu, ciuq biucinj sang bae hwnqguh aen sizyensiz guekgya.",强化基础研究和应用基础研究，启动一批科技创新重大项目，高标准建设国家实验室。,government_work_report,863,za,zh
"Gikcoi giyez yiendaeuz guh gohgi hanghmoeg hungnaek, daemxcengj gohyenz yensoj、gauhyau caeuq giyez yungzdoeng cauhmoq, gyavaiq cienjvaq wngqyungh gij cwngzgoj cauhmoq.",鼓励企业牵头实施重大科技项目，支持科研院所、高校与企业融通创新，加快创新成果转化应用。,government_work_report,864,za,zh
"Guekgya gohgi douzhaeuj aeu ngeng coh aen lingjyiz minzswngh, lai roengzrengz yenzgiu ceihleix mokfaenx, doicaenh gungroengz aen nanzgvan fuengz yw bingh hung bingh naek lumjbaenz bingh'aizcwng daengj, sawj gohgi engq ndei bae cauhfuk hawj lwgminz.",国家科技投入要向民生领域倾斜，加强雾霾治理、癌症等重大疾病防治攻关，使科技更好造福人民。,government_work_report,865,za,zh
Doeksaed caeuq laebndei gij cwngcwz gikcoi cauhmoq.,落实和完善创新激励政策。,government_work_report,866,za,zh
"Gaijgwz aen cidu guenjleix gohgi, bingzgyaq gij cikyauq hanghmoeg gohyenz aeu gyavaiq daj yawjnaek bouhloh cienj yiengq yawjnaek gezgoj.",改革科技管理制度，绩效评价要加快从重过程向重结果转变。,government_work_report,867,za,zh
"Hawj aen doih caeuq vunzcaiz lingxdaeuz cauhmoq miz gienz engq lai, miz gienz guenj vunz、cienz、huq caeuq gietdingh gisuz lohsienq.",赋予创新团队和领军人才更大的人财物支配权和技术路线决策权。,government_work_report,868,za,zh
"Doiq boux guh gohyenz rapdawz gohgi gunggvan yinvu hungnaek de, yungh gij cidu cienzhong caeuq banhfap dajciengj lingzvued haenx.",对承担重大科技攻关任务的科研人员，采取灵活的薪酬制度和奖励措施。,government_work_report,869,za,zh
Damqra gij fuengfap hawj boux guh hong gohyenz miz gienz gaemmiz caeuq miz gienz ciengzgeiz sawjyungh gohgi cwngzgoj.,探索赋予科研人员科技成果所有权和长期使用权。,government_work_report,870,za,zh
"Gij gvidingh gvicieng gaeuqgeq caeuq gij cwngcwz gikcoi cauhmoq mbouj doxhab de, aeu cagaenj coihgaij feiqcawz bae； gij saehhangh laiyawz gazngaih sanqfat rengzhoengh cauhmoq de, aeu genhgez vuetvak bae.",有悖于激励创新的陈规旧章，要抓紧修改废止；有碍于释放创新活力的繁文缛节，要下决心砍掉。,government_work_report,871,za,zh
Coicaenh vunzlai cauhnieb、vunzlai cauhmoq guh ndaej miz suijbingz.,促进大众创业、万众创新上水平。,government_work_report,872,za,zh
"Guek raeuz miz gij swhyenz rengzvunz gwnz seiqgyaiq ceiq lai. Neix dwg gij ""gvangq fouq"" ceiq daih cauhmoq hwngfat.",我国拥有世界上规模最大的人力人才资源，这是创新发展的最大“富矿”。,government_work_report,873,za,zh
"Aeu daezhawj cienz fueng'vih fugsaeh cauhmoq cauhnieb, doicaenh hwnqguh dieg yienghndei""song cauh"", gikcoi giyez hung、gauhyau caeuq gohyenz yensoj hailangh gak loih swhyenz cauhmoq, hwngfat gij ginghci bingzdaiz、ginghci caemhmiz, guhbaenz aen gapgyaq geksik cauhmoq cauhnieb gwnz sienq laj sienq giethab、canj yoz yenz yungh doxdaengh、giyez hung rauh iq yungzhab, dajcauh banj swnggaep""song cauh"".",要提供全方位创新创业服务，推进“双创”示范基地建设，鼓励大企业、高校和科研院所开放创新资源，发展平台经济、共享经济，形成线上线下结合、产学研用协同、大中小企业融合的创新创业格局，打造“双创”升级版。,government_work_report,874,za,zh
"Ndalaeb Guekgya Yungzswh Danhbauj Gihginh, daemxcengj loih giyez cauhmoq ndei de fathengz gujbyau yungzswh, dawz aen gvaengh sawqguh diuz cwngcwz youhvei cienzgvaeh hawj cauhnieb douzswh、denhsij douzswh haenx gya'gvangq daengz daengx guek.",设立国家融资担保基金，支持优质创新型企业上市融资，将创业投资、天使投资税收优惠政策试点范围扩大到全国。,government_work_report,875,za,zh
"Aeu gyalaeg gaijgwz aen dijci vunzcaiz hwngfat, doidoengh swhyenz rengzvunz miz bouhloh riuzdoengh mbouj deng hanhhaed, daemxcengj giyez daezsang gij cienzhong fukleih boux gisuz gunghyinz, gyagiengz dajciengj gij vunzcaiz ginwngz sang de, gikcoi boux bae rog guek doegsaw dauqma guekcoj cauhmoq cauhnieb, haigvangq diuzroen loegsaek hawj vunzcaiz rog guek daeuj Cungguek.",深化人才发展体制改革，推动人力资源自由流动，支持企业提高技术工人待遇，加大高技能人才激励，鼓励海外留学人员回国创新创业，拓宽外国人才来华绿色通道。,government_work_report,876,za,zh
"Aeu comz gij coengmingz、ligliengh cungqvunz, itdingh ndaej buet ok yiengh Cungguek cauhmoq""gya vaiq"" daeuj.",集众智汇众力，一定能跑出中国创新“加速度”。,government_work_report,877,za,zh
（Sam）Gyalaeg gaijgwz aen lingjyiz dwg giekdaej ceiq youqgaenj de.,（三）深化基础性关健领域改革。,government_work_report,878,za,zh
"Swnh aen seizndei gaijgwz hailangh 40 hopbi, doidoengh gaijgwz aeundaej cungbyoengq moq, mboujduenh gejcuengq caeuq hwngfat swnghcanjliz ndawbiengz.",以改革开放40周年为重要契机，推动改革取得新突破，不断解放和发展社会生产力。,government_work_report,879,za,zh
Doicaenh gaijgwz swhcanj guekmiz、giyez guekmiz.,推进国资国企改革。,government_work_report,880,za,zh
Ceiqdingh mbawdan gienzleih、cwzyin、gamguenj bouxokcienz.,制定出资人监管权责清单。,government_work_report,881,za,zh
"Gyalaeg giz sawqguh gaijgwz lumjbaenz swhbwnj guekmiz douzswh、ginghyingz guenjleix gunghswh daengj, hawj gij gienz gag guhcawj engq lai.",深化国有资本投资、运营公司等改革试点，赋予更多自主权。,government_work_report,882,za,zh
"Laebdaeb doicaenh giyez guekmiz bienqndei cungzcuj caeuq giyez cunghyangh gaijbaenz gujfwn gunghswh bae, gyavaiq cauxbaenz aen gapgyaq fazyinz ceihleix hanhhaed mizyauq caeuq aen gihci hawciengz ginghyingz lingzvued yauqlwd sang de, laebdaeb bienq ndang reux miz rengz bae, daezswng gij naengzlig beijak haedsim goeknieb, doidoengh swhbwnj guekmiz guh ak guh ndei guh hung.",继续推进国有企业优化重组和央企股份制改革，加快形成有效制衡的法人治理结构和灵活高效的市场化经营机制，持续瘦身健体，提升主业核心竞争力，推动国有资本做强做优做大。,government_work_report,883,za,zh
Onjmaenh doicaenh gaijgwz gij sojyoujci doxgyaux.,稳妥推进混合所有制改革。,government_work_report,884,za,zh
Doeksaed aen cidu yiengq Daengx Guek Yinzda Cangzveijvei bauq gij cingzgvang guenjleix swhcanj guekmiz.,落实向全国人大常委会报告国有资产管理情况的制度。,government_work_report,885,za,zh
"Giyez guekmiz aeu doenggvaq gaijgwz cauhmoq, byaij youq baizgonq hwngfat caetliengh sang.",国有企业要通过改革创新，走在高质量发展前列。,government_work_report,886,za,zh
Daemxcengj giyez minzyingz hwngfat.,支持民营企业发展。,government_work_report,887,za,zh
"Genhciz""song aen ngauz mbouj doengh saek di"", genhciz gienzleih bingzdaengj、gihvei bingzdaengj、gveihcwz bingzdaengj, cienzmienh doeksaed gij cwngcwz guhfap daemxcengj yiengh ginghci mbouj dwg gunghyoujci de hwngfat, nyinhcaen gaijgez gij vwndiz doedyienh giyez minzyingz fanjyingj de, genhgez buqcawz gak cungj laengzgaz ndumjndaw.",坚持“两个毫不动摇”，坚持权利平等、机会平等、规则平等，全面落实支持非公有制经济发展的政策措施，认真解决民营企业反映的突出问题，坚决破除各种隐性壁垒。,government_work_report,888,za,zh
"Cauhlaeb cungj gvanhaeh cwng sangh yienghmoq caengaenh cingseuq, laebndei aen gihci hawj giyezgyah caeuqfaenh ceiqdingh gij cwngcwz nangqdaengz giyez.",构建亲清新型政商关系，健全企业家参与涉企政策制定机制。,government_work_report,889,za,zh
"Gikfat caeuq baujhoh gij cingsaenz giyezgyah, hawj giyezgyah engq miz saenqsim, hawj giyez minzyingz youq ndaw rumzlangh hawciengz ginghci foux yungh bonjsaeh.",激发和保护企业家精神，增强企业家信心，让民营企业在市场经济浪潮中尽显身手。,government_work_report,890,za,zh
Laebndei aen cidu canjgienz caeuq aen gihci hawciengz gietdingh gij gyaqcienz yausu.,完善产权制度和要素市场化配置机制。,government_work_report,891,za,zh
Canjgienz cidu dwg ndaek ringiek hawciengz ginghci sevei cujyi.,产权制度是社会主义市场经济的基石。,government_work_report,892,za,zh
"Yaek aeu baujhoh canjgienz、henhoh iekdingh、doengjit hawciengz、bingzdaengj doxvuenh、goengbingz beijak guh goek dazyinx fuengyiengq, laebndei faplwd fapgvi doxgven.",要以保护产权、维护契约、统一市场、平等交换、公平竞争为基本导向，完善相关法律法规。,government_work_report,893,za,zh
"Doiq gak cungj hingzveiz ciemqgienz aeu eifap yiemzsuk cawqleix, doiq gij anqgienh canjgienz cengnauh cingjgouz dauqsaemj de aeu eifap cazcing niujcingq bae.",对各种侵权行为要依法严肃处理，对产权纠纷案件要依法甄别纠正。,government_work_report,894,za,zh
"Gyagiengz baujhoh cihsiz canjgienz, saedhengz aen cidu dienzboiz ciemqgienz hawj boux ciemqgienz hit bae.",强化知识产权保护，实行侵权惩罚性赔偿制度。,government_work_report,895,za,zh
"Gyavaiq gaijgwz hawj gisuz、diegdeih daengj yausu youz hawciengz dinghgyaq, gyalaeg gaijgwz gij gyaqcienz loih canjbinj swhyenz caeuq goenggungh fugsaeh, dwkbyoengq hingzcwng gagciemq, fuengzre gagciemq hawciengz.",加快技术、土地等要素价格市场化改革，深化资源类产品和公共服务价格改革，打破行政垄断，防止市场垄断。,government_work_report,896,za,zh
"Aeu yungh gij canjgienz baujhoh miz rengz、yausu riuzdoengh doengrat de, hawj rengzhoengh hawciengz caeuq naengzlig dajcauh ndawbiengz doxcanj biufat okdaeuj.",要用有力的产权保护、顺畅的要素流动，让市场活力和社会创造力竞相迸发。,government_work_report,897,za,zh
Gyalaeg gaijgwz aen dijci caizsui.,深化财税体制改革。,government_work_report,898,za,zh
"Doicaenh gaijgwz vehfaen gij caizcwng saehgienz caeuq ceiok cwzyin cunghyangh nem deihfueng, cagaenj ceiqdingh aen fueng'anq gaijgwz vehfaen souhaeuj, laebndei aen cidu cienjok ceihawj.",推进中央与地方财政事权和支出责任划分改革，抓紧制定收入划分改革方案，完善转移支付制度。,government_work_report,899,za,zh
"Laebndei aen dijhi cienzgvaeh deihfueng, onjmaenh bae doicaenh laeb aen fap cienzgvaeh fangzdicanj.",健全地方税体系，稳妥推进房地产税立法。,government_work_report,900,za,zh
Gaijgwz goyinz sojdwzsui.,改革个人所得税。,government_work_report,901,za,zh
"Cienzmienh hengzguh cikyauq guenjleix, sawj gij cienzngaenz caizcwng yungh deng giz ngamj、yungh ndaej ancienz.",全面实施绩效管理，使财政资金花得其所、用得安全。,government_work_report,902,za,zh
Gyavaiq gaijgwz aen dijci ginhyungz.,加快金融体制改革。,government_work_report,903,za,zh
"Gaijgwz guhndei aen dijhi ginhyungz fugsaeh, daemxcengj ginhyungz gihgou haigvangq gij ginhyungz yezvu hawj ndeicawq mienh gvangq, gveihfan hwngfat aen ginhyungz gihgou rauh iq deihfueng, comzrengz gaijgez aen vwndiz giyez iq saeq yungzswh nanz、yungzswh bengz.",改革完善金融服务体系，支持金融机构扩展普惠金融业务，规范发展地方性中小金融机构，着力解决小微企业融资难、融资贵问题。,government_work_report,904,za,zh
"Gyalaeg gaijgwz aen hawciengz swhbwnj lai caengz lai mbaek, doidoengh aen hawciengz caigen、geizhoq hwngfat.",深化多层次资本市场改革，推动债券、期货市场发展。,government_work_report,905,za,zh
Gyahung cungj goengnaengz baujcang gij fungyiemj baujyiemj hawciengz.,拓展保险市场的风险保障功能。,government_work_report,906,za,zh
"Gyalaeg gaijgwz, hawj leihlwd veiqlwd youz hawciengz daeuj dingh, baujciz gij veiqlwd yinzminzbi daihdaej onjdingh youq gwnz suijbingz hableix doxdaengh.",深化利率汇率市场化改革，保持人民币汇率在合理均衡水平上的基本稳定。,government_work_report,907,za,zh
Doicaenh gaijgwz dijci ndawbiengz.,推进社会体制改革。,government_work_report,908,za,zh
"Gyalaeg gaijgwz cungj cidu ciengxlaux baujyiemj, laebhwnj aen cidu cunghyangh diuzbouj giyez cizgungh gihbwnj ciengxlaux baujyiemj gihginh.",深化养老保险制度改革，建立企业职工基本养老保险基金中央调剂制度。,government_work_report,909,za,zh
"Gyalaeg gyoebhab gaijgwz yihyen goenglaeb, doxdaengh doicaenh gaijgwz gyaqcienz ywbingh、cienzhong vunzsaeh、gijyw riuzdoeng、yihbauj ceihawj, daezsang gij caetliengh yihliuz veiswngh fugsaeh, roengz rengz hung gaijgez aen nanzdaez cungqvunz hoj yawjbingh hoj ywbingh.",深化公立医院综合改革，协调推进医疗价格、人事薪酬、药品流通、医保支付改革，提高医疗卫生服务质量，下大力气解决群众看病就医难题。,government_work_report,910,za,zh
"Haeujlaeg doicaenh gaijgwz gyauyuz、vwnzva、dijyuz daengj, caenhliengh sanqfat gij rengzndumj hwngfat hungloet ndawbiengz.",深入推进教育、文化、体育等改革，充分释放社会领域巨大发展潜力。,government_work_report,911,za,zh
Laebndei aen dijci swnghdai vwnzmingz.,健全生态文明体制。,government_work_report,912,za,zh
"Gaijgwz laebndei aen cidu guenjleix swnghdai vanzging, gyagiengz gaemguenj baenzlawz yungh swyenz swnghdai hoenggan, doihengz aen cidu dienzboiz sonjhaih swnghdai vanzging, laebndei aen gihci dienzbouj swnghdai, yungh gij cidu engqgya mizyauq bae baujhoh swnghdai vanzging.",改革完善生态环境管理制度，加强自然生态空间用途管制，推行生态环境损害赔偿制度，完善生态补偿机制，以更加有效的制度保护生态环境。,government_work_report,913,za,zh
（Seiq）Genhgez guhndei sam daih hongsaeh ceiq hoj guh haenx.,（四）坚决打好三大攻坚战。,government_work_report,914,za,zh
"Aeu hopheux guhbaenz gij yinvu gunggeng daengxbi, mingzbeg doekdingh gij cwzyin gak fueng, giengzvaq cwngcwz baujcang, guh saed guh ndei gak hangh hong.",要围绕完成年度攻坚任务，明确各方责任，强化政策保障，把各项工作做实做好。,government_work_report,915,za,zh
Doidoengh fuengzre vaqgej fungyiemj hungnaek yamq baenaj yienhda.,推动重大风险防范化解取得明显进展。,government_work_report,916,za,zh
"Dangqnaj gij ginghci ginhyungz fungyiemj guek raeuz cungjdaej gaem ndaej, aeu goek byai caez ceih, mizyauq siucawz gij huxndumj fungyiemj.",当前我国经济金融风险总体可控，要标本兼治，有效消除风险隐患。,government_work_report,917,za,zh
Yiemzhaenq dwkceih gij famhfap hozdung mbouj habfap comzcienz、ginhyungz yaeuhlox daengj.,严厉打击非法集资、金融诈骗等违法活动。,government_work_report,918,za,zh
Gyavaiq doenggvaq hawciengz nem fapceih bae guh caiqgienz cienj gujgienz caeuq giyez gyan'gyoeb dauqcungz cujhab.,加快市场化法治化债转股和企业兼并重组。,government_work_report,919,za,zh
Gyagiengz ginhyungz gihgou baihndaw gaemhanh fungyiemj.,加强金融机构风险内控。,government_work_report,920,za,zh
"Giengzvaq cingjdaej suenqveh boiqhab gamguenj ginhyungz, laebndei gij banhfap gamguenj ngaenzhangz rumhngaeuz、ginhyungz vangjdoxlienz、aen gunghswh ginhyungz gaemguj lai daengj, caiq laebndei gamguenj ginhyungz、daezswng yauqnaengz gamguenj.",强化金融监管统筹协调，健全对影子银行、互联网金融、金融控股公司等监管，进一步完善金融监管。,government_work_report,921,za,zh
Fuengzre vaqgej gij fungyiemj deihfueng cwngfuj dawzcaiq.,防范化解地方政府债务风险。,government_work_report,922,za,zh
Yiemzgimq gak loih hingzveiz famhfap famh gvidingh ciqcaiq、danbauj daengj.,严禁各类违法违规举债、担保等行为。,government_work_report,923,za,zh
"Sengj gaep cwngfuj aeu doiq gij caiq diegguenj bonjfaenh rapdawz cungjdaej cwzyin, aen deihfueng cwngfuj sengj gaep doxroengz aeu gag rap gij cwzyin bonjfaenh, gaenxmaenx onjdangq cawqceq gij caiq yienhmiz.",省级政府对本辖区债务负总责，省级以下地方政府各负其责，积极稳妥处置存量债务。,government_work_report,924,za,zh
Laebndei aen gihci gveihfan deihfueng cwngfuj yungzswh ciqcaiq.,健全规范的地方政府举债融资机制。,government_work_report,925,za,zh
"Bineix anbaiz deihfueng cienhangh caigen 1.35 fanh ik maenz, beij bi'gvaq demlai 5500 ik maenz, sien daemxcengj gij hanghmoeg cingqcaih hwnq de bingzonj hwnqguh gonq, hableix gya'gvangq aen gvaengh sawjyungh cienhangh caigen.",今年安排地方专项债券1.35万亿元，比去年增加5500亿元，优先支持在建项目平稳建设，合理扩大专项债券使用范围。,government_work_report,926,za,zh
"Ginghci guek raeuz cungjdaej lij ndei, cwngcwz fuengfap lai, vanzcienz ndaej souj maenh diuz daejsienq mbouj fatseng cungj fungyiemj baenzroix.",我国经济基本面好，政策工具多，完全能够守住不发生系统性风险的底线。,government_work_report,927,za,zh
Gya rengz dawzcinj duetgungz.,加大精准脱贫力度。,government_work_report,928,za,zh
"Bineix caiq gemjnoix gij vunz gungzhoj lajmbanj 1000 fanh vunz doxhwnj, guhbaenz bang 280 fanh vunz senj dieg an'gya duetgungz.",今年再减少农村贫困人口1000万以上，完成易地扶贫搬迁280万人。,government_work_report,929,za,zh
"Haeujlaeg doicaenh bang gij canjnieb、gyauyuz、ndangcangq、swnghdai caeuq vwnzva daengj duetgungz, bouj caez gij benjdinj giekdaej sezsih caeuq goenggungh fugsaeh, gyagiengz Baihdoeng Baihsae banggungz gapguh caeuq duigouj bangcoengh, ciet hoj mbouj lumz ciet sim mbouj lumz son raeh, hawj gyoengqde gag rox laemxsim bae baedrengz ra gwn.",深入推进产业、教育、健康、生态扶贫，补齐基础设施和公共服务短板，激发脱贫内生动力。,government_work_report,930,za,zh
"Giengzvaq daemxcengj dieg gig gungzhoj, cunghyangh caizcwng caiq demgya gij douzhaeuj banggungz caeuq mizgven cienjok ceihawj de aeu ngeng coh dieg gig gungzhoj.",强化对深度贫困地区支持，中央财政新增扶贫投入及有关转移支付向深度贫困地区倾斜。,government_work_report,931,za,zh
"Doiq gij vunz gungzhoj daegdingh de lumjbaenz bouxgeq、bouxndangcanz、bouxbinghnaek daengj, aeu yawj gak ranz gak boux mbouj doengz doeksaed banhfap bae baujcang.",对老年人、残疾人、重病患者等特定贫困人口，因户因人落实保障措施。,government_work_report,932,za,zh
"Ndaw mboengq gunggeng de duet gungz mbouj duet cwngcwz, gij vunz ngamq bienq gungz caeuq gij vunz dauq bienq gungz de aeu gibseiz nabhaeuj boux deng bang bae.",攻坚期内脱贫不脱政策，新产生的贫困人口和返贫人口要及时纳入帮扶。,government_work_report,933,za,zh
Gyagiengz cingjhab caeuq cikyauq guenjleix gij cienzngaenz banggungz.,加强扶贫资金整合和绩效管理。,government_work_report,934,za,zh
"Youq aen gvaengh banggungz de cienhangh ceihleix gij vwndiz nduknaeuh caeuq cozfungh, gaijndei gij fuengsik gaujhaed gamduk.",开展扶贫领域腐败和作风问题专项治理，改进考核监督方式。,government_work_report,935,za,zh
"Genhciz aen biucinj duetgungz seizneix, saedbauj cindu caeuq caetliengh, hawj vunzlai caencingq rox daengz hong duetgungz guh ndaej ndei、dingj ndaej lizsij cazniemh.",坚持现行脱贫标准，确保进度和质量，让脱贫得到群众认可、经得起历史检验。,government_work_report,936,za,zh
Doicaenh gij hong fuengzceih uqlah ndaej miz cingzyauq engq daih.,推进污染防治取得更大成效。,government_work_report,937,za,zh
"Gyamaenh gij cwngzgoj yiengh hong henhoh mbwn lamz, bineix baizcuengq wyangjvaliuz、danyangjvavuz soqliengh aeu doekdaemq 3％, gij naedfaenx（PM2.5）dieg cungdenj de noengzdoh aeu laebdaeb doekdaemq.",巩固蓝天保卫战成果，今年二氧化硫、氮氧化物排放量要下降3%，重点地区细颗粒物（PM2.5）浓度继续下降。,government_work_report,938,za,zh
Doidoengh gangdiet daengj hangznieb gaijcauh baenz baizcuengq gig noix bae.,推动钢铁等行业超低排放改造。,government_work_report,939,za,zh
"Daezsang aen biucinj baizcuengq uqlah, saedhengz hanhgeiz dabdaengz biucinj.",提高污染排放标准，实行限期达标。,government_work_report,940,za,zh
"Mbeguh cienhangh ceihleix gij cidaehhuq yungh caizyouz、gij ruz mauhgvaq biucinj baizcuengq, laebdaeb raengcawz ci gaeuqgat.",开展柴油货车超标排放专项治理。,government_work_report,941,za,zh
"Haeujlaeg doicaenh fuengzceih raemx、namh uqlah, bineix vayoz yungh yangj soqliengh、anhdan baizcuengq soqliengh aeu doekdaemq 2%.",深入推进水、土壤污染防治，今年化学需氧量、氨氮排放量要下降2%。,government_work_report,942,za,zh
"Gyoebhab ceihleix diegdah caeuq dieghaij gaenh hamq cungdenj, cienzmienh cingjceih raemxgyuek raemxhaeu.",实施重点流域和海域综合治理，全面整治黑臭水体。,government_work_report,943,za,zh
"Gya rengz hwnqguh gij sezsih cawqleix raemxuq, laebndei gij cwngcwz soucienz.",加大污水处理设施建设力度，完善收费政策。,government_work_report,944,za,zh
"Gyagiengz faenloih cawqceq huqfeiq baenzndaek caeuq nyapnyaj, yiemzgimq gij nyapnyaj guekrog haeuj ndaw guekgyaiq daeuj.",严禁“洋垃圾”入境。,government_work_report,945,za,zh
"Gyagiengz baujhoh caeuq coihfuk swnghdai hidungj, cienzmienh vehdingh caemhcaiq souj maenh diuz sienqhoengz baujhoh swnghdai, cauhndoeng ndaej ik moux doxhwnj, gij reihnaz sawqguh lwnz ndaem daengx raeq de demgya daengz 3000 fanh moux, gya'gvangq aen gvaengh baujhoh caeuq hoizfuk diegdingh diegcumx, gyalaeg sawq guh gaijgwz aen dijci guekgya gunghyenz.",加强生态系统保护和修复，全面划定生态保护红线，完成造林1亿亩以上，耕地轮作休耕试点面积增加到3000万亩，扩大湿地保护和恢复范围，深化国家公园体制改革试点。,government_work_report,946,za,zh
Dawzyiemz gaemhanh dienz haij cauh dieg.,严控填海造地。,government_work_report,947,za,zh
Dawzyiemz caepfap vanzging caeuq gyaepcaz cwzyin.,严格环境执法。,government_work_report,948,za,zh
"Raeuz aeu gaemfwngz caez guh, cauhlaeb aen Cungguek gyaeundei mbwn lamz、deih heu、raemx saw.",我们要携手行动，建设天蓝、地绿、水清的美丽中国。,government_work_report,949,za,zh
（Haj）Haenqrengz saedhengz aen canloz saenqhwng lajmbanj.,（五）大力实施乡村振兴战略。,government_work_report,950,za,zh
"Gohyoz ceiqdingh gveihva, laebndei aen dijci gihci singz mbanj yungzhab hwngfat, baengh gaijgwz cauhmoq bae guh coek gij rengz doidoengh moq lajmbanj.",科学制定规划，健全城乡融合发展体制机制，依靠改革创新壮大乡村发展新动能。,government_work_report,951,za,zh
Doicaenh gaijgwz gij gapgyaq mbiengj gunghawj nungzyez.,推进农业供给侧结构性改革。,government_work_report,952,za,zh
"Coicaenh cauhmoq hwngfat nungz、linz、muz、yizyez caeuq hangznieb faenceh, gyavaiq cauhlaeb gij nungzyez canjyezyenz yienhdaih caeuq gij dieg nungzcanjbinj miz daegsaek miz youhsi de.",促进农林牧渔业和种业创新发展，加快建设现代农业产业园和特色农产品优势区,government_work_report,953,za,zh
Lai demgya gij reihnaz biucinj sang de 8000 fanh moux doxhwnj、gij reihnaz mbaet raemx guenq raemx yauqlwd sang de 2000 fanh moux.,新增高标准农田8000万亩以上、高效节水灌溉面积2000万亩。,government_work_report,954,za,zh
"Haeujlaeg doicaenh""vangjdoxlienz ＋ nungzyez"", coicaenh it ngeih sam canjnieb lajmbanj yungzhab hwngfat.",发展“互联网+农业”，多渠道增加农民收入，促进农村一二三产业融合发展。,government_work_report,955,za,zh
Cienzmienh gyalaeg gaijgwz lajmbanj.,全面深化农村改革。,government_work_report,956,za,zh
Ceiqdingh gij cwngcwz lwnz daihngeih dieg cingzbau daengz geiz le caiq gyaraez 30 bi.,落实第二轮土地承包到期后再延长30年的政策。,government_work_report,957,za,zh
Damqra gaijgwz faen nda gij gienzciemqmiz、gienzswhgwz、gienzsawjyungh diegranz.,探索宅基地所有权、资格权、使用权分置改革。,government_work_report,958,za,zh
"Gaijndei gij banhfap guenjleix reihnaz ciemq bouj doxdaengh, laebhwnj aen gihci hamj sengj habdangq diuzcingj gij cijbyauh saen demgya reihnaz、gij cijbyauh lwyawz yungh dieg dajhwnq singz mbanj demgya gemjnoix dox lienzhaeh, soj ndaej souik cienzbouh yungh youq duetgungz gunggeng caeuq daemxcengj saenqhwng lajmbanj.",改进耕地占补平衡管理办法，建立新增耕地指标、城乡建设用地增减挂钩节余指标跨省域调剂机制，所得收益全部用于脱贫攻坚和支持乡村振兴。,government_work_report,959,za,zh
"Gyalaeg gaijgwz soucwk haeuxgwn、cizdij canjgenz、cizdij linzgenz、linzgih linzcangz guekmiz、nungzgwnj、gungsiuhse daengj, sawj nungzyez lajmbanj gizgiz miz rengzhoengh.",深化粮食收储、集体产权、集体林权、国有林区林场、农垦、供销社等改革，使农业农村充满生机活力。,government_work_report,960,za,zh
Doidoengh gak hangh saehnieb lajmbanj cienzmienh hwngfat.,推动农村各项事业全面发展。,government_work_report,961,za,zh
"Gaijndei giekdaej sezsih lumjbaenz gung raemx、gung dienh、saenqsik daengj, ngamq guh ngamq gaij goengloh lajmbanj 20 fanh goengleix.",改善供水、供电、信息等基础设施，新建改建农村公路20万公里。,government_work_report,962,za,zh
"Yamqonj yungh sam bi cingjceih aen vanzging vunz youq lajmbanj, doicaenh coengz goekgaen bae gaijbienq diengzhaex caeuq soucomz cawqleix nyapnyaj.",稳步开展农村人居环境整治三年行动，推进“厕所革命”。,government_work_report,963,za,zh
Coicaenh lajmbanj gaijbienq fungsug gaeuq.,促进农村移风易俗。,government_work_report,964,za,zh
"Raeuz aeu genhciz byaij diuzroen saenqhwng lajmbanj yiengh sevei cujyi miz gij daegsaek Cungguek, gyavaiq saedyienh nungzyez lajmbanj yendaiva.",我们要坚持走中国特色社会主义乡村振兴道路，加快实现农业农村现代化。,government_work_report,965,za,zh
（Roek）Netsaed doicaenh aen canloz ranghdieg doxdaengh hwngfat.,（六）扎实推进区域协调发展战略。,government_work_report,966,za,zh
"Laebndei gij cwngcwz ranghdieg hwngfat, doicaenh gihbwnj goenggungh fugsaeh bienq bingzyaenz bae, cugbouh sukiq singz mbanj hwngfat doxca, cungfaen fazveih gij ak gvaq vunz caeuq rengzndumj gak dieg.",完善区域发展政策，推进基本公共服务均等化，逐步缩小城乡区域发展差距，把各地比较优势和潜力充分发挥出来。,government_work_report,967,za,zh
Cauxbaenz aen gapgyaq geksik moq ranghdieg hwngfat.,塑造区域发展新格局。,government_work_report,968,za,zh
Gyagiengz daemxcengj dieg doenghbaez guh gwzming、dieg minzcuz、dieg henz guek、dieg gungzhoj guh gaijgwz hwngfat.,加强对革命老区、民族地区、边疆地区、贫困地区改革发展的支持。,government_work_report,969,za,zh
"Aeu gejsoeng Baekging yiengh goengnaengz mbouj dwg gingsingz de guh cungdenj doidoengh Baekging Denhcinh Hozbwz guhdoih hwngfat, daj giek sang bae gveihva、biucinj sang bae cauhlaeb Yungzanh Sinhgih.",以疏解北京非首都功能为重点推进京津冀协同发展，高起点规划、高标准建设雄安新区。,government_work_report,970,za,zh
Aeu swnghdai ciemqgonq、saekloeg hwngfat bae dazyinx ranghdieg ginghci Dahcangzgyangh hwngfat.,以生态优先、绿色发展为引领推进长江经济带发展。,government_work_report,971,za,zh
"Fatbouh saedhengz aen gveihva ganghyau hwngfat Yez Gangj Au Davanhgih, cienzmienh doicaenh Diegndaw caeuq Yanghgangj、Aumwnz gapguh caezleih.",出台实施粤港澳大湾区发展规划，全面推进内地同香港、澳门互利合作。,government_work_report,972,za,zh
"Ceiqdingh aen yigen moq ceijyinx daih haifat Baihsae, doeksaed gij banhfap saenqhwng dieggoek gunghyez gaeuq lumjbaenz Doengbaek daengj, laebdaeb doidoengh dieg Cungqgyang hwnghwnj, daemxcengj dieg Baihdoeng daiqdaeuz hwngfat gonq.",制定西部大开发新的指导意见，落实东北等老工业基地振兴举措，继续推动中部地区崛起，支持东部地区率先发展。,government_work_report,973,za,zh
Lai rengz daemxcengj giz dieg baengh swhyenz de guh ginghci cienjhingz.,促进资源型地区经济转型。,government_work_report,974,za,zh
"Coicaenh yiengh ginghci dieghaij hungcoek, genhgez henhoh gij gienzik dieghaij guekgya.",壮大海洋经济，坚决维护国家海洋权益。,government_work_report,975,za,zh
Daezsang gij caetliengh baenz yiengh hawsingz moq.,提高新型城镇化质量。,government_work_report,976,za,zh
"Bineix gij vunz haeuj singz an'gya de caiq gya 1300 fanh vunz, gyavaiq gij vunz daj nungzyez senj okdaeuj de bienqbaenz vunz ndawsingz.",今年再进城落户1300万人，加快农业转移人口市民化。,government_work_report,977,za,zh
"Engq ndei gveihva hawsingz, hwngfat goenggungh gyaudoeng ciemqgonq, laebndei gij sezsih fugsaeh fuengbienh lwgminz lumjbaenz hawbyaek、dieg daengx ci daengj, gyavaiq cauhlaeb gij sezsih ndei byaij mbouj miz gaz.",优先发展公共交通，健全菜市场、停车场等便民服务设施。,government_work_report,978,za,zh
"Miz bouhloh bae doicaenh gaijcauh""aen mbanj ndaw singz""、aen siujgih gaeuq, laebndei gij sezsih boiqdauq de, gikcoi giz miz diuzgen de gya cang dendih.",有序推进“城中村”、老旧小区改造，完善配套设施，鼓励有条件的加装电梯。,government_work_report,979,za,zh
Gyagiengz hwnqguh gij guenjvangx baiz raemxdumh、roen guenj gyoebhab lajnamh、aen singz haijmenz daengj.,加强排涝管网、地下综合管廊等建设。,government_work_report,980,za,zh
"Bienqbaenz yiengh hawsingz moq ceiq youqgaenj dwg vihliux vunz, fugsaeh aeu engqgya saeqnaeh、guenjleix aeu engqgya hab vunzsingq, hawj bouxboux cungj miz gihvei goengbingz bae hwngfat, hawj gihminz gwndaenj ndaej fuengbienh、youq ndaej cwxcaih.",新型城镇化的核心在人，要加强精细化服务、人性化管理，使人人都有公平发展机会，让居民生活得方便、舒心。,government_work_report,981,za,zh
（Caet）Gaenxmaenx gya'gvangq siuyungh caeuq coicaenh douzswh mizyauq.,（七）积极扩大消费和促进有效投资。,government_work_report,982,za,zh
"Swnh'wngq gij aeuyungh bienqvaq moq gihminz gya'gvangq siuyungh, coengz diuzcingj gapgyaq demgya douzswh bae ngeixnaemj, cauxbaenz cungj sinzvanz ndei gapgyaq gunghawj bienq ndei caeuq cungjdaej aeuyungh habdoh gya'gvangq.",顺应居民需求新变化扩大消费，着眼调结构增加投资，形成供给结构优化和总需求适度扩大的良性循环。,government_work_report,983,za,zh
Demgiengz gij giekdaej cozyung siuyungh coicaenh ginghci hwngfat.,增强消费对经济发展的基础性作用。,government_work_report,984,za,zh
"Doicaenh siuyungh swnggaep, hwngfat yienghnieb moq vunqsik moq siuyungh.",推进消费升级，发展消费新业态新模式。,government_work_report,985,za,zh
"Caiq gya raez gij cwngcwz hawj cienzgvaeh cawx ci nwngzyenz moq youhvei sam bi, cienzmienh siubae aen cwngcwz hanhhaed gij ci dieg wnq cienjnyiengh haeuj bonjdieg.",将新能源汽车车辆购置税优惠政策再延长三年，全面取消二手车限迁政策。,government_work_report,986,za,zh
Daemxcengj ligliengh ndawbiengz lai gunghawj gij fugsaeh lumjbaenz yihliuz、ciengxlaux、gyauyuz、vwnzva、dijyuz daengj.,支持社会力量增加医疗、养老、教育、文化、体育等服务供给。,government_work_report,987,za,zh
"Cauhlaeb dieg yienghndei cingjdaej suenqveh youzbyaij daengx ranghdieg, gyangqdaemq gij gyaqcienz mbaw biuq youz aen gingjgih cungdenj goenggya.",创建全域旅游示范区，降低重点国有景区门票价格。,government_work_report,988,za,zh
Doidoengh gwnz vangj dajcawx、vaiqsoengq cangqheiq hwngfat.,推动网购、快递健康发展。,government_work_report,989,za,zh
"Doiq gak loih hingzveiz ciemqhaih gij gienzik bouxsiuyungh, aeu ciuqfap fadceih、baenzlawz cungj mbouj nyiuz gyoengqde.",对各类侵害消费者权益的行为，要依法惩处、决不姑息。,government_work_report,990,za,zh
Hawj douzswh doiq gaijndei gij gapgyaq gunghawj miz ok cozyung ceiq youqgaenj.,发挥投资对优化供给结构的关键性作用。,government_work_report,991,za,zh
"Bineix yaek guhbaenz douzswh dietloh 7320 ik maenz、douzswh goengloh caeuq gwnzraemx daehyinh 1.8 fanh ik maenz baedauq, douzswh gij suijli cingqcaih hwnqguh de dabdaengz fanh ik maenz.",今年要完成铁路投资7320亿元、公路水运投资1.8万亿元左右，水利在建投资规模达到1万亿元。,government_work_report,992,za,zh
Hwnqguh giekdaej sezsih hungnaek yaek laebdaeb ngeng coh dieg Cungqgyang dieg Baihsae.,重大基础设施建设继续向中西部地区倾斜。,government_work_report,993,za,zh
Bae guh aen gunghcwngz doiq gij gisuz hungnaek guh lwnz gaijcauh swnggaep moq.,实施新一轮重大技术改造升级工程。,government_work_report,994,za,zh
"Gij douzswh ndaw cunghyangh yawhsuenq anbaiz 5376 ik maenz, beij bi'gvaq demgya 300 ik maenz.",中央预算内投资安排5376亿元，比去年增加300亿元。,government_work_report,995,za,zh
"Doeksaed gij cwngcwz guhfap gikcoi ndawbiengz douzswh, youq dietloh、minzhangz、youz heiq、densin daengj lingjyiz doi ok buek hanghmoeg ndaej yinx vunz ciengj guh ndeu, bietdingh aeu hawj gij swhbwnj ndawbiengz ndaej haeujbae、ndaej hwngfat.",落实鼓励民间投资政策措施，在铁路、民航、油气、电信等领域推出一批有吸引力的项目，务必使民间资本进得来、能发展。,government_work_report,996,za,zh
（Bet）Doidoengh cauxbaenz aen gapgyaq geksik moq cienzmienh hailangh.,（八）推动形成全面开放新格局。,government_work_report,997,za,zh
"Caiq gya'gvangq aen gvaengh caeuq caengzmbaek hailangh, hawj gij gapgyaq baijbouh caeuq dijci gihci hailangh engq ndei, aeu gij hailangh suijbingz sang bae doidoengh hwngfat caetliengh sang.",进一步拓展开放范围和层次，完善开放结构布局和体制机制，以高水平开放推动高质量发展。,government_work_report,998,za,zh
"Doicaenh gozci gapguh""it rangh it loh"".",推进“一带一路”国际合作。,government_work_report,999,za,zh
"Genhciz caezyaeng caezguh caezyungh, doeksaed gij cwngzgoj""It Rangh It Loh""Gozci Gapguh Gauhfungh Lundanz.",坚持共商共建共享，落实“一带一路”国际合作高峰论坛成果。,government_work_report,1000,za,zh
"Doidoengh hwnqguh diuz roen hung gwnz gozci, gyalaeg youq henz roen daih doenggvan gapguh.",推动国际大通道建设，深化沿线大通关合作。,government_work_report,1001,za,zh
"Gya'gvangq gozci swnghcanj naengzlig gapguh, yienghneix daiqdoengh Cungguek dajcauh caeuq Cungguek fugsaeh byaij okbae.",扩大国际产能合作，带动中国制造和中国服务走出去。,government_work_report,1002,za,zh
Sawj gij gapgyaq doiq rog douzswh bienq ndei.,优化对外投资结构。,government_work_report,1003,za,zh
"Gya rengz hailangh Baihsae、Diegndaw caeuq henz guek, daezsang gij suijbingz hwngfat giz ginghci gapguh henzguek hamjguek, gya'gvangq hoenggan moq hailangh gapguh.",加大西部、内陆和沿边开放力度，拓展经济合作新空间。,government_work_report,1004,za,zh
Coicaenh vaisangh douzswh onjdingh demmaj.,促进外商投资稳定增长。,government_work_report,1005,za,zh
"Gyagiengz caeuq gij gveihcwz ginghci mouyiz gozci doenghengz de doxciep, cauhlaeb gij vanzging guh seng'eiq miz seiqgyaiq suijbingz.",加强与国际通行经贸规则对接，建设国际一流营商环境。,government_work_report,1006,za,zh
"Cienzmienh hai gij hangznieb dajcauh itbuen de, hai doengh gij lingjyiz lumjbaenz densin、yihliuz、gyauyuz、ciengxlaux、ci yungh nwngzyenz moq daengj.",全面放开一般制造业，扩大电信、医疗、教育、养老、新能源汽车等领域开放。,government_work_report,1007,za,zh
"Miz gonqlaeng bae hai gij hawciengz lumjbaenz yinzhangzgaj cingsuenq daengj, mbouj caiq hanhhaed aen gvaengh ginghyingz cungj baujyiemj ginghgij gunghswh swhbwnj guekrog, cuengqsoeng roxnaeuz siubae hanhhaed gij gujfwn beijlaeh swhbwnj guekrog lumjbaenz yinzhangz、cwnggen、gihginh guenjleix、geizhuq、ginhyungz swhcanj guenjleix gunghswh daengj, doengjit aen biucinj swhbwnj ndawguek rogguek haeuj hawciengz ngaenzhangz.",有序开放银行卡清算等市场，放开外资保险经纪公司经营范围限制，放宽或取消银行、证券、基金管理、期货、金融资产管理公司等外资股比限制，统一中外资银行市场准入标准。,government_work_report,1008,za,zh
Hawj bouxdouzswh rog gyaiq aeu leihyinh ndaw gyaiq caiq douzswh ndaej yienzgeiz nabgvaeh.,实施境外投资者境内利润再投资递延纳税。,government_work_report,1009,za,zh
"Hawj gij bouhloh banh aen giyez swhbwnj guekrog de bienq genjdanh bae, hongsaeh seng'eiq bwh'anq caeuq gunghsangh daenghgeiq""youq giz ndeu banhleix"".",简化外资企业设立程序，商务备案与工商登记“一口办理”。,government_work_report,1010,za,zh
"Cienzmienh ciuqguh doigvangq gij gingniemh giz sawqguh swyouz gaicawx, damqra hwnqguh aen gangjgouj swyouz gaicawx, dajcauh diegsang moq gaijgwz hailangh.",全面复制推广自贸区经验，探索建设自由贸易港，打造改革开放新高地。,government_work_report,1011,za,zh
Gyamaenh yiengh seiqdaeuz doiq rog gaicawx onjdingh coh ndei de.,巩固外贸稳中向好势头。,government_work_report,1012,za,zh
"Sawj cuzgouj saenqyungh baujyiemj guh ndaej engq gvangq, cingjdaej doenggvan seizgan caiq gemjnoix sam faenh cih it.",扩大出口信用保险覆盖面，整体通关时间再压缩三分之一。,government_work_report,1013,za,zh
Gaijgwz aen gihci hwngfat fugsaeh mouyiz.,改革服务贸易发展机制。,government_work_report,1014,za,zh
Gungganq gaicawx canjnieb moq vunqsik moq.,培育贸易新业态新模式。,government_work_report,1015,za,zh
Doidoengh gyagoeng gaicawx faen mbaek senj bae dieg Cungqgyang dieg Baihsae.,推动加工贸易向中西部梯度转移。,government_work_report,1016,za,zh
"Gaenxmaenx gya'gvangq cingouj, banh ndei Gaiq Daih'it Cungguek Gozci Cingouj Bozlanjvei, gyangqdaemq gij gvanhsui cingouj lumjbaenz giceh、mbangj doxgaiq ngoenznaengz yungh daengj.",积极扩大进口，办好首届中国国际进口博览会，下调汽车、部分日用消费品等进口关税。,government_work_report,1017,za,zh
"Raeuz aeu yungh ligdoh engq daih bae hailangh hawciengz, bae coicaenh canjnieb swnggaep caeuq gaicawx ndaej doxdaengh hwngfat, hawj bouxsiuyungh miz senjleh engq lai.",我们要以更大力度的市场开放，促进产业升级和贸易平衡发展，为消费者提供更多选择。,government_work_report,1018,za,zh
Coicaenh gaicawx caeuq douzswh bienq swyouz bienq fuengbienh bae.,促进贸易和投资自由化便利化。,government_work_report,1019,za,zh
"Cungguek giendingh mbouj bienq doicaenh ginghci cenzgiuzva, henhoh swyouz gaicawx, nyienh caeuq fueng mizgven de itheij caeux di damzbuenq lai mbiengj gaicawx, caeuxdi gietsat aen damzbuenq yaengdingh Ranghdieg Cienzmienh Ginghci Hujgeiq Gvanhaeh, gyavaiq cauhlaeb Yadai Swmougih caeuq Dunghya Ginghci Gungdungzdij.",中国坚定不移推进经济全球化，维护自由贸易，愿同有关方推动多边贸易谈判进程，早日结束区域全面经济伙伴关系协定谈判，加快亚太自贸区和东亚经济共同体建设。,government_work_report,1020,za,zh
"Cungguek cawjcieng doenggvaq bingzdaengj doxyaeng gaijgez gaicawx doxdawz, fanjdoiq mouyiz baujhu cujyi, genhgez henhoh gij gienzik habfap bonjfaenh.",中国主张通过平等协商解决贸易争端，反对贸易保护主义，坚决捍卫自身合法权益。,government_work_report,1021,za,zh
（Gouj）Daezsang aen suijbingz baujcang caeuq gaijndei gij gwndaenj lwgminz.,（九）提高保障和改善民生水平。,government_work_report,1022,za,zh
"Aeu youq gwnz giekdaej hwngfat bae lai banh gij saedsaeh ik lwgminz、lai gaijgez gij saehhoj gwndaenj lwgminz, souj maenh diuz daejsienq gij gwndaenj lwgminz, mboujduenh hawj cungqvunz lwgminz lai roxnyinh aeundaej、 lai roxnyinh vuenyungz、lai roxnyinh ancienz.",要在发展基础上多办利民实事、多解民生难事，兜牢民生底线，不断提升人民群众的获得感、幸福感、安全感。,government_work_report,1023,za,zh
Comzrengz coicaenh couhnieb cauhnieb.,着力促进就业创业。,government_work_report,1024,za,zh
"Gyagiengz cienzfueng'vih bae fugsaeh goenggungh couhnieb, daih gveihmoz bae guh cizyez ginwngz beizyin, yungh""vangjdoxlienz ＋""bae hwngfat yienghsik couhnieb moq.",加强全方位公共就业服务，大规模开展职业技能培训，运用“互联网+”发展新就业形态。,government_work_report,1025,za,zh
"Bineix miz 820 lai fanh boux dayozswngh bizyez, dwg gwnz lizsij bizyez vunzsoq ceiq lai ndeu, aeu coicaenh lai diuz roenloh couhnieb, daemxcengj aeu cauhnieb daiqdoengh couhnieb.",今年高校毕业生820多万人，再创历史新高，要促进多渠道就业，支持以创业带动就业。,government_work_report,1026,za,zh
Maenhsaed anbaiz ndei、guenj ndei caeuq baujcang ndei bouxbing doiq ok bingdoih.,扎实做好退役军人安置。,government_work_report,1027,za,zh
Gya rengz bae bangcoengh boux hoj ra ndaej hong guh de lumjbaenz bouxndangcanz daengj.,加大对残疾人等就业困难人员援助力度。,government_work_report,1028,za,zh
"Lai hawj nungzminzgungh ra ndaej hong, cienzmienh ceihleix gij vwndiz niengqyiemq cienzhong.",扩大农民工就业，全面治理拖欠工资问题。,government_work_report,1029,za,zh
"Aeu laebndei yiengh gihci doxyaeng lauzdung gvanhaeh, mbouj hawj aeu vunz yawj mbouj hwnj mehmbwk caeuq ndangfaenh daemq, hawj gij couhnieb engqgya goengbingz、engqgya cungfaen bienqbaenz diemj rongh guek raeuz hwngfat.",要健全劳动关系协商机制，消除性别和身份歧视，使更加公平、更加充分的就业成为我国发展的突出亮点。,government_work_report,1030,za,zh
Yamqonj daezsang gij souhaeuj suijbingz gihminz.,稳步提高居民收入水平。,government_work_report,1031,za,zh
Laebdaeb daezsang gihbwnj yangjlaujginh hawj boux duiyouh caeuq daezsang gihcuj yangjlaujginh hawj gihminz singz mbanj.,继续提高退休人员基本养老金和城乡居民基础养老金。,government_work_report,1032,za,zh
Hableix diuzcingj aen biucinj cienzhong ceiq daemq ndawbiengz.,合理调整社会最低工资标准。,government_work_report,1033,za,zh
"Laebndei gij cidu cienzhong caeuq cinhdez bujdez gihgvanh saehnieb danhvei, aeu lai coq hawj dieg ganhoj、aen gang'vih daegbied de.",完善机关事业单位工资和津补贴制度，向艰苦地区、特殊岗位倾斜。,government_work_report,1034,za,zh
"Daezsang diuz sienq sou aeu goyinz sojdwzsui, demgya gaeucawz gij cienzyungh cienhangh de lumjbaenz lwgnyez doegsaw、yw bingh hung daengj, hableix gemjmbaeu diuzrap, gikcoi cungqvunz lwgminz doenggvaq guhhong bae lai ndaej souhaeuj、gwndaenj mbouj you.",提高个人所得税起征点，增加子女教育、大病医疗等专项费用扣除，合理减负，鼓励人民群众通过劳动增加收入、迈向富裕。,government_work_report,1035,za,zh
Hwngfat cungj gyauyuz goengbingz youh miz caetliengh de.,发展公平而有质量的教育。,government_work_report,1036,za,zh
"Doidoengh gij yivu gyauyuz singz mbanj baenz cingjdaej hwngfat, gyauyuz douzhaeuj laebdaeb ngeng coh dieg gungzhoj caeuq hothoh mbangnyieg.",推动城乡义务教育一体化发展，教育投入继续向困难地区和薄弱环节倾斜。,government_work_report,1037,za,zh
"Caencingq gemjdaemq aen beijlwd hagseng lajmbanj buenqbangh doiq hag, cagaenj siucawz""aen ban hagseng lai""ndaw singz, comzrengz gaijgez aen vwndiz hagseng cunghyoz siujyoz youq baihrog deng hag lai.",切实降低农村学生辍学率，抓紧消除城镇“大班额”，着力解决中小学生课外负担重问题。,government_work_report,1038,za,zh
"Minzcuz maqmuengh youq laeng lwgnyez, ndawranz youq laeng lwgnyez.",儿童是民族的未来、家庭的希望。,government_work_report,1039,za,zh
"Aeu lai diuz roenloh demgya yozcenz gyauyuz swhyenz, lailai gvansim caeuq gunggan doengh boux lauxsae son nyez iq, yungh gij soujduenh saenqsikvaq lumjbaenz vangjdoxlienz daengj, gyagiengz gamguenj daengx aen bouhloh dak guenj dak son lwgnyez, itdingh aeu hawj bohmeh lwgnyez cuengqsim ansim.",要多渠道增加学前教育资源供给，运用互联网等信息化手段，加强对儿童托育全过程监管，一定要让家长放心安心。,government_work_report,1040,za,zh
"Haenqrengz hwngfat cizyez gyauyuz, daemxcengj caeuq gveihfan ligliengh ndawbiengz bae banh cizyez gyauyuz.",支持社会力量举办职业教育。,government_work_report,1041,za,zh
Doicaenh bujgiz duenh gyauyuz gauhcungh.,推进普及高中阶段教育。,government_work_report,1042,za,zh
"Aeu gij aeuyungh ginghci sevei hwngfat guh fuengyiengq dazyinx, gaijndei gij gapgyaq gauhdwngj gyauyuz, gyavaiq cauhlaeb gij daihhag caeuq yozgoh seiqgyaiq suijbingz, daemxcengj dieg Cungqgyang dieg Baihsae cauhlaeb gij dayoz miz daegsaek、suijbingz sang.",以经济社会发展需要为导向，优化高等教育结构，加快“双一流”建设，支持中西部建设有特色、高水平大学。,government_work_report,1043,za,zh
Youh caiq guh gij giva cienmonz ciu hagseng lajmbanj caeuq dieg gungzhoj.,继续实施农村和贫困地区专项招生计划。,government_work_report,1044,za,zh
Hwngfat minzcuz gyauyuz、daegbied gyauyuz、laebdaeb gyauyuz caeuq vangjloz gyauyuz.,发展民族教育、特殊教育、继续教育和网络教育。,government_work_report,1045,za,zh
Gyagiengz cauhlaeb aen doih lauxsae caeuq daudwz、cozfungh lauxsae.,加强师资队伍和师德师风建设。,government_work_report,1046,za,zh
"Aeu gyavaiq doicaenh gij gyauyuz yienhdaih, banh ndei yiengh gyauyuz lwgminz habhoz, hawj bouxboux cungj miz gihvei bingzdaengj doenggvaq doegsaw gaijbienq minghyinh bonjfaenh、guhbaenz aen siengjmuengh ciuhvunz.",要办好人民满意的教育，让每个人都有平等机会通过教育改变自身命运、成就人生梦想。,government_work_report,1047,za,zh
Saedhengz aen canloz Cungguek cangqheiq.,实施健康中国战略。,government_work_report,1048,za,zh
"Daezsang gij suijbingz baujcang gihbwnj yihbauj caeuq bingh hung baujyiemj, aen biucinj caizcwng bangbouj gihminz gihbwnj yihbauj moix vunz bingzyaenz caiq demgya 40 maenz, dingz ndeu yungh youq bingh hung baujyiemj.",提高基本医保和大病保险保障水平，居民基本医保人均财政补助标准再增加40元，一半用于大病保险。,government_work_report,1049,za,zh
"Gya'gvangq aen gvaengh youq sengj wnq dieg wnq ywbingh ndaej cigsoh gietsuenq cienz ywbingh, dawz gij yihyen caengzgiek caeuq boux nungzminzgungh okrog guhhong、boux couhnieb cauhnieb daj dieg wnq daeuj daengj cienzbouh nab haeujdaeuj.",扩大跨省异地就医直接结算范围，把基层医院和外出农民工、外来就业创业人员等全部纳入。,government_work_report,1050,za,zh
"Haenqrengz gungganq canghyw, gyagiengz cauhlaeb aen doih boux canghyw rox yw bingh ciengz raen、boux canghyw yw bingh lwgnyez, doicaenh faengaep yawjbingh ywbingh caeuq boux canghyw ciemdingh habdoengz fugsaeh gyadingz.",加强全科医生队伍建设，推进分级诊疗。,government_work_report,1051,za,zh
Laebdaeb daezsang aen biucinj moix vunz bingzyaenz caizcwng bangbouj gihbwnj goenggungh veiswngh fugsaeh ginghfei.,继续提高基本公共卫生服务经费人均财政补助标准。,government_work_report,1052,za,zh
"Genhciz yawhfuengz guhcawj, gya rengz gaemhanh fuengzre bingh naek bingh hung.",改善妇幼保健服务。,government_work_report,1053,za,zh
Gaijndei fugsaeh mehmbwk lwgnyez baujgen.,支持中医药事业传承发展。,government_work_report,1054,za,zh
"Daemxcengj ciepswnj、cauhmoq、hwngfat aen saehnieb cunghyihyoz.Cauhmoq gij fuengsik gamguenj gijgwn gijyw, lailai yungh vangjdoxlienz、daihsoqgawq daeuj daezswng gamguenj yauqnaengz, gyavaiq guhbaenz sojmiz seiz guh louz riz、saenqsik ndaej ragoek, hawj gij canjbinj miz vwndiz de mbouj miz dieg ndoj、boux cauhguh siugai de nanz deuz ok fanvangx faplwd, hawj bouxsiuyungh cawx ndaej cuengqsim、gwn ndaej ansim.",创新食品药品监管方式，注重用互联网、大数据等提升监管效能，加快实现全程留痕、信息可追溯，让问题产品无处藏身、不法制售者难逃法网，让消费者买得放心、吃得安全。,government_work_report,1055,za,zh
"Guh ndei gij hong couzbanh Baekging Auyinvei Seizdoeng、Auyinvei Bouxndangcanz Seizdoeng, lai diuz roenloh demgya gij ciengzdieg caeuq sezsih hawj lwgminz raeuz lienhndang.",做好北京冬奥会、冬残奥会筹办工作，多渠道增加全民健身场所和设施。,government_work_report,1056,za,zh
"Cungqvunz lwgminz ndang cangq sim hai、sim sienh doxbae, guekgya bietdingh yaek hwngfat fwdfwd、byaij yiengq mwnhoengh fouqak.",人民群众身心健康、向善向上，国家必将生机勃勃、走向繁荣富强。,government_work_report,1057,za,zh
Engq ndei bae gaijgez gij vwndiz ranzyouq cungqvunz.,更好解决群众住房问题。,government_work_report,1058,za,zh
"Haiguh aen giva gunggeng moq sam bi gaijcauh ranzdiengz, bineix haigoeng 580 fanh dauq.",启动新的三年棚改攻坚计划，今年开工580万套。,government_work_report,1059,za,zh
"Gya rengz baujcang ranzco goenggungh, doiq doengh ranz souhaeuj daemq caengz miz ranz youq de, wnggai bauj couh bauj, dawz boux cizgungh ngamq couhnieb caengz miz ranzyouq、gyoengq vunz daj dieg wnq daeuj guhhong hab diuzgen de nabhaeuj ndaw gvaengh baujcang bae.",加大公租房保障力度，对低收入住房困难家庭要应保尽保，将符合条件的新就业无房职工、外来务工人员纳入保障范围。,government_work_report,1060,za,zh
"Genhciz yiengh dinghvih ranz dwg aeu daeuj youq、mbouj dwg aeu daeuj rih canh cienz, doeksaed deihfueng cawjdaej cwzyin, laebdaeb hengzguh yiengh diuzgung miz cabied de, laebhwnj laebndei gij gihci ciengzgeiz mizyauq, coicaenh hawciengz fangzdicanj ndaej bingzonj cangqheiq hwngfat.",坚持房子是用来住的、不是用来炒的定位，落实地方主体责任，继续实行差别化调控，建立健全长效机制，促进房地产市场平稳健康发展。,government_work_report,1061,za,zh
"Daemxcengj gihminz ciuq bonjfaenh aeuyungh cawx ranzyouq, gungganq aen hawciengz co ranzyouq, hwngfat gij ranzyouq canjgienz caemhmiz.",支持居民自住购房需求，培育住房租赁市场，发展共有产权住房。,government_work_report,1062,za,zh
"Gyavaiq laebhwnj gij cidu lai aen cawjdaej gunghawj ranzyouq、lai diuz roenloh baujcang ranzyouq、ndaej cawx ndaej co ranzyouq, hawj gyoengq lwgminz caeuxdi guhbaenz youqonj cuengqsim.",加快建立多主体供给、多渠道保障、租购并举的住房制度，让广大人民群众早日实现安居宜居。,government_work_report,1063,za,zh
Gyagiengz daiz daej baujcang gij gwndaenj lwgminz.,强化民生兜底保障。,government_work_report,1064,za,zh
Yamqonj daezsang aen biucinj singz mbanj dihbauj、ndawbiengz gouqbang、fujsiz daihndei daengj.,稳步提高城乡低保、社会救助、抚恤优待等标准。,government_work_report,1065,za,zh
"Laeb caezcienz aen dijhi ndawbiengz gouqbang, daemxcengj yiengh saehnieb goeng'ik swnzsienh hwngfat.",健全社会救助体系，支持公益慈善事业发展。,government_work_report,1066,za,zh
"Caenhcingz caenhrengz guh ndei gij hong daiz daej, mbouj aenvih saeh hoj guh cix doi deuz, mbouj aenvih saeh iq cix mbouj guh, aeu hawj doengh boux deng gungz de cungj ndaej ndawbiengz gvansim caeuq bangcoh.",倾情倾力做好托底工作，不因事难而推诿，不因善小而不为，要让每一个身处困境者都能得到社会的关爱和温暖。,government_work_report,1067,za,zh
Cauhlaeb aen gapgyaq geksik ndawbiengz ceihleix caezlaeb、caezceih、caezyungh.,打造共建共治共享社会治理格局。,government_work_report,1068,za,zh
"Laebndei aen cidu cungqvunz caengzgiek gagguenj, gyagiengz segih ceihleix.Fazveih ndei gij cozyung ginzdonz cujciz lumjbaenz gunghvei、Gungcinghdonz、fulenz daengj.",完善基层群众自治制度，加强社区治理。,government_work_report,1069,za,zh
Coicaenh doengh gij sevei cujciz、hongsaeh ciennieb ndawbiengz、gagnyienh fugsaeh ndaej cangqheiq hwngfat.,发挥好工会、共青团、妇联等群团组织作用。,government_work_report,1070,za,zh
Gyagiengz cauhlaeb aen dijhi sevei saenqyungh.,促进社会组织、专业社会工作、志愿服务健康发展。,government_work_report,1071,za,zh
"Laebndei aen dijhi fugsaeh faplwd goenggungh, doeksaed gij cwzyinci hawj bouxboux hagrox faplwd.",加强社会信用体系建设。,government_work_report,1072,za,zh
Cauhbaenz cungj yienghndei gingqcungh mehmbwk、gvansim lwgnyez、aeueiq bouxgeq、gyaezhoh bouxndangcanz.,完善公共法律服务体系，落实普法责任制。,government_work_report,1073,za,zh
Guhndei aen gihci lai fuengmienh vaqgej gij mauzdun cengnauh ndawbiengz.,营造尊重妇女、关爱儿童、尊敬老人、爱护残疾人的良好风尚。,government_work_report,1074,za,zh
"Cauhmoq gij fuengsik hongsaeh sinfangj, ciuqfap gibseiz gaijgez gij iugouz hableix cungqvunz.",创新信访工作方式，依法及时解决群众合理诉求。,government_work_report,1075,za,zh
"Dawzyiemz doeksaed gij cwzyin ancienz swnghcanj, roengzsim naenxhaed gij saehhux hungnaek、daegdaih hungnaek.",严格落实安全生产责任，坚决遏制重特大事故。,government_work_report,1076,za,zh
"Guhndei gij hong deihdoengh、diensiengq、deihcaet daengj, daezsang gij naengzlig fuengzcai gemjcai gouqcai.",做好地震、气象、地质等工作，提高防灾减灾救灾能力。,government_work_report,1077,za,zh
"Doicaenh hwnqguh aen Cungguek an'onj, yiemzmaed fuengzre caeuq genhgez dwkceih yiengh saeh bauqlig dwglau, ciuqfap haiguh gij cienhangh doucwngh dwkceih boux vaih biengz、boux hengz ak doeg, fadceih gij hozdung famhfap famhcoih lumjbaenz guhcaeg、ciengjgiep、yaeuhlox、coujndauq、guhdoj、gaidoeg gwndoeg daengj, cingjceih gij vwndiz doedyienh de, lumjbaenz densin vangjloz yaeuhlox、ciemqfamh saenqsik gunghminz、gwnzvangj cienzsiu daengj, henhoh guekgya ancienz caeuq goenggungh ancienz.",推进平安中国建设，严密防范和坚决打击暴力恐怖活动，依法开展扫黑除恶专项斗争，惩治盗抢骗黄赌毒等违法犯罪活动，整治电信网络诈骗、侵犯公民个人信息、网络传销等突出问题，维护国家安全和公共安全。,government_work_report,1078,za,zh
Vih hawj yinzminz ndaej gvaq saedceij ndei daezhawj cingsaenz haeuxgwn lailai.,为人民过上美好生活提供丰富精神食粮。,government_work_report,1079,za,zh
"Aeu fatyiengz gij vwnzva cienzdoengj maenhndei Cungguek, ciepswnj gij vwnzva gwzming, hwngfat gij vwnzva senhcin sevei cujyi, gungganq caeuq hengzguh gij haedsim gyacizgvanh sevei cujyi.",要弘扬中华优秀传统文化，继承革命文化，发展社会主义先进文化，培育和践行社会主义核心价值观。,government_work_report,1080,za,zh
Gyagiengz cauhlaeb swhsiengj daudwz caeuq cauhlaeb gij cingsaenz vwnzmingz gyoengq vunzlai.,加强思想道德建设和群众性精神文明创建。,government_work_report,1081,za,zh
"Gyavaiq cauhlaeb aen cezyoz sevei gohyoz miz gij daegsaek Cungguek, coisawj vwnzyi cozbinj mwnhoengh, hwngfat sinhvwnz okbanj、gvangjbo denyingj densi、dangjanq daengj.Gyagiengz baujhoh leihyungh vwnzvuz caeuq baujhoh ciepswnj vwnzva yizcanj.",加快构建中国特色哲学社会科学，繁荣文艺创作，发展新闻出版、广播影视、档案等事业。,government_work_report,1082,za,zh
Laebndei aen donzdij comz vunzak yienghmoq.,加强文物保护利用和文化遗产保护传承。,government_work_report,1083,za,zh
Roengzrengz cauhlaeb gij neiyungz vangjdoxlienz.,建好新型智库。,government_work_report,1084,za,zh
"Haeujlaeg saedhengz aen gunghcwngz vwnzva ikleih beksingq, gungganq gij fuengsik ginghyingz vwnzva yienghmoq, gyavaiq hwngfat canjnieb vwnzva.",加强互联网内容建设。,government_work_report,1085,za,zh
"Iudaeuz yuqheuh cienzminz doegsaw, cauhlaeb aenbiengz gaenx hagsib.",深入实施文化惠民工程，培育新型文化业态。,government_work_report,1086,za,zh
Gyalaeg gij yinzvwnz Cungguek rogguek gyaulouz.,深化中外人文交流。,government_work_report,1087,za,zh
"Raeuz aeu doenggvaq yiengh vwnzva sevei cujyi miz gij daegsaek Cungguek mwnhoengh hwngvuengh neix, daeuj gietcomz gij cingsaenz ligliengh hungdaih bae guhbaenz minzcuz fukhwng.",我们要以中国特色社会主义文化的繁荣兴盛，凝聚起实现民族复兴的磅礴精神力量。,government_work_report,1088,za,zh
"Haeuj daengz seizdaih moq, hongsaeh cwngfuj youq ndaw bimoq aeu miz yienghsiengq moq cingzcik moq.",进入新时代，政府工作在新的一年要有新气象新作为。,government_work_report,1089,za,zh
"Aeu laebmaenh""seiq aen eiqsik"", giendingh""seiq aen gagsaenq"", genhgez henhoh aen diegvih gyangsim Siz Ginbingz cungjsuhgi, genhgez henhoh Dangjcunghyangh gienzvi caeuq gyonjcomz doengjit lingjdauj, doeksaed gij iugouz cienzmienh coengz yiemz guenj Dangj, gyagiengz gensez cwngfuj bonjndang, haeujlaeg doicaenh cienjbienq cwngfuj ciznwngz, cienzmienh daezswng gij suijbingz hengzguh cizcwz, daezgung gij fugsaeh caetliengh ndei yauqlwd sang hawj yinzminz.",要牢固树立“四个意识”，坚定“四个自信”，坚决维护习近平总书记核心地位，坚决维护党中央权威和集中统一领导，落实全面从严治党要求，加强政府自身建设，深入推进政府职能转变，为人民提供优质高效服务。,government_work_report,1090,za,zh
Cienzmienh doicaenh ciuq Fapgoek bae yungh gienz、ciuq faplwd guh guenjleix.,全面推进依宪施政、依法行政。,government_work_report,1091,za,zh
"Dawzyiemz ciuqsouj Fapgoek faplwd, gyavaiq cauhlaeb aen cwngfuj fapceih, dawz cwngfuj hozdung nab haeuj diuz roen fapceih bae.",严格遵守宪法法律，加快建设法治政府，把政府活动全面纳入法治轨道。,government_work_report,1092,za,zh
"Genhciz dawzyiemz gveihfan goengcingq vwnzmingz caepfap, miz gienz mbouj ndaej luenhyungh, yungh gienz dingh deng gamduk.",坚持严格规范公正文明执法，有权不可任性，用权必受监督。,government_work_report,1093,za,zh
"Gak gaep cwngfuj aeu ciuqfap ciepsouh doengzgaep yinzda caeuq aen cangzveijvei de gamduk, gagrox ciepsouh yinzminz cwnghez guh minzcuj gamduk, gagnyienh ciepsouh sevei caeuq yizlun gamduk, nyinhcaen dingqaeu gij yigen yinzda daibyauj、cwnghez veijyenz, dingqaeu gij yigen minzcuj dangjbai、 Gunghsanghlenz、boux mizmingz mbouj haeuj dangjbai de caeuq gak yinzminz donzdij.",各级政府要依法接受同级人大及其常委会的监督，自觉接受人民政协的民主监督，主动接受社会和舆论监督，认真听取人大代表、政协委员意见，听取民主党派、工商联、无党派人士和各人民团体意见。,government_work_report,1094,za,zh
"Cwngfuj aeu gangj daengz guh daengz, baenzlawz cungj mbouj ndaej""guen moq mbouj leix soqgaeuq"".",政府要信守承诺，决不能“新官不理旧账”。,government_work_report,1095,za,zh
Cienzmienh doicaenh goenghai hongsaeh cwngci.,全面推进政务公开。,government_work_report,1096,za,zh
"Sojmiz hongsaeh yinzminz cwngfuj cungj aeu daejyienh gij eiqnyienh yinzminz, guh ndaej ndei mbouj ndei aeu yawj saedsaeh yauqgoj、doeksat youz yinzminz daeuj bingz.",人民政府的所有工作都要体现人民意愿，干得好不好要看实际效果、最终由人民来评判。,government_work_report,1097,za,zh
Cienzmienh gyagiengz cauhlaeb dangjfungh lenzcwng.,全面加强党风廉政建设。,government_work_report,1098,za,zh
"Hawj gij hagsib gyauyuz""song hag it guh"" bienqbaenz ciengzseiz bienqbaenz cidu bae, nyinhcaen haiguh gij cawjdaez gyauyuz""mbouj lumz simnyienh codaeuz、geiqmaenh diuzrap gwnzmbaq"".",推进“两学一做”学习教育常态化制度化，认真开展“不忘初心、牢记使命”主题教育。,government_work_report,1099,za,zh
"Laemxsim gvancez doeksaed gij cingsaenz Dangjcunghyangh bet hangh gvidingh caeuq gij banhfap ciengzsaeq saedhengz de, mboujduenh cingjcei""seiq yiengh rumzmbeuj"", daegbied dwg caenhrengz gaiqcawz hingzsiz cujyi、gvanhliuz cujyi bae.",坚决贯彻落实党中央八项规定及实施细则精神，驰而不息整治“四风”，特别是力戒形式主义、官僚主义。,government_work_report,1100,za,zh
Gyagiengz saemjgeiq gamduk.,加强审计监督。,government_work_report,1101,za,zh
"Gyamaenh hwngfat aen seiqdaeuz fanj nduknaeuh doucwngh lanzdangj mbouj ndaej haenx, gyaeng gienz haeuj aen loengz cidu bae, laemxsim fadceih gak cungj hingzveiz nduknaeuh.",巩固发展反腐败斗争压倒性态势，把权力关进制度的笼子，坚决惩治各类腐败行为。,government_work_report,1102,za,zh
"Boux guhhong ndaw cwngfuj aeu genseuq gaghaed, gaenxguh caenh cizcwz, gagrox bae ciepsouh faplwd gamduk、gamcaz gamduk caeuq beksingq gamduk, nseuq vih beksingq guhsaeh, baenzlawz cungj doiq ndaej hwnj aen cwngheuh bouxhoiq yinzminz.",政府工作人员要廉洁修身，勤勉尽责，干干净净为人民做事，决不辜负人民公仆的称号。,government_work_report,1103,za,zh
Cienzmienh daezsang cwngfuj yauqnaengz.,全面提高政府效能。,government_work_report,1104,za,zh
"Hawj cwngfuj ndalaeb gihgou caeuq boiqceiq ciznwngz bienq ndei bae, gyalaeg gihgou gaijgwz, cauxbaenz aen dijhi cwngfuj ceihleix cizcwz mingzbeg doekdingh、ciuqfap hengzsawj gienzlig, demgiengz gij ligliengh goengsaenq caeuq gij ligliengh caephengz cwngfuj.",优化政府机构设置和职能配置，深化机构改革，形成职责明确、依法行政的政府治理体系，增强政府公信力和执行力。,government_work_report,1105,za,zh
"Sojmiz gij cingzcik Cungguek gaijgwz hwngfat aeundaej, cungj dwg guh okdaeuj.",中国改革发展的一切成就，都是干出来的。,government_work_report,1106,za,zh
"Doiq gak gaep cwngfuj caeuq boux guh hong de daeuj gangj, vih beksingq guh saeh dwg doi mbouj ndaej、mbouj guh dwg mbouj caenh cwzyin.",对各级政府及其工作人员来说，为人民干事是天职、不干是失职。,government_work_report,1107,za,zh
"Aeu laebndei aen gihci gikcoi hanhhaed、cinjhawj sawq loek gaij loek, geiz hauh sienmingz dwk vih boux gaenx guh saeh cengjhwet gya rengz, yiemzsuk gyaepcaz gij cwzyin gik guh、rubrab guh gij saeh goenggya.",要完善激励约束、容错纠错机制，旗帜鲜明给积极干事者撑腰鼓劲，对庸政懒政者严肃问责。,government_work_report,1108,za,zh
"Baenzlawz cungj mbouj ndaej hanbak lai sing goksax、cix guh noix doeksaed yaez, baenzlawz cungj mbouj hawj ciemq vih mbouj guhsaeh.",决不能表态多调门高、行动少落实差，决不允许占着位子不干事。,government_work_report,1109,za,zh
"Gyoengq ganbu aeu daezsang cwngci suciz caeuq gij bonjsaeh guhhong, gouz caen guh saed, gamj bae guh saeh, guh ok gij niebcik moq saedsaedcaihcaih daeuj, guh ok cungqvunz haibak haenh ndei daeuj, guh ok aen geizseiq sengdoengh baenz cien baenz fanh diuz ruz nyigrumz yaengx fan, bonghbae fofo daeuj.",广大干部要提高政治素质和工作本领，求真务实，干字当头，干出实打实的新业绩，干出群众的好口碑，干出千帆竞发、百舸争流的生动局面。,government_work_report,1110,za,zh
Cunghvaz Minzcuz dwg aen gyadingz hung doxndei caemhyouq、doxcomz raeujrub ndeu.,中华民族是一个和睦相处、团结温暖的大家庭。,government_work_report,1111,za,zh
"Raeuz aeu genhciz caeuq guhndei aen cidu dieg minzcuz gag guenj, cienzmienh gvancez gij minzcuz cwngcwz aen Dangj.",我们要坚持和完善民族区域自治制度，全面贯彻党的民族政策。,government_work_report,1112,za,zh
Laebdaeb roengzrengz daemxcengj dieg minzcuz、gij minzcuz vunz haemq noix de hwngfat.,继续加强对民族地区、人口较少民族发展的支持。,government_work_report,1113,za,zh
Cujciz ndei gij hozdung angqhoh Gvangjsih Bouxcuengh Swcigih、Ningzya Veizcuz Swcigih laebbaenz 60 hopbi.,组织好广西壮族自治区、宁夏回族自治区成立60周年庆祝活动。,government_work_report,1114,za,zh
"Gyagiengz gak minzcuz dox baedauq、dox gyaulouz、dox yungzhab, hawj aen cingjdaej caezcaemh Cunghvaz Minzcuz giekdaej engq maenh、doxlienz engq ndaet.",加强各民族交往交流交融，让中华民族共同体的根基更加坚实、纽带更加牢固。,government_work_report,1115,za,zh
"Raeuz aeu cienzmienh gvancez diuz gihbwnj fuengcim hongsaeh cunghgyau aen Dangj, genhciz aen fuengyiengq hawj cunghgyau hab gij saedsaeh guek raeuz, coicaenh cunghgyau gvanhaeh cangqheiq huzndei, hawj boux vunz mizmingz cunghgyaugai caeuq gyoengq vunz saenq cunghgyau de youq ndaw coicaenh ginghci sevei hwngfat fazveih cozyung ndei.",我们要全面贯彻党的宗教工作基本方针，坚持我国宗教的中国化方向，促进宗教关系健康和谐，发挥宗教界人士和信教群众在促进经济社会发展中的积极作用。,government_work_report,1116,za,zh
"Raeuz aeu nyinhcaen doeksaed gyauzvu cwngcwz, henhoh gij gienzik habfap gyauzbauh rog guek caeuq gveihgyauz gyauzgen, cauh ok diuzgen engq ndei hawj gyoengqde youq ndaw guekgya yendaiva gensez fatok gijndei daegbied caeuq cozyung youqgaenj engq lai, gikcoi gyoengq lwglan Cunghvaz ndawguek rogguek doengzcaez haenqrengz buekguh、caez cauh cingzcik ronghsag.",我们要认真落实侨务政策，维护海外侨胞和归侨侨眷合法权益，为他们在国家现代化建设中发挥独特优势和重要作用创造更好条件，激励海内外中华儿女同心奋斗、共创辉煌。,government_work_report,1117,za,zh
"Naj doiq aen bienqvaq laegdaeuq yiengh vanzging guekgya ancienz, raeuz aeu doenggvaq aen muzbyauh hawj bingdoih bienq ak seizdaih moq Dangj raeuz daeuj dazyinx, laebmaenh doekdingh aeu aen swhsiengj hawj bingdoih bienq ak Siz Ginbingz bae dazyinx cauhlaeb gozfangz caeuq bingdoih, giendingh mbouj bienq byaij diuz roen hawj bingdoih bienq ak miz gij daegsaek Cungguek, cienzmienh doicaenh gij hongsaeh lienhbing bwh hoenx, laemxsim mizrengz bae henhoh gij cawjgienz、ancienz、leih'ik hwngfat guekgya.",面对国家安全环境的深刻变化，我们要以党在新时代的强军目标为引领，牢固确立习近平强军思想在国防和军队建设中的指导地位，坚定不移走中国特色强军之路，全面推进练兵备战工作，坚决有力维护国家主权、安全、发展利益。,government_work_report,1118,za,zh
"Genhciz gij gaenbonj yenzcwz caeuq cidu Dangj baenzbaenz cungj aeu lingjdauj bingdoih, cienzmienh haeujlaeg gvancez aen cidu ginhveij cujsiz fucwz.",坚持党对军队绝对领导的根本原则和制度，全面深入贯彻军委主席负责制。,government_work_report,1119,za,zh
"Gak gaep cwngfuj aeu yungh gij guhfap engq mizrengz de, bae daemxcengj gaijgwz cauhlaeb gozfangz caeuq bingdoih, haeujlaeg mbeguh gij hozdung yungjhu bingdoih daihndei gij vunz ndaw ranz bouxbing、yungjhu cwngfuj ndiepgyaez beksingq, hawj ginh cwng ginh minz doxgiet seizseiz cungj genq lumj rinranx、itcig rag laeg mbaw mwn.",各级政府要采取更有力的举措，支持国防和军队建设改革，使军政军民团结始终坚如磐石、始终根深叶茂。,government_work_report,1120,za,zh
"Raeuz aeu laebdaeb cienzmienh cinjdeng bae gvancez aen fuengcim""aen guekgya ndeu song cungj cidu"", dawzyiemz eiciuq Fapgoek caeuq Gihbwnjfaz banhsaeh.",我们要继续全面准确贯彻“一国两制”方针，严格依照宪法和基本法办事。,government_work_report,1121,za,zh
"Aeu caenhrengz daemxcengj Yanghgangj、Aumwnz Daegbied Hingzcwnggih cwngfuj caeuq hingzcwng cangjgvanh eifap bae yungh gienz, haenqrengz hwngfat ginghci、lienzdaemh gaijndei gij gwndaenj lwgminz、miz bouhloh bae doicaenh minzcuj、coicaenh ndawbiengz huzndei.",全力支持香港、澳门特别行政区政府和行政长官依法施政，大力发展经济、持续改善民生、有序推进民主、促进社会和谐。,government_work_report,1122,za,zh
"Daemxcengj Yanghgangj、Aumwnz yungzhaeuj aen daihbuenz guekgya hwngfat bae, gyalaeg Diegndaw caeuq dieg Gangj Au gyaulouz gapguh.",支持香港、澳门融入国家发展大局，深化内地与港澳地区交流合作。,government_work_report,1123,za,zh
"Dou saenq, Yanghgangj、Aumwnz itdingh ndaej caeuq Diegndaw guekcoj caemh hwngfat、caez mwnhoengh.",我们坚信，香港、澳门一定能与祖国内地同发展、共繁荣。,government_work_report,1124,za,zh
"Raeuz aeu laebdaeb gvancez gij fuengcim cwngcwz hungnaek mizgven hongsaeh Daizvanh, genhciz diuz yenzcwz aen Cungguek dog, youq gwnz giekdaej ""gij nyinhrox doxdoengz 92 nienz"", doidoengh song hamq gvanhaeh hozbingz hwngfat, doicaenh yamqdin guekcoj hozbingz doengjit.",我们要继续贯彻对台工作大政方针，坚持一个中国原则，在“九二共识”基础上推动两岸关系和平发展，推进祖国和平统一进程。,government_work_report,1125,za,zh
"Laemxsim henhoh cawjgienz guekgya caeuq diegguek caezcingj, baenzlawz cungj mbouj yungznyaenx miz yiengh maeuzsuenq caeuq hengzdoengh faenmbek ""Daizvanh gaglaeb"" lawz.",坚决维护国家主权和领土完整，绝不容忍任何“台独”分裂图谋和行径。,government_work_report,1126,za,zh
"Gya'gvangq song hamq ginghci vwnzva gyaulouz gapguh, cugbouh vih gyoengq beixnuengx Daizvanh youq Diegndaw hagsib、cauhnieb、couhnieb、gvaq saedceij daezgung gij dakdaih caeuq gyoengq beixnuengx Diegndaw doxdoengz.",扩大两岸经济文化交流合作，逐步为台湾同胞在大陆学习、创业、就业、生活提供与大陆同胞同等待遇。,government_work_report,1127,za,zh
"Song hamq caemh rag, goetyiet doxlienz.",两岸同根，骨肉相亲。,government_work_report,1128,za,zh
"Gyoengq beixnuengx song hamq swnh'wngq aen byaijyiengq lizsij、caez rap dauhleix hung minzcuz, ietdingh yaek doengzcaez cauh'ok aen ngoenzcog gyaeundei Cunghvaz Minzcuz dauqhwng hungmbwk!",两岸同胞顺应历史大势、共担民族大义，必将共创中华民族伟大复兴的美好未来！,government_work_report,1129,za,zh
Cungguek caeuq seiqgyaiq gak guek hwngfat gaenjmaed doxlienz、minghyinh caemh haemz caemh hoj.,中国与世界各国发展紧密相连、命运休戚与共。,government_work_report,1130,za,zh
"Raeuz yaek itcig mbouj bienq bae byaij diuzroen hozbingz hwngfat, doidoengh laebhwnj cungj gozci gvanhaeh yienghmoq.",我们将始终不渝走和平发展道路，推动构建新型国际关系。,government_work_report,1131,za,zh
"Gaenxmaenx caeuqfaenh gaijgwz guhndei ceihleix seiqgyaiq, haenqrengz bae cauhlaeb yiengh seiqgyaiq ginghci hailangh de.",积极参与改革完善全球治理，致力于建设开放型世界经济。,government_work_report,1132,za,zh
"Doicaenh guek hung doxbang gapguh, gyalaeg caeuq guekgya seiqhenz huzndei caemhyouq、caezcaemh hwngfat, gyagiengz caeuq gij guekgya cingqcaih hwngfat haenx doxgiet gapguh.",推进大国协调合作，深化同周边国家睦邻友好和共同发展，加强同发展中国家团结合作。,government_work_report,1133,za,zh
"Banhndei vaigyauh cawjciengz, lumjbaenz Bozauz Yacouh Lundanz Nenzvei、Sanghaij Gapguh Cujciz Funghvei、Cungh Feih Gapguh Lundanz Funghvei daengj.",办好博鳌亚洲论坛年会、上海合作组织峰会、中非合作论坛峰会等主场外交。,government_work_report,1134,za,zh
"Laebdaeb vih gaijgez gij vwndiz vunzlai gvansim gwnz gozci caeuq digih, fazveih gij cozyung aen guek hung raphwnj cwzyin.",继续为解决国际和地区热点问题发挥负责任大国作用。,government_work_report,1135,za,zh
Gyagiengz caeuq laebndei aen dijhi baujcang leih'ik rog guek ancienz.,完善海外利益安全保障体系。,government_work_report,1136,za,zh
"Cungguek nyienh caeuq gak guek itheij, vih doidoengh cauhlaeb aen cingjdaej caemh minghyinh vunzloih bae buek guh mboujdingz!",中国愿与各国一道，为推动构建人类命运共同体不懈努力！,government_work_report,1137,za,zh
"Doxgiet couh ndaej gietcomz ligliengh, saedguh couh ndaej cauh ok daengzcog.",团结凝聚力量，实干创造未来。,government_work_report,1138,za,zh
"Raeuz aeu engqgya gaenjmaed doxgiet youq seiqhenz aen Dangjcunghyangh aeu Siz Ginbingz dungzci guh gyangsim, yaengx sang fan geiz hungmbwk yiengh sevei cujyi miz gij daegsaek Cungguek, aeu Aen Swhsiengj Sevei Cujyi Miz Gij Daegsaek Cungguek Seizdaih Moq Siz Ginbingz daeuj dazyinx, laemxsim baenaj, lauxsaed guhhong, coicaenh ginghci sevei lienzdaemh cangqheiq hwngfat, vih guhcaez gij yinvu cienzmienh hwnqbaenz aenbiengz siujgangh、roengzrengz ceng'aeu yiengh sevei cujyi miz gij daegsaek Cungguek seizdaih moq ndaej dabdaengz muzdiz yawhgeiz, vih dawz guek raeuz hwnqbaenz aen yendaiva guekak sevei cujyi fouqmiz minzcuj vwnzmingz huzciz gyaeundei bae、guhbaenz aen loqsiengj Cungguek—— Cunghvaz Minzcuz daih fukhwng caiq guh ok gunghawj!",我们要更加紧密地团结在以习近平同志为核心的党中央周围，高举中国特色社会主义伟大旗帜，以习近平新时代中国特色社会主义思想为指导，锐意进取，扎实工作，促进经济社会持续健康发展，为决胜全面建成小康社会、夺取新时代中国特色社会主义伟大胜利，为把我国建设成为富强民主文明和谐美丽的社会主义现代化强国、实现中华民族伟大复兴的中国梦作出新的贡献！,government_work_report,1139,za,zh
Gak boux daiqbiuj:,各位代表：,government_work_report,1140,za,zh
"Seizneix, gou daiqbiuj Gozvuyen, yiengq daihhoih bauqgangj gij hong cwngfuj, cingj saemjlwnh, caemhcaiq cingj gyoengq veijyenz Daengx Guek Cwnghez daezok yigen.",现在，我代表国务院，向大会报告政府工作，请予审议，并请全国政协委员提出意见。,government_work_report,1141,za,zh
It、Ngeuxyawj Gij Hong 2018 Nienz,一、2018年工作回顾,government_work_report,1142,za,zh
"Bi gvaqbae neix dwg bi hainduj cienzmienh gvancez gij cingsaenz Cibgouj Daih Cunghgoz Gungcanjdangj, dwg bi daih'it bonj gaiq cwngfuj ciuqfap hengzguh cizcwz.",过去一年是全面贯彻党的十九大精神开局之年，是本届政府依法履职第一年。,government_work_report,1143,za,zh
"Guek raeuz hwngfat bungzdaengz yiengh hingzseiq fukcab yiemzhaenq ndawguek rogguek, neix lai bi noix raen, ginghci miz ok gij rengz gyodroengz moq.",我国发展面临多年少有的国内外复杂严峻形势，经济出现新的下行压力。,government_work_report,1144,za,zh
"Ndaej aen Dangjcunghyangh aeu Siz Ginbingz dungzci guh cehsim dazyinx giengzak, daengx guek gak cuz lwgminz ciuq gij ceijyinx Aen Swhsiengj Sevei Cujyi Miz Gij Daegsaek Cungguek Seizdaih Moq Siz Ginbingz, coh nanz roemx bae, gunggeng cawz hoj, guhbaenz le gij hong ceiq youqgaenj daengx bi ginghci sevei hwngfat nienzco doekdingh, doeksat gietdingh cienzmienh cauhlaeb aen biengz siujgangh ndaejbaenz caiq aeundaej baenaj hungnaek moq.",在以习近平同志为核心的党中央坚强领导下，全国各族人民以习近平新时代中国特色社会主义思想为指导，砥砺奋进，攻坚克难，完成全年经济社会发展主要目标任务，决胜全面建成小康社会又取得新的重大进展。,government_work_report,1145,za,zh
Ginghci yinhhengz ndaej youq ndaw gvaengh daegdingh hableix.,经济运行保持在合理区间。,government_work_report,1146,za,zh
"Gij swnghcanj cungjciz ndawguek demmaj 6.6%, cungjliengh mauhgvaq 90 fanh ik maenz.",国内生产总值增长6.6%，总量突破90万亿元。,government_work_report,1147,za,zh
Ginghci demmaj vaiqmenh caeuq gij cijbyauh soqliengh saedhuq lumjbaenz yungh dienh、yinh huq daengj doxdaengh.,经济增速与用电、货运等实物量指标相匹配。,government_work_report,1148,za,zh
Gij gyaqcienz siuyungh gihminz hwnjsang 2.1%.,居民消费价格上涨2.1%。,government_work_report,1149,za,zh
Gozci soucei daihdaej doxdaengh.,国际收支基本平衡。,government_work_report,1150,za,zh
"Hawsingz caiq miz 1361 fanh vunz miz hong guh, aen beijlwd diucaz saetnieb onjdingh youq 5% baedauq, neix suenq haemq daemq.",城镇新增就业1361万人、调查失业率稳定在5%左右的较低水平。,government_work_report,1151,za,zh
"Aen guek hung cingqcaih hwngfat gaenh 14 ik vunz ndeu, guhdaengz cukgaeuq miz hong guh.",近14亿人口的发展中大国，实现了比较充分就业。,government_work_report,1152,za,zh
Aen gvaenghgyaq ginghci mboujduenh bienqndei.,经济结构不断优化。,government_work_report,1153,za,zh
Geu rengz siuyungh ragdoengh ginghci demmaj caiq ndaej dem'ak.,消费拉动经济增长作用进一步增强。,government_work_report,1154,za,zh
"Hangznieb fugsaeh gunghawj ginghci demmaj ciepgaenh 6 cingz, canjnieb gisuz sang、hangznieb dajcauh cangboiq demmaj yienhda vaiq gvaq itbuen gunghyez, nungzyez soucingz youh caiq raen ndei.",服务业对经济增长贡献率接近60%，高技术产业、装备制造业增速明显快于一般工业，农业再获丰收。,government_work_report,1155,za,zh
Danhvei swnghcanj cungjciz ndawguek siuyungh nwngzyenz doekdaemq 3.1%.,单位国内生产总值能耗下降3.1%。,government_work_report,1156,za,zh
Caetliengh caeuq yauqik laebdaeb daezswng.,质量和效益继续提升。,government_work_report,1157,za,zh
Gij rengz moq doinyoengx hwngfat majbaenz riengjvaiq.,发展新动能快速成长。,government_work_report,1158,za,zh
Cangzngoz Seiq Hauh daengj buek soundaej cauhmoq gohgi hungnaek ndeu lienzdaemh guhbaenz.,嫦娥四号等一批重大科技创新成果相继问世。,government_work_report,1159,za,zh
"Canjnieb ngamqhwng hwngfat hoenghhwd, canjnieb cienzdoengj ndaej gyavaiq cienjhingz swnggaep.",新兴产业蓬勃发展，传统产业加快转型升级。,government_work_report,1160,za,zh
"Vunzlai cauhnieb、cauhmoq ndaej doi haeuj gizlaeg, bingzyaenz moix ngoenz laeb giyez moq mauhgvaq 1.8 fanh aen, cawjdaej hawciengz gyoebsuenq mauhgvaq ik aen.",大众创业万众创新深入推进，日均新设企业超过1.8万户，市场主体总量超过1亿户。,government_work_report,1161,za,zh
Geu rengz doinyoengx moq cingqcaih laegdaeuq gaijbienq gij fuengsik swnghcanj swnghhoz、gungcauh gij ak moq hwngfat Cungguek.,新动能正在深刻改变生产生活方式、塑造中国发展新优势。,government_work_report,1162,za,zh
Gaijgwz hailangh caiq ndaej cungbyoengq.,改革开放取得新突破。,government_work_report,1163,za,zh
Gaijgwz gij gihgou Gozvuyen caeuq deihfueng cwngfuj guh ndaej swnh fwngz swnh din.,国务院及地方政府机构改革顺利实施。,government_work_report,1164,za,zh
"Gaijgwz aen lingjyiz ceiq youqgaenj de yamqok yamq moq, aen cidu mbawdan gimqhaed ndaej cienzmienh saedhengz, gij rengz gaijgwz gemj cwng cuengq gienz、cuengq guenj giethab、fugsaeh bienqndei ndaej gyadaih, aen vanzging gaicawx youq gwnz seiqgyaiq baizmingz bonghyat haeuj gonq.",重点领域改革迈出新的步伐，市场准入负面清单制度全面实行，简政放权、放管结合、优化服务改革力度加大，营商环境国际排名大幅上升。,government_work_report,1165,za,zh
"Doiq rog hailangh ndaej daj gak fuengmienh gya'gvangq, caezlaeb ""it rangh it loh""caiq guh ndaej baenaj.",对外开放全方位扩大，共建“一带一路”取得重要进展。,government_work_report,1166,za,zh
"Gaiq Daih'it Cungguek Gozci Cingouj Bozlanjvei banh ndaej ndeindumq, Haijnanz Swmou Siyengih ndaej doenghfwngz cauhlaeb.",首届中国国际进口博览会成功举办，海南自贸试验区启动建设。,government_work_report,1167,za,zh
"Doxgaiq cingouj cuzgouj cungjngeg mauhgvaq 30 fanh ik maenz, saedsaeh yungh gij cienzngaenz guekrog 1383 ik meijyenz、youq ndaw gij guekgya cingqcaih hwngfat de naengh onj vih daih'it.",货物进出口总额超过30万亿元，实际使用外资1383亿美元、稳居发展中国家首位。,government_work_report,1168,za,zh
Sam ciengz ciengq hung ceiq hoj gung haenx haihoenx raen ndei.,三大攻坚战开局良好。,government_work_report,1169,za,zh
"Fuengzre siucawz fungyiemj hungnaek, aen beijlwd dawzcaiq ciemq swnghcanj cungjciz ndawguek coh yiengq onjdingh, ginhyungz yinhhengz daihdaej bingzonj.",防范化解重大风险，宏观杠杆率趋于稳定，金融运行总体平稳。,government_work_report,1170,za,zh
"Dawzcinj duetgungz doicaenh mizrengz, gij vunzsoq gungzhoj lajmbanj gemjnoix 1386 fanh, miz 280 fanh vunz ndaej senjdieg banggungz.",精准脱贫有力推进，农村贫困人口减少1386万，易地扶贫搬迁280万人。,government_work_report,1171,za,zh
"Fuengzceih uqlah ndaejdaengz gyahaenq, naedfaenx mokmong (PM2.5) laebdaeb bienq daemq, cauhlaeb swnghdai vwnzmingz cingzyauq yienhda.",污染防治得到加强，细颗粒物（PM2.5）浓度继续下降，生态文明建设成效显著。,government_work_report,1172,za,zh
Gij gwndaenj lwgminz ndaej laebdaeb gaijndei.,人民生活持续改善。,government_work_report,1173,za,zh
Gij souhaeuj ndaej ceiyungh gihminz bingzyaenz moix vunz saedsaeh demmaj 6.5%.,居民人均可支配收入实际增长6.5%。,government_work_report,1174,za,zh
"Daezsang aen soq mauhgvaq couh aeu cwngsou goyinz sojdwzsui, ndalaeb gaeucawz 6 hangh cienhangh bengxgya.",提高个人所得税起征点，设立6项专项附加扣除。,government_work_report,1175,za,zh
"Gyarengz baujcang gij ciengxlaux giekbonj、yihbauj giekbonj daengj, yungh cienzcaiz bae bang gij hagseng ndaw ranz hojnanz gak loih hagdangz, gyoebsuenq gaenh ik vunz baez.",加大基本养老、基本医疗等保障力度，资助各类学校家庭困难学生近1亿人次。,government_work_report,1176,za,zh
"Gaijcauh 620 lai fanh dauq ranzyouq dieg ranzdiengz, gaijcauh ranzvaih lajmbanj 190 fanh hoh.",棚户区住房改造620多万套，农村危房改造190万户。,government_work_report,1177,za,zh
Gij gwndaenj gihminz singzmbanj youh caiq raen bienq ndei.,城乡居民生活水平又有新提高。,government_work_report,1178,za,zh
"Raeuz gig hoengh bae angqhoh gaijgwz hailangh 40 hopbi, laegdaeuq bae cungjgez gij cingzcik hungmbwk caeuq gingniemh dijbauj gaijgwz hailangh, yiemzsuk nyinhcaen gangjok youq seizdaih moq laemxsim guh gaijgwz hailangh, gikcoi daengx guek gak cuz lwgminz laebdaeb buekguh, youq gwnz roen lizsij fazcanj caiq cauh ok yiengh niebcik hungmbwk moq.",我们隆重庆祝改革开放40周年，深刻总结改革开放的伟大成就和宝贵经验，郑重宣示在新时代将改革开放进行到底的坚定决心，激励全国各族人民接续奋斗，再创新的历史伟业。,government_work_report,1179,za,zh
"Ngeuxyawj bi gvaqbae neix, cingzcik ndaej daeuj mbouj yungzheih.",回顾过去一年，成绩来之不易。,government_work_report,1180,za,zh
Gij raeuz najdoiq dwg gij vanzging baihrog bienqvaq laegdaeuq.,我们面对的是深刻变化的外部环境。,government_work_report,1181,za,zh
"Ginghci byaijcoh seiqgyaiq bungzdaengz daemdengj, lai mbiengj caeuqfaenh caez guh deng cunggik, aen hawciengz gozci ginhyungz fubfab mbouj dingh, daegbied dwg Cungguek Meijgoz ginghci mouyiz doxdawz hawj di giyez ndeu swnghcanj ginghyingz、hawciengz yawhgeiz daengj daiq daeuj yingjyangj mbouj ndei.",经济全球化遭遇波折，多边主义受到冲击，国际金融市场震荡，特别是中美经贸摩擦给一些企业生产经营、市场预期带来不利影响。,government_work_report,1182,za,zh
Gij raeuz najdoiq dwg cungj deuqnyex yiemzhaenq raq in ginghci cienjhingz yienhloh okdaeuj.,我们面对的是经济转型阵痛凸显的严峻挑战。,government_work_report,1183,za,zh
"Mauzdun gaeuq moq doxgeuj, gij vwndiz hopgeiz miz ok、gvaenghgyaq miz ok doxdab doxdaeb, ginghci yinhhengz bingzonj miz bienq、ndaw bienq miz you.",新老矛盾交织，周期性、结构性问题叠加，经济运行稳中有变、变中有忧。,government_work_report,1184,za,zh
Gij raeuz najdoiq dwg aen geizseiq fukcab yiengh vwndiz song cungj hojguh lai cungj hojguh gyalai.,我们面对的是两难多难问题增多的复杂局面。,government_work_report,1185,za,zh
"Guhbaenz onjdangq demmaj、fuengzre fungyiemj daengj lai caengz moegbiu, guhbaenz ginghci sevei hwngfat daengj lai hangh yinvu, cawqleix ndei dangqnaj caeuq gyaeraez daengj lai cungj gvanhaeh, gij nanzdoh genjdingh cwngcwz caeuq doicaenh hongsaeh gyadaih yienhda.",实现稳增长、防风险等多重目标，完成经济社会发展等多项任务，处理好当前与长远等多种关系，政策抉择和工作推进的难度明显加大。,government_work_report,1186,za,zh
"Ginggvaq daengx guek gwnz laj doengzcaez roengzrengz, gij ginghci hwngfat guek raeuz youq gwnz soqgiek sang daihdaej bingzonj youh ndaej baenaj, aen daihbuenz ndawbiengz baujciz onjdingh.",经过全国上下共同努力，我国经济发展在高基数上总体平稳、稳中有进，社会大局保持稳定。,government_work_report,1187,za,zh
"Gijneix caiq biujmingz baez ndeu, ndaej Cungguek Gungcanjdangj dazyinx, lwgminz Cungguek miz damjliengh、dungxcaiz caeuq naengzlig siucawz sojmiz gannanz yungyiemj, gij hwngfat Cungguek mboujmiz yiengh hojnanz lawz siucawz mboujndaej.",这再次表明，在中国共产党领导下，中国人民有战胜任何艰难险阻的勇气、智慧和力量，中国的发展没有过不去的坎。,government_work_report,1188,za,zh
"Bi ndeu daeuj, raeuz haeujlaeg gvancez gij gezcwz baijbouh aen Dangjcunghyangh aeu Siz Ginbingz dungzci guh cehsim, dingjmaenh aen diuhgoek guhhong ndaw bingzonj gouz baenaj, cingjdaej suenqveh bingzonj demmaj、coicaenh gaijgwz、diuzcingj gvaenghgyaq、 hawj leih lwgminz、fuengzre fungyiemj, onjdangq wngqdoiq gij ginghci mouyiz doxdawz Cungguek Meijgoz, roengzrengz coisawj couhnieb onjdingh、 ginhyungz onjdingh、vaimou onjdingh、vaiswh onjdingh、douzswh onjdingh、yawhgeiz onjdingh, cujyau guh le hongsaeh lajneix.",一年来，我们深入贯彻以习近平同志为核心的党中央决策部署，坚持稳中求进工作总基调，统筹稳增长、促改革、调结构、惠民生、防风险，稳妥应对中美经贸摩擦，着力稳就业、稳金融、稳外贸、稳外资、稳投资、稳预期，主要做了以下工作。,government_work_report,1189,za,zh
"It dwg cauhmoq caeuq laebndei hungzgvanh diuzgung, ginghci baujciz yinhhengz bingzonj.",一是创新和完善宏观调控，经济保持平稳运行。,government_work_report,1190,za,zh
"Najdoiq cingzgvang moq bienqvaq moq, raeuz dingjmaenh mbouj guh cungj gikcoi haenqrem lumj ""hai raemx hung guenq roenx"", hawj hungzgvanh cwngcwz ndaej lienzdaemh ndaej onjdingh, youq gwnz giekdaej ndaw gvaengh daegdingh diuzgung gyarengz dinghyiengq、yawjseiz diuzgung, gagrox yawhdiuz、diuzgung saek di.",面对新情况新变化，我们坚持不搞“大水漫灌”式强刺激，保持宏观政策连续性稳定性，在区间调控基础上加强定向、相机调控，主动预调、微调。,government_work_report,1191,za,zh
"Dingjmaenh saedhengz aen cwngcwz caizcwng gaenxmaenx, comzrengz gemj gvaeh gyangq feiq、bouj benjdinj diuz gvaenghgyaq.",坚持实施积极的财政政策，着力减税降费、补短板调结构。,government_work_report,1192,za,zh
"Diuzdaemq aen suiqlwd cwnghcizsui, gya'gvangq aen gvaengh giyez iq saeq yiengjsouh gemjnoix sou gvaeh, fatbouh saedhengz aen cwngcwz suisouh lumjbaenz gikcoi yenzgiu haifat cauhmoq daengj.",下调增值税税率，扩大享受税收优惠小微企业范围，出台鼓励研发创新等税收政策。,government_work_report,1193,za,zh
Daengx bi doiq giyez caeuq dan boux vunz gemj gvaeh gyangq feiq daihgaiq 1.3 fanh ik maenz.,全年为企业和个人减税降费约1.3万亿元。,government_work_report,1194,za,zh
"Coisawj gij gvaenghgyaq caizcwng ceiok bienq ndei, yungh ndei gij cienz caizcwng gaenq miz, gij ceiok aen lingjyiz ceiq youqgaenj de ndaejdaengz baujcang.",优化财政支出结构，盘活财政存量资金，重点领域支出得到保障。,government_work_report,1195,za,zh
"Dingjmaenh saedhengz aen cwngcwz cienzngaenz onjmaenh, dazyinx ginhyungz haeujcoengh yiengh ginghci saeddaej.",坚持实施稳健的货币政策，引导金融支持实体经济。,government_work_report,1196,za,zh
"Cimdoiq gij vwndiz hojnanz couzcienz、 couzcienz cingzbonj sang, gonqlaeng 4 baez gyangqdaemq aen beijlwd cienzbwh romngaenz, yungh lai cungj guhfap hoizsoeng yiengh yungh ngaenz gaenjcieng doengh aen giyez minzyingz caeuq giyez iq saeq, aen seiqdaeuz couzcienz cingzbonj hwnjsang de ndaej menhmenh naenxhaed.",针对融资难融资贵问题，先后4次降低存款准备金率，多措并举缓解民营和小微企业资金紧张状况，融资成本上升势头得到初步遏制。,government_work_report,1197,za,zh
"Gibseiz wngqdoiq gij fubfab mbouj cingqciengz haw gujbyau、haw caigen, yinzminzbi veiliz daihdaej onjdingh, vaivei bwhcwk baujciz youq 3 fanh ik meijyenz doxhwnj.",及时应对股市、债市异常波动，人民币汇率基本稳定，外汇储备保持在3万亿美元以上。,government_work_report,1198,za,zh
"Ngeih dwg netsaed dwk ndei sam ciengz ciengq hung ceiq hoj gung, gij hong ceiq youqgaenj de ndaej guh baenaj.",二是扎实打好三大攻坚战，重点任务取得积极进展。,government_work_report,1199,za,zh
Dingh'ok caemhcaiq miz bouhloh bae saedhengz aen fueng'anq sam bi hengzdoengh dwk sam ciengz ciengq hung ceiq hoj gung.,制定并有序实施三大攻坚战三年行动方案。,government_work_report,1200,za,zh
"Yamqonj doicaenh gaiq hong daj gwnz gvaenghgyaq bae gemjnoix dawzcaiq, onjdangq cawqceq gij fungyiemj ginhyungz lingjyiz, fuengzre gaemhanh gij fungyiemj ngaenzcaiq deihfueng cwngfuj, gaijgwz laebndei aen gihci diuzgung hawciengz fangzdicanj.",稳步推进结构性去杠杆，稳妥处置金融领域风险，防控地方政府债务风险，改革完善房地产市场调控机制。,government_work_report,1201,za,zh
"Gyalaeg doicaenh dawzcinj duetgungz, gyarengz banggungz, gyalai douzhaeuj cienzngaenz, gyaak gij bangfuz ndawbiengz, geu rengz gag bae hwngfat dieg gungzhoj onjmaenh demhung.",深入推进精准脱贫，加强扶贫力量，加大资金投入，强化社会帮扶，贫困地区自我发展能力稳步提高。,government_work_report,1202,za,zh
Cienzmienh mbeguh ciengz ciengq henhoh mbwn lamz、raemx saw、namh seuq.,全面开展蓝天、碧水、净土保卫战。,government_work_report,1203,za,zh
Coisawj gij gvaenghgyaq nwngzyenz caeuq daehyinh bienq ndei.,优化能源和运输结构。,government_work_report,1204,za,zh
"Onjdangq doicaenh ranghdieg Baihbaek guh""meiz gaij heiq"" ""meiz gaij dienh"".",稳妥推进北方地区“煤改气”“煤改电”。,government_work_report,1205,za,zh
Cienzmienh laebhwnj aen cidu bouxdaeuz guenj dah、 bouxdaeuz guenj huz.,全面建立河长制、湖长制。,government_work_report,1206,za,zh
Aen soqliengh yungh vafeiz、 nungzyoz cungj ndaej gemjnoix.,化肥农药使用量实现双下降。,government_work_report,1207,za,zh
Gyarengz dawzfap dukcaz baujhoh swnghdai vanzging.,加强生态环保督察执法。,government_work_report,1208,za,zh
Gaenxmaenx wngqdoiq dienheiq bienqvaq.,积极应对气候变化。,government_work_report,1209,za,zh
"Sam dwg gyalaeg gaijgwz aen gvaenghgyaq mbiengj gunghawj, hawj gij rengzhoengh yiengh ginghci saeddaej mboujduenh cuengqok.",三是深化供给侧结构性改革，实体经济活力不断释放。,government_work_report,1210,za,zh
"Roengz rengz hung guh""buq、 laeb、gyangq"".",加大“破、立、降”力度。,government_work_report,1211,za,zh
Doicaenh ciuq hawciengz bae siugemj gij swnghcanj nwngzliz laiyawz hangznieb gangdiet、 meizdanq.,推进钢铁、煤炭行业市场化去产能。,government_work_report,1212,za,zh
"Saedhengz gij guhfap coisawj douzswh onjdingh, gij douzswh hangznieb dajcauh、gij douzswh ndawbiengz demgya hoizswng yienhda.",实施稳投资举措，制造业投资、民间投资增速明显回升。,government_work_report,1213,za,zh
Fatbouh saedhengz aen cwngcwz gikcoi gihminz siuyungh.,出台促进居民消费政策。,government_work_report,1214,za,zh
"Cienzmienh doicaenh ""hulenzvangj ＋"", yungh gisuz moq vunqsik moq bae gaijcauh aen canjnieb cienzdoengj.",全面推进“互联网+”，运用新技术新模式改造传统产业。,government_work_report,1215,za,zh
Haeujlaeg doicaenh gemjnoix saemjbae、gemj gvaeh gemj feiq.,深入推进简政减税减费。,government_work_report,1216,za,zh
"Siubae buek saehhangh hingzcwng cinjhawj ndeu, gij gaijgwz ""cwng cau faenliz""ndaej youq daengx guek doihai, gij seizgan haibanh giyez gemjnoix fukdoh lai, gij cingq cinjhawj guh gunghyez swnghcanj de cungjloih gemj bae sam faenh cih it doxhwnj.",取消一批行政许可事项，“证照分离”改革在全国推开，企业开办时间大幅压缩，工业生产许可证种类压减三分之一以上。,government_work_report,1217,za,zh
"Cungj gamguenj ""song yiengh seizbienh、aen goenghai ndeu"" ndaej cienzmienh hengzguh.",“双随机、一公开”监管全面实施。,government_work_report,1218,za,zh
"Cingleix gvidingh gak cungj soucienz nangqdaengz giyez, doinyoengx gyangqdaemq cingzbonj lumjbaenz yungh dienh、yungh vangjloz caeuq doxgaiq riuzdoengh daengj.",清理规范各类涉企收费，推动降低用能、用网和物流等成本。,government_work_report,1219,za,zh
"Gyalaeg ""hulenzvangj ＋ gij fugsaeh hongsaeh guenjleix guekgya"", gak dieg damqra doigvangq buek guhfap gaijgwz miz daegsaek ndeu, giyez caeuq vunzlai banhsaeh yied daeuj yied fuengbienh.",深化“互联网+政务服务”，各地探索推广一批有特色的改革举措，企业和群众办事便利度不断提高。,government_work_report,1220,za,zh
"Seiq dwg haeujlaeg hengzguh aen canloz cauhmoq doinyoengx hwngfat, gij naengzlig caeuq yauqlwd cauhmoq caiq ndaej gyaak.",四是深入实施创新驱动发展战略，创新能力和效率进一步提升。,government_work_report,1221,za,zh
"Haenqrengz coisawj aen swnghdai cauhmoq bienq ndei, diuhdoengh gak loih cawjdaej gaenxguh cauhmoq.",大力优化创新生态，调动各类创新主体积极性。,government_work_report,1222,za,zh
"Gyalaeg gaijgwz aen dijci guenjleix gohgi, doicaenh gungroengz gij gisuz cehsim ceiq youqgaenj de, gyarengz hwnqguh gij sezsih giekdaej hawj gohgi hungnaek、aen cungsim cauhmoq gohgi daengj.",深化科技管理体制改革，推进关键核心技术攻关，加强重大科技基础设施、科技创新中心等建设。,government_work_report,1223,za,zh
"Gyamaenh aen diegvih doengh aen giyez guhbaenz cawjdaej guh cauhmoq gisuz, dawz aen cwngcwz daezsang aen beijlaeh gya suenq gaeucawz gij feiqyungh yenzgiu haifat gya'gvangq daengz sojmiz giyez.",强化企业技术创新主体地位，将提高研发费用加计扣除比例政策扩大至所有企业。,government_work_report,1224,za,zh
Dingh'ok gij cwngcwz guhfap haeujcoengh cauhmoq cauhnieb hwngfat haeuj laeg bae.,制定支持双创深入发展的政策措施。,government_work_report,1225,za,zh
Aen soqngeg gisuz habdoengz gaicawx demmaj 3 cingz doxhwnj.,技术合同成交额增长30%以上。,government_work_report,1226,za,zh
Aen beijlwd gohgi cinbu gunghawj daengzsang daengz 58.5%.,科技进步贡献率提高到58.5%。,government_work_report,1227,za,zh
"Haj dwg gyarengz gyadaih gaijgwz hailangh, geu rengz doinyoengx hwngfat ndaej lienzdaemh dem'ak.",五是加大改革开放力度，发展动力继续增强。,government_work_report,1228,za,zh
"Gyalaeg gaijgwz gij swhcanj guekmiz、giyez guekmiz, giyez guekmiz dauqcungz cujhab bienqndei、daez caet dem yauq caiq ndaej guh baenaj.",深化国资国企改革，国有企业优化重组、提质增效取得新进展。,government_work_report,1229,za,zh
"Cimdoiq gij gunnanz caeuq vwndiz giyez minzyingz hwngfat bungzdaengz, siengj ok gak cungj banhfap bangcoengh siu hoj gej you.",针对民营企业发展遇到的困难和问题，千方百计帮助解忧纾困。,government_work_report,1230,za,zh
"Doicaenh gaijgwz aen dijci caizsui, cienzmienh doenghfwngz bae gaijgwz gaiq hong guenjleix cikyauq yawhsuenq.",推进财税体制改革，预算绩效管理改革全面启动。,government_work_report,1231,za,zh
"Gaijgwz aen dijci gamguenj ginhyungz, laebndei aen gihci youz hawciengz cauxbaenz leihlwd、 veiqlwd.",改革金融监管体制，完善利率、汇率市场化形成机制。,government_work_report,1232,za,zh
Gij gaijgwz nungzyez lajmbanj、saehnieb ndawbiengz、baujhoh vanzging swnghdai daengj lingjyiz ndaej mboujduenh haeuj laeg.,农业农村、社会事业、生态环保等领域改革不断深化。,government_work_report,1233,za,zh
Doiok baenzroix guhfap hungnaek doiq rog hailangh.,推出对外开放一系列重大举措。,government_work_report,1234,za,zh
"Geu rengz dazyinx caezlaeb""it rangh it loh"" lienzdaemh cuengqok, aen gihci caeuq gij guekgya song henz loh de gapguh ndaej mboujduenh caezcienz, ginghci mouyiz gapguh caeuq yinzvwnz gyaulouz ndaej gyavaiq doicaenh.",共建“一带一路”引领效应持续释放，同沿线国家的合作机制不断健全，经贸合作和人文交流加快推进。,government_work_report,1235,za,zh
"Fatbouh saedhengz gij cwngcwz coisawj vaimou bingzonj, gij seizgan doxgaiq doenggvan ndaej atsuk dingz ndeu doxhwnj.",出台稳外贸政策，货物通关时间压缩一半以上。,government_work_report,1236,za,zh
"Diuz daemq gij gvansuiq cingouj hawj mbangjdi sanghbinj, aen cungjsuijbingz gvansuiq daj 9.8％ gyangq daengz 7.5％.",下调部分商品进口关税，关税总水平由9.8%降至7.5%。,government_work_report,1237,za,zh
Caiq cauhlaeb buek siyengih gyoebhab densangh hamj gyaiq ndeu.,新设一批跨境电商综合试验区。,government_work_report,1238,za,zh
Fukceiq doigvangq gij gingniemh gaijgwz swmou siyengih.,复制推广自贸试验区改革经验。,government_work_report,1239,za,zh
"Lailai atsuk mbaw dan gimqhaed swhbwnj guekrog haeujbae, gya'gvangq hailangh ginhyungz、giceh daengj hangznieb, hawj buek hanghmoeg swhbwnj guekrog hungnaek ndeu ndaej hwnqguh, gij giyez swhbwnj guekrog douzswh saen laeb de demmaj gaenh 7 cingz.",大幅压缩外资准入负面清单，扩大金融、汽车等行业开放，一批重大外资项目落地，新设外资企业增长近70%。,government_work_report,1240,za,zh
"Roek dwg cingjdaej suenqveh singzmbanj hwngfat, gyavaiq guhbaenz aen gvaenghgek doxnyoengx ndeindei.",六是统筹城乡区域发展，良性互动格局加快形成。,government_work_report,1241,za,zh
"Mizrengz bae saedhengz aen canloz saenqhwng lajmbanj, aen cungjcanjliengh haeuxgwn sou ndaej 1.3 fanh ik gaen doxhwnj.",乡村振兴战略有力实施，粮食总产量保持在1.3万亿斤以上。,government_work_report,1242,za,zh
"Netsaed doicaenh hwnqguh hawsingz yiengh moq, ca mbouj geij miz 1400 fanh nungzminz senj haeuj hawsingz bae an'gya.",新型城镇化扎实推进，近1400万农业转移人口在城镇落户。,government_work_report,1243,za,zh
"Doicaenh haifat Baihsae、 saenqhwng Doengbaek、Cungqgyang hwnghwnj、 Baihdoeng sien hwng, fatbouh saedhengz buek guhfap gaijgwz cauhmoq ndeu.",推进西部开发、东北振兴、中部崛起、东部率先发展，出台一批改革创新举措。,government_work_report,1244,za,zh
"Baekging Denhcinh Hozbwz gapfwngz hwngfat caiq ndaej guh baenaj yienhda, gij swnghdai ranghdieg ginghci Dahcangzgyangh ciemqgonq、aen gvaenghgek saekheu hwngfat ndaej mboujduenh gyamaenh.",京津冀协同发展取得明显进展，长江经济带生态优先、绿色发展格局不断巩固。,government_work_report,1245,za,zh
"Gviveh hwnqguh Yez Gangj Au Davanhgih ndaej doekdingh saedhengz, gangj Cuh Au Da'gyauz ndaej hwnqbaenz doeng ci.",粤港澳大湾区规划建设迈出实质性步伐，港珠澳大桥建成通车。,government_work_report,1246,za,zh
Gya rengz hung haeujcoengh dieg doenghbaez guh gwzming、dieg minzcuz、dieg henz guek、dieg gungzhoj gaijgwz hwngfat.,加大对革命老区、民族地区、边疆地区、贫困地区改革发展支持力度。,government_work_report,1247,za,zh
"Caiq miz 4100 goengleix dietloh gauhsuz doeng ci, saen hwnq gaij hwnq 6000 lai goengleix goengloh gauhsuz、30 lai fanh goengleix goengloh lajmbanj.",新增高速铁路运营里程4100公里，新建改建高速公路6000多公里、农村公路30多万公里。,government_work_report,1248,za,zh
Ranghdieg singzmbanj doxdaengh hwngfat ndaej laebdaeb demhaenq.,城乡区域发展协调性持续增强。,government_work_report,1249,za,zh
"Caet dwg dingjmaenh youq mwh hwngfat baujcang caeuq gaijndei gij gwndaenj lwgminz, gij soundaej gaijgwz hwngfat ndaej engq lai engq goengbingz ndei daengz beksingq.",七是坚持在发展中保障和改善民生，改革发展成果更多更公平惠及人民群众。,government_work_report,1250,za,zh
"Cimdoiq gij yingjyangj vanzging baihrog bienqvaq daiq hawj couhnieb, gibseiz fatbouh saedhengz gij guhfap onjdingh couhnieb.",针对外部环境变化给就业带来的影响，及时出台稳就业举措。,government_work_report,1251,za,zh
"Haenqrengz doinyoengx doeksaed gij cwngcwz lai gya gij cienzhong fukleih hawj boux lauxsae guh gaiq hong duenh yivu gyauyuz, gyarengz hwnqguh gij hagdangz iq lajmbanj caeuq gij hagdangz dozninz yanghcin, coicaenh gauhdwngj gyauyuz guh yiengh hwngfat hoengh ndaw.",大力推动义务教育教师工资待遇政策落实，加强乡村小规模学校和乡镇寄宿制学校建设，促进高等教育内涵式发展。,government_work_report,1252,za,zh
"Laebhwnj aen cidu cunghyangh diuz bouj cungj gihginh baujyiemj giekbonj ciengxlaux hawj gyoengq cizgungh giyez, lai gya gij cienz goek ciengxlaux hawj boux duiyouh, gij cienz ciengxlaux giekdaej boux gihminz singzmbanj ceiq daemq daj moix ndwen 70 maenz gyalai daengz 88 maenz.",建立企业职工基本养老保险基金中央调剂制度，提高退休人员基本养老金，城乡居民基础养老金最低标准从每月70元提高到88元。,government_work_report,1253,za,zh
"Laebdaeb daezsang gij biucinj youhfuj、 dihbauj daengj,""song hangh boujdiep"" bouxndangcanz hawj sojmiz boux hab diuzgen de cungj ndaej ndei daengz fwngz.",继续提高优抚、低保等标准，残疾人“两项补贴”惠及所有符合条件人员。,government_work_report,1254,za,zh
"Gyarengz guh gij hong fugsaeh guenjleix bouxbing doiqok bingdoih, henhoh gij gienzik habfap bouxbing doiqok bingdoih.",加强退役军人服务管理工作，维护退役军人合法权益。,government_work_report,1255,za,zh
Gyalaeg doxgaen doxriengz bae gaijgwz ywbingh、yihbauj、gijyw.,深化医疗、医保、医药联动改革。,government_work_report,1256,za,zh
Yamqonj doicaenh faengaep yawjbingh ywbingh.,稳步推进分级诊疗。,government_work_report,1257,za,zh
Daezsang aen biucinj yihbauj giekbonj bangbouj caeuq aen beijlaeh baujyiemj bauqsiu bingh hung ginhminz singzmbanj.,提高居民基本医保补助标准和大病保险报销比例。,government_work_report,1258,za,zh
"Gyavaiq gaijgwz saemjbingz saemjbae yw moq,17 cungj yw dingj bingh'aizcwng ndaej roengzgyaq caemhcaiq nabhaeuj ndaw moegloeg yihbauj guekgya bae.",加快新药审评审批改革，17种抗癌药大幅降价并纳入国家医保目录。,government_work_report,1259,za,zh
"Gyavaiq doicaenh aen gunghcwngz hawj vwnzva ikleih lwgminz, lienzdaemh gyarengz guh gij fugsaeh vwnzva goenggungh caengzgiek.",加快推进文化惠民工程，持续加强基层公共文化服务。,government_work_report,1260,za,zh
"Cienzminz cangqndang ndaej mbeguh hoenghhwd, boux dijyuz ak de youq gwnz gozci beijak youqgaenj caiq aeundaej cingzcik ndei.",全民健身蓬勃开展，体育健儿在国际大赛上再创佳绩。,government_work_report,1261,za,zh
"Bet dwg doicaenh cauhlaeb aen cwngfuj fapceih caeuq cauhmoq ceihleix, baujciz ndawbiengz huzndei onjdingh.",八是推进法治政府建设和治理创新，保持社会和谐稳定。,government_work_report,1262,za,zh
"Gij yian daezcingj Daengx Guek Yinzda Cangzveijvei saemjlwnh faplwd de miz 18 gienh, ceiqdingh coihdingh gij fapgvi hingzcwng 37 bouh.",提请全国人大常委会审议法律议案18件，制定修订行政法规37部。,government_work_report,1263,za,zh
Gaijgwz diuzcingj ndabaij cwngfuj gihgou caeuq boiqceiq ciznwngz.,改革调整政府机构设置和职能配置。,government_work_report,1264,za,zh
"Haeujlaeg haiguh Gozvuyen daih dukcaz, doinyoengx doeksaed gij cwngcwz caeuq baijbouh gaijgwz hwngfat.",深入开展国务院大督查，推动改革发展政策和部署落实。,government_work_report,1265,za,zh
Aeu saemjgeiq langh rengz guh gamduk.,发挥审计监督作用。,government_work_report,1266,za,zh
Gaijgwz laebndei gij guhfap ceihleix caengzgiek singzmbanj.,改革完善城乡基层治理。,government_work_report,1267,za,zh
Cauhmoq gij fuengsik guh gaiq hong sinfangj.,创新信访工作方式。,government_work_report,1268,za,zh
"Gaijgwz caeuq gyahaenq guenjleix wngqgip, gibseiz mizyauq bae wngqdoiq diencai hungnaek, aen cungjliengh saehhux swnghcanj ancienz caeuq gij soqliengh saehhux hungnaek daegbied hungnaek laebdaeb doekdaemq.",改革和加强应急管理，及时有效应对重大自然灾害，生产安全事故总量和重特大事故数量继续下降。,government_work_report,1269,za,zh
"Gyarengz gamguenj gijgwn gijyw ancienz, yiemzhaenq cazbanh gij anqgienh yizmyauz miz vwndiz de lumjbaenz Cangzcunh Cangzswngh Gunghswh daengj.",加强食品药品安全监管，严厉查处长春长生公司等问题疫苗案件。,government_work_report,1270,za,zh
Laebmaenh aen dijhi guekgya ancienz.,健全国家安全体系。,government_work_report,1271,za,zh
"Gyarengz gyoebhab ceihleix cianh ndawbiengz, cienhangh baetcawz seiqlig yaksieb, ciuqfap dwkceih gak loih famhfap famhcoih, gij hong cauhlaeb Cungguek bingzan caiq ndaej guh baenaj.",强化社会治安综合治理，开展扫黑除恶专项斗争，依法打击各类违法犯罪，平安中国建设取得新进展。,government_work_report,1272,za,zh
"Nyinhcaen gvancez aen canloz baijbouh coengzyiemz guenjdangj Dangjcunghyangh, gyarengz cauhlaeb dangjfungh lenzcwng.",认真贯彻党中央全面从严治党战略部署，加强党风廉政建设。,government_work_report,1273,za,zh
"Doicaenh ""song hag it guh"" hagsib gyauyuz bienqbaenz cidu bingzciengz bae.",推进“两学一做”学习教育常态化制度化。,government_work_report,1274,za,zh
"Coengzyiemz doeksaed gij cingsaenz Bet Hangh Gvidingh Cunghyangh caeuq gij banhfap ciengzsaeq hengzguh de, giendingh mbouj bienq bae niujcingq ""seiq cungj cozfungh"".",严格落实中央八项规定及其实施细则精神，坚定不移纠正“四风”。,government_work_report,1275,za,zh
"Dawzyiemz cazcawq gak loih hingzveiz famh faplwd famh gvidingh, ceihfad boux gauj nduknaeuh, ciengz doucwngh fanj nduknaeuh ndaejdaengz mbat hingz lanzdangj mboujndaej.",严肃查处各类违法违规行为，惩处腐败分子，反腐败斗争取得压倒性胜利。,government_work_report,1276,za,zh
"Bi gvaqbae neix, cungj vaigyauh guek hung miz gij daegsaek Cungguek aeundaej cingzcik moq.",过去一年，中国特色大国外交取得新成就。,government_work_report,1277,za,zh
"Guhbaenz gij vaigyauh hozdung aen cawjciengz hungnaek, lumjbaenz aen nienzhoih Bozauz Yacouh Lundanz、aen hoih gaep sang Cinghdauj Sanghaij Hozcoz Cujciz、aen hoih gaep sang Baekging Cungh Feih Hozcoz Lundanz daengj.",成功举办博鳌亚洲论坛年会、上合组织青岛峰会、中非合作论坛北京峰会等重大主场外交活动。,government_work_report,1278,za,zh
"Siz Ginbingz cujsiz daengj boux lingjdauj guekgya okbae cunzfangj lai aen guekgya, camgya lai cungj hozdung hungnaek, lumjbaenz aen hoih mbouj dwg cingqsik bouxdaeuz Yadai Ginghci Hozcoz Cujciz、aen hoih bouxdaeuz gaep sang Ngeihcib Guek Cizdonz、 bouxdaeuz Guekgya Gimcien doxraen、aen hoih bouxdaeuz Ya Ouh、gij hoih baenzroix bouxdaeuz Dunghya Gapguh daengj.",习近平主席等国家领导人出访多国，出席亚太经合组织领导人非正式会议、二十国集团领导人峰会、金砖国家领导人会晤、亚欧首脑会议、东亚合作领导人系列会议等重大活动。,government_work_report,1279,za,zh
"Gij gvanhaeh caeuq aen guek hung ceiq youqgaenj de cungjdaej onjdingh, gij gvanhaeh caeuq aen guek seiqhenz cienzmienh hwngfat, gij gvanhaeh caeuq gij guekgya cingqcaih hwngfat de doxgiet gapguh engqgya gaenjmaenh.",同主要大国关系总体稳定，同周边国家关系全面发展，同发展中国家团结合作纽带更加牢固。,government_work_report,1280,za,zh
"Doinyoengx cauhlaeb yiengh gozci gvanhaeh moq, doinyoengx cauhlaeb aen minghyinh caezcaemh vunzloih.",推动构建新型国际关系，推动构建人类命运共同体。,government_work_report,1281,za,zh
Giendingh henhoh gij cawjgienz、ancienz、leih'ik hwngfat guekgya.,坚定维护国家主权、安全、发展利益。,government_work_report,1282,za,zh
Yiengh vaigyauh ginghci、yiengh gyaulouz yinzvwnz soundaej baenzroix.,经济外交、人文交流成果丰硕。,government_work_report,1283,za,zh
"Cungguek roengzrengz coicaenh seiqgyaiq hozbingz caeuq hwngfat, guh'ok le gij gunghawj youqgaenj vunz biengz caez raen.",中国致力于促进世界和平与发展，作出了世人共睹的重要贡献。,government_work_report,1284,za,zh
"Gij cingzcik bi gvaqbae neix aeundaej, dwg aen Dangjcunghyangh aeu Siz Ginbingz dungzci guh cehsim akrengz dazyinx ndaej daeuj, dwg Aen Swhsiengj Sevei Cujyi Miz Gij Daegsaek Cungguek Seizdaih Moq Siz Ginbingz ceijyinx habngamj gohyoz ndaej daeuj, dwg daengx Dangj daengx ginh daengx guek gak cuz lwgminz doxgiet buekguh ndaej daeuj.",过去一年取得的成绩，是以习近平同志为核心的党中央坚强领导的结果，是习近平新时代中国特色社会主义思想科学指引的结果，是全党全军全国各族人民团结奋斗的结果。,government_work_report,1285,za,zh
"Gou daiqbiuj Gozvuyen, caensim docih daengx guek gak cuz lwgminz, gak aen minzcuj dangjbai、 gak aen donzdij lwgminz caeuq doengh bouxmizmingz gak gyaiq!",我代表国务院，向全国各族人民，向各民主党派、各人民团体和各界人士，表示诚挚感谢！,government_work_report,1286,za,zh
Caensim docih gyoengq beixnuengx Yanghgangj Dwzbez Hingzcwnggih、gyoengq beixnuengx Aumwnz Dwzbez Hingzcwnggih、gyoengq beixnuengx Daizvanh caeuq gyoengq beixnuengx youq rogguek!,向香港特别行政区同胞、澳门特别行政区同胞、台湾同胞和海外侨胞，表示诚挚感谢！,government_work_report,1287,za,zh
Caensim docih gak guek cwngfuj、gozci cujciz caeuq gyoengq baengzyoux gak guek gvansim caeuq haeujcoengh Cungguek cauhlaeb yendaiva!,向关心和支持中国现代化建设的各国政府、国际组织和各国朋友，表示诚挚感谢！,government_work_report,1288,za,zh
Lai ngeix seiz nanh cij ndaej gvaq seiz onj.,思危方能居安。,government_work_report,1289,za,zh
"Youq mwh cungfaen haengjdingh cingzcik, doengzseiz aeu singjsak yawj daengz gij vwndiz caeuq deuqnyex guek raeuz hwngfat bungzdaengz.",在充分肯定成绩的同时，要清醒看到我国发展面临的问题和挑战。,government_work_report,1290,za,zh
"Gij ginghci gwnz seiqgyaiq demmaj gemjmenh, baujhu cujyi、danhbenh cujyi gyahaenq, gij gyaqcienz cungj sanghbinj soqliengh lai de yaep hwnj yaep roengz, gij yinhsu mbouj onjdingh mbouj doekdingh de demgya yienhda, gij fungyiemj baihrog cienz haeujdaeuj de swnghwnj.",世界经济增速放缓，保护主义、单边主义加剧，国际大宗商品价格大幅波动，不稳定不确定因素明显增加，外部输入性风险上升。,government_work_report,1291,za,zh
"Geu rengz gyodroengz ginghci ndawguek gyahung, yamqdin demgya siuyungh gemjmenh, gij douzswh mizyauq de demmaj mbouj rengz.",国内经济下行压力加大，消费增速减慢，有效投资增长乏力。,government_work_report,1292,za,zh
"Yiengh ginghci saeddaej gunnanz haemq lai, aen vwndiz giyez minzyingz、giyez iq saeq couzcienz hojnanz、couzcienz cingzbonj sang caengz ndaej mizyauq hoizrwnh, aen vanzging gaicawx caeuq gij simmuengh cawjdaej hawciengz lij cengca haemq lai.",实体经济困难较多，民营和小微企业融资难融资贵问题尚未有效缓解，营商环境与市场主体期待还有较大差距。,government_work_report,1293,za,zh
"Gij bonjlingx gag guhcawj cauhmoq mbouj ak, aen vwndiz giepnoix gij gisuz cehsim ceiq youqgaenj de doedyienh.",自主创新能力不强，关键核心技术短板问题凸显。,government_work_report,1294,za,zh
"Mbangjdi deihfueng caizcwng sou noix yungh lai, haemq hoj cawqleix.",一些地方财政收支矛盾较大。,government_work_report,1295,za,zh
Gij huxndumj fungyiemj ginhyungz daengj lingjyiz vanzlij mbouj noix.,金融等领域风险隐患依然不少。,government_work_report,1296,za,zh
Gizdieg gungzhoj raixcaix de duetgungz gunnanz haemq lai.,深度贫困地区脱贫攻坚困难较多。,government_work_report,1297,za,zh
Diuz rap baujhoh swnghdai caeuq fuengzceih uqlah vanzlij naekcaem.,生态保护和污染防治任务仍然繁重。,government_work_report,1298,za,zh
"Youq gyauyuz、yihliuz、ciengxlaux、ranzyouq、gijgwn gijyw ancienz、souhaeuj faenboiq daengj fuengmienh, vunzlai lij miz haujlai giz mbouj habhoz.",在教育、医疗、养老、住房、食品药品安全、收入分配等方面，群众还有不少不满意的地方。,government_work_report,1299,za,zh
"Bi'gvaq lij ok lai gienh saehhux goenggungh ancienz caeuq saehhux hungnaek swnghcanj ancienz, hitget dangqmaz.",去年还发生了多起公共安全事件和重大生产安全事故，教训极其深刻。,government_work_report,1300,za,zh
"Cwngfuj lij miz giz guh mbouj daengz de, mbangj guhfap gaijgwz hwngfat doeksaed mbouj daengz dieg, hingzsi cujyi、 gvanhliuz cujyi vanzlij doedyienh, dukcaz genjcaz gaujhaed youh lai youh deih、yawjnaek hingzsik cix yawjmbaeu gij cingzcik caensaed, gya naek diuz rap caengzgiek.",政府工作存在不足，一些改革发展举措落实不到位，形式主义、官僚主义仍然突出，督查检查考核过多过频、重留痕轻实绩，加重基层负担。,government_work_report,1301,za,zh
Siujsoq ganbu gik guh yak daih goengsaeh.,少数干部懒政怠政。,government_work_report,1302,za,zh
Mbangjdi lingjyiz aen vwndiz nduknaeuh vanzlij miz lai.,一些领域腐败问题仍然多发。,government_work_report,1303,za,zh
"Raeuz itdingh aeu yiemzsuk nyinhcaen doiqdaih vwndiz caeuq deuqnyex, gamj bae dangrap, yiemz souj cizcwz, caenhrengz guh ndei hongsaeh, baenzlawz cungj mbouj hawj lwgminz saetmuengh!",我们一定要直面问题和挑战，勇于担当，恪尽职守，竭尽全力做好工作，决不辜负人民期待！,government_work_report,1304,za,zh
Ngeih、 Aen Iugouz Cungjdaej Caeuq Aen Byaijyiengq Cwngcwz Ginghci Sevei Hwngfat 2019 Nienz,二、2019年经济社会发展总体要求和政策取向,government_work_report,1305,za,zh
"Bineix dwg laebbaenz Cungguek moq 70 hopbi, dwg bi ceiq youqgaenj cienzmienh hwnqbaenz aen biengz siujgangh、guhbaenz aen moegbiu buekguh aen bak bi daih'it.",今年是新中国成立70周年，是全面建成小康社会、实现第一个百年奋斗目标的关键之年。,government_work_report,1306,za,zh
"Yaek guh ndei hong cwngfuj, aeu eibaengh aen Dangjcunghyangh aeu Siz Ginbingz dungzci guh cehsim akrengz dazyinx, aeu yungh Aen Swhsiengj Sevei Cujyi Miz Gij Daegsaek Cungguek Seizdaih Moq Siz Ginbingz daeuj ceijyinx, cienzmienh gvancez gij cingsaenz Cibgouj Daih caeuq Cibgouj Gaiq Ngeih Cungh、Sam Cungh Cienzhoih Cunghgoz Gungcanjdangj, doengjit suenqveh doicaenh daengx aen baijbouh ""haj yiengh gap baenz aen"", doxdaengh doicaenh aen canloz baijbouh ""seiq aen cienzmienh"", dingjmaenh aen diuhgoek guhhong youq ndaw bingzonj gouz baenaj, dingjmaenh aen leixniemh hwngfat moq, dingjmaenh doinyoengx yiengh hwngfat caetliengh sang, dingjmaenh aeu gaijgwz gij gvaenghgyaq mbiengj gunghawj guh cawjsienq, dingjmaenh gyalaeg guh yiengh gaijgwz aeu hawciengz dazyinx、gyahung yiengh hailangh mbaek sang, gyavaiq cauhlaeb aen ginghci dijhi yendaiva, laebdaeb dwk ndei sam ciengz ciengq hung ceiq hoj gung, roengzrengz gikfat gij rengzhoengh aen cawjdaej iq saeq, cauhmoq caeuq laebndei hungzgvanh diuzgung, cingjdaej suenqveh doicaenh gij hong onjdingh demmaj、coicaenh gaijgwz、diuzcingj gvaenghgyaq、hawj leih lwgminz、fuengzre fungyiemj、baujcang onjdingh, hawj ginghci yinhhengz baujciz youq ndaw gvaengh daegdingh hableix, caiq coisawj couhnieb onjdingh、ginhyungz onjdingh、 vaimou onjdingh、vaiswh onjdingh、douzswh onjdingh、yawhgeiz onjdingh, gikhwnj aen saenqsim hawciengz, hawj gyoengq lwgminz roxnyinh lai soundaej、lai vuenyungz、lai ancienz, baujciz ginghci hwngfat ndaej lienzdaemh cangqheiq caeuq aen daihbuenz ndawbiengz onjdingh, youq mboengq sathong cienzmienh hwnqbaenz aen biengz siujgangh dwkroengz aen giekdaej baujmaenh, aeu gij cingzcik maenhndei bae angqhoh Cunghvaz Yinzminz Gunghozgoz laebbaenz 70 hopbi.",做好政府工作，要在以习近平同志为核心的党中央坚强领导下，以习近平新时代中国特色社会主义思想为指导，全面贯彻党的十九大和十九届二中、三中全会精神，统筹推进“五位一体”总体布局，协调推进“四个全面”战略布局，坚持稳中求进工作总基调，坚持新发展理念，坚持推动高质量发展，坚持以供给侧结构性改革为主线，坚持深化市场化改革、扩大高水平开放，加快建设现代化经济体系，继续打好三大攻坚战，着力激发微观主体活力，创新和完善宏观调控，统筹推进稳增长、促改革、调结构、惠民生、防风险、保稳定工作，保持经济运行在合理区间，进一步稳就业、稳金融、稳外贸、稳外资、稳投资、稳预期，提振市场信心，增强人民群众获得感、幸福感、安全感，保持经济持续健康发展和社会大局稳定，为全面建成小康社会收官打下决定性基础，以优异成绩庆祝中华人民共和国成立70周年。,government_work_report,1307,za,zh
"Gyoebhab faensik gij hingzseiq ndawguek rogguek, bineix aen vanzging hwngfat guek raeuz bungzdaengz engqgya fukcab engqgya yiemzhaenq, gij fungyiemj deuqnyex ndaej liuhraen caeuq nanz ndaej liuhraen de engq lai engq hung, aeu cungfaen bwhndei hoenx gij ciengq ganhoj.",综合分析国内外形势，今年我国发展面临的环境更复杂更严峻，可以预料和难以预料的风险挑战更多更大，要做好打硬仗的充分准备。,government_work_report,1308,za,zh
"Hojnanz mboujndaej guj daemq, saenqsim mboujndaej soenghonz, rengz guh mboujndaej gemjnyieg.",困难不容低估，信心不可动摇，干劲不能松懈。,government_work_report,1309,za,zh
"Guek raeuz hwngfat vanzlij cawqyouq mwh canloz seizgei gig youqgaenj, miz rengznyangq cukgaeuq、rengzndumj hungloet caeuq rengzhoengh cauhmoq mboujduenh sanqfat, gyoengq lwgminz simmuengh gyaepgouz yiengh saedceij engq ndei cibfaen haenqrem.",我国发展仍处于重要战略机遇期，拥有足够的韧性、巨大的潜力和不断迸发的创新活力，人民群众追求美好生活的愿望十分强烈。,government_work_report,1310,za,zh
"Raeuz miz eiqceiq giendingh caeuq naengzlig dwk hingz gak cungj gunnanz deuqnyex, aen seiqdaeuz ginghci ciengzgeiz yiengq ndei caengz gaijbienq hix mbouj aiq gaijbienq.",我们有战胜各种困难挑战的坚定意志和能力，经济长期向好趋势没有也不会改变。,government_work_report,1311,za,zh
"Aen moegbiu yawhgeiz ceiq youqgaenj ginghci sevei hwngfat bineix dwg： Gij swnghcanj cungjciz ndawguek demmaj 6％－6.5％； hawsingz caiq miz 1100 fanh vunz doxhwnj miz hong guh, aen beijlwd saetnieb diucaz hawsingz 5.5％ baedauq, aen beijlwd saetnieb roengzbouh hawsingz 4.5％ doxdauq；gij gyaqcienz siuyungh gihminz swnghwnj 3％ baedauq； gozci soucei daihdaej doxdaengh, cingouj cuzgouj youq ndaw bingzonj daezsang caetliengh, aen beijlwd dawzcaiq caeuq swnghcanj cungjciz ndawguek daihdaej onjdingh, gij fungyiemj ginhyungz caizcwng ndaej fuengzre gaemhanh ndei； gij vunz gungzhoj lajmbanj ndaej gemjnoix 1000 fanh doxhwnj, gij souhaeuj gihminz demmaj caeuq ginghci demmaj daihdaej doxha； swnghdai vanzging caiq ndaej gaijndei, danhvei swnghcanj cungjciz ndawguek siuyungh nwngzyenz gyangqdaemq 3％ baedauq, aen soq baizcuengq gij huq uqlah ceiq youqgaenj de laebdaeb gemjnoix.",今年经济社会发展的主要预期目标是：国内生产总值增长6%－6.5%；城镇新增就业1100万人以上，城镇调查失业率5.5%左右，城镇登记失业率4.5%以内；居民消费价格涨幅3%左右；国际收支基本平衡，进出口稳中提质；宏观杠杆率基本稳定，金融财政风险有效防控；农村贫困人口减少1000万以上，居民收入增长与经济增长基本同步；生态环境进一步改善，单位国内生产总值能耗下降3%左右，主要污染物排放量继续下降。,government_work_report,1312,za,zh
"Aen moegbiu yawhgeiz ceiq youqgaenj gwnzneix gangj, daejyienh le gij iugouz doinyoengx hwngfat caetliengh sang, hab gij saedsaeh hwngfat guek raeuz, caeuq aen moegbiu cienzmienh hwnqbaenz aen biengz siujgangh doxciep, gaenxmaenx youh onjdangq.",上述主要预期目标，体现了推动高质量发展要求，符合我国发展实际，与全面建成小康社会目标相衔接，是积极稳妥的。,government_work_report,1313,za,zh
"Yaek dabdaengz gij moegbiu neix, aeu ok rengz haenq guh cijndaej.",实现这些目标，需要付出艰苦努力。,government_work_report,1314,za,zh
"Aeu dengcinj gaemdawz gij byaijyiengq hungzgvanh cwngcwz. Laebdaeb saedhengz gij cwngcwz caizcwng gaenxmaenx caeuq gij cwngcwz cienzngaenz onjmaenh, saedhengz aen cwngcwz couhnieb ciemqgonq, coisawj cwngcwz boiqdauq boiqhab ndaej ndei, saedbauj ginghci yinhhengz youq ndaw gvaengh daegdingh hableix, coicaenh ginghci hwngfat ndaej lienzdaemh cangqheiq.",要正确把握宏观政策取向，继续实施积极的财政政策和稳健的货币政策，实施就业优先政策，加强政策协调配合，确保经济运行在合理区间，促进经济社会持续健康发展。,government_work_report,1315,za,zh
Aen cwngcwz caizcwng gaenxmaenx de aeu gyarengz daezsang yauqlwd.,积极的财政政策要加力提效。,government_work_report,1316,za,zh
"Bineix dajsuenq anbaiz ceiok lai gvaq souhaeuj 2.8％, sang gvaq gij yawhsuenq bi'gvaq 0.2 aen bakfaendiemj；caizcwng ceiok lai gvaq souhaeuj 2.76 fanh ik maenz, ndawde cunghyangh caizcwng ceiok lai gvaq souhaeuj 1.83 fanh ik maenz, deihfueng caizcwng ceiok lai gvaq souhaeuj 9300 ik maenz.",今年赤字率拟按2.8%安排，比去年预算高0.2个百分点；财政赤字2.76万亿元，其中中央财政赤字1.83万亿元，地方财政赤字9300亿元。,government_work_report,1317,za,zh
"Habdoh daezsang aen beijlwd ceiok lai gvaq souhaeuj, gyoebhab ngeixnaemj le caizcwng soucei、fathengz caigen cienhangh daengj yinhsu, hix naemj daengz vih wngqdoiq gij fungyiemj baezlaeng aiq miz ce ok aen hoenggan cwngcwz.",适度提高赤字率，综合考虑了财政收支、专项债券发行等因素，也考虑为应对今后可能出现的风险留出政策空间。,government_work_report,1318,za,zh
"Bineix caizcwng ceiok mauhgvaq 23 fanh ik maenz, demmaj 6.5％.",今年财政支出超过23万亿元，增长6.5%。,government_work_report,1319,za,zh
Cunghyangh caizcwng gij vih bingzyaenx cix cienjok ceihawj deihfueng de demmaj 10.9％.,中央对地方均衡性转移支付增长10.9%。,government_work_report,1320,za,zh
"Gaijgwz laebndei aen gihci baujcang gij daihdaej yungh cienz yienhgaep, gejsoeng gij atlig caizcwng yinhcienj dieg hojnanz, baenzlawz cungj mbouj hawj bauj lwgminz gwndaenj oksaeh.",改革完善县级基本财力保障机制，缓解困难地区财政运转压力，决不让基本民生保障出问题。,government_work_report,1321,za,zh
Aen cwngcwz cienzngaenz onjmaenh de aeu soengndaet habngamj.,稳健的货币政策要松紧适度。,government_work_report,1322,za,zh
"Aen soqliengh gvangjyi hobi M2 nem sevei yungzswh demmaj lainoix aeu caeuq gij swnghcanj cungjciz ndawguek mingzdaeuz demmaj lainoix doxdaengh, yawhbienh engq ndei hawj ginghci yinhhengz youq ndaw gvaengh daegdingh hableix de.",广义货币M2和社会融资规模增速要与国内生产总值名义增速相匹配，以更好满足经济运行保持在合理区间的需要。,government_work_report,1323,za,zh
"Youq mwh caencingq guh, geiq aeu dawz ndei aen doucab gunghawj cienzngaenz, mbouj guh""hai raemx hung guenq roenx"", youh aeu lingzvued bae yungh lai cungj hongdawz cwngcwz cienzngaenz, deudoeng miengloh cienzyinx cwngcwz cienzngaenz, hawj cienzngaenz riuzdoengh ndaej hableix youh cukgaeuq, mizyauq gejrwnh aen vwndiz couzcienz hojnanz、 couzcienz cingzbonj sang aen saeddaej ginghci daegbied dwg giyez minzyingz caeuq giyez iq saeq, fuengzre siucawz gij fungyiemj ginhyungz.",在实际执行中，既要把好货币供给总闸门，不搞“大水漫灌”，又要灵活运用多种货币政策工具，疏通货币政策传导渠道，保持流动性合理充裕，有效缓解实体经济特别是民营和小微企业融资难融资贵问题，防范化解金融风险。,government_work_report,1324,za,zh
"Gyalaeg cungj gaijgwz youz hawciengz dingh leihlwd, gyangqdaemq aen suijbingz saedsaeh leihlwd.",深化利率市场化改革，降低实际利率水平。,government_work_report,1325,za,zh
"Laebndei aen gihci cauxbaenz veiqlwd, baujciz yinzminzbi veiqlwd youq gwnz suijbingz hableix bingzyaenx daihdaej onjdingh.",完善汇率形成机制，保持人民币汇率在合理均衡水平上的基本稳定。,government_work_report,1326,za,zh
Aen cwngcwz couhnieb ciemqgonq aeu cienzmienh fatrengz.,就业优先政策要全面发力。,government_work_report,1327,za,zh
"Couhnieb dwg gij gaenbonj beksingq gwndaenj, dwg gij goekmboq cienzcaiz.",就业是民生之本、财富之源。,government_work_report,1328,za,zh
"Bineix baez daih'it dawz aen cwngcwz couhnieb ciemqgonq cuengq youq hungzgvanh cwngcwz fuengmienh, dwg vihliux caiq gyahaenq aen fuengyiengq dazyinx gak fuengmienh yawjnaek couhnieb、haeujcoengh couhnieb.",今年首次将就业优先政策置于宏观政策层面，旨在强化各方面重视就业、支持就业的导向。,government_work_report,1329,za,zh
"Seizneix caeuq baezlaeng mboengq ndeu, aen cungjliengh couhnieb guek raeuz atlig mbouj noix、gij mauzdun daj ndaw gvaenghgyaq miz ok de doedyienh, gij yinhsu yingjyangj moq de vanzlij demgya, bietdingh aeu dawz couhnieb cuengq daengz gizdieg engqgya doedyienh bae.",当前和今后一个时期，我国就业总量压力不减、结构性矛盾凸显，新的影响因素还在增加，必须把就业摆在更加突出位置。,government_work_report,1330,za,zh
"Yaek hawj demmaj onjdingh sien bauj couhnieb doekgonq, bineix hawsingz saen gya couhnieb aeu youq gwnz giekdaej guhbaenz aen moegbiu yawhgeiz, roengzrengz hawj saedsaeh couhnieb dabdaengz gij soq couhnieb geij bi neix, geiq baujcang gij lauzdungliz hawsingz couhnieb, youh ce ok hoenggan hawj gij lauzdungliz lwyawz nungzyez senj dieg guh hong.",稳增长首要是为保就业。今年城镇新增就业要在实现预期目标的基础上，力争达到近几年的实际规模，既保障城镇劳动力就业，也为农业富余劳动力转移就业留出空间。,government_work_report,1331,za,zh
"Cijaeu couhnieb onjdingh、souhaeuj demlai, raeuz couh engq miz saenqsim lo.",只要就业稳、收入增，我们就更有底气。,government_work_report,1332,za,zh
"Aeu laebdaeb dingjmaenh dawz gaijgwz gij gvaenghgyaq mbiengj gunghawj guh sienqmeh, youq ""gyamaenh、dem'ak、daezswng、deudoeng"" bet cih saw neix yungh rengz.",要继续坚持以供给侧结构性改革为主线，在“巩固、增强、提升、畅通”八个字上下功夫。,government_work_report,1333,za,zh
"Lai yungh gij banhfap gaijgwz, lai yungh gij soujduenh hawciengz、fapceih, gyamaenh gij soundaej""sam gemj it gyangq it bouj"", dem'ak gij rengzhoengh aen cawjdaej saeqset, daezswng aen suijbingz diuz lienh canjnieb, hawj gozminz ginghci sinzvanz doengswnh, doinyoengx ginghci hwngfat ndei hwnj mbaek sang.",更多采取改革的办法，更多运用市场化、法治化手段，巩固“三去一降一补”成果，增强微观主体活力，提升产业链水平，畅通国民经济循环，推动经济高质量发展。,government_work_report,1334,za,zh
"Aeu laeblaeb dwk ndei sam ciengz ciengq hung ceiq hoj gung, dawzcinj okrengz、 gangjgouz saedyauq.",要继续打好三大攻坚战，精准发力、务求实效。,government_work_report,1335,za,zh
"Yaek fuengzre siucawz fungyiemj hungnaek aeu gyarem daejsienq ngeixnaemj, dingjmaenh ciuq lingjyiz、 hangznieb、 giyez mbouj doengz bae gemj dawzcaiq, fuengzre hawciengz ginhyungz fubfab mbouj hableix, onjdangq cawqleix gij fungyiemj dawzcaiq deihfueng cwngfuj, fuengzre gaemhanh gij fungyiemj daj rog cienz daeuj.",防范化解重大风险要强化底线思维，坚持结构性去杠杆，防范金融市场异常波动，稳妥处理地方政府债务风险，防控输入性风险。,government_work_report,1336,za,zh
"Dawzcinj duetgungz aeu gaemmaenh gij biucinj seizneix, hopheux gizdieg gungzhoj raixcaix caeuq gyoengq vunz gungzhoj daegbied de, gyarengz gunggeng, daezsang gij caetliengh duetgungz.",精准脱贫要坚持现行标准，聚焦深度贫困地区和特殊贫困群体，加大攻坚力度，提高脱贫质量。,government_work_report,1337,za,zh
"Fuengzceih uqlah aeu hopheux guh ndei gij hong cungqdiemj lumjbaenz baujhoh mbwn lamz daengj, dungjcouz giemgoq、goek byai caez ceih, laebdaeb gaijndei gij caetliengh swnghdai vanzging.",污染防治要聚焦打赢蓝天保卫战等重点任务，统筹兼顾、标本兼治，使生态环境质量持续改善。,government_work_report,1338,za,zh
"Yaek guh ndei gij hong cwngfuj bineix, aeu yawjnaek dawz ndei gij gvanhaeh lajneix.",做好今年政府工作，要注重把握好以下关系。,government_work_report,1339,za,zh
"It aeu dungjcouz ndei gij gvanhaeh ndawguek caeuq rogguek, caez sim comz rengz guh ndei gij saeh bonjfaenh.",一要统筹好国内与国际的关系，凝心聚力办好自己的事。,government_work_report,1340,za,zh
"Guek raeuz lij cawqyouq caemhcaiq yaek ciengzgeiz cawqyouq mboengq cogaep sevei cujyi, vanzlij dwg aen guekgya cingqcaih hwngfat ceiq hung gwnz seiqgyaiq.",我国仍处于并将长期处于社会主义初级阶段，仍是世界最大发展中国家。,government_work_report,1341,za,zh
"Hwngfat dwg gij giekdaej caeuq bouh ceiq youqgaenj gaijgez sojmiz vwndiz guek raeuz, bietdingh aeu gaem ndaet hawj ginghci dem'ak aen cungsim neix, giendingh mbouj bienq bae dingjmaenh yiengh canloz swhsiengj hwngfat dwg gienh saeh ceiq hung、hwngfat wnggai dwg cungj hwngfat gohyoz caeuq cungj hwngfat ndei hwnj mbaek sang, mboujduenh gejcuengq caeuq hwngfat swnghcanjliz ndawbiengz.",发展是解决我国一切问题的基础和关键，必须牢牢扭住经济建设这个中心，毫不动摇坚持发展是硬道理、发展应该是科学发展和高质量发展的战略思想，不断解放和发展社会生产力。,government_work_report,1342,za,zh
"Youq ndaw aen hingzseiq fukcab boekbienq seiqgyaiq, raeuz aeu youq gwnz canloz baujciz dinghlig, ciuq gij moegbiu caeuq baijbouh doekdingh bae guh, yungh ndei song aen hawciengz song cungj swhyenz ndawguek rogguek, gamj bae wngqdoiq deuqnyex, maenh rox bienq yungyiemj baenz seizgei, hawj hingzseiq ndeileih guek raeuz hwngfat.",在国际形势复杂多变的背景下，我们要保持战略定力，按确定的目标和部署推进工作，更好利用国际国内两个市场两种资源，敢于应对挑战，善于化危为机，牢牢把握发展主动权。,government_work_report,1343,za,zh
"Ngeih aeu cawqleix ndei gij gvanhaeh onjdingh demmaj caeuq fuengzre fungyiemj, saedbauj ginghci hwngfat ndaej lienzdaemh cangqheiq.",二要平衡好稳增长与防风险的关系，确保经济持续健康发展。,government_work_report,1344,za,zh
"Haujlai huxndumj fungyiemj ciengzgeiz cwkrom roengzdaeuj bietdingh aeu gyarengz bae siucawz, hoeng aeu ciuqsouj gvilwd, yawjnaek fuengsik fuengfap, ciuq gij iugouz giendingh、 gaemhanh ndaej、miz bouhloh、habdoh, youq mwh hwngfat baezyamq bae siucawz, baenzlawz cungj aeu baexmienx yiengh fungyiemj baenzroix、lah rangh.",长期积累的诸多风险隐患必须加以化解，但要遵循规律，讲究方式方法，按照坚定、可控、有序、适度要求，在发展中逐步化解，坚决避免发生系统性、区域性风险。,government_work_report,1345,za,zh
"Seizneix geu rengz gyodroengz ginghci gyahung, youq laj cingzgvang neix, fatbouh cwngcwz caeuq guhfap aeu ikleih yawhgeiz onjdingh、demmaj onjdingh、 diuzcingj gvaenghgyaq, aeu gaem ndei gij vaiqmenh caeuq naekmbaeu fuengzre gaemhanh fungyiemj, fuengzre gij yauqwngq gaenjsuk daeb gya、bienq hung, baenzlawz cungj mbouj hawj ginghci yinhhengz gyod ok aen gvaengh daegdingh hableix.",在当前经济下行压力加大情况下，出台政策和工作举措要有利于稳预期、稳增长、调结构，防控风险要把握好节奏和力度，防止紧缩效应叠加放大，决不能让经济运行滑出合理区间。,government_work_report,1346,za,zh
"Doengzseiz, hix mboujndaej dan goq dangqnaj, yungh gij cwngcwz gikcoi haenqrem geizdinj daeuj sonjhaih yiengh hwngfat ciengzgeiz, miz ok huxndumj fungyiemj moq.",同时，也不能只顾眼前，采取损害长期发展的短期强刺激政策，产生新的风险隐患。,government_work_report,1347,za,zh
"Sam aeu cawqleix ndei gij gvanhaeh cwngfuj caeuq hawciengz, baengh gaijgwz hailangh gikfat gij rengzhoengh aen cawjdaej hawciengz.",三要处理好政府与市场的关系，依靠改革开放激发市场主体活力。,government_work_report,1348,za,zh
"Cijaeu cawjdaej hawciengz miz rengzhoengh, couh ndaej dem'ak geu rengz doinyoengx hwngfat gyaeuhmiz, dingjdauq geu rengz gyodroengz ginghci.",只要市场主体有活力，就能增强内生发展动力、顶住经济下行压力。,government_work_report,1349,za,zh
"Aeu roengz rengz hung bae doicaenh gaijgwz hailangh, gyavaiq laebhwnj aen dijhi hawciengz yienhdaih baenz cingjdaej hailangh、miz diuzleix beijak de, cuengqsoeng cinjhaeuj hawciengz, gyahaenq goengcingq gamguenj, cauh ok yiengh vanzging gaicawx ciuqfap guenjleix、habngamj gozci、engqgya bienhleih, hawj gak loih cawjdaej hawciengz engq miz rengzhoengh.",要大力推进改革开放，加快建立统一开放、竞争有序的现代市场体系，放宽市场准入，加强公正监管，打造法治化、国际化、便利化的营商环境，让各类市场主体更加活跃。,government_work_report,1350,za,zh
"Gangj daengz ndaw goek, gij rengzhoengh hawciengz caeuq rengzak cauhnduj ndawbiengz daj ndaw maij hong gaenx guh ikfanh lwgminz cuengqlangh okdaeuj.",从根本上说，市场活力和社会创造力源于亿万人民积极性的发挥。,government_work_report,1351,za,zh
"Aeu dingjmaenh gij swhsiengj hwngfat aeu lwgminz guh cungsim, baedrengz bae guh、aenqrengz bae hengz, cietsaed baujcang gij gwndaenj lwgminz, doinyoengx gaijgez aen vwndiz gij gwndaenj youqgaenj lwgminz, coicaenh ndawbiengz goengbingz cingqngeih, hawj lwgminz ndaej gvaq saedceij ndei.",要坚持以人民为中心的发展思想，尽力而为、量力而行，切实保障基本民生，推动解决重点民生问题，促进社会公平正义，让人民过上好日子。,government_work_report,1352,za,zh
"Lwgminz Cungguek gaenxguh coengmingz、rengzndumj cauhmoq cauhnduj danhmboenmboen, cijaeu lailai sanqfat okdaeuj, Cungguek hwngfat couh itdingh ndaej miz aen hoenggan engqgya gvangqlangh.",中国人民勤劳智慧，具有无限的创新创造潜能，只要充分释放出来，中国的发展就一定会有更为广阔空间。,government_work_report,1353,za,zh
Sam、 Gij Yinvu Hongsaeh Cwngfuj 2019 Nienz,三、2019年政府工作任务,government_work_report,1354,za,zh
Gij ginghci sevei hwngfat bineix yinvu naek、 nanzdaez lai、iugouz sang.,今年经济社会发展任务重、挑战多、要求高。,government_work_report,1355,za,zh
"Raeuz aeu hawj giz naek de doedyienh、dawzndei bouh youqgaenj, lauxsaed guhndei gak hangh hongsaeh.",我们要突出重点、把握关键，扎实做好各项工作。,government_work_report,1356,za,zh
"（It） Laebdaeb cauhmoq caeuq laebndei hungzgvanh diuzgung, saedbauj ginghci yinhhengz youq ndaw gvaengh daegdingh hableix.",（一）继续创新和完善宏观调控，确保经济运行在合理区间。,government_work_report,1357,za,zh
"Laebdaeb yungh gij roennaemj caeuq banhfap aeu hawciengz dazyinx gaijgwz bae buqgej aen daez nanz hwngfat, hawj hungzgvanh cwngcwz langh rengz guh nyig cougeiz diuzcez, gyalai caeuq lingzvued yungh ndei gij hongdawz cwngcwz caizcwng、cienzngaenz、couhnieb, hawj diuzgung ndaej hab yawhcaek、guh doiq dieg、engq mizyauq, cauh diuzgienh hawj ginghci bingzonj yinhhengz.",坚持以市场化改革的思路和办法破解发展难题，发挥好宏观政策逆周期调节作用，丰富和灵活运用财政、货币、就业政策工具，增强调控前瞻性、针对性和有效性，为经济平稳运行创造条件。,government_work_report,1358,za,zh
Saedhengz gemj gvaeh mienh gvangq soq lai.,实施更大规模的减税。,government_work_report,1359,za,zh
"Geiq guh gij gemj gvaeh ndei doh vunzlai, youh gaengawq lingjyiz、hangznieb、giyez bae gemj gvaeh, cungqdiemj gemjmbaeu diuzrap nabgvaeh hangznieb dajcauh caeuq giyez iq saeq.",普惠性减税与结构性减税并举，重点降低制造业和小微企业税收负担。,government_work_report,1360,za,zh
"Haeujlaeg gaijgwz cwnghcizsui, dawz gij suiqlwd 16％ hangz dajcauh daengj hangznieb seizneix hengz gyangqdaemq daengz 13％, dawz gij suiqlwd 10％ gyaudoeng daehyinh、hangz dajhwnq daengj hangznieb seizneix hengz gyangqdaemq daengz 9％, saedbauj diuz rap nabgvaeh aen hangznieb ceiq youqgaenj de ndaej gyangqdaemq yienhda; gij suiqlwd 6％ mbaek neix baujciz mbouj bienq, hoeng doenggvaq yungh gij guhfap boiqdauq de, lumjbaenz doiq aen hangznieb fugsaeh swnghcanj、swnghhoz de demgya dingjgaeu cienzgvaeh daengj, saedbauj sojmiz hangznieb nabgvaeh dan gemj mbouj gya, laebdaeb byaij coh aen fuengyiengq doicaenh suiqlwd sam mbaek gyoebbaenz song mbaek、hawj aen cidu sougvaeh bienq genjdanh bae.",深化增值税改革，将制造业等行业现行16%的税率降至13%，将交通运输业、建筑业等行业现行10%的税率降至9%，确保主要行业税负明显降低；保持6%一档的税率不变，但通过采取对生产、生活性服务业增加税收抵扣等配套措施，确保所有行业税负只减不增，继续向推进税率三档并两档、税制简化方向迈进。,government_work_report,1361,za,zh
Cagaenj doeksaed ndei aen cwngcwz gemj gvaeh leih doh giyez iq saeq nienzco fatbouh saedhengz.,抓好年初出台的小微企业普惠性减税政策落实。,government_work_report,1362,za,zh
"Baez gemj gvaeh neix, daj ""cuengq raemx ciengx bya""、gyaak gij rengzlaeng hwngfat bae naemj, caeuq caiq ngeix daengz caizcwng ndaej lienzdaemh demsou, dwg gij guhfap youqgaenj gemjmbaeu diuz rap giyez、gikfat gij rengzhoengh hawciengz, dwg gij gaijgwz youqgaenj laebndei cidu sougvaeh、coisawj aen gvaenghgek faenboiq souhaeuj bienqndei, dwg gij genjdingh youqgaenj hungzgvangh cwngcwz haeujcoengh onjdingh demmaj、bauj couhnieb、diuz gvaenghgyaq.",这次减税，着眼“放水养鱼”、增强发展后劲并考虑财政可持续，是减轻企业负担、激发市场活力的重大举措，是完善税制、优化收入分配格局的重要改革，是宏观政策支持稳增长、保就业、调结构的重大抉择。,government_work_report,1363,za,zh
Yienhda gemjmbaeu diuz rap giyez gyau cienz sebauj.,明显降低企业社保缴费负担。,government_work_report,1364,za,zh
"Gyangqdaemq aen beijlaeh danhvei gyau gij cienz baujyiemj ciengxlaux giekbonj boux cizgungh hawsingz, gak dieg ndaej gyangqdaemq daengz 16％.",下调城镇职工基本养老保险单位缴费比例，各地可降至16%。,government_work_report,1365,za,zh
"Onjdingh gij fuengsik sougyau seizneix, gak dieg youq ndaw bouhloh gaijgwz aen dijci cwngsou mboujndaej yungh gij guhfap gyanaek diuz rap saedsaeh gyaucienz giyez iq saeq, mboujndaej gag doiq gij cienz gaxgonq yiemq gyau guh gyonj suenq comz gyau.",稳定现行征缴方式，各地在征收体制改革过程中不得采取增加小微企业实际缴费负担的做法，不得自行对历史欠费进行集中清缴。,government_work_report,1366,za,zh
Laebdaeb saedhengz aen cwngcwz gyangqdaemq aen beijlwd cienz baujyiemj saetnieb caeuq goengsieng mboengq seizgan ndeu.,继续执行阶段性降低失业和工伤保险费率政策。,government_work_report,1367,za,zh
Bineix bietdingh aeu hawj diuz rap gyau cienz sebauj aen giyez daegbied dwg giyez iq saeq caensaed ndaej gemjmbaeu.,今年务必使企业特别是小微企业社保缴费负担有实质性下降。,government_work_report,1368,za,zh
"Gyavaiq doicaenh sengjgaep gaijgwz gij dungjcouz baujyiemj ciengxlaux, laebdaeb daezsang aen beijlaeh cunghyangh diuz bouj aen gihginh baujyiemj ciengxlaux giekbonj hawj gyoengq cizgungh giyez, laebdaeb vehbued cienjhawj mbangj swhbwnj guekmiz bae cungsaed sebauj gihginh.",加快推进养老保险省级统筹改革，继续提高企业职工基本养老保险基金中央调剂比例、划转部分国有资本充实社保基金。,government_work_report,1369,za,zh
"Raeuz geiq aeu gemjmbaeu diuz rap giyez gyaucienz, youh aeu baujcang gij cienzciengxlaux caeuq fukleih boux cizgungh camgya sebauj de mbouj deng yingjyangj、cienzciengxlaux hableix demmaj caemhcaiq ciuqseiz fathawj gaeuqsoq, hawj sebauj gihginh ndaej lienzdaemh、giyez caeuq cizgungh cungj ndaej souh'ik.",我们既要减轻企业缴费负担，又要保障职工社保待遇不受影响、养老金合理增长并按时足额发放，使社保基金可持续、企业与职工同受益。,government_work_report,1370,za,zh
Saedbauj gemj gvaeh gyangq feiq doeksaed daengz vih.,确保减税降费落实到位。,government_work_report,1371,za,zh
"Gemj gvaeh gyangq feiq rongj daengz giz dot caeuq giz nanz aen cawjdaej hawciengz seizneix, dwg aen cwngcwz geiq goengbingz youh miz yauqlwd.",减税降费直击当前市场主体的痛点和难点，是既公平又有效率的政策。,government_work_report,1372,za,zh
Daengx bi yaek gemjmbaeu diuz rap cienzgvaeh caeuq gyaucienz sebauj giyez gaenh 2 fanh ik maenz.,全年减轻企业税收和社保缴费负担近2万亿元。,government_work_report,1373,za,zh
Neix yaek daiq atlig gig daih hawj gak gaep caizcwng.,这会给各级财政带来很大压力。,government_work_report,1374,za,zh
"Vihliux haeujcoengh giyez gemjrap, gak gaep cwngfuj aeu haed saivaq gvaq saedceij, siengj ok banhfap couzcienz.",为支持企业减负，各级政府要过紧日子，想方设法筹集资金。,government_work_report,1375,za,zh
"Cunghyangh caizcwng aeu lai sou noix cei, hawj aen ginhyungz gihgou guekmiz daegdingh caeuq cunghyangh giyez lai gyau leihyinh, itbuen ceiok atgemj 5% doxhwnj、 ginghfei ""sam goeng"" caiq atgemj 3% baedauq, gij cienz ciengzgeiz cuengq hoengq de itlwd sou dauq.",中央财政要开源节流，增加特定国有金融机构和央企上缴利润，一般性支出压减5%以上、“三公”经费再压减3%左右，长期沉淀资金一律收回。,government_work_report,1376,za,zh
"Deihfueng cwngfuj hix aeu gag rox bae vatra rengzndumj, haenqrengz gaijndei gij gvaenghgyaq ceiok, lai diuz roenloh yungh ndei gak loih cienzngaenz caeuq swhcanj.",地方政府也要主动挖潜，大力优化支出结构，多渠道盘活各类资金和资产。,government_work_report,1377,za,zh
"Raeuz aeu caensaed hawj aen cawjdaej hawciengz daegbied dwg giyez iq saeq roxnyinh gemj gvaeh gyangq feiq yienhda, baenzlawz cungj aeu ciuq gij wngqcingz doiq giyez caeuq ndawbiengz de bae guh.",我们要切实让市场主体特别是小微企业有明显减税降费感受，坚决兑现对企业和社会的承诺。,government_work_report,1378,za,zh
Gunnanz caiq lai hix itdingh aeu banh ndei gienh saeh hung neix.,困难再多也一定要把这件大事办成办好。,government_work_report,1379,za,zh
Baedrengz gejrungq aen vwndiz giyez couzcienz hojnanz、couzcienz cingzbonj sang.,着力缓解企业融资难融资贵问题。,government_work_report,1380,za,zh
"Gaijgwz laebndei aen gihci douzcuengq gij cienzngaenz saenqyungh daigvanj, habseiz yungh aen soujduenh soqliengh lainoix caeuq gyaqcienz sangdaemq lumjbaenz gyangqdaemq aen beijlwd cienzbwh romngaenz、leihlwd daengj, dazyinx ginhyungz gihgou lai cuengq saenqyungh daigvanj, gyangqdaemq gij cingzbonj daigvanj, dawzcinj mizyauq haeujcoengh yiengh ginghci saeddaej, mboujndaej hawj cienzngaenz cienjhoengq roxnaeuz duetliz saeddaej ginghci rih aeu ca'gyaq.",改革完善货币信贷投放机制，适时运用存款准备金率、利率等数量和价格手段，引导金融机构扩大信贷投放、降低贷款成本，精准有效支持实体经济，不能让资金空转或脱实向虚。,government_work_report,1381,za,zh
"Lai roengzrengz hawj ngaenzhangz rauh iq dinghyiengq gyangqdaemq cienzbwh romngaenz, gij cienzngaenz cuengq ok de cienzbouh yungh youq daigvanj hawj giyez minzyingz caeuq giyez iq saeq.",加大对中小银行定向降准力度，释放的资金全部用于民营和小微企业贷款。,government_work_report,1382,za,zh
"Haeujcoengh sanghyez ngaenzhangz hung lai diuz roenloh bae boujcung swhbwnj, gyaak gij naengzlig cuengq saenqyungh daigvanj, gikcoi gyalai gij daigvanj cunggeiz ciengzgeiz caeuq gij daigvanj saenqyungh hawj hangznieb dajcauh.",支持大型商业银行多渠道补充资本，增强信贷投放能力，鼓励增加制造业中长期贷款和信用贷款。,government_work_report,1383,za,zh
Bineix aen sanghyez ngaenzhangz hung guekmiz daigvanj hawj giyez iq saeq aeu demmaj 3 cingz doxhwnj.,今年国有大型商业银行小微企业贷款要增长30%以上。,government_work_report,1384,za,zh
Cingleix gvidingh gij soucienz ngaenzhangz caeuq cunghgai fuzvu.,清理规范银行及中介服务收费。,government_work_report,1385,za,zh
"Laebndei aen gihci baihndaw gaujhaed ginhyungz gihgou, gikcoi caeuq gyarengz guh yiengh fugsaeh aeu ginhyungz lailai hawj ndei, caencingq hawj yiengh couzcienz gaenjcieng giyez rauh、iq、saeq gaijndei yienhda, gij cingzbonj gyoebhab couzcienz doekdaemq yienhda.",完善金融机构内部考核机制，激励加强普惠金融服务，切实使中小微企业融资紧张状况有明显改善，综合融资成本必须有明显降低。,government_work_report,1386,za,zh
Hawj gij caigen deihfueng cwngfuj yungh ok cingzyauq daeuj.,有效发挥地方政府债券作用。,government_work_report,1387,za,zh
"Bineix dajsuenq anbaiz gij caigen cienhangh deihfueng cwngfuj 2.15 fanh ik maenz, beij bi'gvaq gyalai 8000 ik maenz, daezgung cienzngaenz bae haeujcoengh hwnqguh hanghmoeg cungqdiemj, hix cauh diuzgienh hawj deihfueng cwngfuj engq ndei fuengzre siucawz gij fungyiemj dawzcaiq.",今年拟安排地方政府专项债券2.15万亿元，比去年增加8000亿元，为重点项目建设提供资金支持，也为更好防范化解地方政府债务风险创造条件。,government_work_report,1388,za,zh
Hableix gyahung aen gvaengh sawjyungh caigen cienhangh.,合理扩大专项债券使用范围。,government_work_report,1389,za,zh
"Laebdaeb fathengz gij caigen gvidingh soqliengh dingjvuenh cienzcaiq deihfueng cwngfuj, gemjnoix diuz rap leihsik deihfueng.",继续发行一定数量的地方政府置换债券，减轻地方利息负担。,government_work_report,1390,za,zh
"Gikcoi yungh aen fuengsik hawciengz, dojdangq gaijgez aen vwndiz cienzcaiq daengz geiz aen yungzswh bingzdaiz, mboujndaej buenqbangh cuengqfwngz mbouj leix.",鼓励采取市场化方式，妥善解决融资平台到期债务问题，不能搞“半拉子”工程。,government_work_report,1391,za,zh
Lai yiengh banhfap caez yungh onjdingh caeuq gyahung couhnieb.,多管齐下稳定和扩大就业。,government_work_report,1392,za,zh
"Netsaed guhndei gij hongsaeh couhnieb gyoengqvunz cungqdiemj de, lumjbaenz gyoengq hagseng bizyez aen gauhyau、gyoengq bouxbing doiqok bingdoih、gyoengq nungzminzgungh daengj, lai roengzrengz bangfuz doengh boux vunz hoj ra hong ndaw hawsingz ndaej miz hong guh.",扎实做好高校毕业生、退役军人、农民工等重点群体就业工作，加强对城镇各类就业困难人员的就业帮扶。,government_work_report,1393,za,zh
"Doiq gak loih giyez ciuaeu vunzgungz lajmbanj、boux saetnieb hawsingz hwnjbouh buenq bi doxhwnj, ndaw sam bi hawj gemjmienx gij gvaeh feiq dinghngeg de.",对招用农村贫困人口、城镇登记失业半年以上人员的各类企业，三年内给予定额税费减免。,government_work_report,1394,za,zh
Gyarengz haeujcoengh lingzvued couhnieb、hingzyiengh moq couhnieb.,加强对灵活就业、新就业形态的支持。,government_work_report,1395,za,zh
Itdingh aeu fuengzre caeuq niujcingq gij yienghsiengq youq ndaw couhnieb mbouj bingzdaengj doiqdaih sai mbwk caeuq ndangfaenh.,坚决防止和纠正就业中的性别和身份歧视。,government_work_report,1396,za,zh
"Hengzguh aen hengzdoengh daezswng cizyez ginwngz, daj ndaw soqyawz saetnieb baujyiemj gihginh dawzok 1000 ik maenz, yungh youq sonlienh cizgungh daezswng ginwngz caeuq cienj gang'vih cienjnieb, hawj 1500 fanh vunz baez doxhwnj souh'ik.",实施职业技能提升行动，从失业保险基金结余中拿出1000亿元，用于1500万人次以上的职工技能提升和转岗转业培训。,government_work_report,1397,za,zh
Laebndei gij gihci caeuq cwngcwz hwngfat cungj cizyez gisuz gunghyinz.,健全技术工人职业发展机制和政策。,government_work_report,1398,za,zh
"Gyavaiq hwngfat gij cizyez gyauyuz yienhdaih, geiq ikleih gejrungq gij atlig couhnieb seizneix, hix dwg gij banhfap ndei gaijgez aen vwndiz giepnoix vunzcaiz dinfwngz soemraeh.",加快发展现代职业教育，既有利于缓解当前就业压力，也是解决高技能人才短缺的战略之举。,government_work_report,1399,za,zh
"Gaijgwz laebndei gij banhfap gaujsi ciu hagseng doengh aen gauhciz yenyau, gikcoi gyoengq vunz baugauj engq lai, lumjbaenz gij vunz bineix doeg sat gauhcungh、bouxbing doiqok bingdoih、boux cizgungh saetnieb、 nungzminzgungh daengj, bineix gauhciz yenyau lai ciu 100 fanh vunz.",改革完善高职院校考试招生办法，鼓励更多应届高中毕业生和退役军人、下岗职工、农民工等报考，今年大规模扩招100万人。,government_work_report,1400,za,zh
"Hawj engq lai hagseng ndaej gij cienz dajciengj bang hag aen gauhciz yenyau, daezsang aen biucinj bangbouj, gyavaiq mbawcingq yozliz caeuq mbawcingq daengjgaep cizyez ginwngz doxdoeng doxciep.",扩大高职院校奖助学金覆盖面、提高补助标准，加快学历证书和职业技能等级证书互通衔接。,government_work_report,1401,za,zh
"Gaijgwz aen dijci banhhag gauhciz yenyau, gyarengz cauhlaeb aen doih lauxsae, daezsang gij caetliengh banhhag.",改革高职院校办学体制，加强师资队伍建设，提高办学质量。,government_work_report,1402,za,zh
Dazyinx buek bujdungh bwnjgoh gauhyau ndeu cienjbaenz cungj daihhag wngqyungh loihhingz.,引导一批普通本科高校转为应用型大学。,government_work_report,1403,za,zh
"Cunghyangh caizcwng lailai demgya douzhaeuj gauhciz yenyau, deihfueng caizcwng hix aeu gyarengz haeujcoengh.",中央财政大幅增加对高职院校的投入，地方财政也要加强支持。,government_work_report,1404,za,zh
Youq cunghdwngj cizyez gyauyuz ndalaeb guekgya ciengjyozginh.,设立中等职业教育国家奖学金。,government_work_report,1405,za,zh
"Haeujcoengh giyez caeuq gij ligliengh ndawbiengz banh cizyez gyauyuz, gyavaiq cauhlaeb giz dieg saed lienh swnghcanj gyauyoz yungzhab.",支持企业和社会力量兴办职业教育，加快产教融合实训基地建设。,government_work_report,1406,za,zh
"Raeuz doenggvaq lailai gaijgwz lailai hwngfat yiengh cizyez gyauyuz yienhdaih, gyavaiq gungganq gak loih vunzcaiz gisuz ginwngz, hawj bouxcoz engq lai baengh dinfwngz soemraeh bonjfaenh saedyienh gij gyaciz goyinz, hawj sam bak roekcib hangz vunz ak comz nyaed、 deih lumj ndaundeiq.",我们要以现代职业教育的大改革大发展，加快培养国家发展急需的各类技术技能人才，让更多青年凭借一技之长实现人生价值，让三百六十行人才荟萃、繁星璀璨。,government_work_report,1407,za,zh
"（Ngeih）Gikfat gij rengzhoengh aen cawjdaej hawciengz, baedrengz gaijndei gij vanzging gaicawx.",（二）激发市场主体活力，着力优化营商环境。,government_work_report,1408,za,zh
"Guek raeuz miz baenz ik aen cawjdaej hawciengz, caemhcaiq lij lai gya dem.",我国有上亿市场主体，而且还在不断增加。,government_work_report,1409,za,zh
"Yaek coicaenh ginghci bingzonj demmaj, bouh ceiq youqgaenj de dwg hawj gij rengzhoengh cawjdaej hawciengz lienzdaemh caemhcaiq yied daeuj yied lai.",把市场主体的活跃度保持住、提上去，是促进经济平稳增长的关键所在。,government_work_report,1410,za,zh
"Aeu haeujlaeg gaijgwz ""cuengqgienz、guenjleix、fugsaeh"", gyangqdaemq gij cingzbonj gaicawx cidu daiqdaeuj, roengz goengfou engq lai dajcauh ndei gij vanzging unq hwngfat.",要深化“放管服”改革，降低制度性交易成本，下硬功夫打造好发展软环境。,government_work_report,1411,za,zh
"Doenggvaq gemjnoix saemjbae、gaijndei fugsaeh, bienhleih douzswh hwng nieb.",以简审批优服务便利投资兴业。,government_work_report,1412,za,zh
Hawciengz boiqbaij swhyenz dwg gij hingzsik ceiq mizyauq de.,市场配置资源是最有效率的形式。,government_work_report,1413,za,zh
"Aeu caiq sukgemj mbawdan gimqhaed haeuj hawciengz, doinyoengx bujben doeksaed ""mbouj gimq couh haeuj"".",要进一步缩减市场准入负面清单，推动“非禁即入”普遍落实。,government_work_report,1414,za,zh
"Cwngfuj aeu laemxsim gyau gij saehhangh mbouj wnggai guenj de hawj hawciengz, ceiq lai bae gemjnoix cigsoh boiqbaij swhyenz, gij saehhangh saemjbae de ndaej gemj caenhliengh gemj, gij caen aeu saemjbae de hix aeu gemjnoix bouhloh caeuq hothoh, hawj giyez lai miz seizgan doisiu canjbinj、noix sai seizgan buet saemjbae.",政府要坚决把不该管的事项交给市场，最大限度减少对资源的直接配置，审批事项应减尽减，确需审批的要简化流程和环节，让企业多用时间跑市场、少费功夫跑审批。,government_work_report,1415,za,zh
"Bineix doiq sojmiz saehhangh nangqdaengz cinjhawj giyez ginghyingz de, guh yiengh gaijgwz ""cwng cau faenliz"", hawj giyez aeundaej yingzyez cizcau engqgya fuengbienh, caemhcaiq caenhvaiq cingqciengz haihong, laemxsim siucawz cungj yienghsiengq ""hawj haeuj mbouj hawj haihong""; youq daengx guek gaijgwz aen cidu saemjbae gij hanghmoeg hwnqguh gunghcwngz、daj goek daengz byai ndaej vaiqvaiq banh roengz hanghmoeg.",今年，要对所有涉企经营许可事项实行“证照分离”改革，使企业更便捷拿到营业执照并尽快正常运营，坚决克服“准入不准营”的现象；在全国推开工程建设项目审批制度改革，使全流程审批时间大幅缩短。,government_work_report,1416,za,zh
Laebdaeb atsuk gij seizgan saemjcaz conhli caeuq cucwz sanghbyauh.,继续压缩专利审查和商标注册时间。,government_work_report,1417,za,zh
"Doinyoengx gwnz vangj saemjbae caeuq fugsaeh, cagaenj hwnqbaenz aen bingzdaiz daengx guek baenz cingjdaej gwnzvangj hongsaeh guenjleix guekgya fugsaeh, vaiqdi guhbaenz aen vangj ndeu cungj banh ndaej、dieg wnq hix banh ndaej, hawj haujlai saehhangh mbouj raennaj cungj ndaej banhleix, gij caen aeu daengz ciengz banh de aeu ""aen cueng ndeu souhleix、hanh seiz banh caez"" ""ceiq lai buet mbat ndeu"".",推行网上审批和服务，抓紧建成全国一体化在线政务服务平台，加快实现一网通办、异地可办，使更多事项不见面办理，确需到现场办的要“一窗受理、限时办结”“最多跑一次”。,government_work_report,1418,za,zh
"Lienzdaemh mbeguh gij gaijgwz hengzdoengh ""gemj cwng fuengbienh lwgminz"", mboujndaej hawj giyez caeuq vunzlai vih banh gij cwngmingz saepsoiq cix buet bae buet dauq.",持续开展“减证便民”改革行动，不能让繁琐证明来回折腾企业和群众。,government_work_report,1419,za,zh
"Laebhwnj aen cidu ""bingz ndei bingz yaez"" yiengh fugsaeh hongsaeh cwngfuj, fugsaeh ndei mbouj ndei hawj giyez caeuq lwgminz daeuj bingz.",建立政务服务“好差评”制度，服务绩效由企业和群众来评判。,government_work_report,1420,za,zh
"Cwngfuj bouhmonz guh ndei fugsaeh dwg wnggai, fugsaeh mbouj ndei dwg hong guh mbouj daengz.",政府部门做好服务是本分，服务不好是失职。,government_work_report,1421,za,zh
Doenggvaq goengcingq gamguenj bae coicaenh goengbingz beijak.,以公正监管促进公平竞争。,government_work_report,1422,za,zh
"Goengbingz beijak dwg aen cehsim ginghci hawciengz, goengcingq gamguenj ndaej baujcang goengbingz beijak.",公平竞争是市场经济的核心，公正监管是公平竞争的保障。,government_work_report,1423,za,zh
"Gaijgwz laebndei aen cidu saemjcaz caeuq goengcingq gamguenj goengbingz beijak, gyavaiq cingleix doengh hangh gvidingh caeuq guhfap gazngaih hawciengz baenz cingjdaej nem goengbingz beijak de.",改革完善公平竞争审查和公正监管制度，加快清理妨碍统一市场和公平竞争的各种规定和做法。,government_work_report,1424,za,zh
Cwngling genjmingz yungzheih caephengz.,政简易从。,government_work_report,1425,za,zh
"Gveihcwz yied genjdanh ronghcingx, gaemguenj yied mizrengz mizyauq.",规则越简约透明，监管越有力有效。,government_work_report,1426,za,zh
"Doiq guekgya daeuj gangj aeu lai cuengq rengz dingh gij gveihcwz caeuq biucinj gaemguenj doengzcaemh de, doiq cwngfuj deihfueng daeuj gangj aeu comz rengz guh gij gamguenj goengcingq de.",国家层面重在制定统一的监管规则和标准，地方政府要把主要力量放在公正监管上。,government_work_report,1427,za,zh
"Doicaenh yiengh lienzhab gamguenj hamj bouhmonz ""song yiengh seizbienh、yiengh goenghai ndeu"", doihengz gaijgwz saenqyungh gamguenj caeuq ""hulenzvangj ＋ gamguenj"", gaijndei fuengsik caepfap, lumjbaenz vanzbauj、 suivu、hawciengz gamguenj daengj, doiq boux famhfap de ciuqfap fad haenq、doiq boux soujfap de fouz saeh mbouj caujfanz.",推进“双随机、一公开”跨部门联合监管，推行信用监管和“互联网+监管”改革，优化环保、消防、税务、市场监管等执法方式，对违法者依法严惩、对守法者无事不扰。,government_work_report,1428,za,zh
"Haeujlaeg gaijgwz gij hingzcwng caepfap gyoebhab de, cingleix gvidingh gij saehhangh hingzcwng cawqfad, laemxsim ceihleix lai giz giemjcaz、fanfoek giemjcaz.",深化综合行政执法改革，清理规范行政处罚事项，坚决治理多头检查、重复检查。,government_work_report,1429,za,zh
"Doiq boux gaemguenj hix aeu guenj haenq、laeb gvigawj, baenzlawz cungj mbouj hawj genj guh caepfap、seizbienh caepfap, baenzlawz cungj mbouj hawj diuqnanz giyez caeuq beksingq.",对监管者也要强监管、立规矩，决不允许搞选择性执法、任性执法，决不允许刁难企业和群众。,government_work_report,1430,za,zh
"Ciuqfap dwkceih doengh gij hingzveiz famhfap lumjbaenz cauhguh siugai huqgyaj huqyaez huq mauhbaiz daengj, ceihfad boux famhfap youqgaenj hawj de souh mboujndaej bae.",依法打击制售假冒伪劣商品等违法行为，让严重违法者付出付不起的代价。,government_work_report,1431,za,zh
"Laebndei aen gihci lienzhab ceihfad saetsaenq, coicaenh gak loih cawjdaej hawciengz souj fap souj saenqyungh ginghyingz.",完善失信联合惩戒机制，促进各类市场主体守法诚信经营。,government_work_report,1432,za,zh
Yungh goengcingq gamguenj guenj ok goengbingz、guenj ok yauqlwd、guenj ok rengzhoengh.,用公正监管管出公平、管出效率、管出活力。,government_work_report,1433,za,zh
Doenggvaq gaijgwz bae doinyoengx gyangqdaemq gij soucienz nangqdaengz giyez.,以改革推动降低涉企收费。,government_work_report,1434,za,zh
"Gyalaeg gaijgwz hawj hawciengz diuzcez denliz, cingleix gij soucienz bengxgya gyaqdienh, gyangqdaemq gij cingzbonj yungh dienh aen hangznieb dajcauh, gij gyaqdienh itbuen gunghsanghyez bingzyaenz caiq gyangqdaemq 10％.",深化电力市场化改革，清理电价附加收费，降低制造业用电成本，一般工商业平均电价再降低10%。,government_work_report,1435,za,zh
"Gyalaeg gaijgwz aen cidu gvaq goengloh soucienz, doinyoengx gvaq loh gvaq giuz siuj sou cienz, ceihleix doiq cihek cihuq saemjbae mbouj hableix caeuq luenh soucienz、luenh fadcienz.",深化收费公路制度改革，推动降低过路过桥费用，治理对客货运车辆不合理审批和乱收费、乱罚款。,government_work_report,1436,za,zh
"Ndaw song bi neix youq daengx guek daihdaej siu bae doengh aen souhfeican gwnz goengloh gauhsuz henzgyaiq gak sengj, guh daengz mbouj dingz ci vaiqdangq soucienz, gemjnoix saek ci、fuengbienh vunzlai.",两年内基本取消全国高速公路省界收费站，实现不停车快捷收费，减少拥堵、便利群众。,government_work_report,1437,za,zh
Siubae roxnaeuz gyangqdaemq gij soucienz buek dietloh、sokruz ndeu.,取消或降低一批铁路、港口收费。,government_work_report,1438,za,zh
Cienhangh ceihleix gij soucienz cunghgai fuzvu.,专项治理中介服务收费。,government_work_report,1439,za,zh
Laebdaeb cingleix gvidingh gij soucienz hingzcwng saehnieb singqcaet.,继续清理规范行政事业性收费。,government_work_report,1440,za,zh
"Gyavaiq cauhlaeb ""vangj ndeu"" mbawdan soucienz, hawj soucienz goenghai ronghcingx, hawj luenh soucienz mboujmiz dieg ndoj.",加快收费清单“一张网”建设，让收费公开透明，让乱收费无处藏身。,government_work_report,1441,za,zh
"（Sam）Dingjmaenh cauhmoq dazyinx hwngfat, ganq hung geu rengz doinyoengx moq.",（三）坚持创新引领发展，培育壮大新动能。,government_work_report,1442,za,zh
"Langh ok gij ak gyoebhab guek raeuz lumjbaenz goengrengz lai vunzcaiz lai、hawciengz ndawguek hungloet daengj, gaijgwz cauhmoq aen gihci yenzgiu haifat gohgi caeuq wngqyungh guh baenz canjnieb bae, roengz rengz hung ganq ok gij cingsaenz ciennieb, coicaenh gij rengz nyoengx moq gaeuq ciepswnj cienjvuenh.",发挥我国人力人才资源丰富、国内市场巨大等综合优势，改革创新科技研发和产业化应用机制，大力培育专业精神，促进新旧动能接续转换。,government_work_report,1443,za,zh
Doinyoengx gaijcauh daezswng canjnieb cienzdoengj.,推动传统产业改造提升。,government_work_report,1444,za,zh
"Hopheux doinyoengx hangznieb dajcauh hwngfat ndei hwnj mbaek sang, gya'ak aen giekdaej gunghyez caeuq gij naengzlig cauhmoq gisuz, coisawj hangznieb dajcauh ceiq ndei caeuq hangznieb fugsaeh yienhdaih yungzhab hwngfat, gyavaiq cauhlaeb aen guekgya ak dajcauh.",围绕推动制造业高质量发展，强化工业基础和技术创新能力，促进先进制造业和现代服务业融合发展，加快建设制造强国。,government_work_report,1445,za,zh
"Dajcauh aen bingzdaiz gunghyez hulenzvangj, mbeguh ""cinwngz ＋"", gyarengz hawj hangznieb dajcauh cienjhingz swnggaep.",打造工业互联网平台，拓展“智能+”，为制造业转型升级赋能。,government_work_report,1446,za,zh
"Haeujcoengh giyez lai vaiq gaijcauh gisuz caeuq lawhvuenh sezbei moq, dawz gij cwngcwz gyavaiq cietgaeuq guding swhcanj ndaej ndeicawq gya'gvangq daengz sojmiz hangznieb dajcauh bae.",支持企业加快技术改造和设备更新，将固定资产加速折旧优惠政策扩大至全部制造业领域。,government_work_report,1447,za,zh
"Gyarengz hawj aen giekdaej daemxcengj caetliengh, doinyoengx biucinj caeuq gij suijbingz ceiq ndei gwnz gozci doxciep, hawj gij canjbinj caeuq fugsaeh engq lai engq ndei, hawj gij vunz ndawguek rogguek engq lai genjyungh gij doxgaiq Cungguek cauh、yiengh fugsaeh Cungguek guh.",强化质量基础支撑，推动标准与国际先进水平对接，提升产品和服务品质，让更多国内外用户选择中国制造、中国服务。,government_work_report,1448,za,zh
Coicaenh canjnieb ngamqhwng gyavaiq hwngfat.,促进新兴产业加快发展。,government_work_report,1449,za,zh
"Gyalaeg yenzgiu haifat caeuq wngqyungh daihsoqgawq、yinzgungh cinwngz daengj, gungganq gij canjnieb ngamqhwng comzgyoengq hwngfat lumjbaenz daih saenqsik gisuz moq、cangboiq gaepsang、swnghvuz yihyoz、giceh nwngzyenz moq、caizliuh moq daengj, guhhung soqcih ginghci.",深化大数据、人工智能等研发应用，培育新一代信息技术、高端装备、生物医药、新能源汽车、新材料等新兴产业集群，壮大数字经济。,government_work_report,1450,za,zh
"Genhciz bauyungz siujsim gamguenj, haeujcoengh hwngfat yienghnieb moq vunqsik moq, coicaenh yiengh ginghci bingzdaiz、yiengh ginghci caezyungh de ndaej cangqheiq majhung.",坚持包容审慎监管，支持新业态新模式发展，促进平台经济、共享经济健康成长。,government_work_report,1451,za,zh
"Gyavaiq youq gak hangznieb gak lingjyiz doicaenh ""hulenzvangj ＋"" .",加快在各行业各领域推进“互联网+”。,government_work_report,1452,za,zh
Lienzdaemh coisawj vangjloz cienzsoengq lai vaiq soucienz gemj noix.,持续推动网络提速降费。,government_work_report,1453,za,zh
"Youq ndaw singz mbeguh yienghndei cien cau gvanhdai haeuj ranz, gaijcauh daezswng gij vangjloz gwnz vangj gyauyuz、gwnz vangj ywbingh, doinyoengx yizdung vangjloz gyadaih yungzliengh swnggaep, hawj gyoengq vunz sawjyungh caencingq roxnyinh daengz hwnj vangj engq vaiq engq onjdingh.",开展城市千兆宽带入户示范，改造提升远程教育、远程医疗网络，推动移动网络扩容升级，让用户切实感受到网速更快更稳定。,government_work_report,1454,za,zh
"Bineix gij cienz yungh gvanhdai aen giyez rauh iq bingzyaenz caiq gyangqdaemq 15％, gij cienz yungh yizdung vangjloz liuzlieng bingzyaenz caiq gyangqdaemq 20％ doxhwnj, youq daengx guek hawj ""daiq hauhmax cienj vangj"", gvidingh ndalaeb gij swhfei baenzdauq de, hawj soucienz gemj noix saedsaedcaihcaih、hawj bouxsiufeiq cingcingcujcuj.",今年中小企业宽带平均资费再降低15%，移动网络流量平均资费再降低20%以上，在全国实行“携号转网”，规范套餐设置，使降费实实在在、消费者明明白白。,government_work_report,1455,za,zh
Daezswng gij naengzlig cengjdaemx aen gohgi.,提升科技支撑能力。,government_work_report,1456,za,zh
"Lai gyarengz haeujcoengh guh gihcuj yenzgiu caeuq gihcuj yenzgiu wngqyungh, lai gyariengz guh gij cauhmoq daeuznduj, lai gyarengz gungroengz gij gisuz cehsim ceiq youqgaenj de.",加大基础研究和应用基础研究支持力度，强化原始创新，加强关键核心技术攻关。,government_work_report,1457,za,zh
"Cagaenj ndabaij gij sizyensiz guekgya, dauqlaeb aen dijhi sizyensiz cungqdiemj guekgya.",抓紧布局国家实验室，重组国家重点实验室体系。,government_work_report,1458,za,zh
Laebndei cujciz guenjleix gij hanghmoeg gohgi hungnaek.,完善重大科技项目组织管理。,government_work_report,1459,za,zh
"Laebndei aen gihci cauhmoq swnghcanj sonhag gohyenz gapbaenz cingjdaej aeu giyez guh cawjdaej haenx, haeujcoengh giyez yiendaeuz hengzguh hanghmoeg gohgi hungnaek.",健全以企业为主体的产学研一体化创新机制，支持企业牵头实施重大科技项目。,government_work_report,1460,za,zh
"Gyavaiq cauhlaeb aen bingzdaiz hailangh caezyungh gij swhyenz cauhmoq gohgi, gyarengz fugsaeh giyez rauh iq cauhmoq gisuz.",加快建设科技创新资源开放共享平台，强化对中小企业的技术创新服务。,government_work_report,1461,za,zh
Gya'gvangq caeuq gozci gapguh cauhmoq.,扩大国际创新合作。,government_work_report,1462,za,zh
"Cienzmienh gyarengz baujhoh cihsiz canjgenz, laebndei aen cidu fad boiz ciemqfamh cihsiz canjgenz, aeu neix bae coicaenh cauh ok gisuz moq caeuq cienjvaq yinhyungh gisuz moq.",全面加强知识产权保护，健全知识产权侵权惩罚性赔偿制度，促进发明创造和转化运用。,government_work_report,1463,za,zh
Gij bonjcaet cauhmoq gohgi dwg gij hozdung bouxvunz guh dajcauh.,科技创新本质上是人的创造性活动。,government_work_report,1464,za,zh
"Aeu lailai yawjnaek caeuq siengsaenq boux guh hong gohyenz, lailai hawj aen donzdui caeuq boux vunzcaiz daiqdaeuz guh cauhmoq de miz gienz yungh vunz yungh cienz yungh huq caeuq miz gienz gietdingh lohsienq gisuz.",要充分尊重和信任科研人员，赋予创新团队和领军人才更大的人财物支配权和技术路线决策权。,government_work_report,1465,za,zh
"Caiq daezsang aen beijlaeh gij ginghfei ganciep guh gij hanghmoeg gihcuj yenzgiu, mbeguh sawqdiemj hanghmoeg ginghfei ""bauhganh"", mbouj nda dingh hanhhaed aen beijlaeh gohmuz, hawj aen donzdui gohyenz gag dingh baenzlawz yungh.",进一步提高基础研究项目间接经费占比，开展项目经费使用“包干制”改革试点，不设科目比例限制，由科研团队自主决定使用。,government_work_report,1466,za,zh
Laebndei aen gihci bingzgyaq gij soundaej gohgi.,完善科技成果评价机制。,government_work_report,1467,za,zh
"Aeu youq doinyoengx gij banhfap gaijgwz aen dijci gohgi caen ok yaugoj roengz goengfou, baenzlawz cungj mboujndaej hawj gij cwngcwz gaijgwz dan dingzlouz youq bak gangj、ndaw saw.",要在推动科技体制改革举措落地见效上下功夫，决不能让改革政策停留在口头上、纸面上。,government_work_report,1468,za,zh
"Haenqrengz gemjnoix gij saeh saepsoiq, hawj boux guh hong gohyenz naebsim yenzgiu、cauhmoq cungbyoengq.",大力简除烦苛，使科研人员潜心向学、创新突破。,government_work_report,1469,za,zh
"Lai gyarengz cauhlaeb gij lunzlij caeuq yozfungh gohyenz, fad gij yozsuz mbouj cingq de, haenqrengz gaiqcawz sim fouz guh saeh.",加强科研伦理和学风建设，惩戒学术不端，力戒浮躁之风。,government_work_report,1470,za,zh
"Guek raeuz miz aen doih gohgi yinzcaiz gwnz seiqgyaiq vunzsoq ceiq lai, caux ok aen gohyenz vanzging ndei, couh itdingh ndaej coux daeuj aen geizseiq sengdoengh vunzcaiz gohgi maenh'ak buek dam buek、cwngzgoj cauhmoq nyoenx mboujdingz.",我国有世界上最大规模的科技人才队伍，营造良好的科研生态，就一定能够迎来各类英才竞现、创新成果泉涌的生动局面。,government_work_report,1471,za,zh
Caiq yinx vunzlai cauhnieb、cauhmoq haeuj laeg bae.,进一步把大众创业万众创新引向深入。,government_work_report,1472,za,zh
"Gikcoi gij cawjdaej ndawbiengz engq lai cauhmoq cauhnieb, hai gvangq gizdieg ginghci sevei hwngfat, lai gyarengz daj gak fuengmienh bae fugsaeh, hawj dieg yienghndei cauhnieb cauhmoq langh rengz daiqdoengh.",鼓励更多社会主体创新创业，拓展经济社会发展空间，加强全方位服务，发挥双创示范基地带动作用。,government_work_report,1473,za,zh
"Gyarengz guh yiengh bangcoengh ndei doh vunzlai, doeksaed ndei gij cwngcwz gemj gvaeh lumjbaenz hawj bouxnabsuiq noix de daj aen soq ndwen gai 3 fanh maenz couh aeu gyau goyinz cwnghcizsui gyalai daengz 10 fanh maenz cij gyau.",强化普惠性支持，落实好小规模纳税人增值税起征点从月销售额3万元提高到10万元等税收优惠政策。,government_work_report,1474,za,zh
"Gaijgwz laebndei aen gihci ginhyungz bangcoengh, ndalaeb gohcangbanj caemhcaiq sawqhengz aen cidu roengzbouh bwh'anq fathengz gujbyau, gikcoi vih cauhnieb cauhmoq fathengz cienhangh ginhyungz caigen, gya'gvangq aeu cihsiz canjgenz daejat couzcienz, haeujcoengh hwngfat cauhnieb douzswh.",改革完善金融支持机制，设立科创板并试点注册制，鼓励发行双创金融债券，扩大知识产权质押融资，支持发展创业投资。,government_work_report,1475,za,zh
"Gaijgwz caeuq laebndei aen gihci gungganq、sawjyungh、bingzgyaq vunzcaiz, engq ndei bae fugsaeh boux louzhag dauqma caeuq gij vunzcaiz daj guekrog daeuj.",改革完善人才培养、使用、评价机制，优化归国留学人员和外籍人才服务。,government_work_report,1476,za,zh
"Hawj naj doiq gij aeuyungh hawciengz caeuq cienzhwng yiengh cingsaenz yinzvwnz giethab hwnjdaeuj, engq ndei ciucomz sawjyungh gak loih vunzcaiz, Cungguek cauhmoq itdingh hwngfat ndaej engq ndei, engq lai ok rengz hawj vunzbiengz vwnzmingz baenaj.",把面向市场需求和弘扬人文精神结合起来，善聚善用各类人才，中国创新一定能更好发展，为人类文明进步作出应有贡献。,government_work_report,1477,za,zh
"(Seiq) Coicaenh cauxbaenz aen hawciengz ndawguek giengzdaih de, lienzdaemh langh ok gij rengzndumj aeuyungh ndawguek.",（四）促进形成强大国内市场，持续释放内需潜力。,government_work_report,1478,za,zh
"Lailai hawj siuyungh langh rengz guh giek、hawj douzswh langh rengz guh saeu, onjdingh yiengh aeuyungh mizyauq ndawguek, mizrengz cengjdaemx ginghci bingzonj yinhhengz.",充分发挥消费的基础作用、投资的关键作用，稳定国内有效需求，为经济平稳运行提供有力支撑。,government_work_report,1479,za,zh
Coicaenh siuyungh onjdingh demmaj.,推动消费稳定增长。,government_work_report,1480,za,zh
"Lai cungj banhfap caez yungh coicaenh gihminz singzmbanj demsou, gyaak geu rengz siuyungh.",多措并举促进城乡居民增收，增强消费能力。,government_work_report,1481,za,zh
"Doeksaed ndei aen fap goyinz sojdwzsui mboengqgonq ngamq guh coihdingh de, hawj daih'iek 8000 fanh bouxnabsuiq hab aen cwngcwz gemjgvaeh de caencingq ndaej souh'ik.",落实好新修订的个人所得税法，使符合减税政策的约8000万纳税人应享尽享。,government_work_report,1482,za,zh
"Aeu swnh'wngq yiengh bienqvaq moq aeuyungh siufeiq, lai miengloh demgya gij canjbinj maenhndei caeuq gunghawj fugsaeh, gyavaiq buqcawz giz gaz swhbwnj ndawbiengz haeujbae.",要顺应消费需求的新变化，多渠道增加优质产品和服务供给，加快破除民间资本进入的堵点。,government_work_report,1483,za,zh
Guek raeuz gij vunz 60 bi doxhwnj gaenq miz 2.5 ik.,我国60岁以上人口已达2.5亿。,government_work_report,1484,za,zh
"Aeu roengzrengz hwngfat gij hangznieb ciengxlaux, daegbied dwg gij hangznieb fugsaeh ciengxlaux segih, doiq doengh aen gihgou youq segih guh fugsaeh lumjbaenz doengxngoenz ciuqgoq、hohleix hoizfuk ndangcangq、 bwnq gwn rex byaij daengj, youq gemjmienx ngaenzgvaeh、cienzngaenz haeujcoengh、yungh dienh yungh heiq gyaqcienz bienzngeiz daengj fuengmienh bae bangfuz, doengh giz comz hwnq ranzyouq moq de wnggai boiqdauq hwnqguh gij sezsih segih fugsaeh ciengxlaux daengj, gyarengz hwnqguh gij sezsih fugsaeh ciengxlaux lajmbanj, gaijgwz laebndei gij cwngzcwz yw ciengx giethab, gyalai gij sawqdiemj saedhengz aen cidu baujyiemj ciengzgeiz hohleix de, hawj bouxnienzlaux ndaej vuenyungz gvaq gij ndwenngoenz seizgeq, bouxlaeng couh deq ndaejdaengz yiengh ngoenzndei daengzcog.",要大力发展养老特别是社区养老服务业，对在社区提供日间照料、康复护理、助餐助行等服务的机构给予税费减免、资金支持、水电气热价格优惠等扶持，新建居住区应配套建设社区养老服务设施，加强农村养老服务设施建设，改革完善医养结合政策，扩大长期护理保险制度试点，让老年人拥有幸福的晚年，后来人就有可期的未来。,government_work_report,1485,za,zh
Gij saeh bang ganq bang dawz lwgnding lwg'iq nangqdaengz cien gya fanh hoh.,婴幼儿照护事关千家万户。,government_work_report,1486,za,zh
"Aeu cimdoiq yiengh cingzgvang moq saedhengz aen cwngcwz cienzmienh hawj seng song lwg, gyavaiq hwng guh yiengh fugsaeh lai yiengh bang dawz bang ganq lwgnding lwg'iq, bangcoengh gij goengrengz ndawbiengz haibanh aen gihgou dak dawz dak ganq, lai roengzrengz bae baujcang lwgnyez ancienz.",要针对实施全面两孩政策后的新情况，加快发展多种形式的婴幼儿照护服务，支持社会力量兴办托育服务机构，加强儿童安全保障。,government_work_report,1487,za,zh
Coicaenh hangznieb fugsaeh gyadingz daez caet gya lai.,促进家政服务业提质扩容。,government_work_report,1488,za,zh
"Hwngfat baeyouz daengx ranghdieg, guh hung aen canjnieb baeyouz.",发展全域旅游，壮大旅游产业。,government_work_report,1489,za,zh
"Onjdingh aen hawciengz cawx ci, laebdaeb caephengz aen cwngcwz ndei doh cawx aeu gij ci nwngzyenz moq, doinyoengx hwnqguh cung dienh、 gya gingh daengj sezsih.",稳定汽车消费，继续执行新能源汽车购置优惠政策，推动充电、加氢等设施建设。,government_work_report,1490,za,zh
"Hwngfat gij yienghnieb moq vunqsik moq siuyungh, coicaenh yungzhab hwngfat gij siuyungh sienq gwnz sienq laj, gungganq diemj demmaj moq siuyungh.",发展消费新业态新模式，促进线上线下消费融合发展，培育消费新增长点。,government_work_report,1491,za,zh
"Laebndei aen vangjloz riuzdoeng lajmbanj, haeujcoengh hwngfat densangh caeuq vaiqsoengq.",健全农村流通网络，支持电商和快递发展。,government_work_report,1492,za,zh
"Gyarengz baujhoh gij gienzik boux siuyungh, hawj vunzlai cuengqsim siuyungh、bienhleih siuyungh.",加强消费者权益保护，让群众放心消费、便利消费。,government_work_report,1493,za,zh
Hableix gyahung yiengh douzswh mizyauq de.,合理扩大有效投资。,government_work_report,1494,za,zh
"Hop gaenj aen canloz hwngfat guekgya, gyavaiq saedhengz buek hanghmoeg cungqdiemj ndeu.",紧扣国家发展战略，加快实施一批重点项目。,government_work_report,1495,za,zh
"Guhbaenz douzswh dietloh 8000 ik maenz、douzswh goengloh roenraemx daehyinh 1.8 fanh ik maenz, caiq haigoeng guh buek suijli gunghcwngz hungnaek he, gyavaiq gviveh hwnqguh diuz dietloh Conh Cang, dem rengz hung douzswh hwnqguh sezsih giekdaej, lumjbaenz gij gyaudoeng singz singz lienzciep、canjbinj riuzdoengh、hongsaeh guenjleix hawsingz、fuengzceih caihaih、hangzgungh minzyungh caeuq doeng'yungh daengj. Gyarengz hwnqguh gij sezsih giekdaej saenqsik daih moq.",完成铁路投资8000亿元、公路水运投资1.8万亿元，再开工一批重大水利工程，加快川藏铁路规划建设，加大城际交通、物流、市政、灾害防治、民用和通用航空等基础设施投资力度，加强新一代信息基础设施建设。,government_work_report,1496,za,zh
"Bineix gij douzswh ndaw yawhsuenq cunghyangh anbaiz 5776 ik maenz, beij bi'gvaq lai gya 400 ik maenz.",今年中央预算内投资安排5776亿元，比去年增加400亿元。,government_work_report,1497,za,zh
"Cauhmoq gij fuengsik hanghmoeg couzcienz, habdangq gyangqdaemq aen beijlaeh cienzgoek hanghmoeg lumjbaenz gij sezsih giekdaej daengj, yungh ndei gij hongdawz ginhyungz daiqmiz yiengh singqcaet haifat de, supyinx swhbwnj ndawbiengz engq lai caeuqfaenh hwnqguh gij hanghmoeg ndaw lingjyiz cungqdiemj.",创新项目融资方式，适当降低基础设施等项目资本金比例，用好开发性金融工具，吸引更多民间资本参与重点领域项目建设。,government_work_report,1498,za,zh
"Doeksaed gij cwngcwz haeujcoengh ndawbiengz douzswh, miz bouhloh bae doicaenh cwngfuj caeuq swhbwnj ndawbiengz gapguh.",落实民间投资支持政策，有序推进政府和社会资本合作。,government_work_report,1499,za,zh
Gaijgwz laebndei aen cidu ciubiu douzbiu.,改革完善招投标制度。,government_work_report,1500,za,zh
"Cwngfuj aeu daiqdaeuz gangj saenqyungh、souj iekdingh, baenzlawz cungj mboujndaej ""hak moq mbouj nyinh caiq gaeuq"", doiq gij cienzngaenz cwngfuj yiemq giyez de nienzdaej gaxgonq aeu boiz dingz ndeu doxhwnj, baenzlawz cungj mbouj hawj yiemq caiq moq.",政府要带头讲诚信守契约，决不能“新官不理旧账”，对拖欠企业的款项年底前要清偿一半以上，决不允许增加新的拖欠。,government_work_report,1501,za,zh
"(Haj) Doiqbiu aen yinvu cienzmienh hwnqbaenz aen biengz siujgangh, maenhsaed doicaenh duetgungz gunggeng caeuq saenqhwng lajmbanj.",（五）对标全面建成小康社会任务，扎实推进脱贫攻坚和乡村振兴。,government_work_report,1502,za,zh
"Dingjmaenh hawj nungzyez caeuq lajmbanj ciemqgonq hwngfat, gyarengz dungjcouz hamzciep duetgungz gunggeng caeuq saenqhwng lajmbanj, saedbauj ciuq seiz guhbaenz aen moegbiu duetgungz gunggeng、hawj gij saedceij nungzminz dabdaengz aen suijbingz siujgangh.",坚持农业农村优先发展，加强脱贫攻坚与乡村振兴统筹衔接，确保如期实现脱贫攻坚目标、农民生活达到全面小康水平。,government_work_report,1503,za,zh
Dwk hingz ciengz ciengq gunggeng dawzcinj duetgungz.,打好精准脱贫攻坚战。,government_work_report,1504,za,zh
"Comzrengz gaijgez gij vwndiz doedyienh youq mwh guhbaenz ""song mbouj you sam baujcang""bungzdaengz, roengz rengz hung youq gizdieg gungzhoj raixcaix de lumjbaenz ""sam gih sam couh""daengj duetgungz gunggeng, gyarengz hwnqguh sezsih giekdaej, doeksaed gij banhfap baujcang gyoengq vunz gungzhoj daegbied de.",重点解决实现“两不愁三保障”面临的突出问题，加大“三区三州”等深度贫困地区脱贫攻坚力度，加强基础设施建设，落实对特殊贫困人口的保障措施。,government_work_report,1505,za,zh
"Duetgungz baenz fouq aeu baengh canjnieb daeuj cengjdaemx, aeu haenqrengz bangfuz dieg gungzhoj hwngfat gij canjnieb miz daegsaek youh ndei gvaq vunz de.",脱贫致富离不开产业支撑，要大力扶持贫困地区发展特色优势产业。,government_work_report,1506,za,zh
"Youq dieg gungzhoj cienhangh mbeguh haed dingzhag bauj hag、hawj aen beijlwd hagseng dingzhag gyangqdaemq yienhda, laebdaeb hawj aen gauhyau cungqdiemj de demgya gij vunzsoq cienhangh ciuaeu hagseng lajmbanj caeuq dieg gungzhoj, yungh ndei gyauyuz aen banhfap neix, daj goekgaen bae gatduenh daih dem daih gungzhoj.",开展贫困地区控辍保学专项行动、明显降低辍学率，继续增加重点高校专项招收农村和贫困地区学生人数，用好教育这个阻断贫困代际传递的治本之策。,government_work_report,1507,za,zh
"Daihdaej guhbaenz gij hong gviveh hwnqguh senj dieg buen ranz banggungz ndaw ""Cibsam Haj""vehdingh, gyarengz duenhlaeng fuzrex.",基本完成“十三五”易地扶贫搬迁规划建设任务，加强后续扶持。,government_work_report,1508,za,zh
"Doiq gij cwngcwz fuzrex aen yienh duetgungz ndek mauh、gyoengq vunz duetgungz de aeu ietraez mboengq ndeu, fuengzre youh dauq bienq gungz.",对摘帽县和脱贫人口的扶持政策要保持一段时间，巩固脱贫成果。,government_work_report,1509,za,zh
"Laebndei gaujhaed gamduk, yungh ndei gij soundaej cunghyangh cienhangh liebyawj duetgungz gunggeng.",完善考核监督，用好中央脱贫攻坚专项巡视成果。,government_work_report,1510,za,zh
"Yied daengz mboengq ceiq youqgaenj duetgungz gunggeng, yied aeu ca saed ca saeq gak hangh hongsaeh, saedbauj duetgungz miz saedyauq、ndaej lienzdaemh、souh ndaej lizsij cazniemh.",越是到脱贫攻坚的关键阶段，越要抓实抓细各项工作，确保脱贫有实效、可持续、经得起历史检验。,government_work_report,1511,za,zh
Ca'ndei nungzyez daegbied dwg swnghcanj haeuxgwn.,抓好农业特别是粮食生产。,government_work_report,1512,za,zh
"Aen vanjhaeux gaenh 14 ik vunz Cungguek, bietdingh aeu gaemndaet youq ndaw fwngz swhgeij.",近14亿中国人的饭碗，必须牢牢端在自己手上。,government_work_report,1513,za,zh
"Aeu onjdingh gij canjliengh haeuxgwn, gaijndei gij gvaenghgyaq binjcungj.",要稳定粮食产量，优化品种结构。,government_work_report,1514,za,zh
"Gyarengz hwnqguh reihnaz suijli, lai demgya reihnaz biucinj sang 8000 fanh moux doxhwnj.",加强农田水利建设，新增高标准农田8000万亩以上。,government_work_report,1515,za,zh
"Onjdingh ciengx doihduz lumjbaenz ciengx mou daengj, guh ndei gij hong fuengzre gaemhanh binghraq lumjbaenz mouraq Feihcouh daengj.",稳定生猪等畜禽生产，做好非洲猪瘟等疫病防控。,government_work_report,1516,za,zh
"Gyavaiq gaijgwz cauhmoq gij gohgi nungzyez, roengz rengz hung hwngfat hangz cehfaen yienhdaih, gyarengz doigvangq gij gisuz senhcin habyungh de, hengzguh aen gunghcwngz baujhoh gij doxgaiq reihnaz ok miz deihleix biugeiq, doihaeuj nungzyez yungh gihgi ndaem、ndai、sou、gyagoeng.",加快农业科技改革创新，大力发展现代种业，加强先进实用技术推广，实施地理标志农产品保护工程，推进农业全程机械化。,government_work_report,1517,za,zh
"Ganqfat doengh aen ginghyingz cawjdaej yienghmoq lumjbaenz nungzcangz gyadingz、nungzminz hozcozse daengj, gyarem yiengh fugsaeh ndawbiengz naj yiengq hoh ndaem reihnaz noix de, hwngfat lai cungj hingzsik gveihmoz ginghyingz.",培育家庭农场、农民合作社等新型经营主体，加强面向小农户的社会化服务，发展多种形式规模经营。,government_work_report,1518,za,zh
Bangfuz dieg cujyau swnghcanj de cingsaeq gyagoeng nungzcanjbinj.,扶持主产区发展农产品精深加工。,government_work_report,1519,za,zh
"Haeujcoengh dauqma ranzmbanj、haeuj daengz lajmbanj cauhnieb cauhmoq, doinyoengx it ngeih sam canjnieb yungzhab hwngfat, guhhung gij ginghci yienhfaenh.",支持返乡入乡创业创新，推动一二三产业融合发展，壮大县域经济。,government_work_report,1520,za,zh
Nungzminz demsou daih dingzlai dwg baengh dajgoeng ndaej cienz.,务工收入是农民增收的大头。,government_work_report,1521,za,zh
"Aeu daj ndaw goekgaen bae ceihleix aen vwndiz yiemq gij cienzhong nungzminzgungh, cagaenj dingh ok gij fapgvi hingzcwng cienmonz de, saedbauj boux nungzminzgungh sai hanh dwgrengz guhhong ndaej ciuqseiz lingx daengz gij cienzhong bonjfaenh.",要根治拖欠农民工工资问题，抓紧制定专门行政法规，确保付出辛劳和汗水的农民工按时拿到应有的报酬。,government_work_report,1522,za,zh
Netsaed doicaenh gij hong hawj lajmbanj bienq ndei.,扎实推进乡村建设。,government_work_report,1523,za,zh
"Gohyoz bienguh caeuq saedhengz gviveh hwnqguh, roengz rengz hung gaijndei gij diuzgienh swnghcanj swnghhoz.",科学编制和实施建设规划，大力改善生产生活条件。,government_work_report,1524,za,zh
"Gyavaiq saedhengz aen gunghcwngz gyamaenh daezswng gij raemxgwn ancienz lajmbanj, bineix bilaeng aeu gaijgez ndei aen vwndiz raemxgwn ancienz hawj gyoengq vunz giepnoix raemxgwn de, daezsang aen suijbingz baujcang gung raemx hawj 6000 fanh vunz lajmbanj.",加快实施农村饮水安全巩固提升工程，今明两年要解决好饮水困难人口的饮水安全问题，提高6000万农村人口供水保障水平。,government_work_report,1525,za,zh
Guhbaenz lwnz moq swnggaep gaijcauh denvangj lajmbanj.,完成新一轮农村电网升级改造。,government_work_report,1526,za,zh
Saen guh gaij guh goengloh lajmbanj 20 fanh goengleix.,新建改建农村公路20万公里。,government_work_report,1527,za,zh
Laebdaeb doicaenh gaijcauh ranzvaih lajmbanj.,继续推进农村危房改造。,government_work_report,1528,za,zh
"Yawj dieg dingh geiq bae cingjceih aen vanzging youq vunz lajmbanj, doicaenh daj goekgaen bae gaijbienq diengzhaex, ceihleix nyapnyaj raemxuq, cauhlaeb yiengh mbanj gyaeundei.",因地制宜开展农村人居环境整治，推进“厕所革命”、垃圾污水治理，建设美丽乡村。,government_work_report,1529,za,zh
Cienzmienh gyalaeg gij gaijgwz lajmbanj.,全面深化农村改革。,government_work_report,1530,za,zh
Doigvangq gij soundaej sawq hawj lajmbanj cwng dieg、gij dieg dajhwnq cizdij ginghyingz haeuj hawciengz、gaijgwz aen cidu diegranz.,推广农村土地征收、集体经营性建设用地入市、宅基地制度改革试点成果。,government_work_report,1531,za,zh
Gyalaeg gaijgwz cizdij canjgenz、cizdij linzgenz、linzcangz linzgih guekmiz、nungzgwnj、 gungsiuhse daengj.,深化集体产权、集体林权、国有林区林场、农垦、供销社等改革。,government_work_report,1532,za,zh
"Gaijgwz laebndei aen dijhi haeujcoengh baujhoh nungzyez, laebndei aen gihci hawj hawciengz daeuj dingh gij gyaqcienz haeuxliengz, gyalai sawqdiemj gaijgwz yiengh baujyiemj nungzyez miz cwngcwz haeujcoengh de, cauhmoq caeuq gyahaenq gij ginhyungz fugsaeh lajmbanj.",改革完善农业支持保护体系，健全粮食价格市场化形成机制，扩大政策性农业保险改革试点，创新和加强农村金融服务。,government_work_report,1533,za,zh
"Lienzdaemh gyalaeg gij gaijgwz lajmbanj, gizdieg gvangqlangh lajmbanj itdingh ndaej sanqfat rengzhoengh moq.",持续深化农村改革，广袤乡村必将焕发新的生机活力。,government_work_report,1534,za,zh
"(Roek) Coicaenh ranghdieg doxdaengh hwngfat, hawj gij cwngzcinva yienghmoq guh ndaej engq ndei.",（六）促进区域协调发展，提高新型城镇化质量。,government_work_report,1535,za,zh
"Hopheux gaijgez gij vwndiz hwngfat mbouj doxdaengh mbouj cukgaeuq, gaijgwz laebndei gij gihci caeuq cwngcwz doxgven, coicaenh gij fugsaeh goenggungh giekbonj de bienq bingzyaenz bae, doinyoengx gizak ranghdieg dox bouj、singzmbanj yungzhab hwngfat.",围绕解决发展不平衡不充分问题，改革完善相关机制和政策，促进基本公共服务均等化，推动区域优势互补、城乡融合发展。,government_work_report,1536,za,zh
Engq ndei baijbouh ranghdieg hwngfat.,优化区域发展格局。,government_work_report,1537,za,zh
"Dingh ok gij cwngcwz guhfap moq haifat hailangh Baihsae, gij cwngcwz daengz geiz de lumjbaenz youq ranghdieg Baihsae gemjmienx giyez sojdwzsui daengj aeu laebdaeb caephengz.",制定西部开发开放新的政策措施，西部地区企业所得税优惠等政策到期后继续执行。,government_work_report,1538,za,zh
Doeksaed caeuq laebndei gij guhfap gaijgwz cauhmoq coicaenh cienzmienh saenqhwng Doengbaek、 ranghdieg Cungqgyang hwnghwnj、Baihdoeng daiqdaeuz hwngfat.,落实和完善促进东北全面振兴、中部地区崛起、东部率先发展的改革创新举措。,government_work_report,1539,za,zh
Baekging、Denhcinh、Hozbwz dox boiqhab hwngfat yungh rengz youq gejsoeng gij goengnaengz mbouj dwg soujduh Baekging、biucinj sang hwnqguh Yungzanh Sinhgih.,京津冀协同发展重在疏解北京非首都功能，高标准建设雄安新区。,government_work_report,1540,za,zh
"Doeksaed aen gviveh ganghyau cauhlaeb Yez Gangj Au Davanhgih, coicaenh gveihcwz hamzciep, doinyoengx swnghcanj yausu riuzdoeng caeuq hawj vunz baedauq engqgya bienhleih.",落实粤港澳大湾区发展规划纲要，促进规则衔接，推动生产要素流动和人员往来便利化。,government_work_report,1541,za,zh
"Hawj ranghdieg Cangzgyangh Sanhgozcouh gyoebhab hwngfat swnghwnj baenz aen canloz guekgya, nda dingh aen ganghyau hengzguh gviveh hwngfat.",将长三角区域一体化发展上升为国家战略，编制实施发展规划纲要。,government_work_report,1542,za,zh
"Rangh ginghci Dahcangzgyangh hwngfat aeu dingjmaenh duenhgwnz duenhgyang duenhlaj boiqhab hwngfat, gyarengz baujhoh coihfuk swnghdai caeuq hwnqguh aen dijhi gyaudoeng daehyinh gyoebhab de, dajcauh ranghdieg ginghci hwngfat ceiq ndei.",长江经济带发展要坚持上中下游协同，加强生态保护修复和综合交通运输体系建设，打造高质量发展经济带。,government_work_report,1543,za,zh
Haeujcoengh gizdieg dan baengh swhyenz hwngfat guh ginghci cienjhingz.,支持资源型地区经济转型。,government_work_report,1544,za,zh
Gyavaiq hawj dieg doenghbaez guh gwzming、ranghdieg minzcuz、 ranghdieg henz guek、ranghdieg gungzhoj hwngfat bouj caez benjdinj.,加快补齐革命老区、民族地区、边疆地区、贫困地区发展短板。,government_work_report,1545,za,zh
"Roengz rengz hung hwngfat yiengh ginghci gwnz haij, baujhoh aen vanzging haijyangz, cauhlaeb aen guekak haijyangz.",大力发展蓝色经济，保护海洋环境，建设海洋强国。,government_work_report,1546,za,zh
Haeujlaeg doicaenh cungj cwngzcinva yienghmoq.,深入推进新型城镇化。,government_work_report,1547,za,zh
Laebdaeb aeu aen singz cungsim dazyinx hawsingz comzgyoengq hwngfat.,坚持以中心城市引领城市群发展。,government_work_report,1548,za,zh
"Guh ndei gij hong hawj boux vunz cienj ok nungzyez de roengzhoh, doinyoengx guh daengz hawj gij vunz ciengzseiz youq ndaw singz engq lai ndaejdaengz yiengh fugsaeh caezcaemh giekbonj.",抓好农业转移人口落户，推动城镇基本公共服务覆盖常住人口。,government_work_report,1549,za,zh
"Gaijgez aen vwndiz ranzyouq vunzlai ndei bae, doeksaed aen cwzyin cawjdaej hawsingz, gaijgwz laebndei aen dijhi hawciengz ranzyouq caeuq aen dijhi bauj miz ranzyouq, coicaenh hawciengz fangzdicanj hwngfat ndaej bingzonj cangqheiq.",更好解决群众住房问题，落实城市主体责任，改革完善住房市场体系和保障体系，促进房地产市场平稳健康发展。,government_work_report,1550,za,zh
"Laebdaeb doinyoengx hwnqguh gij ranzyouq baujcang caeuq gaijcauh gij ranzdiengz hawsingz, bauj hawj gyoengq vunz gungzhoj miz ranz daeuj youq.",继续推进保障性住房建设和城镇棚户区改造，保障困难群体基本居住需求。,government_work_report,1551,za,zh
Laebdaeb youq lajdeih hwnqguh gij gvanjdau cunghab.,继续推进地下综合管廊建设。,government_work_report,1552,za,zh
"Gij siujgih gaeuqgeq ndaw hawsingz youh lai youh gvangq, aeu roengz rengz hung bae gaijcauh daezswng, lawhvuenh sezsih boiqdauq moq lumjbaenz raemx、 dienh、roen、heiq daengj, haeujcoengh gya an dendih caeuq guh diuz roen mboujmiz gazngaih, laebndei gij sezsih fugsaeh lwgminz gwndaenj lumjbaenz aen hawciengz bienhleih、aen diemq bienhleih、diuz gai vunz byaij、dieg daengx ci daengj.",城镇老旧小区量大面广，要大力进行改造提升，更新水电路气等配套设施，支持加装电梯和无障碍环境建设，健全便民市场、便利店、步行街、停车场等生活服务设施。,government_work_report,1553,za,zh
"Cwngzcinva yienghmoq aeu gizgiz daejyienh aeu vunz guh cehsim, hawj ceihleix engqgya unqswnh、fugsaeh engqgya cingsaeq, hawj hawsingz engq hab vunz youq, engqgya bauyungz caeuq engq raeuj simvunz.",新型城镇化要处处体现以人为核心，提高柔性化治理、精细化服务水平，让城市更加宜居，更具包容和人文关怀。,government_work_report,1554,za,zh
"（Caet）Lai roengzrengz bae fuengzceih uqlah caeuq cauhlaeb swnghdai, roengzrengz doinyoengx vanzbauj、cinghseuq hwngfat.",（七）加强污染防治和生态建设，大力推动绿色发展。,government_work_report,1555,za,zh
"Vanzbauj、cinghseuq hwngfat dwg gij iugouz bietyienz cauhlaeb aen dijhi yendaiva ginghci, dwg gij banhfap daj goekgaen bae gaijgez aen vwndiz uqlah.",绿色发展是构建现代化经济体系的必然要求，是解决污染问题的根本之策。,government_work_report,1556,za,zh
"Aeu gaijgwz laebndei gij cidu doxgven de, boiqhab doinyoengx hwngfat ndeindei caeuq baujhoh swnghdai vanzging.",要改革完善相关制度，协同推动高质量发展与生态环境保护。,government_work_report,1557,za,zh
Lienzdaemh doicaenh gij hong fuengzceih uqlah.,持续推进污染防治。,government_work_report,1558,za,zh
"Gyamaenh gyadaih gij soundaej ciengz ciengq baujhoh mbwn lamz, bineix, aeu hawj wyangjvaliuz、 danyangjvavuz baizcuengq doekdaemq 3％, hawj gij naedfaenx mokmong (PM2.5) gizdieg cungqdiemj de laebdaeb bienq damh.",巩固扩大蓝天保卫战成果，今年二氧化硫、氮氧化物排放量要下降3%，重点地区细颗粒物（PM2.5）浓度继续下降。,government_work_report,1559,za,zh
"Lienzdaemh gung roengz giz ceiq hojnanz ceihleix gij uqlah daihheiq gizdieg Baekging Denhcinh Hozbwz、 Cangzgyangh Sanhgozcouh、 Fwnzvei Bingzyenz daengj, lai roengzrengz bae ceihleix gunghyez、coemh meiz、gihdungceh sam daih goek uqlah.",持续开展京津冀及周边、长三角、汾渭平原大气污染治理攻坚，加强工业、燃煤、机动车三大污染源治理。,government_work_report,1560,za,zh
"Guh ndei gij hong seizdoeng cinghseuq aeu raeuj fueng dieg baihbaek, saedbauj lwgminz ndaej raeuj gvaq doeng.",做好北方地区清洁取暖工作，确保群众温暖过冬。,government_work_report,1561,za,zh
"Gyarengz fuengzceih raemx、namh uqlah, bineix aeu hawj vayoz yungh yangj、anhdan baizcuengq faenbied doekdaemq 2%.",强化水、土壤污染防治，今年化学需氧量、氨氮排放量要下降2%。,government_work_report,1562,za,zh
"Gyavaiq ceihleix gij raemx haeu bienq ndaem de, fuengzceih gij uqlah giz goek baenz benq nungzyez, doicaenh gyoebhab cingjceih liuzyiz cungqdiemj caeuq henzhamq haij.",加快治理黑臭水体，防治农业面源污染，推进重点流域和近岸海域综合整治。,government_work_report,1563,za,zh
"Lai yunghrengz bae faenloih cawqceq gij huqfeiq baenzndaek caeuq gij nyapnyaj hawsingz, coicaenh gemj soqliengh、baenz swhyenz、mboujmiz haih bae.",加强固体废弃物和城市垃圾分类处置，促进减量化、资源化、无害化。,government_work_report,1564,za,zh
Gyarengz gunggvan gohgi hungnaek fuengzceih uqlah.,加强污染防治重大科技攻关。,government_work_report,1565,za,zh
"Giyez guhbaenz aen cawjdaej fuengzceih uqlah, itdingh aeu ciuqfap hengzguh aen cwzyin vanzbauj.",企业作为污染防治主体，必须依法履行环保责任。,government_work_report,1566,za,zh
"Gaijgwz cauhmoq gij fuengsik ceihleix vanzging, doiq giyez geiq aeu ciuq faplwd ciuq gvidingh gamduk, youh aeu yawjnaek gij geqgouz hableix gyoengqde、gyarengz bangrex ceijyinx gyoengqde, doiq gij aeu cingjgaij dabbiu de aeu hawj mboengq gvaqdoh hableix ndeu, baexmienx genjdanh moegdoeg bae cawqceq、gven'gvak sat saeh.",改革创新环境治理方式，对企业既依法依规监管，又重视合理诉求、加强帮扶指导，对需要达标整改的给予合理过渡期，避免处置措施简单粗暴、一关了之。,government_work_report,1567,za,zh
"Giyez miz gij rengz gag rox hwngfat caeuq gij rengzat baihrog le, fuengzceih uqlah itdingh guh ndaej engq ndei.",企业有内在动力和外部压力，污染防治一定能取得更大成效。,government_work_report,1568,za,zh
Guhhung gij canjnieb cinghseuq vanzbauj.,壮大绿色环保产业。,government_work_report,1569,za,zh
"Dingjmaenh ceihleix goekdaeuz, gyavaiq gaijcauh hangznieb hojden、gangdiet baenz baizcuengq gig noix bae, gaijcauh gij hangznieb uqlah haenq lai baenz hab biucinj baizcuengq bae.",坚持源头治理，加快火电、钢铁行业超低排放改造，实施重污染行业达标排放改造。,government_work_report,1570,za,zh
Diuzcingj aen gvaenghgyaq nwngzyenz hawj de bienq ndei.,调整优化能源结构。,government_work_report,1571,za,zh
Doicaenh yungh meiz engqgya cinghseuq.,推进煤炭清洁化利用。,government_work_report,1572,za,zh
Laebcienz aen dijhi canj、gung、 cwk、gai denhyenzgi.,健全天然气产供储销体系。,government_work_report,1573,za,zh
"Roengzrengz hwngfat gij nwngzyenz ndaej caiqseng, gyavaiq gaijgez aen vwndiz baenzlawz cawqleix comz caeng gij uqlah dienhrumz、 dienhndit、dienhraemx.",大力发展可再生能源，加快解决风、光、水电消纳问题。,government_work_report,1574,za,zh
Gyarengz hwnqguh aen guenjvangx raemxuq caeuq doengh gaiq siu uq hawsingz hung.,加大城市污水管网和处理设施建设力度。,government_work_report,1575,za,zh
"Coicaenh mbaetyungh cizyoz caeuq sinzvanz leihyungh swhyenz, doigvangq gij gencuz ancienz vanzbauj、yiengh gvaidi dajbau ancienz de.",促进资源节约集约和循环利用，推广绿色建筑、绿色快递包装。,government_work_report,1576,za,zh
"Gaijgwz laebndei yiengh ginghci cwngcwz nangqdaengz vanzging, laebndei aen cidu gaicawx gij gienz baizuq, gyavaiq hwngfat yiengh ginhyungz ndeileih vanzging, gungganq buek giyez guzgan conhyez vanzbauj ndeu, gyaak yiengh naengzlig loegsaek hwngfat.",改革完善环境经济政策，健全排污权交易制度，加快发展绿色金融，培育一批专业化环保骨干企业，提升绿色发展能力。,government_work_report,1577,za,zh
Gyarengz coihfuk baujhoh aen hidungj swnghdai.,加强生态系统保护修复。,government_work_report,1578,za,zh
"Doicaenh genj dieg sawq guh aen gunghcwngz coihfuk baujhoh gij swnghdai bya、raemx、ndoeng、naz、huz、diegnywj, laebdaeb ca ndei gaiq hong diegguek ndaem faex ndaem nywj, lai rengz fuengz sa ceih sa、ceihleix raemx namh laesaet.",推进山水林田湖草生态保护修复工程试点，持续抓好国土绿化，加强荒漠化、石漠化、水土流失治理。,government_work_report,1579,za,zh
Gya rengz baujhoh swnghvuz lai yiengh.,加大生物多样性保护力度。,government_work_report,1580,za,zh
Laebdaeb mbeguh daengx ndaem reihnaz hoizfuk diegndoeng diegnywj diegcumx.,继续开展退耕还林还草还湿。,government_work_report,1581,za,zh
Gyalaeg gaijgwz aen dijci gunghyenz guekgya.,深化国家公园体制改革。,government_work_report,1582,za,zh
Laebndei aen gihci dienzbouj swnghdai.,健全生态补偿机制。,government_work_report,1583,za,zh
"Loegsaek hwngfat bouxboux miz faenh, ceiq nanzndaej dwg doenghfwngz bae guh、mbouj soengheiq couh guh ndaej baenz.",绿色发展人人有责，贵在行动、成在坚持。,government_work_report,1584,za,zh
"Raeuz aeu doengzcaemh haenqrengz, hawj gyoengq vunzlai cungj ndaej youq gizdieg vanzging gyaeundei hab youq.",我们要共同努力，让人民群众享有美丽宜居环境。,government_work_report,1585,za,zh
"（Bet） Gyalaeg gaijgwz gizdieg cungqdiemj, gyavaiq laebndei aen gihci hawciengz.",（八）深化重点领域改革，加快完善市场机制。,government_work_report,1586,za,zh
"Hopheux gij mauzdun doedyienh caeuq hothoh youqgaenj, doinyoengx yiengh gaijgwz mizgven haeuj daengz gizlaeg, laebndei aen dijci gihci habngamj ceiq ndei bae hwngfat, hawj hawciengz fatok rengzdoengh caeuq ndawbiengz fatok rengzak dajcauh.",聚焦突出矛盾和关键环节，推动相关改革深化，健全与高质量发展相适应的体制机制，把市场活力和社会创造力充分释放出来。,government_work_report,1587,za,zh
Gyavaiq gaijgwz swhcanj guekmiz、giyez guekmiz.,加快国资国企改革。,government_work_report,1588,za,zh
"Gyarengz guh ndei gij hong gamguenj swhcanj guekmiz, doicaenh genj dieg sawq guh gaijgwz gij swhbwnj douzswh、aen yinyingz gunghswh guekmiz, coi hawj swhcanj guekmiz mbouj bienq cienh caiqlij lai dij cienz dem.",加强和完善国有资产监管，推进国有资本投资、运营公司改革试点，促进国有资产保值增值。,government_work_report,1589,za,zh
Gag rox gaenxmaenx onjdangq bae doicaenh gij hong gaijgwz yiengh sojyoujci doxgyaux de.,积极稳妥推进混合所有制改革。,government_work_report,1590,za,zh
"Laebndei aen gvaenghgyaq ceihleix gunghswh, laebndei aen gihci ciuq hawciengz ginghyingz, laebhwnj aen cidu boux cienmonz guh hong guenjleix daengj.",完善公司治理结构，健全市场化经营机制，建立职业经理人等制度。,government_work_report,1591,za,zh
"Ciuqfap cawqceq""aen giyez daigyaengj"".",依法处置“僵尸企业”。,government_work_report,1592,za,zh
"Gyalaeg gaijgwz hangz dienhlig、hangz youzheiq、hangz dietloh daengj, gaengawq gij daegdiemj hangznieb mbouj doengz, doiq doengh hangz gag baenz lungjdon de aeu vangj yin faenliz, dawz gij hong ndaej lai aen cawjdaej ciengj guh de cienzmienh doi coh hawciengz.",深化电力、油气、铁路等领域改革，自然垄断行业要根据不同行业特点实行网运分开，将竞争性业务全面推向市场。,government_work_report,1593,za,zh
"Giyez guekmiz aeu gag baengh gaijgwz cauhmoq、 lienh ndang cangqcwt, mboujduenh dem'ak gij rengzhoengh hwngfat caeuq geu rengz beijak ceiq youqgaenj de.",国有企业要通过改革创新、强身健体，不断增强发展活力和核心竞争力。,government_work_report,1594,za,zh
Roengz rengz hung hawj gij vanzging minzyingz ginghci hwngfat bienq ndei.,下大气力优化民营经济发展环境。,government_work_report,1595,za,zh
"Dingjmaenh""song aen giendingh mbouj bienq"", gikcoi、haeujcoengh、 dazyinx yiengh ginghci mbouj dwg gunghyoujci de hwngfat.",坚持“两个毫不动摇”，鼓励、支持、引导非公有制经济发展。,government_work_report,1596,za,zh
"Ciuq aen yenzcwz goengcingq goengbingz, youq aeundaej yausu、cinjhawj haeujbae、ginghyingz yinhhengz、cwngfuj dajcawx、ciubiu douzbiu daengj fuengmienh, itlwd bingzdaengj doiqdaih gij giyez gak yiengh sojyoujci.",按照竞争中性原则，在要素获取、准入许可、经营运行、政府采购和招投标等方面，对各类所有制企业平等对待。,government_work_report,1597,za,zh
"Aeu hawj cwngfuj caeuq canghseng'eiq laebhwnj cungj gvanhaeh caengaenh cinghseuq moqsak, laebndei aen gihci cwngfuj caeuq giyez gaeudoeng, gikfat gij cingsaenz canghgiyez, coicaenh minzyingz ginghci hwngfat swnggaep.",构建亲清新型政商关系，健全政企沟通机制，激发企业家精神，促进民营经济发展升级。,government_work_report,1598,za,zh
"Baujhoh canjgienz itdingh aeu giendingh mbouj bienq, aeu ciuqfap fadceih ciemqgienz, doiq anq loek anq ienuengj de, miz loeng itdingh aeu niujcingq.",保护产权必须坚定不移，对侵权行为要依法惩处，对错案冤案要有错必纠。,government_work_report,1599,za,zh
"Aeu roengzrengz dajcauh aen vanzging gaicawx ndeindei, hawj canghgiyez ansim guh seng'eiq、 cuengqsim banh giyez.",要努力打造良好营商环境，让企业家安心搞经营、放心办企业。,government_work_report,1600,za,zh
Gyalaeg gaijgwz aen dijci caizsui ginhyungz.,深化财税金融体制改革。,government_work_report,1601,za,zh
"Gyarengz hawj yawhsuenq engqgya goenghai, cienzmienh saedhengz guenjleix gij cizyau yawhsuenq.",加大预算公开改革力度，全面实施预算绩效管理。,government_work_report,1602,za,zh
"Haeujlaeg guh yiengh gaijgwz vehfaen gij caizcwng saehgienz nem ceiok cwzyin cunghyangh caeuq deihfueng, doicaenh gaijgwz vehfaen gij souhaeuj cunghyangh caeuq deihfueng.",深化中央与地方财政事权和支出责任划分改革，推进中央与地方收入划分改革。,government_work_report,1603,za,zh
Laebndei aen cidu cienjok ceihawj.,完善转移支付制度。,government_work_report,1604,za,zh
"Laebndei aen dijhi gvaehsuiq deihfueng, yamqonj doicaenh laebhwnj aen fap gvaehsuiq fangzdicanj.",健全地方税体系，稳步推进房地产税立法。,government_work_report,1605,za,zh
Gveihfan yiengh gihci aen cwngfuj deihfueng ciqcaiq couzcienz.,规范地方政府举债融资机制。,government_work_report,1606,za,zh
"Aeu fugsaeh yiengh ginghci saeddaej dazyinx fuengyiengq, gaijgwz hawj aen gvaenghgyaq ginhyungz dijhi mboujduenh bienq ndei, hwngfat yiengh ngaenzhangz minzyingz caeuq yiengh ngaenzhangz segih.",以服务实体经济为导向，改革优化金融体系结构，发展民营银行和社区银行。,government_work_report,1607,za,zh
"Gaijgwz laebndei yiengh cidu demh giek hawciengz swhbwnj, coicaenh aen hawciengz swhbwnj lai caengz de hwngfat ndaej cangqheiq onjdingh, daezsang aen beijlaeh cigciep yungzswh daegbied dwg gujgenz yungzswh.",改革完善资本市场基础制度，促进多层次资本市场健康稳定发展，提高直接融资特别是股权融资比重。,government_work_report,1608,za,zh
Gyaak gij goengnaengz bauj oksaeh dienzboiz hangznieb baujyiemj.,增强保险业风险保障功能。,government_work_report,1609,za,zh
Gyarengz bae gamcaek yawhgingj caeuq vaqgej cawqceq yiengh yungyiemj ginhyungz.,加强金融风险监测预警和化解处置。,government_work_report,1610,za,zh
"Aen dijhi caizcwng ginhyungz guek raeuz cungjdaej onjmaenh, gij cwngcwz hongdawz ndaej yungh de lai, raeuz miz naengzlig souj ndaej diuz daejsienq mbouj ok yiengh fungyiemj baenz rangh baenz roix.",我国财政金融体系总体稳健，可运用的政策工具多，我们有能力守住不发生系统性风险的底线。,government_work_report,1611,za,zh
"（Gouj） Doinyoengx sojmiz fuengmienh doiq rog hailangh, gungganq gij rengzak moq guh gozci ginghci doxgap caeuq beijak.",（九）推动全方位对外开放，培育国际经济合作和竞争新优势。,government_work_report,1612,za,zh
"Caiq gya'gvangq gizdieg hailangh、hawj yiengh baijbouh hailangh bienq ndei bae, laebdaeb doinyoengx hailangh sanghbinj caeuq yausu riuzdoengh, engqgya yawjnaek hailangh cidu lumjbaenz gveihcwz daengj, aeu cungj hailangh suijbingz sang bae daiqdoengh cienzmienh gyalaeg gaijgwz.",进一步拓展开放领域、优化开放布局，继续推动商品和要素流动型开放，更加注重规则等制度型开放，以高水平开放带动改革全面深化。,government_work_report,1613,za,zh
Coicaenh vaimou youq mwh bingzonj mboujduenh bienq ndei.,促进外贸稳中提质。,government_work_report,1614,za,zh
Doinyoengx aen hawciengz cuzgouj bienq baenz lai yiengh.,推动出口市场多元化。,government_work_report,1615,za,zh
Lai hawj cuzgouj miz yiengh baujyiemj saenqyungh.,扩大出口信用保险覆盖面。,government_work_report,1616,za,zh
Gaijgwz laebndei aen cwngcwz bangrex yienghnieb moq lumjbaenz densangh hamj gyaiq daengj.,改革完善跨境电商等新业态扶持政策。,government_work_report,1617,za,zh
"Doinyoengx yiengh fugsaeh mouyiz cauhmoq hwngfat, dazyinx yiengh mouyiz gyagoeng de cienjhingz swnggaep、senj daengz Cungqgyang Baihsae bae, ndeindei hawj cunghhoz baujsuigih langh rengz okdaeuj.",推动服务贸易创新发展，引导加工贸易转型升级、向中西部转移，发挥好综合保税区作用。,government_work_report,1618,za,zh
"Mboujduenh gaijndei aen gvaenghgyaq cingouj, gaenxmaenx gyadaih cingouj.",优化进口结构，积极扩大进口。,government_work_report,1619,za,zh
Banh ndei Gaiq Daihngeih Cunghgoz Gozci Cingouj Bozlanjvei.,办好第二届中国国际进口博览会。,government_work_report,1620,za,zh
Lai hawj doenggvan engq fuengbienh engq vaiqdangq.,加快提升通关便利化水平。,government_work_report,1621,za,zh
Gyarengz supyinx swhbwnj guekrog.,加大吸引外资力度。,government_work_report,1622,za,zh
"Caiq cuengqgvangq cinj haeuj hawciengz, sukgemj mbawdan gimqhaed swhbwnj guekrog haeujbae, cinj hawj swhbwnj guekrog youq lingjyiz engq lai ndaej gag okcienz ginghyingz.",进一步放宽市场准入，缩减外资准入负面清单，允许更多领域实行外资独资经营。,government_work_report,1623,za,zh
"Doeksaed gij guhfap gaijgwz hailangh ginhyungz daengj hangznieb, laebndei gij cwngcwz hailangh aen hawciengz caigen.",落实金融等行业改革开放举措，完善债券市场开放政策。,government_work_report,1624,za,zh
"Vaiqvaiq caeuq gij gveihcwz ginghmou gozci doenghengz de doiqciep, hawj cwngcwz engq ronghcingx caeuq caephengz engq doxdoengz, caux aen vanzging bingzdaengj doiqdaih gij giyez neiswh vaiswh, hawj gyoengqde ndaej goengbingz beijak.",加快与国际通行经贸规则对接，提高政策透明度和执行一致性，营造内外资企业一视同仁、公平竞争的公正市场环境。,government_work_report,1625,za,zh
Lai roengzrengz baujhoh gij gienzik habfap canghseng'eiq guekrog.,加强外商合法权益保护。,government_work_report,1626,za,zh
"Hawj dieg sawq guh swyouz mouyiz de lai miz gienz gag guhcawj gaijgwz cauhmoq, dem laeb benq dieg moq hawj Sanghaij sawq guh swyouz mouyiz, doicaenh hwnqguh gizdieg sawq guh swyouz mouyiz Haijnanz、damqra hwnqguh dieg sok swyouz mouyiz miz gij daegsaek Cungguek.",赋予自贸试验区更大改革创新自主权，增设上海自贸试验区新片区，推进海南自贸试验区建设、探索建设中国特色自由贸易港。,government_work_report,1627,za,zh
"Haeujcoengh aen ginghci gaihfazgih、gauhsinh gisuz gaihfazgih、 sinhgih gaep guekgya ndalaeb sawqdiemj de haiguh yiengh gaijgwz nangqdaengz gizdieg sawq guh swyouz mouyiz, gyaak geu rengz fatsanq daiqdoengh de, dajcauh diegsang moq gaijgwz hailangh.",支持国家级经开区、高新区、新区开展自贸试验区相关改革试点，增强辐射带动作用，打造改革开放新高地。,government_work_report,1628,za,zh
"Gij vanzging douzswh Cungguek itdingh yaek yied daeuj yied ndei, gij seizgei giyez gak guek youq Cungguek hwngfat itdingh yaek yied daeuj yied lai.",中国投资环境一定会越来越好，各国企业在华发展机遇一定会越来越多。,government_work_report,1629,za,zh
"Doinyoengx caez laeb ""it rangh it loh"".",推动共建“一带一路”。,government_work_report,1630,za,zh
"Dingjmaenh caez yaeng caez laeb caez ndaej leih, ciuqsouj aen yenzcwz hawciengz caeuq gij yenzcwz gozci doeng'yungh, hawj aen cawjdaej giyez langh rengz okdaeuj, doinyoengx gij sezsih giekdaej de dox lienz dox doeng, gyarengz hwnj gwnz gozci bae gapguh canjnwngz, gya'gvangq yiengh gapguh hawciengz fueng daihsam.",坚持共商共建共享，遵循市场原则和国际通行规则，发挥企业主体作用，推动基础设施互联互通，加强国际产能合作，拓展第三方市场合作。,government_work_report,1631,za,zh
"Banhndei Gaiq Daihngeih ""It Rangh It Loh"" Gozci Hozcoz Gauhfungh Lundanz.",办好第二届“一带一路”国际合作高峰论坛。,government_work_report,1632,za,zh
Doinyoengx doiq rog douzswh gapguh cangqheiq miz bouhloh hwngfat.,推动对外投资合作健康有序发展。,government_work_report,1633,za,zh
Coicaenh gij hong hawj mouyiz caeuq douzswh bienq ndaej swyouz、fuengbienh bae.,促进贸易和投资自由化便利化。,government_work_report,1634,za,zh
"Cungguek giendingh henhoh ginghci byaij coh seiqgyaiq caeuq swyouz mouyiz, gaenxmaenx caeuqfaenh gaijgwz Simou Cujciz.",中国坚定维护经济全球化和自由贸易，积极参与世贸组织改革。,government_work_report,1635,za,zh
"Gyavaiq cauhlaeb aen vangjloz swyouz mouyiz biucinj sang, doicaenh gij damzbuenq gvendaengz aen hezding ranghdieg ginghci cienzmienh gapdoih、aen swmougih Cungh Yiz Hanz、aen hezding Cungh Ouh douzswh, laebdaeb doinyoengx Cungh Meij lailai siengliengz ginghci mouyiz.",加快构建高标准自贸区网络，推进区域全面经济伙伴关系协定、中日韩自贸区、中欧投资协定谈判，继续推动中美经贸磋商。,government_work_report,1636,za,zh
"Cungguek gaemdawz aen leixniemh gapguh doxleih、caez ndaej hwngfat, soqlaiz cawjcieng doenggvaq bingzdaengj doxyaeng bae gaijgez gij doxdawz ndaw mouyiz, nyinhcaen ciuq gij wngqcingz gaenq guh ok bae guh, baenzlawz cungj henhoh gij gienzik habfap bonjndang.",中国秉持互利合作、共赢发展，一贯主张通过平等协商解决贸易争端。我们对作出的承诺认真履行，对自身合法权益坚决维护。,government_work_report,1637,za,zh
"（Cib）Gyavaiq hwngfat gij saehnieb ndawbiengz, engq ndei baujcang caeuq gaijndei gij gwndaenj lwgminz.",（十）加快发展社会事业，更好保障和改善民生。,government_work_report,1638,za,zh
"Bineix gij atlig caizcwng soucei doxdaengh yienznaeuz gyahung, hoeng saedbauj gij cienzngaenz itdingh aeu cuengq youq gij gwndaenj lwgminz de dan gya mbouj gemj.",今年财政收支平衡压力加大，但基本民生投入确保只增不减。,government_work_report,1639,za,zh
"Daemxcengj goengrengz ndawbiengz gyalai gunghawj yiengh fugsaeh mbouj dwg goenggungh giekbonj de, hawj gij aeuyungh lai mbaek、lai yiengh vunzlai cungj ndaej muenxcuk.",支持社会力量增加非基本公共服务供给，满足群众多层次、多样化需求。,government_work_report,1640,za,zh
Hwngfat gij gyauyuz engq ndei engq goengbingz de.,发展更加公平更有质量的教育。,government_work_report,1641,za,zh
Haeujlaeg gaijgwz gyauyuz gyauyoz.,深化教育教学改革。,government_work_report,1642,za,zh
"Doicaenh gij yivu gyauyuz singzmbanj gyoebhab hwngfat, gyavaiq gaijndei gij diuzgienh banhhag hagdangz lajmbanj, lai gyarengz cauhlaeb aen doih lauxsae lajmbanj, cagaenj gaijgez gij vwndiz ""aen ban vunzsoq daiq lai"" aen hagdangz ndaw singz, baujcang gij lwgnyez gaenriengz bohmeh haeuj singz dajgoeng de ndaej haeuj hag doegsaw, hwngfat ""hulenzvangj ＋ gyauyuz"", coicaenh caemh yungh swhyenz ceiq ndei.",推进城乡义务教育一体化发展，加快改善乡村学校办学条件，加强乡村教师队伍建设，抓紧解决城镇学校“大班额”问题，保障进城务工人员随迁子女教育，发展“互联网+教育”，促进优质资源共享。,government_work_report,1643,za,zh
"Lai diuz roenloh bae gyadaih gunghawj gij gyauyuz duenh caengz haeujhag, youwzyenz mboujlwnh dwg goengbanh roxnaeuz minzbanh, cijaeu hab aen biucinj ancienz、cienzhag hableix、gyahcangj cuengqsim, cwngfuj cungj aeu haeujcoengh.",多渠道扩大学前教育供给，无论是公办还是民办幼儿园，只要符合安全标准、收费合理、家长放心，政府都要支持。,government_work_report,1644,za,zh
"Doicaenh bujgiz gij gyauyuz duenh gauhcungh, banhndei minzcuz gyauyuz、daegbied gyauyuz、laebdaeb gyauyuz, ciuqfap haeujcoengh hwngfat gij gyauyuz minzban.",推进高中阶段教育普及，办好民族教育、特殊教育、继续教育，依法支持民办教育发展。,government_work_report,1645,za,zh
Laebdaeb ca ndei doeksaed gij cienzhong fukleih gyoengq lauxsae guh gaiq hong yivu gyauyuz.,持续抓好义务教育教师工资待遇落实。,government_work_report,1646,za,zh
"Doicaenh hwnqguh aen daihhag ceiq ndei caeuq aen yozgoh ceiq ak, haeujcoengh Cungqgyang、Baihsae hwnqguh aen daihhag miz daegsaek、suijbingz sang.",推进一流大学和一流学科建设，支持中西部建设有特色、高水平大学。,government_work_report,1647,za,zh
"Bineix caizlig yienznaeuz gaenj lai, aen beijlaeh gij ginghfei guekgya caizcwng bued guh gyauyuz ciemq aen swnghcanj cungjciz ndawguek laebdaeb baujciz youq 4％ doxhwnj, cunghyangh caizcwng anbaiz ceiok hawj gyauyuz yaek mauhgvaq 1 fanh ik maenz.",今年财力虽然很紧张，国家财政性教育经费占国内生产总值比例继续保持在4%以上，中央财政教育支出安排超过1万亿元。,government_work_report,1648,za,zh
"Raeuz aeu cietsaed yungh ndei gij cienzngaenz dijbauj de, roengzrengz banhndei gij gyauyuz lwgminz habhoz, dak hwnj aen maqmuengh daengzcog.",我们要切实把宝贵的资金用好，努力办好人民满意的教育，托起明天的希望。,government_work_report,1649,za,zh
Baujcang yiengh fugsaeh yihliuz veiswngh giekbonj.,保障基本医疗卫生服务。,government_work_report,1650,za,zh
"Laebdaeb daezsang aen suijbingz baujcang yihbauj giekbonj caeuq baujyiemj bingh hung hawj gihminz singzmbanj, aen biucinj caizcwng bangbouj gihminz yihbauj moix vunz bingzyaenz demgya 30 maenz, dingz ndeu yungh youq yiengh baujyiemj bingh hung.",继续提高城乡居民基本医保和大病保险保障水平，居民医保人均财政补助标准增加30元，一半用于大病保险。,government_work_report,1651,za,zh
"Gyangqdaemq diuz sienq ceiqdaemq bauqsiu baujyiemj bingh hung caemhcaiq gak dieg doxdoengz, aen beijlaeh bauqsiu daj 50% daezsang daengz 60%, caiq gemjnoix diuz rap ywbingh boux baenz bingh hung、gyoengq vunz hojnanz.",降低并统一大病保险起付线，报销比例由50%提高到60%，进一步减轻大病患者、困难群众医疗负担。,government_work_report,1652,za,zh
Lai yunghrengz fuengzyw binghnaek.,加强重大疾病防治。,government_work_report,1653,za,zh
"Youq guek raeuz, doengh ranz deng gij bingh'aizcwng geujnaux de baenz cien baenz fanh, aeu bae hengzguh fuengzyw bingh'aizcwng, doihaeuj yawhfuengz raengcaz、caeux yawj caeux yw caeuq gohyenz gunggvan, baedrengz hawj gizin beksingq ndaej hoizrungq.",我国受癌症困扰的家庭以千万计，要实施癌症防治行动，推进预防筛查、早诊早治和科研攻关，着力缓解民生的痛点。,government_work_report,1654,za,zh
"Guh ndei gaiq hong fuengzyw binghmansing, dawz gij yw mwnzcinj yungh lumjbaenz bingh hezyaz sang、binghnyouhdangz daengj nabhaeuj yihbauj bauqsiu.",做好常见慢性病防治，把高血压、糖尿病等门诊用药纳入医保报销。,government_work_report,1655,za,zh
Gyavaiq yenzgiu haifat gij yw lwgnyez.,加快儿童药物研发。,government_work_report,1656,za,zh
Lai gyarengz baujcang gij yw bingh noix raen.,加强罕见病用药保障。,government_work_report,1657,za,zh
"Haeujlaeg gaijgwz gij fuengsik yihbauj ceihawj, guhndei gij gvaenghgyaq yihbauj ceiok.",深化医保支付方式改革，优化医保支出结构。,government_work_report,1658,za,zh
"Cagaenj doeksaed caeuq laebndei gij cwngcwz hamj sengj youq dieg wnq ywbingh ndaej cigciep gietsuenq, caenhvaiq hawj boux youq dieg wnq ywbingh de youq sojmiz gij yihyen dinghdiemj ndaej dawz gaj yawj bingh、dangseiz gietsuenq, cietsaed fuengbienh doengh boux riuzdoengh caeuq bouxgeq gaenriengz haenx.",抓紧落实和完善跨省异地就医直接结算政策，尽快使异地就医患者在所有定点医院能持卡看病、即时结算，切实便利流动人口和随迁老人。,government_work_report,1659,za,zh
Laebndei aen gihci cizcungh dajcawx caeuq sawjyungh gijyw.,完善药品集中采购和使用机制。,government_work_report,1660,za,zh
Gyalaeg gyoebhab gaijgwz yihyen goenglaeb.,深化公立医院综合改革。,government_work_report,1661,za,zh
Coicaenh ndawbiengz banh yihyen.,促进社会办医。,government_work_report,1662,za,zh
"Hwngfat ""hulenzvangj ＋ yihliuz gengangh"", gyavaiq laebhwnj aen dijhi fugsaeh gwnzvangj yawjbingh ywbingh, lai yunghrengz hawj gij yihliuz veiswngh gihgou caengzgiek engq ak caeuq gungganq gij canghyw husw caengzgiek, engq ndei bae guh faengaep yawjbingh ywbingh caeuq iekdingh canghyw daengz ranz fugsaeh.",发展“互联网+医疗健康”，加快建立远程医疗服务体系，加强基层医疗卫生机构能力建设和医护人员培养，提升分级诊疗和家庭医生签约服务质量。,government_work_report,1663,za,zh
"Laebdaeb aeu fuengzre guhgoek, dawz gij cienzngaenz caizcwng bangbouj gihbwnj gunghgung veiswngh fuzvu saen demgya de cienzbouh yungh youq ndaw mbanj caeuq segih, itdingh aeu hawj gyoengq vunzlai caengzgiek souh'ik.",坚持预防为主，将新增基本公共卫生服务财政补助经费全部用于村和社区，务必让基层群众受益。,government_work_report,1664,za,zh
Ca ndei fuengzceih binghlah、bingh deihfueng、bouxcoz nyezrauh dagaenhyanx.,抓好传染病、地方病、青少年近视防治。,government_work_report,1665,za,zh
"Guhndei aen cwngcwz boiqdauq senglwg, lai yunghrengz fugsaeh mehmbwk lwgnyez cangqndang.",完善生育配套政策，加强妇幼保健服务。,government_work_report,1666,za,zh
Haeujcoengh gij saehnieb cunghyihyoz doenggvaq cienzswnj cauhmoq bae hwngfat.,支持中医药事业传承创新发展。,government_work_report,1667,za,zh
Lai yunghrengz son cungqvunz baenzlawz guh ndang cij ndei.,加强健康教育和健康管理。,government_work_report,1668,za,zh
"Gijyw yizmyauz cigciep nangqdaengz diuz mingh vunz ancienz, bietdingh aeu lai yunghrengz guh daengx roen gamguenj, doiq boux famhfap de fad naek mbouj louzcingz, doiq boux mbouj souj ndei cizcwz luenh yungh gienzlig de aeu yiemzsuk cazbanh, baenzlawz cungj aeu soujndei diuz sienq fuengzhen diuz mingh cangqvuengh vunzlai.",药品疫苗攸关生命安全，必须强化全程监管，对违法者要严惩不贷，对失职渎职者要严肃查办，坚决守住人民群众生命健康的防线。,government_work_report,1669,za,zh
Laebndei gij cidu caeuq cwngcwz ndawbiengz baujcang.,完善社会保障制度和政策。,government_work_report,1670,za,zh
Doicaenh cauhlaeb aen dijhi baujcang ciengxlaux lai mbaek.,推进多层次养老保障体系建设。,government_work_report,1671,za,zh
Laebdaeb demgya gij cienz ciengxlaux wng miz hawj boux duiyouh.,继续提高退休人员基本养老金。,government_work_report,1672,za,zh
"Doeksaed ndei gij dakdaih baujcang bouxbing doiq ok bingdoih, laebndei gij cwngcwz swnjciep gij ciengxlaux wng miz、gij baujyiemj ywbingh wng miz hawj bouxbing doiq ok bingdoih.",落实退役军人待遇保障，完善退役士兵基本养老、基本医疗保险接续政策。,government_work_report,1673,za,zh
"Habdangq daezsang doengh gij biucinj dihbauj singzmbanj、cienhangh gouqbang, gyarengz baujcang boux lwgnyez loemq hoj.",适当提高城乡低保、专项救助等标准，加强困境儿童保障。,government_work_report,1674,za,zh
Gyarengz bang gyoengq cizgungh hawsingz hojnanz de duetgungz.,加大城镇困难职工脱困力度。,government_work_report,1675,za,zh
"Engq ndei bae fuengzre ndangcanz, bang bouxndangcanz hoizfuk ndangcangq.",提升残疾预防和康复服务水平。,government_work_report,1676,za,zh
"Cwngfuj aeu caenhrengz bang vunzlai gouqgip gejhoj、doek nae soengq danq, diuz daejsienq bauj hawj lwgminz senglix itdingh aeu soujmaenh.",我们要尽力为群众救急解困、雪中送炭，基本民生的底线要坚决兜牢。,government_work_report,1677,za,zh
Gyalai gij cinghsinz vwnzva swnghhoz hawj gyoengq vunzlai.,丰富人民群众精神文化生活。,government_work_report,1678,za,zh
"Gungganq caeuq hengzguh aen gyacizgvanh cehsim sevei cujyi, gvangqlangh hawj vunzlai caeuqfaenh cauhlaeb cinghsinz vwnzmingz, roengzrengz cienzhwng cungj cingsaenz haenqguh、cungj cingsaenz gohyoz、cungj cingsaenz lauzmoz、cungj cingsaenz lauxcangh, gyonj hwnj gij rengz hung'ak baenaj haeuj ndei.",培育和践行社会主义核心价值观，广泛开展群众性精神文明创建活动，大力弘扬奋斗精神、科学精神、劳模精神、工匠精神，汇聚起向上向善的强大力量。,government_work_report,1679,za,zh
Gyavaiq cauhlaeb yiengh cezyoz sevei gohyoz miz gij daegsaek Cungguek.,加快构建中国特色哲学社会科学。,government_work_report,1680,za,zh
Lai yunghrengz demgya gij neiyungz hulenzvangj.,加强互联网内容建设。,government_work_report,1681,za,zh
"Gaujhoengh vwnzyi cangcoz, hwngfat gij saehnieb sinhvwnz okbanj、gvangjbo yingjsi caeuq dangjan daengj.",繁荣文艺创作，发展新闻出版、广播影视和档案等事业。,government_work_report,1682,za,zh
Lai yunghrengz baujhoh、leihyungh vwnzvuz caeuq cienzciep feihvuzciz vwnzva yizcanj.,加强文物保护利用和非物质文化遗产传承。,government_work_report,1683,za,zh
"Doinyoengx gaijgwz hwngfat hangh saehnieb vwnzva caeuq aen canjnieb vwnzva, hawj caengzgiek gyaak gij bonjsaeh aeu vwnzva fugsaeh cungqvunz.",推动文化事业和文化产业改革发展，提升基层公共文化服务能力。,government_work_report,1684,za,zh
"Lai yinx vunzlai doegsaw, doicaenh hwnqguh aen biengz maij hag.",倡导全民阅读，推进学习型社会建设。,government_work_report,1685,za,zh
Gyalaeg caeuq rogguek gyaulouz yinzvwnz.,深化中外人文交流。,government_work_report,1686,za,zh
Gvangqlangh guh gij hozdung bouxboux lienh ndang.,广泛开展全民健身活动。,government_work_report,1687,za,zh
"Netsaed guh ndei gij hong caepcawq camgya 2020 nienz Auyinvei、 Canzauvei, cingsim couzbanh Baez Auyinvei Seizdoeng Baekging、Baez Canzauvei Seizdoeng Baekging, banh ndei Gaiq Daihcaet Bouxbing Seiqgyaiq Yindung'vei.",扎实做好2020年奥运会、残奥会备战工作，精心筹办北京冬奥会、冬残奥会，办好第七届世界军人运动会。,government_work_report,1688,za,zh
"Gyoengq lwgminz ndangdaej simleix cangqheiq, ndawbiengz couh gig miz rengzhoengh, guekgya couh mwnhoengh hwngvuengh.",人民群众身心健康，社会就充满活力，国家就繁荣兴旺。,government_work_report,1689,za,zh
Gyarengz caeuq cauhmoq ceihleix ndawbiengz.,加强和创新社会治理。,government_work_report,1690,za,zh
"Doinyoengx rapnaek ceihleix ndawbiengz senj roengz caengzgiek bae, doigvangq gij ""gingniemh Funghgyauz"" coicaenh ndawbiengz huzndei, cauhlaeb aen gvaenghgek moq ceihleix segih singzmbanj.",推动社会治理重心向基层下移，推广促进社会和谐的“枫桥经验”，构建城乡社区治理新格局。,government_work_report,1691,za,zh
Dazyinx caeuq haeujcoengh gij cujciz ndawbiengz、gij gaeuqbang yinzdau、gij fugsaeh gagnyienh nem gij saehnieb swnzsienh cangqheiq hwngfat.,引导支持社会组织、人道救助、志愿服务和慈善事业健康发展。,government_work_report,1692,za,zh
Laebndei aen dijhi saenqyungh ndawbiengz.,健全社会信用体系。,government_work_report,1693,za,zh
Baujcang gij gienzik habfap mehmbwk、lwgnyez、bouxgeq、bouxndangcanz.,保障妇女、儿童、老人、残疾人合法权益。,government_work_report,1694,za,zh
"Gaijndei gij hong sinfangj, ciuqfap gibseiz gaijgez gij geqgouz hableix vunzlai.",改进信访工作，依法及时解决群众合理诉求。,government_work_report,1695,za,zh
Lai yunghrengz guh sevei sinhlij fuzvu.,加强社会心理服务。,government_work_report,1696,za,zh
"Laebndei aen dijhi wngqgip guekgya, gyaak yiengh naengzlig fuengzcai gemjcai gouqcai.",健全国家应急体系，提高防灾减灾救灾能力。,government_work_report,1697,za,zh
"Gyarengz hawj swnghcanj ancienz, fuengzre caeuq naenxhaed saehhux hungnaek、daegbied hungnaek.",加强安全生产，防范遏制重特大事故。,government_work_report,1698,za,zh
Guhndei gij hong deihdoengh、diensiengq、suijvwnz、deihcaet、rauveh daengj.,做好地震、气象、水文、地质、测绘等工作。,government_work_report,1699,za,zh
"Laebndei aen dijhi yungh faplwd fugsaeh cungqvunz, gyalaeg guh bujfaz senhconz gyauyuz.",健全公共法律服务体系，深化普法宣传教育。,government_work_report,1700,za,zh
Lai yunghrengz gyaak gij naengzlig henhoh guekgya ancienz.,加强国家安全能力建设。,government_work_report,1701,za,zh
"Laebndei aen dijhi lai mbaek yawhfuengz gaemguenj cianh ndawbiengz, haeujlaeg doicaenh hangh doucwngh cienmonz baetcawz seiqlig yaksieb, ciuqfap fadceih doengh gij famhfap famhcoih lumjbaenz caeg、ciengj、yaeuh、biuz、doj、doeg daengj, dwkceih gij ginghci famhcoih mbouj habfap comzcienz、cienzsiu daengj, cingjceih gij vwndiz doedyienh lumjbaenz ciemqfamh gij saenqsik goyinz gunghminz daengj, baenzlawz cungj aeu henhoh ndei gij saedceij an'onj vunzlai.",完善立体化社会治安防控体系，深入推进扫黑除恶专项斗争，依法惩治盗抢骗黄赌毒等违法犯罪活动，打击非法集资、传销等经济犯罪，整治侵犯公民个人信息等突出问题，坚决守护好人民群众的平安生活。,government_work_report,1702,za,zh
"Hingzseiq moq yinvu moq, youh doiq gij hong cwngfuj daez ok le iugouz engq sang.",新的形势和任务，对政府工作提出了新的更高要求。,government_work_report,1703,za,zh
"Gak gaep cwngfuj aeu laebmaenh ""seiq cungj eiqsik"", giendingh ""seiq yiengh gagsaenq"", baenzlawz cungj aeu guh daengz ""song aen henhoh"", gagrox youq gwnz swhsiengj、gwnz cwngci、gwnz hengzdoengh caeuq aen Dangjcunghyangh aeu Siz Ginbingz dungzci guh cehsim de doxdoengz caez, doeksaed gij iugouz cienzmienh yiemzhaenq guenj Dangj, gamj daj goekgaen bae gaijbienq bonjfaenh, haeujlaeg doicaenh gemj cwng cuengq gienz, gyavaiq cienjbienq ciznaengz、 daezswng yauqnaengz, lai gya gij rengzgoengsaenq caeuq rengzcaephengz cwngfuj, engq ndei muenxcuk gij deqmuengh moq lwgminz siengj gvaq yiengh saedceij engq ndei.",各级政府要树牢“四个意识”，坚定“四个自信”，坚决做到“两个维护”，自觉在思想上政治上行动上同以习近平同志为核心的党中央保持高度一致，落实全面从严治党要求，勇于自我革命，深入推进简政放权，加快转职能、提效能，增强政府公信力和执行力，更好满足人民对美好生活的新期待。,government_work_report,1704,za,zh
Laebdaeb ciuqfap cienzmienh hengzguh cizcwz.,坚持依法全面履职。,government_work_report,1705,za,zh
"Haeujlaeg gvancez gij gihbwnj fanghloz cienzmienh ciuqfap guenj guek, yiemz souj yenfaz caeuq faplwd, coisawj gij hozdung cwngfuj ndaej cienzmienh nabhaeuj diuz roen fapceih.",深入贯彻全面依法治国基本方略，严格遵守宪法法律，把政府活动全面纳入法治轨道。,government_work_report,1706,za,zh
"Gak gaep cwngfuj aeu ciuqfap ciepsouh doengz gaep yinzda caeuq aen cangzveijvei de gamduk, gagrox ciepsouh yinzminz cwnghez minzcuj gamduk, gag bae ciepsouh ndawbiengz caeuq yizlun gamduk, hawj gienzlig ndaej youq baihnaj cungqvunz bae yungh.",各级政府要依法接受同级人大及其常委会的监督，自觉接受人民政协的民主监督，主动接受社会和舆论监督，让权力在阳光下运行。,government_work_report,1707,za,zh
"Gij saeh cwngfuj guh, cungj wnggai dwg gij saeh lwgminz muengh guh.",政府干的，都应是人民盼的。,government_work_report,1708,za,zh
"Aeu dingjmaenh gohyoz、 minzcuj、 ciuqfap gezcwz, nyinhcaen dingqaeu gij yigen yinzda daiqbiuj、cwnghez veijyenz, dingqaeu gij yigen minzcuj dangjbai、gunghsanghlenz、boux mizmingz mbouj haeuj dangjbai caeuq gak yinzminz donzdij, dingqaeu gij yigen giyez caeuq cungqvunz ndawbiengz, hawj gak hangh cwngcwz hab gij guekcingz giekbonj caeuq gij saedsaeh gyaeuhmiz, engqgya depgaenh beksingq、engqgya hab hoz lwgminz.",要坚持科学、民主、依法决策，认真听取人大代表、政协委员意见，听取民主党派、工商联、无党派人士和各人民团体意见，听取社会公众和企业意见，使各项政策符合基本国情和客观实际，更接地气、更合民意。,government_work_report,1709,za,zh
Cienzmienh doicaenh goenghai hongsaeh guenjleix guekgya.,全面推进政务公开。,government_work_report,1710,za,zh
Haeujcoengh aen donzdij cujciz vunzlai lumjbaenz gunghvei、gungcinghdonz、fulenz daengj lailai ok rengz ndeindei ok rengz.,支持工会、共青团、妇联等群团组织更好发挥作用。,government_work_report,1711,za,zh
"Cienzmienh doeksaed aen cidu hengzguh gij cwzyin hingzcwng caepfap caeuq aen cidu gyaepcaz cwzyin, doiq sojmiz gij guhfap famh fap famh gvi cungj aeu haenqsim cazcawq, doiq sojmiz gij yienhsiengq caepfap mbouj goengcingq mbouj vwnzmingz de cungj aeu haenqsim cingjceih, doiq sojmiz gij vunz mbouj caenhsim banh goengsaeh de cungj aeu haenqsim gyaepcaz cwzyin.",全面落实行政执法责任制和问责制，对一切违法违规的行为都要坚决查处，对一切执法不公正不文明的现象都要坚决整治，对所有行政不作为的人员都要坚决追责。,government_work_report,1712,za,zh
Haeujlaeg doicaenh cauhlaeb dangjfungh lenzcwng.,深入推进党风廉政建设。,government_work_report,1713,za,zh
"Netsaed mbeguh aen cujdiz gyauyuz ""mbouj lumz simnduj、geiqmaenh sawjmingh"".",扎实开展“不忘初心、牢记使命”主题教育。,government_work_report,1714,za,zh
"Nyinhcaen gvancez doeksaed Cunghyangh Bet Hangh Gvidingh caeuq gij banhfap ciengzsaeq hengzguh de, dingjmaenh naihnanz bae niujcingq cingjceih ""seiq cungj cozfungh"".",认真贯彻落实中央八项规定及其实施细则精神，持之以恒纠治“四风”。,government_work_report,1715,za,zh
"Gyarengz cauhlaeb aen cwngfuj cinghseuq, cingjdaej doicaenh aen gihci hawj vunz mbouj gamj nduknaeuh、mboujndaej nduknaeuh、mbouj siengj nduknaeuh.",加强廉洁政府建设，一体推进不敢腐、不能腐、不想腐。,government_work_report,1716,za,zh
Lai yunghrengz guh saemjgeiq gamduk.,强化审计监督。,government_work_report,1717,za,zh
Doengh boux guhhong ndaw cwngfuj aeu gagrox ciepsouh faplwd gamduk、genhcaz gamduk caeuq lwgminz gamduk.,政府工作人员要自觉接受法律监督、监察监督和人民监督。,government_work_report,1718,za,zh
Dagrau niebcik doeksat dwg yawj guh ndaej baenz gijmaz.,衡量政绩最终是看结果。,government_work_report,1719,za,zh
"Gak gaep cwngfuj aeu laemxsim fanjdoiq caeuq cingjceih sojmiz hingzsi cujyi、 gvanhliuz cujyi, hawj ganbu daj ndaw vwnzgen baenz ndoi hai hoih baenzraeuh、daj ndaw ciep bingzguj coux genjcaz、daj ndaw caizliuh bauqbiuj duetndang okdaeuj, dawz goengrengz yungh youq gaijgez gij vwndiz saedsaeh.",各级政府要坚决反对和整治一切形式主义、官僚主义，让干部从文山会海、迎评迎检、材料报表中解脱出来，把精力用在解决实际问题上。,government_work_report,1720,za,zh
"Gemjnoix caeuq gveihfan gij saehhangh dukcaz genjcaz gaujhaed, hengzguh ""hulenzvangj ＋ dukcaz"".",压减和规范督查检查考核事项，实施“互联网+督查”。,government_work_report,1721,za,zh
"Gemjnoix hai hoih gemjnoix fat vwnzgen, bineix Gozvuyen caeuq gij bouhmonz de aeu daiqdaeuz lailai gemjnoix hai hoih、laemxsim gemjnoix vwnzgen sam faenh cih it doxhwnj.",减少开会和发文数量，今年国务院及其部门要带头大幅精简会议、坚决把文件压减三分之一以上。,government_work_report,1722,za,zh
Cietsaed gyarengz rapdawz cwzyin.,切实强化责任担当。,government_work_report,1723,za,zh
"Gij cingzcik gig ndei gaijgwz hwngfat Cungguek, dwg gyoengq ganbu vunzlai vuet oen vuet cah、gwn haemz gwn hoj guh okdaeuj.",中国改革发展的巨大成就，是广大干部群众筚路蓝缕、千辛万苦干出来的。,government_work_report,1724,za,zh
"Yaek guhbaenz aen moegbiu buekguh ""song aen bak bi"", guhbaenz yiengh vuenyungz caeuq gyaepgouz lwgminz Cungguek, lij aeu ciengzgeiz haenqrengz guh cijndaej.",实现“两个一百年”奋斗目标，成就中国人民的幸福与追求，还得长期不懈地干。,government_work_report,1725,za,zh
"Goengcingq guh saeh, haep bak guh hong.",为政以公，行胜于言。,government_work_report,1726,za,zh
"Gak gaep cwngfuj caeuq gij vunz guhhong ndaw cwngfuj aeu gangj caen gouz saed、baedrengz gaiqcawz rog wenj ndaw nyauq, aeu gij soundaej doinyoengx gaijgwz hwngfat daeuj gangjvah, aeu gij cingzcik saedcaih guhsaeh cauhnieb daeuj gyau mbawgienj.",各级政府及其工作人员要求真务实、力戒浮华，以推动改革发展的成果说话，以干事创业的实绩交卷。,government_work_report,1727,za,zh
"Laebndei aen gihci gikcoi gamhanh caeuq aen gihci caenh cizcwz mienx gyaep cwzyin, dajcauh ok aen vanzging hawj ganbu nyienh guh saeh、gamj guh saeh、guh baenz saeh.",健全激励约束机制和尽职免责机制，营造干部愿干事、敢干事、能干成事的环境。,government_work_report,1728,za,zh
"Hawj cunghyangh caeuq deihfueng engq gaenxmaenx bae guh, gingqcungh gij cingsaenz cauhnduj gyoengq vunzlai caengzgiek, vih deihfueng daihdamj bae damqra daezhawj gikcoi、louz gaeuq hoenggan.",更好发挥中央和地方两个积极性，尊重基层和群众首创精神，为地方大胆探索提供激励、留足空间。,government_work_report,1729,za,zh
"Gyoengq ganbu aeu miz gij sim guh saehnieb caeuq gij sim gouz baenaj giengzhaenq, bungz nanz mbouj veqdeuz、gangj ngeih mbouj vut rap, ngaemgyaeuj haenqguh、giethab saedsaeh ak cauhmoq bae guh, roengzrengz guh'ok gij niebcik moq doiq ndaej hwnj lwgminz, guh'ok yiengh ronghlwenq moq Cungguek hwngfat.",广大干部要树立强烈的事业心和进取心，事不避难、义不逃责，埋头苦干、结合实际创造性地干，努力干出无愧于人民的新业绩，干出中国发展的新辉煌。,government_work_report,1730,za,zh
"Raeuz aeu dingjmaenh caeuq laebndei aen cidu dieg minzcuz gagguenj, cienzmienh gvancez aen minzcuz cwngcwz Cunghgoz Gungcanjdangj, gyalaeg son'gyauq minzcuz doxgiet cinbu, couq maenh gij eiqsik caezcaemh aen Cunghvaz Minzcuz ndeu, coicaenh gak minzcuz doxhuz caemhyouq、caezsim cawz hoj、huzndei hwngfat.",我们要坚持和完善民族区域自治制度，全面贯彻党的民族政策，深化民族团结进步教育，铸牢中华民族共同体意识，促进各民族和睦相处、和衷共济、和谐发展。,government_work_report,1731,za,zh
"Gyarengz haeujcoengh dieg minzcuz caeuq aen minzcuz vunz haemq noix de hwngfat, haeujlaeg saedhengz aen hengzdoengh coisawj henzguek hwngvuengh lwgminz fouqmiz, caezsim gaprengz cauhlaeb aen ranzmbanj gyaeundei 56 aen minzcuz doengzcaez doxgiet buekguh、doengzcaez mwnhoengh hwngfat.",加大对民族地区和人口较少民族发展的支持，深入实施兴边富民行动，同心协力建设56个民族共同团结奋斗、共同繁荣发展的美好家园。,government_work_report,1732,za,zh
"Raeuz aeu cienzmienh gvancez aen fuengcim giekbonj guh gaiq hong cunghgyau Cunghgoz Gungcanjdangj, laebdaeb hawj cunghgyau guek raeuz ciuq aen fuengyiengq habngamj guekcingz Cungguek bae hwngfat, ciuqfap guenjleix hongsaeh cunghgyau, hawj boux vunz mizmingz ndaw gyaiq cunghgyau caeuq gyoengq vunz saenqgingq cunghgyau de langh rengz coicaenh ginghci sevei hwngfat.",我们要全面贯彻党的宗教工作基本方针，坚持我国宗教的中国化方向，依法管理宗教事务，发挥宗教界人士和信教群众在促进经济社会发展中的积极作用。,government_work_report,1733,za,zh
"Raeuz aeu nyinhcaen doeksaed aen cwngcwz gyauzvu, baujcang gij gienzik habfap gyoengq beixnuengx vazgyauz rogguek caeuq gyoengq vazgyauz ma guek nem vunz ndaw ranz gyoengqde, gaijndei caeuq gyarengz fugsaeh, hawj gyoengqde dawz ok yiengh'ak daegbied caeuq geu rengz youqgaenj, veh nduen aen gyuen doengzsim ceiq hung gyoengq lwglan Cunghvaz ndawguek rogguek, gietcomz geu rengz hwnghoengh caez bae dajcauh yiengh ronghsag lwenqda.",我们要认真落实侨务政策，保障海外侨胞和归侨侨眷合法权益，改善和加强服务，发挥好他们的独特优势和重要作用，画好海内外中华儿女的最大同心圆，汇聚起共创辉煌的澎湃力量。,government_work_report,1734,za,zh
"Bi gvaqbae neix, gyaak gozfangz caeuq bingdoih ndaej netsaed doicaenh, aen saehnieb hawj bingdoih giengzak yienh'ok haujlai yienghsiengq moq cingzcik moq.",过去一年，国防和军队建设扎实推进，强军事业展现许多新气象新作为。,government_work_report,1735,za,zh
"Bineix, yaek laebdaeb aeu aen moegbiu Dangj youq seizdaih moq hawj bingdoih giengzak daeuj ceijyinx, youq mwh demgiengz gozfangz caeuq bingdoih, laeb maenh gij diegvih ceijyinx aen swhsiengj hawj bingdoih giengzak Siz Ginbingz, haeujlaeg doicaenh baengh cwngci demgiengz bingdoih、baengh gaijgwz hawj bingdoih giengzak、baengh gohgi saenqhwng bingdoih、ciuqfap guenjleix bingdoih.",新的一年，要继续以党在新时代的强军目标为引领，牢固确立习近平强军思想在国防和军队建设中的指导地位，深入推进政治建军、改革强军、科技兴军、依法治军。,government_work_report,1736,za,zh
"Dingjmaenh aen yenzcwz caeuq cidu gaenbonj Dangj baenzbaenz aeu dazyinx bingdoih, cienzmienh haeujlaeg gvancez ginhveij cujsiz fucwzci.",坚持党对军队绝对领导的根本原则和制度，全面深入贯彻军委主席负责制。,government_work_report,1737,za,zh
"Gvancez aen canloz fuengcim bingsaeh seizdaih moq, daezsang gij suijbingz lumj caen hoenx bae lienh bing, baenzlawz cungj aeu henhoh gij cawjgienz、ancienz、leih'ik hwngfat guekgya.",贯彻新时代军事战略方针，提高实战化军事训练水平，坚决维护国家主权、安全、发展利益。,government_work_report,1738,za,zh
"Laebdaeb gyalaeg gaijgwz gozfangz caeuq bingdoih, laebhwnj laebndei aen cidu dijhi yiengh ginhsw cwngcwz sevei cujyi miz gij daegsaek Cungguek.",继续深化国防和军队改革，建立健全中国特色社会主义军事政策制度体系。,government_work_report,1739,za,zh
"Gyarengz caeuq laebndei aen dijhi gozfangz gyauyuz、gozfangz dungyenz, lai demrem gij eiqsik gozfangz daengxcungq lwgminz.",加强和完善国防教育、国防动员体系建设，增强全民国防意识。,government_work_report,1740,za,zh
"Haeujlaeg hengzguh aen canloz ginh minz yungzhab hwngfat, gyavaiq yamqdin cauhmoq gij gohgi gozfangz.",深入实施军民融合发展战略，加快国防科技创新步伐。,government_work_report,1741,za,zh
"Gak gaep cwngfuj aeu haenqrengz gvansim haeujcoengh demgiengz gozfangz caeuq bingdoih, haeujlaeg bae guh gij hozdung ""song yungj"", hawj gofaex ginhcwng ginhminz doxgiet goek laeg、 mbaw mwn、ciengzlwenx heuyau.",各级政府要大力关心支持国防和军队建设，深入开展“双拥”活动，让军政军民团结之树根深叶茂、永葆常青。,government_work_report,1742,za,zh
"Raeuz aeu laebdaeb cienzmienh dengcinj bae gvancez diuz fuengcim ""aen guekgya ndeu song cungj cidu""、 ""vunz Yanghgangj guenjleix Yanghgangj""、 ""vunz Aumwnz guenjleix Aumwnz""、 yienghsaeh gagguenj lailai, yiemzgek ciuq yenfaz caeuq gihbwnjfaz banhsaeh.",我们要继续全面准确贯彻“一国两制”、“港人治港”、“澳人治澳”、高度自治的方针，严格依照宪法和基本法办事。,government_work_report,1743,za,zh
Haenqrengz haeujcoengh aen cwngfuj caeuq boux hingzcwng cangjgvanh Yanghgangj、Aumwnz Dwzbez Hingzcwnggih ciuqfap yunghgienz.,全力支持香港、澳门特别行政区政府和行政长官依法施政。,government_work_report,1744,za,zh
"Haeujcoengh Gangj Au gaemdawz aen seizgei hungnaek doengzcaez cauhlaeb ""it rangh it loh"" caeuq Yez Gangj Au Davanhgih, engq ndei bae dawz ok gij ak bonjfaenh, caeuq Diegndaw cienzmienh gyalaeg doxleih gapguh.",支持港澳抓住共建“一带一路”和粤港澳大湾区建设的重大机遇，更好发挥自身优势，全面深化与内地互利合作。,government_work_report,1745,za,zh
"Raeuz gig saenq, yanghgangj、Aumwnz itdingh ndaej caeuq Diegndaw guekcoj doengzcaez hwngfat itheij baenaj、itdingh ndaej baujciz ciengzgeiz mwnhoengh onjdingh.",我们坚信，香港、澳门一定能与祖国内地同发展共进步、一定能保持长期繁荣稳定。,government_work_report,1746,za,zh
Raeuz aeu dingjmaenh aen fuengcim cwngcwz hungnaek guh gij hong mizgven Daizvanh.,我们要坚持对台工作大政方针。,government_work_report,1747,za,zh
"Cienzmienh gvancez doeksaed gij cingsaenz aen gangjvah youqgaenj Siz Ginbingz cungjsuhgi youq gwnz hoih geiqniemh 《Mbaw Saw Lwnh Beixnuengx Daizvanh Nyi》 fatbiuj 40 hopbi gangj haenx, dawzmaenh gij yenzcwz aen Cungguek dog caeuq ""Gij Nyinhrox Doxdoengz Goujngeih Nienz"", doicaenh song hamq gvanhaeh hozbingz hwngfat, doicaenh yamqdin guekcoj hozbingz gyoebhab.",全面贯彻落实习近平总书记在《告台湾同胞书》发表40周年纪念会上的重要讲话精神，坚持一个中国原则和“九二共识”，推动两岸关系和平发展、推进祖国和平统一进程。,government_work_report,1748,za,zh
"Baenzlawz cungj aeu fanjdoiq caeuq gaemhnaenx gij maeuzsuenq nem hengzdoengh guh faenmbek siengj hawj ""Daizvanh doglaeb"", baenzlawz cungj aeu henhoh gij cawjgienz caeuq diegguek caezcingj guekgya.",坚决反对和遏制“台独”分裂图谋和行径，坚决维护国家主权和领土完整。,government_work_report,1749,za,zh
"Gyalaeg song hamq yungzhab hwngfat, lienzdaemh hawj song hamq youq ginghci vwnzva fuengmienh gyalai gyaulouz gapguh.",深化两岸融合发展，持续扩大两岸经济文化交流合作。,government_work_report,1750,za,zh
"Beixnuengx song hamq caemh goek doxrangh、caemh mingh doxlienz, wnggai dazfwngz doengzcaez dajcauh、yiengjsouh ngoenz ndei daengzcog daengxcungq vunz Cungguek.",两岸同胞同根相系、同命相连，应携手共创共享全体中国人的美好未来。,government_work_report,1751,za,zh
Aen seiqgyaiq seizneix bungzdaengz yiengh hingzseiq boekbienq bak bi caengz miz.,当今世界面临百年未有之大变局。,government_work_report,1752,za,zh
"Raeuz aeu giendingh mbouj bienq byaij diuz roen hozbingz hwngfat、ciuqhengz aen canloz hailangh doxleih caez ndaej, giendingh henhoh lai mbiengj camgya caeuq aen dijhi gozci aeu Lenzhozgoz guh cehsim.",我们将坚定不移走和平发展道路、奉行互利共赢的开放战略，坚定维护多边主义和以联合国为核心的国际体系。,government_work_report,1753,za,zh
"Gaenxmaenx caeuqfaenh gaijgwz laebndei aen dijhi ceihleix cienz seiqgyaiq, giendingh henhoh yiengh seiqgyaiq ginghci hailangh de, doinyoengx cauhlaeb aen cingjdaej caezcaemh minghyinh vunzloih.",积极参与全球治理体系的改革完善，坚定维护开放型世界经济，推动构建人类命运共同体。,government_work_report,1754,za,zh
"Gyarengz caeuq aen guek hung ceiq youqgaenj de gaeudoeng doiqvah nem boiqhab gapguh, caeuq aen guekgya seiqhenz gyalaeg gvanhaeh, caeuq aen guekgya cingqcaih hwngfat de gya'gvangq doxleih gapguh.",加强与主要大国沟通对话与协调合作，深化同周边国家关系，拓展与发展中国家互利合作。,government_work_report,1755,za,zh
"Vih onjdangq wngqdoiq gij deuqnyex yingjyangj seiqgyaiq caeuq gaijgez gij vwndiz ndatfoed ranghdieg, cungguek yaek gaenxmaenx dawz ok fueng'anq habyungh engq lai.",积极为妥善应对全球性挑战和解决地区热点问题提供更多中国建设性方案。,government_work_report,1756,za,zh
"Cungguek nyienh caeuq gak guek dazfwngz gapguh、caezsim roengzrengz, vih coicaenh seiqgyaiq hozbingz naihnanz caeuq doengzcaez hwngfat caiq ok baez rengz moq daeuj dem.",中国愿与各国携手合作、同舟共济，为促进世界持久和平与共同发展作出新的贡献。,government_work_report,1757,za,zh
"Buekguh cauh ok lizsij, saedguh ndaej baenz gingjgyaeu daengzcog.",奋斗创造历史，实干成就未来。,government_work_report,1758,za,zh
"Raeuz aeu engqgya gaenjmaed gietcomz youq seiqhenz aen Dangjcunghyangh aeu Siz Ginbingz dungzci guh cehsim, yaengx hwnj fan geiz hungmbwk sevei cujyi miz gij daegsaek Cungguek, aeu Aen Swhsiengj Sevei Cujyi Miz Gij Daegsaek Cungguek Seizdaih Moq Siz Ginbingz daeuj ceijyinx, coh nanz roemx bae、laemxsim haenq guh, aeu gij cingzcik gig ndei ginghci sevei hwngfat ciepcoux Cunghvaz Yinzminz Gunghozgoz laebbaenz 70 hopbi, vih hingzndaej cienzmienh hwnqbaenz aen biengz siujgangh、ceng'aeu mbat hingz hungmbwk yiengh sevei cujyi miz gij daegsaek Cungguek seizdaih moq, vih dawz guek raeuz hwnq baenz aen guekak sevei cujyi yendaiva fouqgiengz、 minzcuj、vwnzmingz、doxhuz、gyaeundei ndeu, vih guhbaenz aen loqsiengj Cungguek Cunghvaz Minzcuz fukhwng hungmbwk haenqrengz buekguh!",我们要更加紧密地团结在以习近平同志为核心的党中央周围，高举中国特色社会主义伟大旗帜，以习近平新时代中国特色社会主义思想为指导，迎难而上，开拓进取，以经济社会发展的优异成绩迎接中华人民共和国成立70周年，为决胜全面建成小康社会、夺取新时代中国特色社会主义伟大胜利，为把我国建设成为富强民主文明和谐美丽的社会主义现代化强国、实现中华民族伟大复兴的中国梦不懈奋斗！,government_work_report,1759,za,zh
Gak boux daibyauj：,各位代表：,government_work_report,1760,za,zh
"Seizneix, gou daibyauj Gozvuyen, yiengq daihhoih bauq gangj gij hong cwngfuj, cingj saemjlwnh, caemhcaiq cingj Daengx Guek Cwnghez veijyenz daezok yigen.",现在，我代表国务院，向大会报告政府工作，请予审议，并请全国政协委员提出意见。,government_work_report,1761,za,zh
"Baez binghraq bwtndat neix, dwg Cungguek moq laebbaenz doxdaeuj guek raeuz bungzdaengz gij saehgienh goenggungh veiswngh fwtfat hungnaek raihcienz ceiq vaiq、 banhdawz ceiq gvangq、 fuengzhaed ceiq hoj haenx.",这次新冠肺炎疫情，是新中国成立以来我国遭遇的传播速度最快、感染范围最广、防控难度最大的重大突发公共卫生事件。,government_work_report,1762,za,zh
"Ndaej aen Dangjcunghyangh aeu Siz Ginbingz dungzci guh cehsim dazyinx giengzak, ginggvaq daengx guek gwnz laj caeuq gyoengqvunz lwgminz gannanz sinhoj roengzrengz caemhcaiq sijndaej vutcuengq leih'ik, fuengzre gaemhaed binghraq aeundaej hongbaenz hungnaek.",在以习近平同志为核心的党中央坚强领导下，经过全国上下和广大人民群众艰苦卓绝努力并付出牺牲，疫情防控取得重大战略成果。,government_work_report,1763,za,zh
"Dangqnaj, gij hong fuengzhaed binghraq caengz gietsat, yinvu hwngfat gig gannanz naekcaem.",当前，疫情尚未结束，发展任务异常艰巨。,government_work_report,1764,za,zh
"Bietdingh aeu roengzrengz dawz gij sonjsaet binghraq cauhbaenz gemj daengz ceiq noix, roengzrengz guhbaenz gij moegbiu yinvu ginghci caeuq ndawbiengz hwngfat bineix.",要努力把疫情造成的损失降到最低，努力完成今年经济社会发展目标任务。,government_work_report,1765,za,zh
It、 Nyeuxyawj Gij Hong 2019 Nienz Caeuq Bineix Doxdaeuj,一、2019年和今年以来工作回顾,government_work_report,1766,za,zh
"Bi'gvaq, guek raeuz hwngfat bungzdaengz hojnanz hojcawq haujlai.",去年，我国发展面临诸多困难挑战。,government_work_report,1767,za,zh
"Seiqgyaiq ginghci demmaj numqmenh, gozci ginghci mouyiz doxdawz gyahaenq, gij atlig ndaw guek ginghci gyodroengz gyadaih.",世界经济增长低迷，国际经贸摩擦加剧，国内经济下行压力加大。,government_work_report,1768,za,zh
"Aen Dangjcunghyangh aeu Siz Ginbingz dungzci guh cehsim de lienzhab dazyinx daengx guek gak cuz yinzminz gungroengz hojnanz, guhbaenz gij moegbiu yinvu ceiq youqgaenj daengx bi, vih cienzmienh laebbaenz aenbiengz siujgangh dwkroengz aen giekdaej gietdingh baenzsaeh.",以习近平同志为核心的党中央团结带领全国各族人民攻坚克难，完成全年主要目标任务，为全面建成小康社会打下决定性基础。,government_work_report,1769,za,zh
Ginghci yinhhengz cungjdaej bingzonj.,经济运行总体平稳。,government_work_report,1770,za,zh
"Ndawguek swnghcanj cungjciz dabdaengz 99.1 fanh ik maenz, demmaj 6.1%.",国内生产总值达到99.1万亿元，增长6.1%。,government_work_report,1771,za,zh
"Hawsingz caiq miz 1352 fanh vunz ra ndaej hong guh, aen beijlwd diucaz saetnieb daemq gvaq 5.3%.",城镇新增就业1352万人，调查失业率在5.3%以下。,government_work_report,1772,za,zh
Gij gyaqcienz siuyungh gihminz hwnjsang 2.9%.,居民消费价格上涨2.9%。,government_work_report,1773,za,zh
Gozci soucei daihdaej doxdaengh.,国际收支基本平衡。,government_work_report,1774,za,zh
Gij gapgyaq ginghci caeuq gij baijbouh ranghdieg laebdaeb bienq ndei.,经济结构和区域布局继续优化。,government_work_report,1775,za,zh
"Huqsiuyungh ndawbiengz gailingz cungjngeg mauhgvaq 40 fanh ik maenz, siuyungh laebdaeb ndaej ragdoengh ginghci youqgaenj.",社会消费品零售总额超过40万亿元，消费持续发挥主要拉动作用。,government_work_report,1776,za,zh
Hangzdajcauh ndei、 hangzfugsaeh yienhdaih demmaj haemq vaiq.,先进制造业、现代服务业较快增长。,government_work_report,1777,za,zh
Haeuxgwn canjliengh 1.33 fanh ik gaen.,粮食产量1.33万亿斤。,government_work_report,1778,za,zh
"Gij vunz ciengzseiz youq hawsingz ciemq daengx guek vunzsoq baez it mauhgvaq 60%, aen canloz ranghdieg hungnaek ndaej hengzguh haeuj laeg bae.",常住人口城镇化率首次超过60%，重大区域战略深入实施。,government_work_report,1779,za,zh
Gij rengz moq doidoengh hwngfat mboujduenh demgiengz.,发展新动能不断增强。,government_work_report,1780,za,zh
Gohgi cauhmoq aeundaej buek hongbaenz hungnaek ndeu.,科技创新取得一批重大成果。,government_work_report,1781,za,zh
"Canjnieb saenhwng lienzdaemh bienq hung, gij canjnieb daih cienz daih de swnggaep vaiq.",新兴产业持续壮大，传统产业加快升级。,government_work_report,1782,za,zh
"Vunzlai cauhnieb、 cauhmoq mbeguh haeuj laeg bae, moix ngoenz cingh demgya giyez fanh hoh doxhwnj.",大众创业万众创新深入开展，企业数量日均净增1万户以上。,government_work_report,1783,za,zh
Gaijgwz hailangh yamq ok yamq youqgaenj.,改革开放迈出重要步伐。,government_work_report,1784,za,zh
"Laebdaeb gyalaeg gaijgwz gij gapgyaq mbiengj gunghawj, gaijgwz aen lingjyiz youqgaenj aeundaej cungbyoengq moq.",供给侧结构性改革继续深化，重要领域改革取得新突破。,government_work_report,1785,za,zh
"Gemj gvaeh gyangq feiq yienzlaiz dingh gaenh 2 fanh ik maenz, gatsat dabdaengz 2.36 fanh ik maenz, hangzdajcauh caeuq giyez iq saeq souh'ik ceiq lai.",减税降费2.36万亿元，超过原定的近2万亿元规模，制造业和小微企业受益最多。,government_work_report,1786,za,zh
Gij yinvu gaijgwz cwngfuj gihgou gaenq guhbaenz.,政府机构改革任务完成。,government_work_report,1787,za,zh
"Gij gaijgwz ""cuengqgienz、 gamguenj、 fugsaeh"" ndaej doicaenh haeuj laeg bae.",“放管服”改革纵深推进。,government_work_report,1788,za,zh
Ndalaeb gohgi cangyez banj.,设立科创板。,government_work_report,1789,za,zh
"Doengzcaez cauhlaeb ""Rangh Ndeu Roen Ndeu"" ndaej miz cingzyauq moq.",共建“一带一路”取得新成效。,government_work_report,1790,za,zh
"Fatbouh saedhengz gij diuzlaeh hengzguh Aen Fap Vaisangh Douzswh, gya laeb benq dieg moq Sanghaij Swmou Siyengih.",出台外商投资法实施条例，增设上海自贸试验区新片区。,government_work_report,1791,za,zh
Vaimou vaiswh baujciz onjdingh.,外贸外资保持稳定。,government_work_report,1792,za,zh
Sam ciengz ciengq hung ceiq hoj gung guhbaenz bouh ceiq youqgaenj de.,三大攻坚战取得关键进展。,government_work_report,1793,za,zh
"Gij vunz gungzhoj lajmbanj gemjnoix 1109 fanh, aen beijlwd fatseng gungzhoj gyangqdaemq daengz 0.6%, gunggeng duetgungz aeundaej gij cingzcik gietdingh baenzsaeh de.",农村贫困人口减少1109万，贫困发生率降至0.6%，脱贫攻坚取得决定性成就。,government_work_report,1794,za,zh
"Fuengzceih uqlah laebdaeb doi baenaj, aen soqliengh baizcuengq gij doxgaiq uqlah ceiq youqgaenj de laebdaeb doekdaemq, swnghdai vanzging cungjdaej ndaej gaijndei.",污染防治持续推进，主要污染物排放量继续下降，生态环境总体改善。,government_work_report,1795,za,zh
Ginhyungz yinhhengz cungjdaej bingzonj.,金融运行总体平稳。,government_work_report,1796,za,zh
Gij gwndaenj lwgminz caiq ndaej gaijndei.,民生进一步改善。,government_work_report,1797,za,zh
Gij souhaeuj moix boux gihminz ndaej ceiyungh de mauhgvaq 3 fanh maenz.,居民人均可支配收入超过3万元。,government_work_report,1798,za,zh
Giekbonj ciengxlaux、 ywbingh、 dihbauj daengj aen suijbingz baujcang ndaej daezsang.,基本养老、医疗、低保等保障水平提高。,government_work_report,1799,za,zh
Hwnqguh gij ranz bauj miz youq hawsingz caeuq gaijcauh gij ranz yaek lak lajmbanj ndaej doicaenh haeujlaeg bae.,城镇保障房建设和农村危房改造深入推进。,government_work_report,1800,za,zh
"Gij vunzsoq boux hagseng duenh yivu gyauyuz ndaej bangbouj gwndaenj de demgya gaenh 40%, gauhciz yenyau gyalai ciusou 100 fanh hagseng.",义务教育阶段学生生活补助人数增加近40%，高职院校扩招100万人。,government_work_report,1801,za,zh
"Raeuz gig hoengh bae angqhoh Cunghvaz Yinzminz Gunghozgoz laebbaenz 70 hopbi, gig daih gikfat gij simcingz gyaez guek daengx guek gak cuz yinzminz, gyonjcomz baenz gij rengz hunghoengh roengzrengz ceng'aeu yiengh sevei cujyi miz gij daegsaek Cungguek seizdaih moq ndaej hingz hungmbwk.",我们隆重庆祝中华人民共和国成立70周年，极大激发全国各族人民的爱国热情，汇聚起夺取新时代中国特色社会主义伟大胜利的磅礴力量。,government_work_report,1802,za,zh
"Raeuz gyagiengz bae guh dangjfungh lenzcwng, netsaed mbeguh aen cawjdaez gyauyuz ""mbouj lumz simnduj、 geiq maenh diuzrap"", dawzyiemz doeksaed gij cingsaenz bet hangh gvidingh cunghyangh, lienzdaemh niujcingq ""seiq yiengh"", doiq caengzdaej soeng cag gemj rap.",我们加强党风廉政建设，扎实开展“不忘初心、牢记使命”主题教育，严格落实中央八项规定精神，持续纠治“四风”，为基层松绑减负。,government_work_report,1803,za,zh
Yiengh vaigyauh guek hung miz gij daegsaek Cungguek ndaej hongbaenz lailai.,中国特色大国外交成果丰硕。,government_work_report,1804,za,zh
"Banh baenz gij vaigyauh hozdung hungnaek guek raeuz guhdaeuz banh, lumjbaenz Gaiq Daihngeih ""Rangh Ndeu Roen Ndeu"" Gozci Gapguh Gauhfungh Lundanz daengj, Siz Ginbingz cujsiz daengj bouxdaeuz Dangj caeuq guekgya okbae cunzfangj lai aen guekgya, camgya hozdung hungnaek, lumjbaenz Bouxdaeuz Ngeihcib Guek Cizdonz Funghvei、 bouxdaeuz aen guekgya ciengim doxraen、 Yasin Funghvei、 Sanghaij Hozcoz Cujciz Funghvei、 baenzroix aen hoih bouxdaeuz Dunghya gapguh、 bouxdaeuz Cungh Ouh doxraen、 bouxdaeuz Cungh Yiz Hanz doxraen daengj.",成功举办第二届“一带一路”国际合作高峰论坛等重大主场外交活动，习近平主席等党和国家领导人出访多国，出席二十国集团领导人峰会、金砖国家领导人会晤、亚信峰会、上海合作组织峰会、东亚合作领导人系列会议、中欧领导人会晤、中日韩领导人会晤等重大活动。,government_work_report,1805,za,zh
"Gaenxmaenx caeuqfaenh cauhlaeb caeuq gaijgwz aen dijhi ceihleix daengx seiqgyaiq, doidoengh cauhlaeb aen minghyinh caezcaemh vunzloih.",积极参与全球治理体系建设和改革，推动构建人类命运共同体。,government_work_report,1806,za,zh
Yiengh vaigyauh ginghci、 cungj gyaulouz yinzvwnz gig miz cingzyauq.,经济外交、人文交流卓有成效。,government_work_report,1807,za,zh
Cungguek vih coicaenh seiqgyaiq huzbingz caeuq hwngfat guh ok le gunghawj youqgaenj.,中国为促进世界和平与发展作出了重要贡献。,government_work_report,1808,za,zh
"Fatseng binghraq bwtndat le, Dangjcunghyangh dawz fuengzre gaemhaed binghraq dangguh gienh saeh hung ceiq youqgaenj daeuj guh, Siz Ginbingz cungjsuhgi caenndang cijveih、 caenndang baijbouh, dingjmaenh dawz gij sengmingh ancienz caeuq ndangdaej cangqheiq lwgminz cuengq youq vih daih'it.",新冠肺炎疫情发生后，党中央将疫情防控作为头等大事来抓，习近平总书记亲自指挥、亲自部署，坚持把人民生命安全和身体健康放在第一位。,government_work_report,1809,za,zh
"Ndaej Dangjcunghyangh dazyinx, Cunghyangh Wngqdoiq Binghraq Gunghcoz Lingjdauj Siujcuj gibseiz yenzgiu baijbouh, Cunghyangh Cijdaujcuj lai gamduk dazyinx, Gozvuyen aen gihci lienzhab fuengzre lienzhab gaemhaed cingjdaej suenqveh diuzboiq, gak dieg gak bouhmonz laemxsim caenhrengz guhhong, ndawbiengz gak fuengmienh cienzlig haeujcoengh, doenggvaq guh ciengz ciengq daengxcungq caeuqfaenh hoenx、 ciengz ciengq cungjdaej hoenx、 ciengz ciengq lanzhoenx bae fuengzre gaemhaed binghraq.",在党中央领导下，中央应对疫情工作领导小组及时研究部署，中央指导组加强指导督导，国务院联防联控机制统筹协调，各地区各部门履职尽责，社会各方面全力支持，开展了疫情防控的人民战争、总体战、阻击战。,government_work_report,1810,za,zh
"Gyoengq canghyw bouxhohleix buek guh mbouj lau dai, gij guenbing yinzminz gaijfangginh gamj dawz rapnaek, boux guh hong gohgi dox boiqhab gunggvan, boux youq segih guhhong、 boux gangingj gungh'anh、 boux ganbu caengzdaej、 boux guh hong sinhvwnz、 bouxgagnyienh soujmaenh vih hong bonjfaenh, bouxvaiqsoengq、 bouxsauqhaw、 boux swnghcanj daehyinh gij doxgaiq dingj fuengz binghraq de mbouj lau sinhoj, ik fanh bouxguhhong ngaemgyaeuj gaenxguh, gyoengq lwgminz Vujhan、 gyoengq lwgminz Huzbwz saenqniemh giendingh, ndawbiengz gak gyaiq caeuq gyoengq beixnuengx Gangj Au Daiz、 gyoengq beixnuengx youq rog guek gien cienz gien doxgaiq.",广大医务人员英勇奋战，人民解放军指战员勇挑重担，科技工作者协同攻关，社区工作者、公安干警、基层干部、新闻工作者、志愿者坚守岗位，快递、环卫、抗疫物资生产运输人员不辞劳苦，亿万普通劳动者默默奉献，武汉人民、湖北人民坚韧不拔，社会各界和港澳台同胞、海外侨胞捐款捐物。,government_work_report,1811,za,zh
"Gyoengq lwglan Cunghvaz rumz fwn caemh ruz、 hensouj doxbang, cuk hwnj diuz fuengzsienq maenhrwd dingjfuengz binghraq.",中华儿女风雨同舟、守望相助，筑起了抗击疫情的巍峨长城。,government_work_report,1812,za,zh
"Youq ndaw fuengzre gaemhaed binghraq, raeuz ciuq aen cungjiugouz giendingh saenqsim、 doengzcaez okrengz、 gohyoz fuengzyw、 dawzcinj guhfap, bae dawzndaet gaemsaed guhsaeq gak hangh hong.",在疫情防控中，我们按照坚定信心、同舟共济、科学防治、精准施策的总要求，抓紧抓实抓细各项工作。,government_work_report,1813,za,zh
"Gibseiz yungh banhfap wngqgip, doiq binghraq bwtndat ciuq cungj binghlah gyaploih bae guenjleix, gak dieg haidoengh it gaep han'wngq gij saehgienh goenggungh veiswngh hungnaek sawqmwh fatseng.",及时采取应急举措，对新冠肺炎实行甲类传染病管理，各地启动重大突发公共卫生事件一级响应。,government_work_report,1814,za,zh
"Laemxsim dwkhingz ciengz ciengq henhoh Vujhan caeuq Huzbwz, caemhcaiq aeundaej gij hongbaenz hingz dingh, doenggvaq mbouj yaemhywx saekdi bae yungh gij banhfap gaem ndaet guenj yiemz, yungh gij rengz daengx guek bae bangcoengh, diuhbaij 4 fanh lai boux canghyw bouxhohleix ganj bae, hwnjguh Hojsinzsanh、Leizsinzsanh Yihyen caeuq fanghcangh yihyen, riengjvaiq gyalai congzmbonq souyw, baujcang gij doxgaiq ywbingh gonq, mboujduenh gaijndei aen fueng'anq duenqbingh ywbingh, dingjmaenh cunghyih sihyih giethab, dingjmaenh ""seiq aen cizcungh"", yungh cienzbouh goengrengz bae gouqyw bouxbingh, caenhliengh hawj bouxbingh yw ndei ceiq lai、 deng dai ceiq noix.",坚决打赢武汉和湖北保卫战并取得决定性成果，通过果断实施严格管控措施，举全国之力予以支援，调派4万多名医护人员驰援，建设火神山、雷神山医院和方舱医院，快速扩充收治床位，优先保障医用物资，不断优化诊疗方案，坚持中西医结合，坚持“四集中”，全力救治患者，最大程度提高治愈率、降低病亡率。,government_work_report,1815,za,zh
"Lai gya daengx guek ngoenzgyaj ndwencieng, doilaeng haihag、 lingzvued dauq haihong、 veqseiz okrog, dingjmaenh gyoengqvunz fuengzre gyoengqvunz gaemhaed, dingjmaenh ""seiq caeux"", laemxsim gaemhaed goekbingh cienzlah, mizyauq naenxhaed binghraq banhraih.",延长全国春节假期，推迟开学、灵活复工、错峰出行，坚持群防群控，坚持“四早”，坚决控制传染源，有效遏制疫情蔓延。,government_work_report,1816,za,zh
Lai yenzgiu haifat yw、 yizmyauz caeuq ywsawq niemhdingh.,加强药物、疫苗和检测试剂研发。,government_work_report,1817,za,zh
"Gig vaiq gyalai swnghcanj gij doxgaiq ywbingh yungh, youq ndaw seizgan dinjdet demmaj haujlai, gunghawj doxgaiq gwndaenj cukgaeuq caemhcaiq onjdingh gyaqcienz, baujcang diuz roenloh ceiq youqgaenj de doengrat caeuq gunghawj meiz dienh youz heiq.",迅速扩大医用物资生产，短时间内大幅增长，抓好生活必需品保供稳价，保障交通干线畅通和煤电油气供应。,government_work_report,1818,za,zh
"Hab'wngq binghraq bienqvaq, habseiz doicaenh ciengzseiz guh fuengzre gaemhaed.",因应疫情变化，适时推进常态化防控。,government_work_report,1819,za,zh
"Cimdoiq gij cingzgvang binghraq roggyaiq banhraih, gibseiz cauxlaeb aen dijhi fuengzre binghraq rogguek cienz haeuj, lailai gvansim gyaezhoh gij gunghminz guek raeuz youq rogguek.",针对境外疫情蔓延情况，及时构建外防输入体系，加强对境外我国公民的关心关爱。,government_work_report,1820,za,zh
"Gaenxmaenx mbeguh gozci gapguh, ciuq gij daidu goenghai、 ronghcingx、 raphwnj cwzyin, gibseiz doengbauq gij saenqsik binghraq, cawjdoengh faenyungh gij gisuz caeuq guhfap fuengz binghraq, doxbang doxcoengh dingjfuengz binghraq.",积极开展国际合作，本着公开、透明、负责任态度，及时通报疫情信息，主动分享防疫技术和做法，相互帮助、共同抗疫。,government_work_report,1821,za,zh
"Doiq raeuz yienghneix aen guekgya cingqcaih hwngfat miz baenz 14 ik vunz daeuj gangj, ndaej youq ndaw duenh seizgan haemq dinj mizyauq gaemhaed binghraq, baujcang gij gwndaenj lwgminz, caen dwg gig mbouj ngaih、 nanz dangqmaz.",对我们这样一个拥有14亿人口的发展中国家来说，能在较短时间内有效控制疫情，保障了人民基本生活，十分不易、成之惟艰。,government_work_report,1822,za,zh
"Raeuz hix sonjsaet bae haujlai, gij ginghci aen geiqdoh daih'it demmaj noix gvaq lingz, guh hong gvaq saedceij deng cungdongj bienq luenh bae, hoeng mingh vunz ceiq sang, gij sonjsaet neix raeuz bietdingh aeu dingjsouh ndaej hix cigndaej dingjsouh.",我们也付出巨大代价，一季度经济出现负增长，生产生活秩序受到冲击，但生命至上，这是必须承受也是值得付出的代价。,government_work_report,1823,za,zh
"Raeuz cingjdaej suenqveh doicaenh fuengzre gaemhaed binghraq caeuq hwngfat ginghci nem ndawbiengz, coemjdawz seizgei bae doicaenh dauq haihong, doiok 8 aen fuengmienh 90 hangh cwngcwz guhfap, saedhengz bangcoengh giyez onjdingh yunghhong, gemjmienx mbangj gvaeh feiq, mienx sou gij cienzroen sojmiz goengloh soucienz, gyangqdaemq cingzbonj yungh nwngzyenz, fat cuengq diepsik daigvanj.",我们统筹推进疫情防控和经济社会发展，不失时机推进复工复产，推出8个方面90项政策措施，实施援企稳岗，减免部分税费，免收所有收费公路通行费，降低用能成本，发放贴息贷款。,government_work_report,1824,za,zh
Ciuq bouhloh daezgonq fat roengz aen hanhngeg cienzcaiq deihfueng cwngfuj.,按程序提前下达地方政府债务限额。,government_work_report,1825,za,zh
Mbouj loek gvaq mwh dajndaem bae ca ndaemcin.,不误农时抓春耕。,government_work_report,1826,za,zh
Mbouj soengheiq bae doicaenh gunggeng duetgungz.,不懈推进脱贫攻坚。,government_work_report,1827,za,zh
"Fatcuengq cienz bangbouj hawj boux youq itsienq dingjfuengz binghraq caeuq boux hojnanz, dawz aen biucinj laemzseiz boujdiep gyaqcienz daezsang boix ndeu.",发放抗疫一线和困难人员补助，将价格临时补贴标准提高1倍。,government_work_report,1828,za,zh
"Doengh gij cwngcwz neix hawj gyoengqvunz daj ndawde ndaej souh'ik, gibseiz mizyauq coicaenh le baujcang gunghawj、 onjdingh gyaqcienz caeuq dauq haihong, gij ginghci guek raeuz yienh'ok rengznyangq caeuq rengzndumj hungloet.",这些政策使广大人民群众从中受益，及时有效促进了保供稳价和复工复产，我国经济表现出坚强韧性和巨大潜能。,government_work_report,1829,za,zh
"Gij cingzcik ginghci caeuq ndawbiengz hwngfat bi'gvaq doxdaeuj caeuq gij fuengzre gaemhaed binghraq bineix aeundaej, dwg aen Dangjcunghyangh aeu Siz Ginbingz dungzci guh cehsim giengzak dazyinx ndaej daeuj, dwg Aen Swhsiengj Sevei Cujyi Miz Gij Daegsaek Cungguek Seizdaih Moq Siz Ginbingz gohyoz ceijyinx ndaej daeuj, dwg daengx Dangj daengx ginh daengx guek gak cuz yinzminz doxgiet buekguh ndaej daeuj.",去年以来经济社会发展和今年疫情防控取得的成绩，是以习近平同志为核心的党中央坚强领导的结果，是习近平新时代中国特色社会主义思想科学指引的结果，是全党全军全国各族人民团结奋斗的结果。,government_work_report,1830,za,zh
"Gou daibyauj Gozvuyen, caensim docih daengx guek gak cuz yinzminz、 gak minzcuj dangjbai、 gak yinzminz donzdij caeuq boux mizmingz gak gyaiq!",我代表国务院，向全国各族人民，向各民主党派、各人民团体和各界人士，表示诚挚感谢！,government_work_report,1831,za,zh
Caensim docih gyoengq beixnuengx Yanghgangj Dwzbez Hingzcwnggih、 gyoengq beixnuengx Aumwnz Dwzbez Hingzcwnggih、 gyoengq beixnuengx Daizvanh caeuq gyoengq beixnuengx youq rogguek!,向香港特别行政区同胞、澳门特别行政区同胞、台湾同胞和海外侨胞，表示诚挚感谢！,government_work_report,1832,za,zh
Caensim docih gak guek cwngfuj、 gozci cujciz caeuq gak guek baengzyoux gvansim haeujcoengh Cungguek cauhlaeb yendaiva caeuq dingjfuengz binghraq haenx!,向关心支持中国现代化建设和抗击疫情的各国政府、国际组织和各国朋友，表示诚挚感谢！,government_work_report,1833,za,zh
"Youq mwh haengjdingh cingzcik, dou hix singjsag yawj daengz gij gunnanz caeuq vwndiz dangqnaj bungzdaengz.",在肯定成绩的同时，我们也清醒看到面临的困难和问题。,government_work_report,1834,za,zh
"Deng daengx seiqgyaiq binghraq cungdongj, seiqgyaiq ginghci doeknyieg youqgaenj, diuz lienh canjnieb diuz lienh gunghawj dingzdingz duenhduenh, gozci mouyiz douzswh sukreuq, aen hawciengz daihbuek huqgai fubfab.",受全球疫情冲击，世界经济严重衰退，产业链供应链循环受阻，国际贸易投资萎缩，大宗商品市场动荡。,government_work_report,1835,za,zh
"Gij siuyungh、 douzswh、 cuzgouj ndaw guek doekdaemq, cungj atlig ra hong guh gya rem haujlai, gij hojnanz giyez daegbied dwg giyez minzyingz、 giyez rauh iq saeq doedyienh, ndaw lingjyiz ginhyungz daengj cwk miz yungyiemj, gij mauzdun soucei caizcwng caengzdaej gyahaenq.",国内消费、投资、出口下滑，就业压力显著加大，企业特别是民营企业、中小微企业困难凸显，金融等领域风险有所积聚，基层财政收支矛盾加剧。,government_work_report,1836,za,zh
"Hong cwngfuj guh ndaej mbouj gaeuq ndei, hingzsik cujyi、 guenliuz cujyi lij haemq lai, saekdi ganbu mbouj dangrap、gik guh saeh、 mbouj rox guh saeh、luenh guh saeh.",政府工作存在不足，形式主义、官僚主义仍较突出，少数干部不担当、不作为、不会为、乱作为。,government_work_report,1837,za,zh
Mbangj lingjyiz deihdeih miz nduknaeuh.,一些领域腐败问题多发。,government_work_report,1838,za,zh
"Youq ndaw fuengzre gaemhaed binghraq, goenggungh veiswngh、 wngqgip guenjleix daengj fuengmienh laeuh ok giz nyieg mbouj noix, gyoengqvunz lij miz di yigen caeuq genyi wngdang yawjnaek.",在疫情防控中，公共卫生应急管理等方面暴露出不少薄弱环节，群众还有一些意见和建议应予重视。,government_work_report,1839,za,zh
"Dou itdingh aeu roengzrengz gaijndei gunghcoz, cietsaed guhndei hong, caenhsim caenhrengz bae guh, mbouj hawj lwgminz saetmuengh.",我们一定要努力改进工作，切实履行职责，尽心竭力不辜负人民的期待。,government_work_report,1840,za,zh
Ngeih、 Gij Moegbiu Hwngfat Ceiq Youqgaenj Bineix Caeuq Aen Cungjdaej Baijbouh Hong Saeh Mboengq Laeng,二、今年发展主要目标和下一阶段工作总体部署,government_work_report,1841,za,zh
"Yaek guh ndei gij hong cwngfuj bineix, aeu youz aen Dangjcunghyangh aeu Siz Ginbingz dungzci guh cehsim daeuj dazyinx giengzak, yungh Aen Swhsiengj Sevei Cujyi Miz Gij Daegsaek Cungguek Seizdaih Moq Siz Ginbingz daeuj ceijyinx, cienzmienh gvancez gij cingsaenz Cibgouj Daih caeuq Baez Ngeih Cungh、 Sam Cungh、 Seiq Cungh Cienzhoih Gaiq Cibgouj aen Dangj, laemxsim gvancez gij lijlun giekbonj、 lohsienq giekbonj、 fanghloz giekbonj aen Dangj, demgiengz ""seiq rox""、 giendingh ""seiq aen gagsaenq""、 guhdaengz ""song aen henhoh"", hop gaenj gij moegbiu yinvu cienzmienh laebbaenz aenbiengz siujgangh, cingjdaej suenqveh doicaenh gij hong fuengzre gaemhaed binghraq caeuq hwngfat ginghci nem ndawbiengz, ciengzseiz guhndei gij hong fuengzre gaemhaed binghraq, dingjmaenh aen diuhgoek guhhong youq ndaw bingzonj gouz baenaj, dingjmaenh hwngfat leixniemh moq, dingjmaenh aeu gaijgwz gij gapgyaq mbiengj gunghawj guh sienqmeh, dingjmaenh aeu gaijgwz hailangh guh rengzdoengh doicaenh hwngfat caetliengh sang, laemxsim dwk ndei sam ciengz ciengq ceiq hoj gung, gyarengz guh gij hong ""roek onj"", bauj gihminz miz hong guh、 bauj lwgminz gwndaenj、 bauj hawciengz cawjdaej、 bauj haeuxgwn nwngzyenz ancienz、 bauj diuz lienh canjnieb diuz lienh gunghawj onjdingh、 bauj caengzdaej yinhcienj, giendingh saedhengz aen canloz gyalai aeuyungh ndawguek. Henhoh aen daihbuenz ginghci hwngfat caeuq ndawbiengz onjdingh, saedbauj guhbaenz aen moegbiu yinvu gunggeng duetgungz ndaej hingz dingh, cienzmienh laebbaenz aenbiengz siujgangh.",做好今年政府工作，要在以习近平同志为核心的党中央坚强领导下，以习近平新时代中国特色社会主义思想为指导，全面贯彻党的十九大和十九届二中、三中、四中全会精神，坚决贯彻党的基本理论、基本路线、基本方略，增强“四个意识”、坚定“四个自信”、做到“两个维护”，紧扣全面建成小康社会目标任务，统筹推进疫情防控和经济社会发展工作，在疫情防控常态化前提下，坚持稳中求进工作总基调，坚持新发展理念，坚持以供给侧结构性改革为主线，坚持以改革开放为动力推动高质量发展，坚决打好三大攻坚战，加大“六稳”工作力度，保居民就业、保基本民生、保市场主体、保粮食能源安全、保产业链供应链稳定、保基层运转，坚定实施扩大内需战略，维护经济发展和社会稳定大局，确保完成决战决胜脱贫攻坚目标任务，全面建成小康社会。,government_work_report,1842,za,zh
"Seizneix caeuq baezlaeng aen seizgeiz ndeu, guek raeuz hwngfat bungzdaengz yungyiemj hojnanz doenghbaez caengz miz gvaq, hoeng raeuz miz yienghndei cwngci caeuq cidu daegbied、 gij giekdaej ginghci nanoek、 rengzndumj hawciengz hungloet, ik fanh lwgminz gaenxgoenx coengmingz.",当前和今后一个时期，我国发展面临风险挑战前所未有，但我们有独特政治和制度优势、雄厚经济基础、巨大市场潜力，亿万人民勤劳智慧。,government_work_report,1843,za,zh
"Cijaeu gamj bae wngqdoiq hojnanz, giendingh gij saenqsim hwngfat, demgiengz gij rengz doidoengh hwngfat, henhoh caeuq yungh ndei mboengq canloz seizgei youqgaenj guek raeuz hwngfat, couh itdingh ndaej roemxgvaq nanzgvan dangqnaj, Cungguek itdingh ndaej hwngfat ndeindei.",只要直面挑战，坚定发展信心，增强发展动力，维护和用好我国发展重要战略机遇期，当前的难关一定能闯过，中国的发展必将充满希望。,government_work_report,1844,za,zh
"Gyoebhab yenzgiu duenqdingh gij hingzseiq seizneix, raeuz habdangq diuzcingj le gij moegbiu yawhgeiz mwh caengz miz binghraq naemj haenx.",综合研判形势，我们对疫情前考虑的预期目标作了适当调整。,government_work_report,1845,za,zh
"Bineix aeu onjdingh yunghhong bauj lwgminz gwndaenj gonq, laemxsim dwkhingz ciengz ciengq gunggeng duetgungz, roengzrengz saedyienh aen moegbiu yinvu cienzmienh laebbaenz aenbiengz siujgangh； hawsingz caiq miz 900 fanh vunz doxhwnj ra ndaej hong guh, aen beijlwd diucaz saetnieb hawsingz 6% baedauq； aen beijlwd daenghgeiq saetnieb hawsingz 5.5% baedauq；gij gyaqcienz siuyungh gihminz swnghwnj 3.5% baedauq； hawj cingouj cuzgouj engqgya onjdingh、 caetliengh engq sang, gozci soucei daihdaej doxdaengh； gihminz souhaeuj demmaj caeuq ginghci demmaj daihdaej doengzbouh； ciuq aen biucinj seizneix gij vunz gungzhoj lajmbanj ndaej duetgungz caez、 gij yienh gungzhoj ndaej duet aen mauh gungzhoj caez； ginhyungz yungyiemj hungnaek ndaej fuengzre gaemhaed ndei； danhvei ndaw guek swnghcanj cungjciz siuyungh nwngzyenz caeuq aen soqliengh baizcuengq gij huq uqlah ceiq youqgaenj de laebdaeb doekdaemq, roengzrengz guhbaenz gij moegbiu yinvu ""Cibsam Haj"" Gveihva.",今年要优先稳就业保民生，坚决打赢脱贫攻坚战，努力实现全面建成小康社会目标任务；城镇新增就业900万人以上，城镇调查失业率6%左右，城镇登记失业率5.5%左右；居民消费价格涨幅3.5%左右；进出口促稳提质，国际收支基本平衡；居民收入增长与经济增长基本同步；现行标准下农村贫困人口全部脱贫、贫困县全部摘帽；重大金融风险有效防控；单位国内生产总值能耗和主要污染物排放量继续下降，努力完成“十三五”规划目标任务。,government_work_report,1846,za,zh
"Gizneix aeu gangjmingz： Dou mbouj daezok aen moegbiu bineix ginghci demmaj geijlai, cujyau dwg binghraq daengx seiqgyaiq caeuq ginghci mouyiz hingzseiq mbouj doekdingh geijlai, guek raeuz hwngfat bungzdaengz saekdi yinhsu yingjyangj nanz ndaej liuh daengz.",需要说明的是，我们没有提出全年经济增速具体目标，主要因为全球疫情和经贸形势不确定性很大，我国发展面临一些难以预料的影响因素。,government_work_report,1847,za,zh
"Dou yienghneix guh, ndaej ikleih dazyinx gak fuengmienh comzrengz bae guhndei ""roek onj"" ""roek bauj"".",这样做，有利于引导各方面集中精力抓好“六稳”、“六保”。,government_work_report,1848,za,zh
"""Roek bauj"" dwg giz yungh rengz gij hong ""roek onj"" bineix.",“六保”是今年“六稳”工作的着力点。,government_work_report,1849,za,zh
"Souj ndaej diuz sienq ceiq daemq ""roek bauj"", couh hawj aen buenzgoek ginghci ndaej onjdingh； aeu baujcang bae coicaenh onjdingh、 youq ndaw onjdingh gouz baenaj, couh ndaej vih cienzmienh laebbaenz aenbiengz siujgangh cuknet giekdaej.",守住“六保”底线，就能稳住经济基本盘；以保促稳、稳中求进，就能为全面建成小康社会夯实基础。,government_work_report,1850,za,zh
"Raeuz aeu yawj daengz, mboujlwnh dwg bauj yunghhong caeuq lwgminz gwndaenj、 guhbaenz aen moegbiu duetgungz, roxnaeuz dwg fuengzre vaqgej yungyiemj, cungj aeu miz ginghci demmaj daeuj cengjdingj, ginghci yinhhengz onjdingh gvendaengz daengxbuenz.",要看到，无论是保住就业民生、实现脱贫目标，还是防范化解风险，都要有经济增长支撑，稳定经济运行事关全局。,government_work_report,1851,za,zh
"Aeu yungh gij banhfap gaijgwz hailangh, bae onjdingh yunghhong、 baujcang lwgminz gwndaenj、 coicaenh siuyungh, ragdoengh hawciengz、 onjdingh demmaj, byaij ok diuz roen moq mizyauq wngqdoiq cungdongj、 baenqcienq ndaej ndei ndeu.",要用改革开放办法，稳就业、保民生、促消费，拉动市场、稳定增长，走出一条有效应对冲击、实现良性循环的新路子。,government_work_report,1852,za,zh
Aen caizcwng cwngcwz gaenxmaenx de aeu engqgya gaenxmaenx baenzsaeh.,积极的财政政策要更加积极有为。,government_work_report,1853,za,zh
"Bineix aen beijlwd cei lai gvaq sou dajsuenq ciuq 3.6% doxhwnj bae anbaiz, bineix aensoq caizcwng cei lai gvaq sou beij bi'gvaq lai 1 fanh ik maenz, doengzseiz fathengz 1 fanh ik maenz guekcaiq daegbied bae dingjfuengz binghraq.",今年赤字率拟按3.6%以上安排，财政赤字规模比去年增加1万亿元，同时发行1万亿元抗疫特别国债。,government_work_report,1854,za,zh
Neix dwg gij guhfap daegbied youq mboengq daegbied de yungh.,这是特殊时期的特殊举措。,government_work_report,1855,za,zh
"2 fanh ik maenz gwnzneix gangj cienzbouh cienj hawj deihfueng, laebhwnj aen gihci cienjnod ceihawj mbouj doengz de, hawj cienzngaenz cigsoh haeuj caengzdaej si yienh bae、 cigsoh bang daengz giyez caeuq lwgminz, ceiq youqgaenj dwg aeu bae bauj yunghhong、 bauj lwgminz gwndaenj、 bauj hawciengz cawjdaej, baudaengz haeujcoengh gemj gvaeh gyangq feiq、 gemj co gyangq leih、 gyalai siuyungh caeuq douzswh daengj, seizseiz geiqmaenh gij cienz caizcwng yungh youq goenggungh fuengmienh, bouxlawz cungj mbouj ndaej gatlouz nodyungh.",上述2万亿元全部转给地方，建立特殊转移支付机制，资金直达市县基层、直接惠企利民，主要用于保就业、保基本民生、保市场主体，包括支持减税降费、减租降息、扩大消费和投资等，强化公共财政属性，决不允许截留挪用。,government_work_report,1856,za,zh
"Aeu roengzrengz gaijndei aen gapgyaq ceiok caizcwng, gij ceiok lwgminz senglix noix mbouj ndaej de cijndaej demlai mboujndaej gemjnoix, aeu cietsaed baujcang gij ceiok giz youqgaenj, laemxsim atgemj gij ceiok itbuen de, yiemzgimq saen hwnq louz dangz gvanj soj, yiemzgimq saisangq luenh yungh.",要大力优化财政支出结构，基本民生支出只增不减，重点领域支出要切实保障，一般性支出要坚决压减，严禁新建楼堂馆所，严禁铺张浪费。,government_work_report,1857,za,zh
"Gak gaep cwngfuj bietdingh aeu caencingq haed saivaq gvaq saedceij, cunghyangh cwngfuj aeu daiqdaeuz guh, cunghyangh bonjgaep ceiok anbaiz demmaj noix gvaq lingz, ndawde gij ceiok mbouj gaenj、 yungh mbouj yungh hix ndaej de aeu gemj 50% doxhwnj.",各级政府必须真正过紧日子，中央政府要带头，中央本级支出安排负增长，其中非急需非刚性支出压减50%以上。,government_work_report,1858,za,zh
"Gak loih cienz gietcienj、cienzcaem ndaej sou hwnjdaeuj caenhliengh sou, dauqcungz anbaiz.",各类结余、沉淀资金要应收尽收、重新安排。,government_work_report,1859,za,zh
"Aeu roengzrengz daezsang caetliengh demgya yauqlwd, gak hangh ceiok bietdingh aeu suenq saeq, itdingh aeu hawj moix bit cienz yungh youq giz ceiq gaenj yungh de, itdingh aeu hawj hawciengz cawjdaej caeuq gyoengqvunz saedsaed caihcaih roxnyinh daengz.",要大力提质增效，各项支出务必精打细算，一定要把每一笔钱都用在刀刃上、紧要处，一定要让市场主体和人民群众有真真切切的感受。,government_work_report,1860,za,zh
Gij hobi cwngcwz onjmaenh de aeu engqgya lingzvued habdoh.,稳健的货币政策要更加灵活适度。,government_work_report,1861,za,zh
"Gyoebhab yungh gij soujduenh gyangqdaemq cienzbwh gyangq leihsik、 caiq daigvanj daengj, bae dazyinx aen soqliengh gunghawj gvangjyi hobi caeuq aen gvaengh ndawbiengz yungzswh demmaj lai gvaq bi'gvaq haujlai.",综合运用降准降息、再贷款等手段，引导广义货币供应量和社会融资规模增速明显高于去年。,government_work_report,1862,za,zh
Itcig hawj yinzminzbi veiqlwd youq gwnz suijbingz hableix bingzyaenx daihdaej onjdingh.,保持人民币汇率在合理均衡水平上基本稳定。,government_work_report,1863,za,zh
"Cauhmoq gij hongdawz hobi cwngcwz ndaej cigsoh ikleih saeddaej ginghci haenx, itdingh aeu doidoengh giyez fuengbienh aeundaej daigvanj, doidoengh leihlwd lienzdaemh doekdaemq.",创新直达实体经济的货币政策工具，务必推动企业便利获得贷款，推动利率持续下行。,government_work_report,1864,za,zh
Aeu cienzmienh gyagiengz aen cwngcwz yunghhong baiz gonq.,就业优先政策要全面强化。,government_work_report,1865,za,zh
Caizcwng、 hobi caeuq douzswh daengj cwngcwz aeu comzrengz haeujcoengh onjdingh yunghhong.,财政、货币和投资等政策要聚力支持稳就业。,government_work_report,1866,za,zh
"Haenqrengz onjdingh gij yunghhong seizneix, gaenxmaenx caiq gyalai yunghhong, coicaenh boux saetnieb de caiq ra ndaej hong guh.",努力稳定现有就业，积极增加新的就业，促进失业人员再就业。,government_work_report,1867,za,zh
"Gak dieg aeu cingleix siusek gij hanhhaed mbouj hableix yunghhong bae, gij guhfap coicaenh yunghhong hab yungh couh yungh, gij banhfap haigvangq yunghhong ndaej yungh couh yungh.",各地要清理取消对就业的不合理限制，促就业举措要应出尽出，拓岗位办法要能用尽用。,government_work_report,1868,za,zh
"Duetgungz dwg gij yinvu cienzmienh laebbaenz aenbiengz siujgangh bietdingh aeu guhbaenz de, aeu dawzmaenh aen biucinj duetgungz seizneix, demgya douzhaeuj banggungz, gyarengz doeksaed gij banhfap banggungz, saedbauj doengh boux lij gungzhoj de ndaej duetgungz caez, laeb caezcienz caeuq caephengz aen gihci bangfuz gamcaek doengh boux dauq gungz de, gyamaenh gij hongbaenz duetgungz.",脱贫是全面建成小康社会必须完成的硬任务，要坚持现行脱贫标准，增加扶贫投入，强化扶贫举措落实，确保剩余贫困人口全部脱贫，健全和执行好返贫人口监测帮扶机制，巩固脱贫成果。,government_work_report,1869,za,zh
"Aeu dwk ndei ciengz ciengq henhoh mbwn gvengq、 raemx saw、 namh seuq, guhbaenz aen moegbiu mboengq ndeu ciengz ciengq hoj gung fuengzceih uqlah.",要打好蓝天、碧水、净土保卫战，实现污染防治攻坚战阶段性目标。,government_work_report,1870,za,zh
"Gyagiengz fuengzre gaemhaed gij yungyiemj hungnaek ndaw lingjyiz ginhyungz daengj, baenzlawz cungj aeu soujmaenh diuz sienq ceiq daemq mbouj ok yiengh yungyiemj baenz roix baenz rangh.",加强金融等领域重大风险防控，坚决守住不发生系统性风险底线。,government_work_report,1871,za,zh
"Bineix gaenq gvaqbae gaenh 5 ndwen, mboengq laeng aeu mbouj cuengqsoeng saekdi ciengzseiz fuengzre gaemhaed binghraq, cagaenj guhndei gak hangh hong hwngfat ginghci caeuq ndawbiengz.",今年已过去近5个月，下一阶段要毫不放松常态化疫情防控，抓紧做好经济社会发展各项工作。,government_work_report,1872,za,zh
"Fatbouh saedhengz cwngcwz, aeu gaeuq rengz youh aeu naemj daengz ndaej laebdaeb yungh, gaenqgawq hingzseiq bienqvaq lij ndaej laeb caezcienz bae, raeuz miz gietsim miz naengzlig guhbaenz gij moegbiu yinvu daengx bi.",出台的政策既保持力度又考虑可持续性，根据形势变化还可完善，我们有决心有能力完成全年目标任务。,government_work_report,1873,za,zh
"Sam、 Gyarengz Saedhengz Hungzgvanh Cwngcwz, Roengzrengz Onjdingh Giyez Baujcang Yunghhong",三、加大宏观政策实施力度，着力稳企业保就业,government_work_report,1874,za,zh
"Yaek baujcang yunghhong caeuq lwgminz gwndaenj, bietdingh aeu hawj baenz ik hawciengz cawjdaej onjdingh, caenhrengz haeujcoengh giyez daegbied dwg giyez rauh iq saeq、 hoh guh seng'eiq banh giyez siucawz hojnanz.",保障就业和民生，必须稳住上亿市场主体，尽力帮助企业特别是中小微企业、个体工商户渡过难关。,government_work_report,1875,za,zh
Gyarengz gemj gvaeh gyangq feiq.,加大减税降费力度。,government_work_report,1876,za,zh
"Sawj gij cwngcwz mboengq seizgan ndeu engq mizyauq, caeuq cidu anbaiz dox giethab, cuengq raemx ciengx bya, bangcoengh hawciengz cawjdaej siu hoj hwngfat.",强化阶段性政策，与制度性安排相结合，放水养鱼，助力市场主体纾困发展。,government_work_report,1877,za,zh
"Laebdaeb caephengz gij cwngcwz bi'gvaq diuzdaemq aen suiqlwd cwnghcizsui caeuq aen beijlwd giyez gyau cienz ciengxlaux baujyiemj, lai gya gemj gvaeh gyangq feiq daihgaiq 5000 ik maenz.",继续执行去年出台的下调增值税税率和企业养老保险费率政策，新增减税降费约5000亿元。,government_work_report,1878,za,zh
"Geizgonq saedhengz gij cwngcwz gemj gvaeh gyangq feiq 6 nyied daej daengz geiz, baudaengz mienx sou gij cienz danhvei gyau yiengh baujyiemj ciengxlaux、 saetnieb、 hongsieng giyez rauh iq saeq, gemjmienx gij cwnghcizsui bouxnabsuiq noix de, mienx sou gij cwnghcizsui fugsaeh lumjbaenz goenggungh gyaudoeng daehyinh、 dozninz gwnndoet、 baeyouz guh'angq、 vwnzva dijyuz daengj, gemjmienx gij hwngfat gihginh minzhangz、 gij cienzhwnqguh baksok, aen geizhanh caephengz de cienzbouh gya raez daengz bineix nienzdaej.",前期出台6月前到期的减税降费政策，包括免征中小微企业养老、失业和工伤保险单位缴费，减免小规模纳税人增值税，免征公共交通运输、餐饮住宿、旅游娱乐、文化体育等服务增值税，减免民航发展基金、港口建设费，执行期限全部延长到今年年底。,government_work_report,1879,za,zh
Gij giyez iq saeq、 hoh guh seng'eiq banh giyez gyaunab sojdwzsui cienzbouh doilaeng daengz bimoq.,小微企业、个体工商户所得税缴纳一律延缓到明年。,government_work_report,1880,za,zh
Yawhgeiq daengx bi caiq gemj diuzrap giyez 2.5 fanh ik maenz.,预计全年为企业新增减负超过2.5万亿元。,government_work_report,1881,za,zh
"Itdingh aeu dawz gij cwngcwz gemj gvaeh gyangq feiq doeksaed daengz giyez bae, louz ndoengfaex heuswd, daengzcog miz fwnz dwk.",要坚决把减税降费政策落到企业，留得青山，赢得未来。,government_work_report,1882,za,zh
Doidoengh gyangqdaemq gij cingzbonj swnghcanj ginghyingz giyez.,推动降低企业生产经营成本。,government_work_report,1883,za,zh
"Gyangqdaemq gij gyaqdienh gunghsanghyez 5%, aen cwngcwz neix gyaraez daengz bineix nienzdaej.",降低工商业电价5%政策延长到今年年底。,government_work_report,1884,za,zh
Gij cienzyungh gvanhdai caeuq conhsen bingzyaenz gyangqdaemq 15%.,宽带和专线平均资费降低15%。,government_work_report,1885,za,zh
"Gemjmienx gij cienzco fangzcanj guekmiz, gikcoi gak loih bouxokco gemjmienx roxnaeuz doilaeng sou cienzco, caemhcaiq hawj cwngcwz bae haeujcoengh.",减免国有房产租金，鼓励各类业主减免或缓收房租，并予政策支持。,government_work_report,1886,za,zh
Itdingh aeu cingjceih yiengh sou cienz famh gvidingh nangqdaengz giyez.,坚决整治涉企违规收费。,government_work_report,1887,za,zh
Gyarengz youq ginhyungz fuengmienh haeujcoengh giyez onjdingh.,强化对稳企业的金融支持。,government_work_report,1888,za,zh
"Gij cwngcwz giyez rauh、 iq、 saeq daigvanj doilaeng boiz bonj hawj leih caiq gyaraez daengz bimoq 3 nyied daej, yiengh daigvanj ndei doh giyez iq saeq haenx ndaej doilaeng boiz couh doilaeng boiz, doiq gizyawz gij daigvanj doengh aen giyez hojnanz doxyaeng doilaeng boiz.",中小微企业贷款延期还本付息政策再延长至明年3月底，对普惠型小微企业贷款应延尽延，对其他困难企业贷款协商延期。,government_work_report,1889,za,zh
"Laebndei aen gihci gikcoi gaujhaed, gikcoi ngaenzhangz gamj daigvanj、nyienh daigvanj、ndaej daigvanj, lai demgya saenqyungh daigvanj、 baez it daigvanj、 caengz boiz bonj hawj leih caiq daigvanj hawj giyez iq saeq, leihyungh ginhyungz gohgi caeuq soqgawq hung gyangqdaemq cingzbonj fugsaeh, dawzcinj fugsaeh.",完善考核激励机制，鼓励银行敢贷、愿贷、能贷，大幅增加小微企业信用贷、首贷、无还本续贷，利用金融科技和大数据降低服务成本，提高服务精准性。,government_work_report,1890,za,zh
Lailai gya cungj yungzswh cwngfuj saenqyungh danhbauj caemhcaiq gyangqdaemq feiqlwd yienhda.,大幅拓展政府性融资担保覆盖面并明显降低费率。,government_work_report,1891,za,zh
Doengh aen sanghyez ngaenzhangz hung lai gya gij daigvanj ndei doh giyez iq saeq aeu sang gvaq 40％.,大型商业银行普惠型小微企业贷款增速要高于40%。,government_work_report,1892,za,zh
Coicaenh caezyungh gij saenqsik saenqyungh nangqdaengz giyez.,促进涉企信用信息共享。,government_work_report,1893,za,zh
Haeujcoengh giyez gyalai yungh caigen yungzswh.,支持企业扩大债券融资。,government_work_report,1894,za,zh
"Gyagiengz gamguenj, fuengzre cienzngaenz ""cienjhoengq"" aeu leih, dwkceih daegdaengq deuz caiq.",加强监管，防止资金“空转”套利，打击恶意逃废债。,government_work_report,1895,za,zh
"Ginhyungz gihgou caeuq gij giyez daigvanj caemh seng caez hwng, gikcoi ngaenzhangz hableix nyienghleih.",金融机构与贷款企业共生共荣，鼓励银行合理让利。,government_work_report,1896,za,zh
"Vih bauj gij cawjdaej hawciengz, itdingh aeu hawj giyez rauh、 iq、 saeq engq yungzheih aeu ndaej daigvanj, itdingh aeu hawj gij cingzbonj gak cungj yungzswh doekdaemq yienhda.",为保市场主体，一定要让中小微企业贷款可获得性明显提高，一定要让综合融资成本明显下降。,government_work_report,1897,za,zh
Siengj caenh banhfap bae onjdingh caeuq gyalai yunghhong.,千方百计稳定和扩大就业。,government_work_report,1898,za,zh
Gyagiengz haeujcoengh hangznieb cungdenj yunghhong、 gyoengq vunz cungdenj miz hong guh.,加强对重点行业、重点群体就业支持。,government_work_report,1899,za,zh
"Bineix gij hagseng doeg sat dayoz de dabdaengz 874 fanh vunz, aeu coicaenh doenggvaq hawciengz dazyinx caeuq ndawbiengz bae yunghhong, dayoz caeuq aen cwngfuj dangdieg cungj aeu daezhawj fugsaeh yunghhong laebdaeb mbouj dingz, hawj gij hanghmoeg fugsaeh caengzdaej lai aeu vunz.",今年高校毕业生达874万人，要促进市场化社会化就业，高校和属地政府都要提供不断线的就业服务，扩大基层服务项目招聘。,government_work_report,1900,za,zh
Anbaiz ndei bouxbing doiok doihbing caeuq baujcang de miz hong guh.,做好退役军人安置和就业保障。,government_work_report,1901,za,zh
Saedhengz aen cwngcwz nungzminzgungh youq dieg yunghhong bingzdaengj aeundaej fugsaeh yunghhong.,实行农民工在就业地平等享受就业服务政策。,government_work_report,1902,za,zh
"Bangcoh gyoengq vunz gunnanz de ra hong guh, lumjbaenz bouxndangcanz、 doengh ranz mbouj miz saek boux miz hong guh de daengj.",帮扶残疾人、零就业家庭等困难群体就业。,government_work_report,1903,za,zh
"Guek raeuz miz baenz ik vunz lingzvued ra hong guh, ndawde baudaengz boux guh honglingz, bineix doiq gij vunz souhaeuj daemq de saedhengz hangh cwngcwz gagnyienh doilaeng gyau cienz sebauj, cienzbouh siu bae gij soucienz hingzcwng saehnieb nangqdaengz yunghhong haenx, hableix ndadingh giz dieg riuzdoengh baijdan.",我国包括零工在内的灵活就业人员数以亿计，今年对低收入人员实行社保费自愿缓缴政策，涉及就业的行政事业性收费全部取消，合理设定流动摊贩经营场所。,government_work_report,1904,za,zh
"Doenggvaq aeu cienz bang sonlienh onjdingh vih hong, lai guh gij sonlienh bonjsaeh najyiengq hawciengz de, gikcoi aeu guhhong dingj sonlienh, caez laeb dieggoek faenyungh sonlienh swnghcanj, bineix bimoq sonlienh bonjsaeh guhhong 3500 fanh vunz baez doxhwnj, gauhciz yenyau lai ciu 200 fanh vunz, aeu hawj engqlai bouxguhhong dinfwngz soemraeh、 ndei ra hong.",资助以训稳岗拓岗，加强面向市场的技能培训，鼓励以工代训，共建共享生产性实训基地，今明两年职业技能培训3500万人次以上，高职院校扩招200万人，要使更多劳动者长技能、好就业。,government_work_report,1905,za,zh
"Seiq、 Baengh Gaijgwz Gikfat Gij Rengzhoengh Hawciengz Cawjdaej, Gyaak Gij Rengznyoengx Moq Hwngfat",四、依靠改革激发市场主体活力，增强发展新动能,government_work_report,1906,za,zh
"Hojnanz deuqnyex yied hung, yied aeu gyalaeg gaijgwz, buqcawz gij gazngaih dijci gihci, gikfat gij rengz doidoengh hwngfat ndawok de.",困难挑战越大，越要深化改革，破除体制机制障碍，激发内生发展动力。,government_work_report,1907,za,zh
"Gyalaeg gaijgwz ""cuengqgienz、 gamguenj、 fugsaeh"".",深化“放管服”改革。,government_work_report,1908,za,zh
"Ciengzseiz guh ndei gij hong fuengzre gaemhaed binghraq le, aeu diuzcingj guhfap、 gemjnoix soujsuz, coicaenh cienzmienh dauq haihong、 dauq haihaw.",在常态化疫情防控下，要调整措施、简化手续，促进全面复工复产、复市复业。,government_work_report,1909,za,zh
"Hawj saehhangh fugsaeh engq lai ndaej youq aen vangj ndeu banh caez, guhdaengz haibanh giyez ndaej youq gwnz vangj banh soujsuz caez.",推动更多服务事项一网通办，做到企业开办全程网上办理。,government_work_report,1910,za,zh
"Cuengqsoeng hanhhaed giz dieg giyez iq saeq、 hoh guh seng'eiq banh giyez daenghgeiq ginghyingz, fuengbienh boux cauhnieb geiqbouh ginghyingz、 gibseiz aeundaej cwngcwz bangfuz.",放宽小微企业、个体工商户登记经营场所限制，便利各类创业者注册经营、及时享受扶持政策。,government_work_report,1911,za,zh
Haeujcoengh gij cienzngaenz giyez hung、 rauh、 iq riuzdoeng hwngfat.,支持大中小企业融通发展。,government_work_report,1912,za,zh
Laebndei aen dijhi saenqyungh ndawbiengz.,完善社会信用体系。,government_work_report,1913,za,zh
"Baengh goengcingq gamguenj henhoh goengbingz beijak, laebdaeb dajcauh yiengh vanzging gaicawx dwg hawciengz dazyinx、 ciuqfap guenjleix、 habngamj gozci haenx.",以公正监管维护公平竞争，持续打造市场化、法治化、国际化营商环境。,government_work_report,1914,za,zh
Doicaenh gij gaijgwz youz hawciengz bae boiqbaij yausu.,推进要素市场化配置改革。,government_work_report,1915,za,zh
"Doidoengh aen ngaenzhangz rauh iq de boujcung swhbwnj caeuq laebndei ceihleix, engq ndei bae fugsaeh giyez rauh iq saeq.",推动中小银行补充资本和完善治理，更好服务中小微企业。,government_work_report,1916,za,zh
"Gaijgwz cangyezbanj caemhcaiq sawqhengz geiqbouh fathengz gujbyau, hwngfat aen hawciengz swhbwnj lai caengzmbaek de.",改革创业板并试点注册制，发展多层次资本市场。,government_work_report,1917,za,zh
Hawj baujyiemj engq ndaej guh baujcang.,强化保险保障功能。,government_work_report,1918,za,zh
Hawj sengjgaep cwngfuj engq miz gienz gag guhcawj guenj dieg dajhwnq.,赋予省级政府建设用地更大自主权。,government_work_report,1919,za,zh
"Coicaenh vunzcaiz riuzdoengh, gungganq gij hawciengz gisuz caeuq soqgawq, gikhoengh gij rengzndumj gak loih yausu.",促进人才流动，培育技术和数据市场，激活各类要素潜能。,government_work_report,1920,za,zh
Hawj gaijgwz swhcanj guekmiz、 giyez guekmiz guh ndaej engq ndei.,提升国资国企改革成效。,government_work_report,1921,za,zh
Haiguh gij hengzdoengh sam bi gaijgwz giyez guekmiz.,实施国企改革三年行动。,government_work_report,1922,za,zh
"Laeb caezcienz aen cidu giyez yienhdaih, laebndei aen dijci gamguenj swhcanj guekmiz, gyalaeg gaijgwz gij sojyoujci doxgyaux.",健全现代企业制度，完善国资监管体制，深化混合所有制改革。,government_work_report,1923,za,zh
Daihdaej guhbaenz faen ok gij ciznwngz ndawbiengz youz giyez guh caeuq gaijgez gij vwndiz gaxgonq louz roengzdaeuj.,基本完成剥离办社会职能和解决历史遗留问题。,government_work_report,1924,za,zh
"Giyez guekmiz aeu comzrengz guh ndei gij cawjnieb bonjfaenh caeuq cwzyin bonjfaenh, laebndei aen gihci youz hawciengz dazyinx ginghyingz, daezsang gij naengzlig beijak ceiq youqgaenj de.",国企要聚焦主责主业，健全市场化经营机制，提高核心竞争力。,government_work_report,1925,za,zh
Gaijndei gij vanzging hwngfat minzyingz ginghci.,优化民营经济发展环境。,government_work_report,1926,za,zh
"Baujcang gij giyez minzyingz bingzdaengj aeundaej swnghcanj yausu caeuq cwngcwz haeujcoengh, cingleix feiqcawz gij gvidingh mbouj hableix caeuq giyez singqcaet lienzhaeh hwnjdaeuj haenx.",保障民营企业平等获取生产要素和政策支持，清理废除与企业性质挂钩的不合理规定。,government_work_report,1927,za,zh
Hanhgeiz guhbaenz gij yinvu boiz caez gij cienz cwngfuj gihgou、giyez guekmiz niengqyiemq giyez minzyingz caeuq giyez rauh iq haenx.,限期完成清偿政府机构、国有企业拖欠民营和中小企业款项的任务。,government_work_report,1928,za,zh
"Cauxlaeb yiengh gvanhaeh cwngfuj caeuq canghseng'eiq youh gyawj youh seuq, coicaenh gij ginghci mbouj dwg gunghyoujci de fatmaj ndei.",构建亲清政商关系，促进非公有制经济健康发展。,government_work_report,1929,za,zh
Doidoengh hangzdajcauh swnggaep caeuq canjnieb ngamqhwng fatmaj.,推动制造业升级和新兴产业发展。,government_work_report,1930,za,zh
Haeujcoengh hangzdajcauh fatmaj ndei.,支持制造业高质量发展。,government_work_report,1931,za,zh
Lailai demgya cunggeiz ciengzgeiz daigvanj hawj hangzdajcauh.,大幅增加制造业中长期贷款。,government_work_report,1932,za,zh
"Hwngfat aen bingzdaiz gunghyez hulenzvangj, doicaenh cinwngz cauhguh, gungganq comzgyoengq canjnieb ngamqhwng.",发展工业互联网，推进智能制造，培育新兴产业集群。,government_work_report,1933,za,zh
"Hwngfat gij hangznieb fugsaeh swnghcanj, lumjbaenz yenzfaz sezgi、yienhdaih vuzliuz、cazniemh cazrau nyinhcingq daengj.",发展研发设计、现代物流、检验检测认证等生产性服务业。,government_work_report,1934,za,zh
"Youq gwnz vangj gaicawx、 youq gwnz vangj fugsaeh daengj yienghnieb moq youq ndaw dingjfuengz binghraq fazveih cozyung youqgaenj, aeu laebdaeb fatbouh cwngcwz haeujcoengh, cienzmienh doicaenh ""hulenzvangj +"", dajcauh giz ak moq yiengh ginghci soqcih.",电商网购、在线服务等新业态在抗疫中发挥了重要作用，要继续出台支持政策，全面推进“互联网+”，打造数字经济新优势。,government_work_report,1935,za,zh
Daezsang gij naengzlig cengjdingj gohgi cauhmoq.,提高科技创新支撑能力。,government_work_report,1936,za,zh
"Onjdingh haeujcoengh gihcuj yenzgiu caeuq wngqyungh gihcuj yenzgiu, dazyinx giyez demgya douzhaeuj guh yenzgiu haifat, coicaenh swnghcanj gyauyoz yenzgiu doxdoeng cauhmoq.",稳定支持基础研究和应用基础研究，引导企业增加研发投入，促进产学研融通创新。,government_work_report,1937,za,zh
"Hwnqguh guekgya sizyensiz vaiq di, dauqcungz cujhab aen dijhi guekgya cungdenj sizyensiz, hwngfat gij yenzfaz gihgou ndawbiengz, gyagiengz gungroengz bouh ceiq youqgaenj gisuz cehsim.",加快建设国家实验室，重组国家重点实验室体系，发展社会研发机构，加强关键核心技术攻关。,government_work_report,1938,za,zh
Hwngfat gij gohgi gvendaengz lwgminz gwndaenj.,发展民生科技。,government_work_report,1939,za,zh
Gyalaeg gozci gohgi gapguh.,深化国际科技合作。,government_work_report,1940,za,zh
Gyagiengz baujhoh cihsiz canjgienz.,加强知识产权保护。,government_work_report,1941,za,zh
"Gaijgwz aen gihci cienjvaq gij hongbaenz gohgi, deudoeng diuz lienh cauhmoq, dajcauh aen vanzging gohyenz gikcoi cauhmoq、soeng'yungz doiqdaih saetbaih haenx.",改革科技成果转化机制，畅通创新链，营造鼓励创新、宽容失败的科研环境。,government_work_report,1942,za,zh
"Saedhengz cungdenj hanghmoeg gunggvan ""ciep buengj dangdaeuz"", bouxlawz rem'ak couh hawj bouxlawz guh.",实行重点项目攻关“揭榜挂帅”，谁能干就让谁干。,government_work_report,1943,za,zh
Haeujlaeg doicaenh gyoengqvunz cauhnieb、 cauhmoq.,深入推进大众创业万众创新。,government_work_report,1944,za,zh
"Hwngfat douzswh cauhnieb caeuq douzswh gujgienz, demgya danbauj daigvanj cauhnieb.",发展创业投资和股权投资，增加创业担保贷款。,government_work_report,1945,za,zh
"Gyalaeg lwnz sawqniemh moq cienzmienh cauhmoq gaijgwz, hwnqguh buek dieg yienghndei cauhnieb cauhmoq ndeu, dingjmaenh bauyungz youh siujsim gamguenj, hwngfat yiengh ginghci bingzdaiz、 yiengh ginghci caezyungh, engq lai bae gikfat gij rengz dajcauh ndawbiengz.",深化新一轮全面创新改革试验，新建一批双创示范基地，坚持包容审慎监管，发展平台经济、共享经济，更大激发社会创造力。,government_work_report,1946,za,zh
"Haj、 Saedhengz Aen Canloz Gyalai Gij Aeuyungh Ndawguek, Doidoengh Gij Fuengsik Hwngfat Ginghci Cienjbienq Engq Vaiq",五、实施扩大内需战略，推动经济发展方式加快转变,government_work_report,1947,za,zh
"Gij rengzndumj aeuyungh ndawguek raeuz hungloet, aeu gyalaeg gaijgwz aen gapgyaq mbiengj gunghawj, doedyienh yiengqcoh lwgminz gwndaenj, hawj gikhwnj siuyungh caeuq gyalai douzswh giethab ndei、 doxdoi baenaj.",我国内需潜力大，要深化供给侧结构性改革，突出民生导向，使提振消费与扩大投资有效结合、相互促进。,government_work_report,1948,za,zh
Doidoengh siuyungh dauqswng.,推动消费回升。,government_work_report,1949,za,zh
"Doenggvaq onjdingh yunghhong coicaenh demsou baujcang lwgminz gwndaenj, hawj vunz gag haengj siuyungh miz ngaenz siuyungh.",通过稳就业促增收保民生，提高居民消费意愿和能力。,government_work_report,1950,za,zh
"Haeujcoengh gij hangznieb fugsaeh mizgven gwndaenj de lumjbaenz gwnndoet、 hawciengz、 vwnzva、 baeyouz、 hongranz daengj dauqfuk hwngfat, doidoengh gwnz vangj laj vangj yungzhab.",支持餐饮、商场、文化、旅游、家政等生活服务业恢复发展，推动线上线下融合。,government_work_report,1951,za,zh
"Coicaenh siuyungh giceh, haenqrengz gaijgez aen vwndiz hoj cuengq ci.",促进汽车消费，大力解决停车难问题。,government_work_report,1952,za,zh
Hwngfat yiengh fugsaeh ciengxlaux、 dawzlwg.,发展养老、托幼服务。,government_work_report,1953,za,zh
Hwngfat aen canjnieb cangqndang soengsim.,发展大健康产业。,government_work_report,1954,za,zh
Gaijcauh daezswng gaiyouzbyaij.,改造提升步行街。,government_work_report,1955,za,zh
"Haeujcoengh densangh、 vaiqsoengq roengz lajmbanj bae, haigvangq gij siuyungh lajmbanj.",支持电商、快递进农村，拓展农村消费。,government_work_report,1956,za,zh
"Aeu lai cungj banhfap caez yungh bae gyalai siuyungh, hab'wngq gij aeuyungh lai cungj lai yiengh gyoengqvunz.",要多措并举扩消费，适应群众多元化需求。,government_work_report,1957,za,zh
Gya'gvangq mizyauq douzswh.,扩大有效投资。,government_work_report,1958,za,zh
"Bineix dajsuenq anbaiz deihfueng cwngfuj cienhangh caigen 3.75 fanh ik maenz, beij bi'gvaq demgya 1.6 fanh ik maenz, engq lai hawj caigen cienhangh yungh guh cienzgoek hanghmoeg, gij douzswh ndaw cunghyangh yawhsuenq anbaiz 6000 ik maenz.",今年拟安排地方政府专项债券3.75万亿元，比去年增加1.6万亿元，提高专项债券可用作项目资本金的比例，中央预算内投资安排6000亿元。,government_work_report,1959,za,zh
"Cungdenj haeujcoengh hwnqguh gij ""song yiengh moq yiengh hungnaek ndeu"" ndaej coicaenh siuyungh ikleih lwgminz youh ndaej diuzcingj gapgyaq demgya rengzlaeng haenx, cujyau dwg： Lai hwnqguh gij sezsih giekdaej yienghmoq, hwngfat daih saenqsik vangjloz moq, haigvangq yungh 5G, hwnqguh aen cungsim soqgawq, demgya donghcungdienh、camhvuenhdienh daengj sezsih, doigvangq giceh nwngzyenz moq, gikfat giz aeuyungh moq、 bangcoengh canjnieb swnggaep.",重点支持既促消费惠民生又调结构增后劲的“两新一重”建设，主要是：加强新型基础设施建设，发展新一代信息网络，拓展5G应用，建设数据中心，增加充电桩、换电站等设施，推广新能源汽车，激发新消费需求、助力产业升级。,government_work_report,1960,za,zh
"Gyagiengz cauhlaeb hawsingz yienghmoq, gyarengz daezswng gij sezsih goenggungh caeuq naengzlig fugsaeh yienhsingz, yawhbienh hab'wngq nungzminz gij iugouz ngoenz beij ngoenz naemj bae yienhsingz an'gya guhhong.",加强新型城镇化建设，大力提升县城公共设施和服务能力，以适应农民日益增加的到县城就业安家需求。,government_work_report,1961,za,zh
"Caiq haigoeng gaijcauh gij siujgih gaeuqgeq ndaw hawsingz 3.9 fanh aen, haeujcoengh gaijcauh guenj vangj、 gya an dendih, guh gij fugsaeh segih lai yiengh de, lumjbaenz youq ranz ciengxlaux、 diemq gwnhaeux、 bauj cinghseuq daengj.",新开工改造城镇老旧小区3.9万个，支持管网改造、加装电梯等，发展居家养老、用餐、保洁等多样社区服务。,government_work_report,1962,za,zh
Lai hwnqguh gunghcwngz hungnaek lumjbaenz gyaudoeng、 suijli daengj.,加强交通、水利等重大工程建设。,government_work_report,1963,za,zh
Lai demgya 1000 ik maenz cienzbonj hwnqguh dietloh guekgya.,增加国家铁路建设资本金1000亿元。,government_work_report,1964,za,zh
"Laeb caezcienz aen gihci hawciengz dazyinx douzswh yungzswh, haeujcoengh giyez minzyingz bingzdaengj caeuqfaenh.",健全市场化投融资机制，支持民营企业平等参与。,government_work_report,1965,za,zh
"Aeu genj ndei hanghmoeg, mbouj ce vwndiz roengzdaeuj, hawj douzswh lienzdaemh langh ok yauqik.",要优选项目，不留后遗症，让投资持续发挥效益。,government_work_report,1966,za,zh
Haeujlaeg doicaenh cungj hawsingz yienghmoq.,深入推进新型城镇化。,government_work_report,1967,za,zh
"Hawj aen singz cungsim caeuq singzgyoengq gyoebhab de daiqdoengh henzgyawj hwngfat, gungganq canjnieb、 demgya yunghhong.",发挥中心城市和城市群综合带动作用，培育产业、增加就业。,government_work_report,1968,za,zh
"Dingjmaenh aen dinghvih ""ranz dwg aeu daeuj youq mbouj dwg cienjgai canh cienz"", yawj singz dingh geiq, coicaenh hawj aen hawciengz fangzdicanj fatmaj bingzonj maenhndei.",坚持房子是用来住的、不是用来炒的定位，因城施策，促进房地产市场平稳健康发展。,government_work_report,1969,za,zh
"Laeb caezcienz gij sezsih fuengbienh gyoengqvunz、mbouj miz gazngaih daengj, hawj hawsingz engq habngamj cauhnieb habngamj youq.",完善便民、无障碍设施，让城市更宜业宜居。,government_work_report,1970,za,zh
Vaiqdi doeksaed aen canloz ranghdieg hwngfat.,加快落实区域发展战略。,government_work_report,1971,za,zh
Laebdaeb doidoengh daih haifat Baihsae、 cienzmienh saenqhwng Doengbaek、 Dieg Cungqgyang hwnghwnj、 Baihdoeng daiqdaeuz hwngfat.,继续推动西部大开发、东北全面振兴、中部地区崛起、东部率先发展。,government_work_report,1972,za,zh
Haeujlaeg doidoengh Bwzgingh Denhcinh Hozbwz boiqhab hwngfat、 cauhlaeb Yez Gangj Au Davanhgih、 Cangzsanhgoz baenz aen cingjdaej ndeu bae hwngfat.,深入推进京津冀协同发展、粤港澳大湾区建设、长三角一体化发展。,government_work_report,1973,za,zh
Doidoengh ranghdieg ginghci Dah Cangzgyangh caez guh daih baujhoh.,推进长江经济带共抓大保护。,government_work_report,1974,za,zh
Bienguh aen ganghyau gviveh baujhoh gij swnghdai ranghdieg Dah Vangzhoz caeuq hawj dieg de hwngfat caetliengh sang.,编制黄河流域生态保护和高质量发展规划纲要。,government_work_report,1975,za,zh
Doidoengh hwnqguh gvaengh ginghci Cwngzduh Cungzging.,推动成渝地区双城经济圈建设。,government_work_report,1976,za,zh
Hawj dieg doenghbaez guh gwzming、 dieg minzcuz、 dieg henz guek、 dieg gungzhoj hwngfat lai vaiq.,促进革命老区、民族地区、边疆地区、贫困地区加快发展。,government_work_report,1977,za,zh
Hwngfat haijyangz ginghci.,发展海洋经济。,government_work_report,1978,za,zh
"Saedhengz ndei baenzroix cwngcwz haeujcoengh Huzbwz hwngfat, haeujcoengh bauj yunghhong、 bauj lwgminz gwndaenj、 bauj yinhcienj, coicaenh ginghci caeuq ndawbiengz cienzmienh hoizdauq cingqciengz.",实施好支持湖北发展一揽子政策，支持保就业、保民生、保运转，促进经济社会秩序全面恢复。,government_work_report,1979,za,zh
Coihawj ceihleix swnghdai vanzging engq mizyauq.,提高生态环境治理成效。,government_work_report,1980,za,zh
Aeu eifap、 gohyoz、 dawzcinj bae ceihleix uqlah.,突出依法、科学、精准治污。,government_work_report,1981,za,zh
Engq haenq rengz bae ceihleix gij hoengheiq uqlah dieg youqgaenj.,深化重点地区大气污染治理攻坚。,government_work_report,1982,za,zh
"Lai hwnq gij sezsih cawqceq raemxuq、 nyapnyaj, doicaenh faenloih nyapnyaj ngoenznaengz.",加强污水、垃圾处置设施建设，推进生活垃圾分类。,government_work_report,1983,za,zh
Buensenj gaijcauh gij giyez swnghcanj cungj vayozbinj yungyiemj giz vunz maedcomz de vaiqdi.,加快人口密集区危化品生产企业搬迁改造。,government_work_report,1984,za,zh
Guhhung aen canjnieb mbaetyungh nwngzyenz habngamj vanzbauj de.,壮大节能环保产业。,government_work_report,1985,za,zh
Yiemzfad gij hingzveiz mbouj habfap gaeb gaj、 gaicawx、gwn duzdoengh duzndoeng.,严惩非法捕杀、交易、食用野生动物行为。,government_work_report,1986,za,zh
"Guh aen gunghcwngz hungnaek baujhoh caeuq coihfuk swnghdai hidungj youqgaenj, coicaenh cauhlaeb swnghdai vwnzmingz.",实施重要生态系统保护和修复重大工程，促进生态文明建设。,government_work_report,1987,za,zh
Baujcang nwngzyenz ancienz.,保障能源安全。,government_work_report,1988,za,zh
"Doidoengh leihyungh gij meizdanq cinghseuq yauqnaengz sang de, hwngfat gij nwngzyenz ndaej caiq miz, laeb caezcienz aen dijhi swnghcanj gunghawj siugai sizyouz、 denhyenzgi、 denliz, engq miz naengzlig caengcwk nwngzyenz.",推动煤炭清洁高效利用，发展可再生能源，完善石油、天然气、电力产供销体系，提升能源储备能力。,government_work_report,1989,za,zh
"Roek、 Saedbauj Guhbaenz Aen Moegbiu Gunggeng Duetgungz, Coicaenh Nungzyez Sou Ndaej Lai、 Nungzminz Ndaej Demsou",六、确保实现脱贫攻坚目标，促进农业丰收农民增收,government_work_report,1990,za,zh
"Doeksaed gij banhfap gunggeng duetgungz caeuq saenqhwng lajmbanj, baujcang miz nungzcanjbinj youqgaenj gunghawj, hawj nungzminz gwndaenj engq ndei.",落实脱贫攻坚和乡村振兴举措，保障重要农产品供给，提高农民生活水平。,government_work_report,1991,za,zh
Roengz gietsim dwkhingz ciengz ciengq gunggeng duetgungz.,坚决打赢脱贫攻坚战。,government_work_report,1992,za,zh
"Gyarengz hawj gij yienh gij mbanj lij gungzhoj de duetgungz, doiq gyoengq vunz ok rog guhhong de, aeu youq dieg guhhong onjdingh vih hong.",加大剩余贫困县和贫困村攻坚力度，对外出务工劳动力，要在就业地稳岗就业。,government_work_report,1993,za,zh
"Doenggvaq siuyungh bae banggungz, haeujcoengh gij canjnieb banggungz dauq hwngfat.",开展消费扶贫行动，支持扶贫产业恢复发展。,government_work_report,1994,za,zh
Senj dieg buenranz banggungz gvaqlaeng lij aeu lai bangfuz.,加强易地扶贫搬迁后续扶持。,government_work_report,1995,za,zh
Coicaenh Baihdoeng Baihsae gapguh banggungz caeuq cunghyangh danhvei dinghdiemj banggungz haeuj laeg bae.,深化东西部扶贫协作和中央单位定点扶贫。,government_work_report,1996,za,zh
Gyagiengz daizdaej baujcang gij vunz daegbied gungzhoj de.,强化对特殊贫困人口兜底保障。,government_work_report,1997,za,zh
Guh ndei hong caz doh gunggeng duetgungz.,搞好脱贫攻坚普查。,government_work_report,1998,za,zh
Laebdaeb caephengz aen cwngcwz cujyau bangfuz aen yienh duetmauh de.,继续执行对摘帽县的主要扶持政策。,government_work_report,1999,za,zh
"Laebdaeb doicaenh duetgungz caeuq saenqhwng lajmbanj hamzciep ndei bae, cienzlig hawj gyoengq vunz duetgungz de yamq coh fouqmiz.",接续推进脱贫与乡村振兴有效衔接，全力让脱贫群众迈向富裕。,government_work_report,2000,za,zh
Roengzrengz guh ndei nungzyez swnghcanj.,着力抓好农业生产。,government_work_report,2001,za,zh
"Hawj dajndaem haeuxgwn miz dieg gaeuq ok haeux lai, daezsang aen ceijsoq bi ndaem lai dangq, daezsang gij gyaqcienz ceiq daemq soucawx haeuxgok, lai dajciengj doengh aen yienh ok haeuxgwn lai de, roengzrengz fuengzyw binghhaih nonhaih hungnaek.",稳定粮食播种面积和产量，提高复种指数，提高稻谷最低收购价，增加产粮大县奖励，大力防治重大病虫害。,government_work_report,2002,za,zh
Haeujcoengh ndaem duhhenj daengj doenghgo caq youz.,支持大豆等油料生产。,government_work_report,2003,za,zh
"Cawqfad gij hingzveiz famhfap famh gvidingh ciemqyungh reihnaz, caiq cauh gij reihnaz biucinj sang de 8000 fanh moux.",惩处违法违规侵占耕地行为，新建高标准农田8000万亩。,government_work_report,2004,za,zh
Gungganq doigvangq binjcungj ndei.,培育推广优良品种。,government_work_report,2005,za,zh
Laebndei aen cwngcwz boujdiep nungzgih.,完善农机补贴政策。,government_work_report,2006,za,zh
Gyalaeg gaijgwz lajmbanj.,深化农村改革。,government_work_report,2007,za,zh
"Lai gaemhaed binghraq lumjbaenz mouraq Feihcouh daengj, hawj hangz ciengxmou dauq lai ciengx, hwngfat ciengx doihduz、 doenghduz ndaw raemx.",加强非洲猪瘟等疫病防控，恢复生猪生产，发展畜禽水产养殖。,government_work_report,2008,za,zh
Laebndei aen dijhi riuzdoeng nungzcanjbinj.,健全农产品流通体系。,government_work_report,2009,za,zh
"Hengz ndei aen cidu swngjcangj guenj ""daeh haeux"" sicangj guenj ""lamz byaek"".",压实“米袋子”省长负责制和“菜篮子”市长负责制。,government_work_report,2010,za,zh
"Vanjhaeux 14 ik vunz Cungguek, raeuz miz naengzlig hix bietdingh aeu gaemndaet youq ndaw fwngz bonjfaenh.",14亿中国人的饭碗，我们有能力也务必牢牢端在自己手中。,government_work_report,2011,za,zh
Haigvangq roenloh hawj nungzminz ra ndaej hong guh、 demgya souhaeuj.,拓展农民就业增收渠道。,government_work_report,2012,za,zh
"Haeujcoengh nungzminz youq henzgyawj ra hong guh、 cauhnieb, coicaenh it ngeih sam canjnieb yungzhab hwngfat, gya'gvangq aen gvaengh aeu hong dingj gouqcaeq, hawj gyoengq nungzminzgungh dauqma ranzmbanj de miz hong guh、 miz souhaeuj.",支持农民就近就业创业，促进一二三产业融合发展，扩大以工代赈规模，让返乡农民工能打工、有收入。,government_work_report,2013,za,zh
Lai sonlienh gij bonjsaeh guhong nungzminz.,加强农民职业技能培训。,government_work_report,2014,za,zh
Ciuqfap daj goekgaen bae ceihleix aen vwndiz niengqyiemq cienzhong nungzminzgungh.,依法根治拖欠农民工工资问题。,government_work_report,2015,za,zh
"Bangfuz aen cawjdaej ginghyingz hung iq habdoh de, hawj nungzhoh engq ndei youz ndawbiengz fugsaeh.",扶持适度规模经营主体，加强农户社会化服务。,government_work_report,2016,za,zh
Haeujcoengh cingsaeq gyagoeng nungzcanjbinj.,支持农产品深加工。,government_work_report,2017,za,zh
Laebndei aen cwngcwz baujcang gij dieg hwngfat canjnieb lajmbanj.,完善乡村产业发展用地保障政策。,government_work_report,2018,za,zh
Gyaak gij saedlig cizdij ginghci.,增强集体经济实力。,government_work_report,2019,za,zh
"Lai douzhaeuj cienhangh caigen, haeujcoengh gij sezsih yienhdaih nungzyez、 aen gunghcwngz gwn raemx ancienz caeuq cingjceih aen vanzging vunz youq, lienzdaemh gaijndei gij diuzgen nungzminz guhhong、 gvaq saedceij.",增加专项债券投入，支持现代农业设施、饮水安全工程和人居环境整治，持续改善农民生产生活条件。,government_work_report,2020,za,zh
"Caet、 Hawj Doiq Rog Hailangh Suijbingz Engq Sang, Onjdingh Aen Buenzgoek Vaimou Vaiswh",七、推进更高水平对外开放，稳住外贸外资基本盘,government_work_report,2021,za,zh
"Najdoiq vanzging baihrog bienqvaq, aeu giendingh mbouj bienq bae gya'gvangq doiq rog hailangh, onjdingh diuz lienh canjnieb diuz lienh gunghawj, aeu hailangh coi gaijgwz coi hwngfat.",面对外部环境变化，要坚定不移扩大对外开放，稳定产业链供应链，以开放促改革促发展。,government_work_report,2022,za,zh
Coicaenh vaimou daihdaej onjdingh.,促进外贸基本稳定。,government_work_report,2023,za,zh
"Hopheux haeujcoengh giyez demgya dinghdan、 onjdingh vih hong、 baujcang yunghhong, gyalai douzcuengq saenqyungh daigvanj, hawj gij baujyiemj saenqyungh cuzgouj de haeuj ndaw giyez bae engq lai, hawj gij cingzbonj cingouj cuzgouj hab gvidingh de doekdaemq, haeujcoengh gij canjbinj cuzgouj de cienj gai ndaw guek.",围绕支持企业增订单稳岗位保就业，加大信贷投放，扩大出口信用保险覆盖面，降低进出口合规成本，支持出口产品转内销。,government_work_report,2024,za,zh
"Vaiqdi hwngfat yienghnieb moq lumjbaenz hamj gyaiq densangh daengj, hawj gij naengzlig yinhhuq daengz seiqgyaiq gak dieg engq ak.",加快跨境电商等新业态发展，提升国际货运能力。,government_work_report,2025,za,zh
Doicaenh lwnz sawqdiemj moq cauhmoq hwngfat fugsaeh mouyiz.,推进新一轮服务贸易创新发展试点。,government_work_report,2026,za,zh
"Couzbanh ndei Gaiq Daihsam Cinbozvei, gaenxmaenx gyalai cingouj, hwngfat aen hawciengz hung najcoh seiqgyaiq suijbingz engq sang haenx.",筹办好第三届进博会，积极扩大进口，发展更高水平面向世界的大市场。,government_work_report,2027,za,zh
Gaenxmaenx yungh ndei vaiswh.,积极利用外资。,government_work_report,2028,za,zh
"Daih fukdoh sukgemj mbaw dan gimq vaiswh haeuj, fatbouh mbaw dan gimq hamj gyaiq guh fugsaeh mouyiz.",大幅缩减外资准入负面清单，出台跨境服务贸易负面清单。,government_work_report,2029,za,zh
Gyalaeg ginghci dwzgih gaijgwz hailangh.,深化经济特区改革开放。,government_work_report,2030,za,zh
"Hawj dieg sawqniemh swyouz mouyiz de lai miz gienz gag guhcawj gaijgwz hailangh, youq dieg cungqgyang dieg baihsae gya laeb dieg sawqniemh swyouz mouyiz、 dieg gyoebhab baujsuiq, demgya aen gyoebhab sawqdiemj gya'gvangq hailangh hangz fugsaeh.",赋予自贸试验区更大改革开放自主权，在中西部地区增设自贸试验区、综合保税区，增加服务业扩大开放综合试点。,government_work_report,2031,za,zh
Gyavaiq hwnqguh aen baksok swyouz mouyiz Haijnanz.,加快海南自由贸易港建设。,government_work_report,2032,za,zh
"Cauh ok aen hawciengz vanzging doiqdaih giyez neiswh vaiswh doxdoengz, hawj gyoengqde goengbingz beijak.",营造内外资企业一视同仁、公平竞争的市场环境。,government_work_report,2033,za,zh
"Aeu caetliengh sang bae caezlaeb ""Rangh Ndeu Roen Ndeu"".",高质量共建“一带一路”。,government_work_report,2034,za,zh
"Dingjmaenh caez yaeng caez hwnq caez yungh, ciuqsouj gij yenzcwz hawciengz caeuq gij gveihcwz gozci doenghengz, fazveih gij cozyung giyez cawjdaej, mbeguh gij gapguh doxleih caez ndaej ndeicawq de.",坚持共商共建共享，遵循市场原则和国际通行规则，发挥企业主体作用，开展互惠互利合作。,government_work_report,2035,za,zh
Dazyinx hawj doiq rog douzcienz fatmaj ndei.,引导对外投资健康发展。,government_work_report,2036,za,zh
Doidoengh mouyiz caeuq douzswh engq swyouz engq fuengbienh bae.,推动贸易和投资自由化便利化。,government_work_report,2037,za,zh
"Giendingh henhoh aen dijci lai mbiengj mouyiz, gaenxmaenx caeuqfaenh gaijgwz Simou Cujciz.",坚定维护多边贸易体制，积极参与世贸组织改革。,government_work_report,2038,za,zh
"Doidoengh ciemdingh aen hezding ranghdieg cienzmienh ginghci gapdoih gvanhaeh, doicaenh gij damzbuenq swyouz mouyiz gvendaengz Cungh Yiz Hanz daengj.",推动签署区域全面经济伙伴关系协定，推进中日韩等自贸谈判。,government_work_report,2039,za,zh
Doengzcaez doeksaed Cungh Meij gij ginghmou hezyi duenh daih'it.,共同落实中美第一阶段经贸协议。,government_work_report,2040,za,zh
"Cungguek roengzrengz lai caeuq gak guek gapguh ginghmou, guhdaengz doxleih caezhingz.",中国致力于加强与各国经贸合作，实现互利共赢。,government_work_report,2041,za,zh
"Bet、 Aeu Baujcang Caeuq Gaijndei Lwgminz Gwndaenj Guh Cungsim, Doidoengh Gaijgwz Hwngfat Saehnieb Ndawbiengz",八、围绕保障和改善民生，推动社会事业改革发展,government_work_report,2042,za,zh
"Najdoiq gunnanz, diuz sienq ceiq daemq lwgminz gwndaenj baenzlawz cungj aeu soujmaenh, gij saehcingz gyoengqvunz ceiq gvansim de aeu roengzrengz banh ndei.",面对困难，基本民生的底线要坚决兜牢，群众关切的事情要努力办好。,government_work_report,2043,za,zh
Lai rengz hwnqguh aen dijhi goenggungh veiswngh.,加强公共卫生体系建设。,government_work_report,2044,za,zh
"Dingjmaenh mingh vunz ceiq sang, gaijgwz aen dijci fuengzre gaemhaed bingh, gyaak gij naengzlig fuengzyw binghlah, laeb caezcienz aen hidungj cigsoh bauq caeuq yawhsien daezsingj binghlah, dingjmaenh gibseiz goenghai ronghcingx fatbouh gij saenqsik binghraq.",坚持生命至上，改革疾病预防控制体制，加强传染病防治能力建设，完善传染病直报和预警系统，坚持及时公开透明发布疫情信息。,government_work_report,2045,za,zh
"Yungh ndei gij daegbied guekcaiq dingjfuengz binghraq, gyalai douzhaeuj yenzgiu haifat yizmyauz、 gijyw caeuq gij gisuz niemhdingh riengjvaiq de, demgya gij yihliuz sezsih fuengzraq gouqyw, demgya gij sizyensiz ndaej senjdoengh de, gyagiengz baujcang gij doxgaiq wngqgip, demgiengz gij veiswngh fuengzraq caengzdaej.",用好抗疫特别国债，加大疫苗、药物和快速检测技术研发投入，增加防疫救治医疗设施，增加移动实验室，强化应急物资保障，强化基层卫生防疫。,government_work_report,2046,za,zh
Cauhlaeb aen doih vunzcaiz goenggungh veiswngh vaiqdi.,加快公共卫生人才队伍建设。,government_work_report,2047,za,zh
Haeuj laeg mbeguh gyaez guek veiswngh yindung.,深入开展爱国卫生运动。,government_work_report,2048,za,zh
"Dauqcawq doigvangq gij cihsiz cinghseuq cangqheiq, iuheuh gvaq gij saedceij cangqheiq vwnzmingz de.",普及卫生健康知识，倡导健康文明生活方式。,government_work_report,2049,za,zh
"Aeu lailai daezswng gij naengzlig fuengzre gaemhaed, baenzlawz cungj aeu fuengzre binghraq dauq fat, baenzlawz cungj aeu henhoh lwgminz ndangcangq.",要大幅提升防控能力，坚决防止疫情反弹，坚决守护人民健康。,government_work_report,2050,za,zh
Daezsang gij suijbingz gihbwnj yihliuz fugsaeh.,提高基本医疗服务水平。,government_work_report,2051,za,zh
"Aen biucinj caizcwng bangbouj gihminz yihbauj moix vunz lai gya 30 maenz, sawq guh gij cienzyungh youq mwnzcinj ywbingh de hamj sengj cigsoh gietsuenq.",居民医保人均财政补助标准增加30元，开展门诊费用跨省直接结算试点。,government_work_report,2052,za,zh
Bangfuz gij yihliuz gihgou deng binghraq yingjyangj haenx.,对受疫情影响的医疗机构给予扶持。,government_work_report,2053,za,zh
Gyalaeg gyoebhab gaijgwz yihyen goenglaeb.,深化公立医院综合改革。,government_work_report,2054,za,zh
"Hwngfat ""hulenzvangj + yihliuz cangqheiq"".",发展“互联网+医疗健康”。,government_work_report,2055,za,zh
Cauhlaeb aen yihliuz cungsim ranghdieg.,建设区域医疗中心。,government_work_report,2056,za,zh
Daezsang gij naengzlig yihliuz fugsaeh segih singz mbanj.,提高城乡社区医疗服务能力。,government_work_report,2057,za,zh
Doicaenh faengaep yawjbingh ywbingh.,推进分级诊疗。,government_work_report,2058,za,zh
"Coicaenh cunghyihyoz hwngfat hwnjdaeuj, lai hawj cunghyih sihyih giethab.",促进中医药振兴发展，加强中西医结合。,government_work_report,2059,za,zh
Cauhlaeb cungj gvanhaeh canghyw bouxbingh huzndei.,构建和谐医患关系。,government_work_report,2060,za,zh
"Dawzyiemz gamguenj gijgwn gijyw, saedbauj ancienz.",严格食品药品监管，确保安全。,government_work_report,2061,za,zh
Doidoengh gyauyuz goengbingz hwngfat caeuq daezswng caetliengh.,推动教育公平发展和质量提升。,government_work_report,2062,za,zh
Dingjmaenh laeb daudwz gungganq vunzcaiz.,坚持立德树人。,government_work_report,2063,za,zh
Miz bouhloh anbaiz gij hong cunghsiujyoz son hag caeuq cunghgauj gauhgauj.,有序组织中小学教育教学和中高考工作。,government_work_report,2064,za,zh
Gyarengz hwnqguh gij hagdangz dozninz yanghcin、gij hagdangz iq ndaw mbanj caeuq gij hagdangz yienhsingz.,加强乡镇寄宿制学校、乡村小规模学校和县城学校建设。,government_work_report,2065,za,zh
Laebndei gij cwngcwz hawj boux lwgnyez buen ranz de haeujhag ciepsouh yivu gyauyuz.,完善随迁子女义务教育入学政策。,government_work_report,2066,za,zh
"Banh ndei gij gyauyuz daegbied de、 gij gyauyuz daezsang de, haeujcoengh caeuq gveihfan gij gyauyuz minzbanh.",办好特殊教育、继续教育，支持和规范民办教育。,government_work_report,2067,za,zh
"Hwngfat cungj gyauyuz caengz haeuj siujyoz ndei doh ndawbiengz haenx, bangcoh youwzyenz minzbanh hoizsoeng hojnanz.",发展普惠性学前教育，帮助民办幼儿园纾困。,government_work_report,2068,za,zh
"Doidoengh gauhdwngj gyauyuz baihndaw gag fatmaj ndeindei, doicaenh hwnqguh aen dayoz ceiq ndei caeuq aen yozgoh ceiq ak, haeujcoengh hwngfat gij dayoz giz dieg cungqgyang、 baihsae.",推动高等教育内涵式发展，推进一流大学和一流学科建设，支持中西部高校发展。,government_work_report,2069,za,zh
Coicaenh dayoz lai ciusou gij hagseng lajmbanj caeuq dieg gungzhoj.,扩大高校面向农村和贫困地区招生规模。,government_work_report,2070,za,zh
Hwngfat cizyez gyauyuz.,发展职业教育。,government_work_report,2071,za,zh
Gya rengz cauhlaeb aen doih lauxsae.,加强教师队伍建设。,government_work_report,2072,za,zh
Doicaenh gyauyuz sinsizva.,推进教育信息化。,government_work_report,2073,za,zh
"Aeu onjdingh gij douzhaeuj gyauyuz, gaijndei gij gapgyaq douzhaeuj, sukiq gij cengca singz mbanj、 dieg caeuq dieg、 hagdangz caeuq hagdangz, hawj sojmiz gyadingz caeuq lwgnyez cungj aeundaej gij ndeicawq gyauyuz swhyenz, hawj gij roenloh daengzcog gyoengqde engq ronghsag.",要稳定教育投入，优化投入结构，缩小城乡、区域、校际差距，让教育资源惠及所有家庭和孩子，让他们有更光明未来。,government_work_report,2074,za,zh
Gyarengz baujcang gij senglix noix mbouj ndaej lwgminz.,加大基本民生保障力度。,government_work_report,2075,za,zh
"Diuz sang gij cienzgoek ciengxlaux boux duiyouh, daezsang aen biucinj ceiq daemq gij cienz giekdaej ciengxlaux boux gihminz singz mbanj.",上调退休人员基本养老金，提高城乡居民基础养老金最低标准。,government_work_report,2076,za,zh
"Saedyienh sengjgaep gyonj sou gyonj cei gij cienz goekbonj ciengxlaux baujyiemj gyoengq cizgungh ndaw giyez, daezsang aen beijlaeh cunghyangh diuzbouj.",实现企业职工基本养老保险基金省级统收统支，提高中央调剂比例。,government_work_report,2077,za,zh
"Daengx guek gaenh 3 ik vunz ndaej lingx cienzciengxlaux, bietdingh aeu saedbauj ciuqseiz gaeuqsoq fathawj.",全国近3亿人领取养老金，必须确保按时足额发放。,government_work_report,2078,za,zh
Doeksaed aen cwngcwz daihndei bouxbing doiqok doihbing.,落实退役军人优抚政策。,government_work_report,2079,za,zh
Daihndei gij boh meh lwg yah (gvan) boux vih goengsaeh dai bae de.,做好因公殉职人员抚恤。,government_work_report,2080,za,zh
"Gya'gvangq aen gvaengh baujcang saetnieb baujyiemj, dawz nungzminzgungh daengj boux saetnieb camgya baujyiemj mbouj gaeuq bi ndeu cungj nabhaeuj dieg de ciengzseiz youq bae baujcang.",扩大失业保险保障范围，将参保不足1年的农民工等失业人员都纳入常住地保障。,government_work_report,2081,za,zh
Laebndei aen cidu ndawbiengz gouqbang.,完善社会救助制度。,government_work_report,2082,za,zh
"Gya'gvangq aen gvaengh baujcang ceiq daemq gwndaenj, doiq doengh ranz gungzhoj singz mbanj wngdang baujcang couh caenhliengh baujcang, dawz doengh boux saetnieb ndaw hawsingz caeuq boux dauqma ranzmbanj hab diuzgienh de gibseiz nabhaeuj baujcang ceiq daemq gwndaenj bae.",扩大低保保障范围，对城乡困难家庭应保尽保，将符合条件的城镇失业和返乡人员及时纳入低保。,government_work_report,2083,za,zh
"Doiq doengh boux aenvih caihaih、 baenzbingh、 ndangcanz camhseiz gunnanz de, cungj aeu bae gouqbang.",对因灾因病因残遭遇暂时困难的人员，都要实施救助。,government_work_report,2084,za,zh
"Aeu cietsaed baujcang gij gwndaenj ceiqnoix sojmiz gyoengqvunz gunnanz de, bauj lwgminz gwndaenj hix bietdingh yaek bangcoengh engq lai boux saetnieb caiq ra hong guh、 gamj bae cauhnieb.",要切实保障所有困难群众基本生活，保民生也必将助力更多失业人员再就业敢创业。,government_work_report,2085,za,zh
Hawj gij cingsaenz vwnzva swnghhoz gyoengqvunz lai cungj lai yiengh bae.,丰富群众精神文化生活。,government_work_report,2086,za,zh
"Gungganq caeuq hengzguh aen gyacizgvanh cehsim sevei cujyi, hwngfat gij saehnieb lumjbaenz cezyoz sevei gohyoz、 sinhvwnz okbanj、 gvangjbo denyingj densi daengj.",培育和践行社会主义核心价值观，发展哲学社会科学、新闻出版、广播影视等事业。,government_work_report,2087,za,zh
Lai baujhoh leihyungh vwnzvuz caeuq cienzswnj feih vuzciz vwnzva yizcanj.,加强文物保护利用和非物质文化遗产传承。,government_work_report,2088,za,zh
"Gyaak gij fugsaeh goenggungh vwnzva, couzbanh Bwzgingh Dungh'auvei、 Dunghcanzauvei, iuheuh bouxboux lienhndang caeuq bouxboux doegsaw, hawj daengxbiengz gizgiz miz rengzhoengh、 yienghyiengh coh ndei.",加强公共文化服务，筹办北京冬奥会、冬残奥会，倡导全民健身和全民阅读，使全社会充满活力、向上向善。,government_work_report,2089,za,zh
Gyaak caeuq cauhmoq gij ceihleix ndawbiengz.,加强和创新社会治理。,government_work_report,2090,za,zh
Laeb caezcienz aen gihci guenjleix caeuq fugsaeh segih.,健全社区管理和服务机制。,government_work_report,2091,za,zh
Gyagiengz ceihleix lajmbanj.,加强乡村治理。,government_work_report,2092,za,zh
Haeujcoengh hawj gij cujciz ndawbiengz、 yinzdau gouqbang、 gagnyienh fugsaeh、 gij saehnieb swnzsienh daengj fatmaj ndei.,支持社会组织、人道救助、志愿服务、慈善事业等健康发展。,government_work_report,2093,za,zh
Baujcang gij gienzik habfap mehmbwk、 lwgnyez、 bouxgeq、 bouxndangcanz.,保障妇女、儿童、老人、残疾人合法权益。,government_work_report,2094,za,zh
"Laeb caezcienz aen cidu sinfangj, hawj faplwd bangcoh engq mizyauq, gibseiz gaijgez gij iugouz hableix gyoengqvunz, vaqgej ndei mauzdun cengnauh.",完善信访制度，加强法律援助，及时解决群众合理诉求，妥善化解矛盾纠纷。,government_work_report,2095,za,zh
Guh baez daihcaet caz doh gij vunz daengx guek.,开展第七次全国人口普查。,government_work_report,2096,za,zh
Gyarengz cauhlaeb gij naengzlig hawj guekgya ancienz.,加强国家安全能力建设。,government_work_report,2097,za,zh
"Laebndei aen dijhi fuengzhaed cianh ndawbiengz, ciuqfap dwkceih gak cungj famhcoih, hwnqguh aen Cungguek engqgya bingzan.",完善社会治安防控体系，依法打击各类犯罪，建设更高水平的平安中国。,government_work_report,2098,za,zh
At yiemz gij cwzyin hawj swnghcanj engq ancienz.,强化安全生产责任。,government_work_report,2099,za,zh
"Gyaak fuengzre caihaih lumjbaenz raemxrongz raemxdumh、 feizcoemh、 deihdoengh daengj, guh ndei heiqsiengq fugsaeh, hawj wngqgip guenjleix、ciengjyiemj gouqbang caeuq fuengz cai gemj cai guh ndaej engq ndei.",加强洪涝、火灾、地震等灾害防御，做好气象服务，提高应急管理、抢险救援和防灾减灾能力。,government_work_report,2100,za,zh
Saedhengz cienhangh cingjceih ancienz swnghcanj.,实施安全生产专项整治。,government_work_report,2101,za,zh
Roengz gietsim naenxhaed gij saehhux hungnaek、 daegbied hungnaek de fatseng.,坚决遏制重特大事故发生。,government_work_report,2102,za,zh
"Miz yinvu gannanz naekcaem baij youq dangqnaj, gak gaep cwngfuj aeu gagrox hawj swhsiengj、 cwngci、 hengzdoengh caeuq aen Dangjcunghyangh aeu Siz Ginbingz dungzci guh cehsim de doxdoengz caez, hengzguh aen swhsiengj aeu lwgminz guh cungsim bae hwngfat, doeksaed aen iugouz cienzmienh yiemz haenq guenj dangj, dingjmaenh ciuqfap hingzcwng, cauhlaeb aen cwngfuj fapceih, dingjmaenh goenghai hongsaeh guenjleix guekgya, daezsang gij naengzlig ceihleix.",面对艰巨繁重任务，各级政府要自觉在思想上政治上行动上同以习近平同志为核心的党中央保持高度一致，践行以人民为中心的发展思想，落实全面从严治党要求，坚持依法行政，建设法治政府，坚持政务公开，提高治理能力。,government_work_report,2103,za,zh
"Aeu ciuqfap ciepsouh aen yinzda doengzgaep caeuq aen cangzveijvei de gamduk, gagrox ciepsouh yinzminz cwnghez minzcuj gamduk, gag bae ciepsouh ndawbiengz gamduk caeuq baklinx gamduk.",要依法接受同级人大及其常委会的监督，自觉接受人民政协的民主监督，主动接受社会和舆论监督。,government_work_report,2104,za,zh
Hawj saemjgeiq gamduk engq yiemz.,强化审计监督。,government_work_report,2105,za,zh
Yungh ndei gij cujciz ginzdonz lumjbaenz gunghvei、 gungcinghdonz、 fulenz daengj.,发挥好工会、共青团、妇联等群团组织作用。,government_work_report,2106,za,zh
Boux youq ndaw cwngfuj guhsaeh aeu gagrox ciepsouh faplwd、 genhcaz caeuq lwgminz gamduk.,政府工作人员要自觉接受法律、监察和人民监督。,government_work_report,2107,za,zh
"Gyarengz cauhlaeb aen cwngfuj cinghseuq, roengz gietsim fadceih nduknaeuh.",加强廉洁政府建设，坚决惩治腐败。,government_work_report,2108,za,zh
"Gak gaep cwngfuj aeu itcig dingjmaenh gangjgouz saedsaeh, gaem ndaet duenh cogaep sevei cujyi aen guekcingz giekbonj neix, ciuqei gwzgvanh gvilwd, yienghyiengh daj saedsaeh hwnjdin, ndwnmaenh banh ndei gij saeh bonjfaenh dangrap.",各级政府要始终坚持实事求是，牢牢把握社会主义初级阶段这个基本国情，遵循客观规律，一切从实际出发，立足办好自己的事。,government_work_report,2109,za,zh
"Aeu roengz rengz hung bae niujcingq caeuq cingjceih ""seiq yiengh"", haenqrengz gaiqcawz hingzsik cujyi、guenliuz cujyi, hawj gyoengq ganbu youq caengzdaej baetduet hingzsik cujyi cughaed bae guh saeh cauhnieb, bang boux dangrap dawzrap, hawj boux dangrap caenhrengz.",要大力纠治“四风”，力戒形式主义、官僚主义，把广大基层干部干事创业的手脚从形式主义的束缚中解脱出来，为担当者担当，让履职者尽责。,government_work_report,2110,za,zh
"Aeu gaenjndaet baenghgauq gyoengqvunz lwgminz, yawjnaek gij cingsaenz cauh gonq caengzdaej, engq yungh rengz bae doidoengh gaijgwz hailangh, gikfat gij rengzhoengh ndawbiengz, gietcomz gij coengmingz caeuq ligliengh ik fanh vunz, neix hawj gyoengqraeuz miz saenqsim dwkhingz sojmiz gunnanz hojcawq.",要紧紧依靠人民群众，尊重基层首创精神，以更大力度推进改革开放，激发社会活力，凝聚亿万群众的智慧和力量，这是我们战胜一切困难挑战的底气。,government_work_report,2111,za,zh
"Gyoengq ganbu raeuz wngdang bungz nanz mbouj ndoj、 yawjnaek saedguh, comz sim comz rengz bae ca hwngfat、 bauj lwgminz gwndaenj.",广大干部应临难不避、实干为要，凝心聚力抓发展、保民生。,government_work_report,2112,za,zh
"Cijaeu raeuz itcig caeuq gyoengqvunz lwgminz caemh haemz caemh hoj、 haenqrengz baenaj, gij simmuengh lwgminz Cungguek gyaepgouz gwndaenj engq ndei couh itdingh ndaej guh daengz.",只要我们始终与人民群众同甘共苦、奋力前行，中国人民追求美好生活的愿望一定能实现。,government_work_report,2113,za,zh
"Bineix yaek bien ndei ""Cibseiq Haj"" Gveihva, vih yamq hwnj diuz roen moq haidoengh gij moegbiu buekguh aen bak bi daihngeih nda veh dozlamz.",今年要编制好“十四五”规划，为开启第二个百年奋斗目标新征程擘画蓝图。,government_work_report,2114,za,zh
"Raeuz aeu dingjmaenh caeuq laebndei aen cidu minzcuz gihyiz swci, haeujcoengh siujsoq minzcuz caeuq dieg minzcuz hwngfat engq vaiq, hawj caezgya cungj nyinh dwg aen Cunghvaz Minzcuz ndeu.",我们要坚持和完善民族区域自治制度，支持少数民族和民族地区加快发展，铸牢中华民族共同体意识。,government_work_report,2115,za,zh
"Cienzmienh gvancez diuz fuengcim giekbonj guh hong cunghgyau aen Dangj, hawj boux cunghgyaugai caeuq gyoengqvunz saenq gyauq de youq ndaw coicaenh ginghci nem ndawbiengz hwngfat miz cozyung ndei.",全面贯彻党的宗教工作基本方针，发挥宗教界人士和信教群众在促进经济社会发展中的积极作用。,government_work_report,2116,za,zh
"Gyoengq beixnuengx youq rog guek ndaej guekcoj gvaqniemh, dwg diuz giuz youqgaenj lienzdoeng seiqgyaiq, aeu hawj gijndei daegbied gyoengq beixnuengx youq rogguek caeuq vunz ndawranz de langh okdaeuj, mboujduenh demgiengz gij rengzgietcomz lwglan Cunghvaz, doengzsim caez cauh cingzcik ronghsag.",海外侨胞是祖国的牵挂，是联通世界的重要桥梁，要发挥好侨胞侨眷的独特优势，不断增强中华儿女凝聚力，同心共创辉煌。,government_work_report,2117,za,zh
"Bi'gvaq doxdaeuj, cauhlaeb gozfangz caeuq doihbing aeundaej cingzcik youqgaenj, doihbing lwgminz youq ndaw fuengzre gaemhaed binghraq baijok le gij cozfungh ndei dingq Dangj cijveih、 doq hemq doq daengz、 gamj dawz rapnaek.",去年以来，国防和军队建设取得重要进展，人民军队在疫情防控中展示了听党指挥、闻令而动、勇挑重担的优良作风。,government_work_report,2118,za,zh
"Aeu haeujlaeg gvancez aen swhsiengj hawj doihbing bienq ak Siz Ginbingz, haeujlaeg gvancez aen canloz fuengcim ginhsw seizdaih moq, dingjmaenh doihbing aeu gangj cwngci、 baengh gaijgwz hawj doihbing bienq ak、 baengh gohgi hawj doihbing bienq ak、 baengh vunzcaiz hawj doihbing bienq ak、 ciuqfap guenj doihbing.",要深入贯彻习近平强军思想，深入贯彻新时代军事战略方针，坚持政治建军、改革强军、科技强军、人才强军、依法治军。,government_work_report,2119,za,zh
"Dingjmaenh Dangj baenzbaenz cungj aeu dazyinx doihbing lwgminz, dawzyiemz doeksaed aen cidu ginhveij cujsiz fucwz.",坚持党对人民军队的绝对领导，严格落实军委主席负责制。,government_work_report,2120,za,zh
"Cienzlig gyagiengz lienhbing bwh hoenx, giendingh henhoh gij cawjgienz、 ancienz、 leih'ik hwngfat guekgya.",全力加强练兵备战，坚定维护国家主权、安全、发展利益。,government_work_report,2121,za,zh
"Dwk ndei ciengz ciengq hoj gung doeksaed ""Cibsam Haj"" Gveihva cauhlaeb hwngfat doihbing, bienguh ""Cibseiq Haj"" Gveihva cauhlaeb doihbing.",打好军队建设发展“十三五”规划落实攻坚战，编制军队建设“十四五”规划。,government_work_report,2122,za,zh
"Gyalaeg gaijgwz gozfangz caeuq doihbing, hawj gij naengzlig baujcang houginz caeuq canghbei engq ak, doidoengh gozfangz gohgi cauhmoq hwngfat.",深化国防和军队改革，提高后勤和装备保障能力，推动国防科技创新发展。,government_work_report,2123,za,zh
"Laeb caezcienz aen dijhi gozfangz dungyenz, itcig hawj ginh cwng ginh minz doxgiet genq lumj rinranx.",完善国防动员体系，始终让军政军民团结坚如磐石。,government_work_report,2124,za,zh
"Raeuz aeu cienzmienh cinjdeng gvancez diuz fuengcim ""aen guek ndeu song cungj cidu""、 ""vunz Yanghgangj guenj Yanghgangj""、 ""vunz Aumwnz guenj Aumwnz""、 gauhdu swci, laebhwnj laebndei gij cidu faplwd caeuq gihci caephengz hawj daegbied hingzcwnggih henhoh guekgya ancienz, doeksaed gij yenci cwzyin dwzgih cwngfuj.",我们要全面准确贯彻“一国两制”、“港人治港”、“澳人治澳”、高度自治的方针，建立健全特别行政区维护国家安全的法律制度和执行机制，落实特区政府的宪制责任。,government_work_report,2125,za,zh
"Haeujcoengh Yanghgangj、 Aumwnz hwngfat ginghci、 gaijndei lwgminz gwndaenj, engq ndei yungz haeuj aen daihbuenz guekgya hwngfat bae, baujciz Yanghgangj、 Aumwnz ciengzgeiz mwnhoengh onjdingh.",支持港澳发展经济、改善民生，更好融入国家发展大局，保持香港、澳门长期繁荣稳定。,government_work_report,2126,za,zh
"Raeuz aeu dingjmaenh aen fuengcim cwngcwz hungnaek gij hong doiq Daizvanh, dingjmaenh gij yenzcwz aen Cungguek dog, youq gwnz giekdaej ""Gij Yawjfap Caezcaemh Goujngeih"" doidoengh song hamq gvanhaeh huzbingz hwngfat.",我们要坚持对台工作大政方针，坚持一个中国原则，在“九二共识”基础上推动两岸关系和平发展。,government_work_report,2127,za,zh
"Baenzbaenz cungj aeu fanjdoiq caeuq naenxhaed gij guhfap gauj faenmbek ""Daizduz"".",坚决反对和遏制“台独”分裂行径。,government_work_report,2128,za,zh
"Laeb caezcienz gij cidu anbaiz caeuq cwngcwz guhfap doidoengh song hamq gyaulouz gapguh、 gyalaeg song hamq yungzhab hwngfat、 baujcang beixnuengx Daizvanh vuenyungz, lienzhab gyoengq beixnuengx Daizvanh doengzcaez fanjdoiq ""Daizduz""、 coicaenh doengjit, raeuz itdingh ndaej hai ok aen daengzcog gyaeundei, minzcuz fukhwng ndaejbaenz.",完善促进两岸交流合作、深化两岸融合发展、保障台湾同胞福祉的制度安排和政策措施，团结广大台湾同胞共同反对“台独”、促进统一，我们一定能开创民族复兴的美好未来。,government_work_report,2129,za,zh
"Wngqdoiq daengx seiqgyaiq fatseng goekhux goenggungh veiswngh、 ginghci doek nyieg youqgaenj daengj doengh gij deuqnyex neix, gak guek hab dazfwngz baenaj.",应对公共卫生危机、经济严重衰退等全球性挑战，各国应携手共进。,government_work_report,2130,za,zh
"Cungguek yaek caeuq gak guek gyarengz gapguh fuengzre gaemhaed binghraq, coicaenh seiqgyaiq ginghci onjdingh, doicaenh daengx seiqgyaiq ceihleix, henhoh aen gozci dijhi aeu Lenzhozgoz guh cehsim caeuq aen gozci cizsi aeu gozcifaz guh giekdaej haenx, doidoengh cauhlaeb aen minghyinh caezcaemh vunzloih.",中国将同各国加强防疫合作，促进世界经济稳定，推进全球治理，维护以联合国为核心的国际体系和以国际法为基础的国际秩序，推动构建人类命运共同体。,government_work_report,2131,za,zh
"Cungguek giendingh mbouj bienq byaij diuz roen doxhuz hwngfat, youq ndaw gya'gvangq hailangh gyalaeg caeuq gak guek doxndei gapguh, Cungguek itcig dwg gij ligliengh youqgaenj coicaenh seiqgyaiq doxhuz onjdingh caeuq hwngfat mwnhoengh.",中国坚定不移走和平发展道路，在扩大开放中深化与各国友好合作，中国始终是促进世界和平稳定与发展繁荣的重要力量。,government_work_report,2132,za,zh
"Cunghvaz Minzcuz soqlaiz mbouj lau gannanz yungyiemj, gyoengq lwgminz Cungguek daihneix miz eiqceiq giendingh caeuq naengzlig dwkhingz sojmiz deuqnyex.",中华民族向来不畏艰难险阻，当代中国人民有战胜任何挑战的坚定意志和能力。,government_work_report,2133,za,zh
"Raeuz aeu engqgya gaenjmaed doxgiet youq seiqhenz aen Dangjcunghyangh aeu Siz Ginbingz dungzci guh cehsim, yaengx sang fan geiz hungmbwk yiengh sevei cujyi miz gij daegsaek Cungguek, aeu Aen Swhsiengj Sevei Cujyi Miz Gij Daegsaek Cungguek Seizdaih Moq Siz Ginbingz bae dazyinx, coh nanz roemx bae, daihdamj buekguh, cingjdaej suenqveh doicaenh fuengzre gaemhaed binghraq caeuq ginghci nem ndawbiengz hwngfat, roengzrengz guhbaenz gij moegbiu yinvu daengx bi, vih dawz guek raeuz cauhlaeb baenz aen guekak sevei cujyi yendaiva fouqgiengz、 minzcuj、 vwnzmingz、 doxhuz、 gyaeundei ndeu, vih saedyienh aen loqsiengj Cungguek —— Cunghvaz Minzcuz fukhwng hungmbwk buekguh mbouj dingz!",我们要更加紧密地团结在以习近平同志为核心的党中央周围，高举中国特色社会主义伟大旗帜，以习近平新时代中国特色社会主义思想为指导，迎难而上，锐意进取，统筹推进疫情防控和经济社会发展，努力完成全年目标任务，为把我国建设成为富强民主文明和谐美丽的社会主义现代化强国、实现中华民族伟大复兴的中国梦不懈奋斗！,government_work_report,2134,za,zh
Mwngz ndei!,你好！,textbook,2135,za,zh
Mwngz ndei! Mwngz heuh gijmaz coh?,你好！你叫什么名字？,textbook,2136,za,zh
Mwngz ndang ndei lwi?,你身体好吗？,textbook,2137,za,zh
Mbouj loek. Docih mwngz!,还不错。谢谢你！,textbook,2138,za,zh
Mboengqneix hong nyaengq lwi?,最近工作忙吗？,textbook,2139,za,zh
Mbouj nyaengq geijlai.,不怎么忙。,textbook,2140,za,zh
Mwngz daeuj mbanj dou geij baez la?,你来我们村几次了？,textbook,2141,za,zh
Gou daeuj baez daih'it.,我是第一次来。,textbook,2142,za,zh
Gou daeuj haujlai baez lo.,我来很多次了。,textbook,2143,za,zh
Mwngz nyinhnaeuz mbanj dou baenzlawzyiengh?,你觉得我们村怎么样？,textbook,2144,za,zh
"Gig gyaeundei, couhdwg liz yienhsingz gyae di, roen hix mbouj ndei byaij geijlai.",很漂亮，就是离县城远了点儿，路也不大好走。,textbook,2145,za,zh
Gwn haeux haet mboujcaengz ne?,吃饭早饭了吗？,textbook,2146,za,zh
Gwn haeux ringz mboujcaengz ne?,吃饭午饭了吗？,textbook,2147,za,zh
Gwn haeux caeuz mboujcaengz ne?,吃饭晚饭了吗？,textbook,2148,za,zh
Gwn gvaq lo. Mwngz ne?,吃过了。你呢？,textbook,2149,za,zh
Mboujcaengz ne.,还没有呢。,textbook,2150,za,zh
Mwngz yaek bae gizlawz?,你要去哪儿？,textbook,2151,za,zh
Gou yaek bae Namzningz.,我要去南宁。,textbook,2152,za,zh
Mwngz yaek bae geij ngoenz?,你要去几天？,textbook,2153,za,zh
Bae haj ngoenz.,去五天。,textbook,2154,za,zh
"Gou hix yaek bae Namzningz geij ngoenz, raeuz caemhloh.",我也要去南宁几天，咱们同路。,textbook,2155,za,zh
"Nanz lai mbouj raen lo, geij bi neix mwngz bae gizlawz la?",很久不见了，这几年你去哪儿啦？,textbook,2156,za,zh
Bae Guengjdoeng dajgoeng lo.,去广东打工了。,textbook,2157,za,zh
Neix vihlawz youh mbouj bae la?,现在为什么又不去了？,textbook,2158,za,zh
"Mbouj bae lo. Geij bi neix gou youq rog hag ndaej di gisuz, siengj dauqma mbanjranz gag guh.",不去了。这几年我在外面学了些技术，想回家乡自己干。,textbook,2159,za,zh
"Gag dang lauxbanj, mbouj loek ha!",自己当老板，不错啊！,textbook,2160,za,zh
Gou gag gaisau mbat he.,我自我介绍一下。,textbook,2161,za,zh
"Gou singq Veiz, heuhguh Veiz Haij. Ro:xnaj mwngz gou gig sim'angq.",我姓韦，叫韦海。很高兴认识您。,textbook,2162,za,zh
Gou hix gig sim'angq roxnaj mwngz.,我也很高兴认识您。,textbook,2163,za,zh
Neix dwg mingzben gou.,这是我的名片。,textbook,2164,za,zh
"Neix dwg yah gou, Vangz Lingz.",这是我的妻子，黄玲。,textbook,2165,za,zh
"Gou daeuj gaisau mbat he: Neix dwg Linz lauxbanj, neix dwg Cangh cujyin.",我来介绍一下：这是林老板，这是张主任。,textbook,2166,za,zh
Linz lauxbanj dwg vunz gizlawz?,林老板是哪里人？,textbook,2167,za,zh
Gou dwg vunz Dwzbauj.,我是德保人。,textbook,2168,za,zh
"O! Gou hix dwg vunz Dwzbauj, raeuz dwg laujyangh.",哦！我也是德保人，咱们是老乡。,textbook,2169,za,zh
Cangh cujyin youq gizlawz gunghcoz?,张主任在哪儿工作？,textbook,2170,za,zh
Cangh cujyin youq yen nungzyezgiz gunghcoz.,张主任在县衣业局工作。,textbook,2171,za,zh
Boux de dwg bouxlawz?,那位是谁？,textbook,2172,za,zh
"Doiq mbouj gvaq, mwngz dwg Vangz Gangh sienseng lwi?",对不起，您是王刚先生吗？,textbook,2173,za,zh
"Dwg ha, gou dwg Vangz Gangh.",是的，我是王刚。,textbook,2174,za,zh
"Mbouj dwg, gou mbouj dwg Vangz Gangh, gou dwg Danz Mingz.",不是，我不是王刚，我是谭明。,textbook,2175,za,zh
"Mwngz daj Bwzswz daeuj, dwg lwi?",您来自百色，对吗？,textbook,2176,za,zh
"Mbouj dwg, gou daj Hozciz daeuj.",不是，我来自河池。,textbook,2177,za,zh
Hozciz yienh lawz?,河池哪个县？,textbook,2178,za,zh
Dunghlanz Yen.,东兰县。,textbook,2179,za,zh
Dunghlanz dwg gwzming laujgih ne!,东兰是革命老区呢！,textbook,2180,za,zh
"Dwg vei! Dunghlanz dwg diegseng Veiz Bazginz dungzci, Dwng Siujbingz dungzci hix daeuj gvaq.",是啊！东兰是韦拔群同志的家乡，邓小平同志也来过。,textbook,2181,za,zh
Bouxlawz ha?,谁呀？,textbook,2182,za,zh
Dwg. Mwngz dwg byawz?,是的。你是谁？,textbook,2183,za,zh
Gou dwg yangh ganbu Cinz Veih.,我是乡干部覃辉。,textbook,2184,za,zh
"O! Cinz dungzci, cingj haeujranz.",哦！覃同志，请进来。,textbook,2185,za,zh
Cingj naengh.,请坐。,textbook,2186,za,zh
Cingj gwn caz.,请喝茶。,textbook,2187,za,zh
Docih mwngz.,谢谢您。,textbook,2188,za,zh
Gaej guhhek.,别客气。,textbook,2189,za,zh
Cingj cit ien.,请抽烟。,textbook,2190,za,zh
"Gaiq bae ndei ha! Gou hix gaiq gvaq geij baez, couhdwg gaiq mbouj ndaej.",戒了好啊！我也戒了几次，就是戒不成。,textbook,2191,za,zh
Ranz sou miz geij boux vunz?,您家有几口人？,textbook,2192,za,zh
Haj boux: Meh gou、yah gou、daeglwg、dahlwg caeuq gou.,五口：我母亲、我妻子、一个儿子、一个女儿和我。,textbook,2193,za,zh
Bouxlaux geijlai bi la?,老人家多大年纪了？,textbook,2194,za,zh
Caet cib haj bi lo.,七十五岁了。,textbook,2195,za,zh
Ndang de lij ndei lwi?,她身体还好吧？,textbook,2196,za,zh
Ranz sou reih naz lai lwi?,你们家田地多吗？,textbook,2197,za,zh
"Mbouj suenq lai law. Reih bet moux, naz roek rnoux.",不算多。旱地八亩，水田六亩。,textbook,2198,za,zh
"Cawz ndaem haeuxnaz、haeuxyangz, lij ndaem oij、duhdoem、maenz caeuq maenzfaex dem.",除了种水稻、玉米，还种了甘庶、花生、红薯和木薯。,textbook,2199,za,zh
Ciengx miz duz maz lwi?,养有什么吗？,textbook,2200,za,zh
"Ciengx vei! Ciengx miz ngeih cib lai duz gaeq, sam cib lai duz bit, hix ciengx miz cib lai duz mou, lij ciengx miz daemz bya dem.",养啊！养了二十多只鸡，三十多只鸭，也养了十几头猪，还养了一池塘的鱼。,textbook,2201,za,zh
Souhaeuj baenzlawzyiengh?,收入怎么样？,textbook,2202,za,zh
Gvaq ndaej bae lo.,还行。,textbook,2203,za,zh
"Seizgan mbouj caeux lo, gou dauqbae lo.",时间不早了，我告辞了。,textbook,2204,za,zh
Ndei bae.,好走。,textbook,2205,za,zh
"Daegcungh, haemhneix mwngz ndaej hoengq lwi?",阿忠，今天晚上你有空吗？,textbook,2206,za,zh
Ndaej hoengq. Miz maz saeh ne?,有空。有什么事呢？,textbook,2207,za,zh
Gou caeuq Dahyingh siengj cingj mwngz caez bae yawj denyingj.,我和阿英想请你一起去看电影。,textbook,2208,za,zh
Gijmaz yingjben?,什么影片？,textbook,2209,za,zh
《Lajmbwn Fouz Caeg》.,《天下无贼》。,textbook,2210,za,zh
"O, gou yawj gvaq lo, sou gag bae yawj ba!",哦，我看过了，你们自己去看吧！,textbook,2211,za,zh
"Ngoenzcog dou bae haw, mwngz bae lwi?",明天我们赶集，你去吗？,textbook,2212,za,zh
Ndei ha! Gou cingq siengj ra vunz caez bae ne!,好啊！我正想找人一起去呢！,textbook,2213,za,zh
"Gou dauq siengj bae, couhdwg dahlwg mbouj miz vunz daiq.",我倒是想去，就是女儿没有人带。,textbook,2214,za,zh
Mwngz daiq bae mbouj ndaej ha?,你带去不行吗？,textbook,2215,za,zh
Haemhcog mwngz ndaej hoengq lwi? Gou siengj cingj mwngz daeuj ranz gou gwn caeuz.,明天晚上你有空吗？我想请你到我家吃晚饭。,textbook,2216,za,zh
Ndei ha! Miz maz saeh ndei?,好啊！有什么喜事？,textbook,2217,za,zh
"Caiq heuh song boux daeuj caez gwn geij cenj laeuj ba! Gou gizneix miz song bingz laeuj ndei, haemhcog gou dawz bae.",再叫上两个一起喝儿杯酒吧！我这里有两瓶好酒，明天晚上我带去。,textbook,2218,za,zh
"Ndei, couh yienghneix gonq.",行，那就先这样。,textbook,2219,za,zh
"Dingqnaeuz mboengqneix sou gizneix miz hawfwen, dwg lwi?",听说你们这里有歌 ，是吗？,textbook,2220,za,zh
Dwg vei! Mwngz siengj bae yawj lwi?,是啊！你想去看吗？,textbook,2221,za,zh
Siengj ha! Danghnaeuz ndaej caenda raen baez he couh ndei lo.,想啊！如果能亲眼见到一次就好了。,textbook,2222,za,zh
"Mbouj miz vwndiz. Moix bi samnyied cosam, youq gwnz bo henz mbanj dou couh miz aen hawfwen he. Caiq gvaq haj ngoenz couh daengz cietfwen lo, gou daiq mwngz bae yawjyawj.",没有问题。每年三月初三，在我们村边的山坡上就有一个歌坛再过五天就到歌节了，我带你去看看。,textbook,2223,za,zh
Yienghneix couh ndei lai lo! Daengz seiz gou dawz causienggih、luzyinhgih caeuq luzsienggih bae.,那就太好了！到时候我带照相机、录音机和录像机去。,textbook,2224,za,zh
"Ndei, daengz seiz raeuz caiq raen.",好，到时候咱们再见。,textbook,2225,za,zh
Gij neix dwg gijmaz?,这些是什么？,textbook,2226,za,zh
Gij neix dwg makbug.,这些是柚子。,textbook,2227,za,zh
Gij haenx dwg gijmaz?,那些是什么？,textbook,2228,za,zh
Gij haenx dwg makmanghgoj.,那些是芒果。,textbook,2229,za,zh
Gaen song maenz.,两元1斤。,textbook,2230,za,zh
Mwngz yaek cawx geijlai?,你要买多少？,textbook,2231,za,zh
Gou cawx sam gaen.,我要买3斤。,textbook,2232,za,zh
Gwnz daiz miz gijmaz doxgaiq?,桌子上有什么东西？,textbook,2233,za,zh
Miz aen souhluzgih caeuq aen densigih he.,有一台收录机和一台电视机。,textbook,2234,za,zh
"Geu buh neix ndeiyawj raixcaix, dwg huq gizlawz?",这件衣服真漂亮，是哪里的产品？,textbook,2235,za,zh
"Dwg huq Sanghaij,",是上海的产品。,textbook,2236,za,zh
Gij neix dwg duh bouxlawz?,这些是谁的？,textbook,2237,za,zh
Gou mbouj rox.,我不知道。,textbook,2238,za,zh
Dwg duh gou.,是我的。,textbook,2239,za,zh
Gyaq mohdozceh neix dwg duh mwngz lwi?,这辆摩托车是你的吗？,textbook,2240,za,zh
"Mbouj dwg, dwg duh Daegvaz.",不是，是阿华的。,textbook,2241,za,zh
"Dwg, bi'gvaq ngamq cawx.",是，去年刚买的。,textbook,2242,za,zh
Ndaw daeh miz gijmaz?,袋子里有什么东西？,textbook,2243,za,zh
Buh caeuq haiz.,衣服和鞋子。,textbook,2244,za,zh
Go faex hung naj mbanj dwg faex gijmaz?,村子前面那棵大树是什么树？,textbook,2245,za,zh
Dwg faexrungz.,是大叶格树。,textbook,2246,za,zh
Mwngz ciq bonj saw haenx hawj gou yawjyawj ndaej lwi?,你借那本书给我看看可以吗？,textbook,2247,za,zh
"Ndaej, dawz bae ba.",行，拿去吧。,textbook,2248,za,zh
Cungj mak neix gwn ndaej lwi?,这种果子能吃吗？,textbook,2249,za,zh
Gwn ndaej.,能吃。,textbook,2250,za,zh
Gwn mbouj ndaej.,不能吃。,textbook,2251,za,zh
"Aen cungdaeuz miz roek cib faen cung, faen cung miz roek cib miux.",一个小时有六十分钟，一分钟有六十秒。,textbook,2252,za,zh
"Doiq mbouj gvaq, seizneix geij diemj cung la?",对不起，现在几点了？,textbook,2253,za,zh
Cib diemj cingq.,十点整。,textbook,2254,za,zh
Hojceh geij diemj hai?,火车几点开？,textbook,2255,za,zh
Sam diemj lingz haj faen hai.,三点零五分开。,textbook,2256,za,zh
Sam aen buenq cungdaeuz baedauq.,三个半小时左右。,textbook,2257,za,zh
"Gou gyanghaet bet diemj hwnjban, banhaemh roek diemj roengzban.",我上午八点上班，傍晚六点下班。,textbook,2258,za,zh
"Gou gyangngoenz yietnaiq, gyanghaemh hwnjban.",我白天休息，晚上上班。,textbook,2259,za,zh
Soujbiuj mwngz geij diemj la?,您的表几点了？,textbook,2260,za,zh
Caiq gvaq cib sam faencung couh daengz banringzgvaq song diemj.,再过十三分就到下午两点。,textbook,2261,za,zh
Soujbiuj gou vaiq sam cib miux.,我的表快三十秒。,textbook,2262,za,zh
Soujbiuj gou menh sam cib miux.,我的表慢三十秒。,textbook,2263,za,zh
Seizneix dwg banringz cib ngeih diemj.,现在是中午十二点。,textbook,2264,za,zh
Gou caeuq de dingh banringzgvaq song diemj cung bae haw.,我和他约定，下午两点钟上街。,textbook,2265,za,zh
"Banringz baez gvaq vunz haw couh sang lo, sou lij bae guh maz?",中午一过，集市上的人就散了，你们还去干什么？,textbook,2266,za,zh
Haemhlwenz gou cib it diemj lai cij ma daengz ranz.,昨天晚上我十一点多才回到家。,textbook,2267,za,zh
Haemhlwenz roengz fwn lwi?,昨天夜里下雨吗？,textbook,2268,za,zh
De haemhhaemh yawj saw daengz gyanghwnz bae.,他每天晚上都看书到深夜。,textbook,2269,za,zh
"Mwngz naeuz cib diemj cung daeuj, vihlawz seizneix daengz cib ngeih diemj lij caengz daeuj ne?",你说十点钟来，现在都十二点钟了，怎么还没来？,textbook,2270,za,zh
"Gou caj cib lai faen cung mbouj raen de daeuj, couh dauqma lo.",我等了十几分钟不见他来，就回来了。,textbook,2271,za,zh
Mwngz caiq caj gou yaep he ndaej lwi?,你能再等我一会儿吗？,textbook,2272,za,zh
"Gaxgonq raeuz gwn mbouj imq daenj mbouj raeuj, seizneix gwn daenj cungj mbouj you, ngoenzlaeng saedceij itdingh lij engq ndei le!",从前咱们吃不饱穿不暖，现在吃穿都不愁，将来日子一定还会更好呢！,textbook,2273,za,zh
Gvaq geij ngoenz dem couh daengz nguxnyied co'ngux lo.,再过几天就到端午节了。,textbook,2274,za,zh
Ngoenzneix singhgiz geij?,今天星期几？,textbook,2275,za,zh
Ngoenzneix singhgiz it.,今天星期一。,textbook,2276,za,zh
Singhgiz ngeih caeuq singhgiz haj gou mbouj youq ranz.,星期二和星期五我不在家。,textbook,2277,za,zh
Ngoenzneix geij hauh?,今天几号？,textbook,2278,za,zh
Ngoenzneix dwg cib seiq hauh.,今天是14号。,textbook,2279,za,zh
Ngoenzneix co geij?,今天初几？,textbook,2280,za,zh
Ngoenzneix cobet.,今天初八。,textbook,2281,za,zh
"Ngoenzcog samnyied cosam, dwg cietfwen Bouxcuengh.",明天三月初三，是壮族歌节。,textbook,2282,za,zh
Ndwen neix dwg ndwen geij liggaeuq?,这个月是阴历几月？,textbook,2283,za,zh
"Ndwen neix dwg ndwensam liggaeuq, ligmoq dwg ndwenseiq.",这个月是阴历三月，阳历是四月。,textbook,2284,za,zh
Ndwen neix miz geijlai ngoenz?,这个月有多少夭？,textbook,2285,za,zh
Ndwen neix miz sam cib it ngoenz.,这个月有31天。,textbook,2286,za,zh
Ngoenz lawz dwg ngoenzseng mwngz?,你的生日是哪一天？,textbook,2287,za,zh
Cangh sienseng seizlawz daeuj daengz Narnzningz?,张先生什么时候到南宁的？,textbook,2288,za,zh
Gou sam nyied ngeih cib sam hauh daeuj daengz.,我是3月23日来的。,textbook,2289,za,zh
Mwngz yaek youq Namzningz geij ngoenz?,您要在南宁待儿天？,textbook,2290,za,zh
Gou yaek youq roek ngoenz.,我要待6天。,textbook,2291,za,zh
Ndwen laeng cib haj hauh gou yaek bae Baekging.,下个月15日我要去北京。,textbook,2292,za,zh
"Bineix dwg bi'nyinh, nyinh ndwensam.",今天是闰年，闰三月。,textbook,2293,za,zh
"Doiq mbouj gvaq, hojcehcan baenzlawz byaij?",对不起，火车站怎么走？,textbook,2294,za,zh
"Doiq mbouj gvaq, gou hix ngamq daeuj gizneix, cingj mwngz cam bouxwnq ba.",对不起，我也是刚到这里，请您间别人吧。,textbook,2295,za,zh
Bwzho dalouz liz gizneix gyae lwi?,百货大楼离这儿远吗？,textbook,2296,za,zh
"Mbouj gyae, mwngz byaij bae naj haj bak mij baedauq couh daengz lo.",不远，您往前走500米左右就到了。,textbook,2297,za,zh
"Gyae raixcaix, mwngz ceiq ndei naengh ci bae.",很远，您最好坐车去。,textbook,2298,za,zh
Daj gizneix daengz cunhveijvei miz geijlai gyae?,从这里到村委会有多远？,textbook,2299,za,zh
Miz song leix lai roen.,有两里多路。,textbook,2300,za,zh
Daj mbanj sou byaij bae daengz haw aeu geijlai nanz?,从你们村走到集市要多久？,textbook,2301,za,zh
Aeu buenq diemj cungdaeuz baedauq.,要半个钟头左右。,textbook,2302,za,zh
Miz banci bae lwi?,有班车去吗？,textbook,2303,za,zh
"Mbouj rniz, cij miz cisamloek.",没有，只有二轮车。,textbook,2304,za,zh
Naengh cisamloek bae aeu geij maenz ngaenz?,坐三轮车去要儿元钱？,textbook,2305,za,zh
"Mbouj lai, boux sam maenz.",不多，一人三元。,textbook,2306,za,zh
Mwngz rox ranz Vangz lauxsae youq gizlawz lwi?,您知道黄老师家在哪里吗？,textbook,2307,za,zh
Rox veil Couhdwg baihhaenx aen ranz daihsam.,知道啊！就是那边第三座房子。,textbook,2308,za,zh
Docih mwngz lo.,谢谢您了。,textbook,2309,za,zh
"Doiq mbouj gvaq, bae dungvuzyenz yaek naengh loh ci lawz?",对不起，去动物园要坐哪一路车？,textbook,2310,za,zh
"Naengh seiq loh gunghgung giceh hix ndaej, cib roek loh gunghgung giceh hix ndaej.",坐四路公共汽车也行，十六路公共汽车也行。,textbook,2311,za,zh
Naengh seiq loh gunghgung giceh miz geij camh?,坐四路公共汽车有几站？,textbook,2312,za,zh
Sam camh. Daengz camh le swhgih couh naeuz mwngz nyi.,三站。到了站司机会告诉您的。,textbook,2313,za,zh
Docih mwngz lo.,谢谢您了。,textbook,2314,za,zh
Mbouj yungh.,不用谢。,textbook,2315,za,zh
Mwngz cai duz mou neix miz geijlai gaen?,你猜这头猪有多少斤？,textbook,2316,za,zh
Miz saek song bak gaen naek.,大概有200斤重。,textbook,2317,za,zh
Bineix haeux ranz sou soucingz baenzlawzyiengh?,今年你们家粮食收成怎么样？,textbook,2318,za,zh
Bineix haeux beij bi'gvaq demsou song cingz.,今年粮食比去年增收两成。,textbook,2319,za,zh
Mbanj sou miz geijlai vunz?,你们村有多少人？,textbook,2320,za,zh
Miz haj roek bak vunz.,有五六百人。,textbook,2321,za,zh
Mbanj dou vunz beij mbanj sou lai sam boix.,我们村人口比你们村多3倍。,textbook,2322,za,zh
Ndaw yangh sou Bouxcuengh lai lwi?,你们乡的壮族多吗？,textbook,2323,za,zh
Ndaw yangh dou Bouxcuengh ciemq bak faenh cih bet cib haj.,我们乡的壮族占85%。,textbook,2324,za,zh
Mwngz daeuj Namzningz geij baez la?,你来南宁几次了？,textbook,2325,za,zh
Baez neix dwg baez daih'it.,这次是第一次。,textbook,2326,za,zh
De dwg bouxlawz?,他是谁？,textbook,2327,za,zh
De dwg ausam gou.,他是我三叔。,textbook,2328,za,zh
"Mbouj lai, cien lai maenz.",不多，1000多元。,textbook,2329,za,zh
"Seiq haj cungj. Mbangj dwg golaehcei, mbangj dwg go'nganx, mbangj dwg go'manghgoj, lijmiz mbangj dwg gogam caeuq gomaknam.",四五种。有的是荔枝树，有的是龙眼树，有的是芒果树，还有的是村橘树和木疲萝树。,textbook,2330,za,zh
Ranz sou gungh ndaem miz geijlai go faexmak?,你们家一共种了多少棵果树？,textbook,2331,za,zh
Sam cien lai go.,3000多棵。,textbook,2332,za,zh
Gij mak sou cujyau gai bae gizlawz?,你们的水果主要往哪里销售？,textbook,2333,za,zh
"Sam faenh cih ngeih gai bae dieg wnq, sam faenh cih it gai youq bonjdeih.",三分之二销往外地，三分之一在本地销售。,textbook,2334,za,zh
"Gou raen ndaw suenmak sou ciengx miz gaeq, gungh miz geijlai duz?",我看见你们果园里养有鸡，一共有多少只鸡？,textbook,2335,za,zh
"Seizneix gaeq suenmak gig ndei gai, gou raen vunz ciengx canh cienz, gou hix sawq ciengx le roek bak lai duz.",现在果园鸡很好卖，我看见人家养了赚钱，我也试着养了600多只。,textbook,2336,za,zh
"Caen mbouj loek. Ndaem mak youh ciengx gaeq, bi souhaeuj miz geijlai?",真不错。种果树又养鸡，一年收入有多少？,textbook,2337,za,zh
"Cawzok cingzbonj, miz seiq haj fanh maenz1",除去成本，有四五万元。,textbook,2338,za,zh
Mwngz daeuj neix ra bouxlawz?,你来这里找谁？,textbook,2339,za,zh
"Dingqnaeuz mbanj sou miz boux canghyw ndeu rox yw sieng, singq Buen.",听说你们村有一个医师会治伤，姓潘。,textbook,2340,za,zh
Miz boux vunz neix.,有这个人。,textbook,2341,za,zh
Mwngz daiq gou bae ra de ndei lwi?,你带我去找他好吗？,textbook,2342,za,zh
Mbouj yungh. Haeuj gyaeuj mbanj ranz daihsam couh dwg ranz de.,不必。进村头第三家就是他家。,textbook,2343,za,zh
O! Neix gou gag haeuj mbanj bae.,哦！那我就自己进村去。,textbook,2344,za,zh
Lwgnyez ha! Goeng Buen canghyw youq ranz lwi?,孩子呀！医师潘公在家吗？,textbook,2345,za,zh
Daxgoeng gou mbouj youq ranz.,我爷爷不在家。,textbook,2346,za,zh
De bae gizlawz ne?,他去哪里呢？,textbook,2347,za,zh
De hwnj bya gip yw.,他上山捡草药。,textbook,2348,za,zh
Yo! Gou cix bae lawz ra de?,哟！我该到哪里找他？,textbook,2349,za,zh
Mwngz miz maz saeh gaenj ra de?,你有什么急事找他？,textbook,2350,za,zh
Mbanj dou miz vunz ga raek. Cingj daxgoeng mwngz bae ciep ndok.,我们村有人腿断。请你爷爷去接骨。,textbook,2351,za,zh
Neix raeuz caez haeuj bya ra de.,这样我们就一齐进山找他。,textbook,2352,za,zh
"Ndaw bya baenzneix gvangq, raeuz bae gizlawz ra?",山里这么大，我们去哪里找？,textbook,2353,za,zh
Goeng youq raeb bya baih de miz suen yw.,老爷子在山那一侧有药圃。,textbook,2354,za,zh
Neix raeuz couh vaiq di bae.,那我们就快点去。,textbook,2355,za,zh
"Mbouj yungh simgip, loh gyawj le.",不要急，路近着咧。,textbook,2356,za,zh
Hoeng gouq vunz youqgaenj.,但是救人要紧。,textbook,2357,za,zh
Mwngz rox loh lwi?,你认得路吗？,textbook,2358,za,zh
Gou sug loh.,我熟路。,textbook,2359,za,zh
Yienghneix couh cingj mwngz daiq lob.,那就请你带路。,textbook,2360,za,zh
"Daiq di raemx, raeuz couh bae.",带一些水，我们就走。,textbook,2361,za,zh
Sou gangj vah maz? Gou dingq miz di sug.,你们说什么话？我听着有些熟。,textbook,2362,za,zh
Dou gangj Vahcuengh.,我们说壮语。,textbook,2363,za,zh
Vahcuengh caeuq Vahdaigoz miz di doxgyawj.,壮语跟泰语有些接近。,textbook,2364,za,zh
Mwngz rox gangj vah maz?,你会说些什么话？,textbook,2365,za,zh
"Gou rox Vahdaigoz, rox di Vahyeznanz, hix rox Yingh-yij.",我会泰语，会一些越南语，也会英语。,textbook,2366,za,zh
Mwngz vunz gizlawz?,你哪里人？,textbook,2367,za,zh
Gou vunz Daigoz.,我是泰国人。,textbook,2368,za,zh
Mwngz gangj Vahgun hix mbouj loek ne!,你汉语说得也不错呢！,textbook,2369,za,zh
Ndaej mwngz haenh gou angq raixcaix.,得到你的赞扬我非常高兴。,textbook,2370,za,zh
Bouxcuengh bingzseiz gangj vah maz?,壮族平时说些什么语言？,textbook,2371,za,zh
Youq ranz gangj Vahcuengh lai. Ok rog yawj vunz gangj vah.,在家多说壮语，外出看人说话。,textbook,2372,za,zh
Raen maz vunz couh gangj maz vah.,见什么人就说什么话。,textbook,2373,za,zh
Mbouj loek.,不错。,textbook,2374,za,zh
Vahcuengh ndei hag lwi?,壮语容易学吗？,textbook,2375,za,zh
"Mwngz rox Vahgun caeuq Vahdaigoz, caiq hag Vahcuengh wngdang yungzheih.",你会汉语和泰语，再学壮语应当容易。,textbook,2376,za,zh
"Miz saw baenzlawz hag Vahcuengh, langh yaek hag hix miz lauxsae son.",有关于怎样学壮语的书，若要学也有老师教。,textbook,2377,za,zh
Gizlawz miz vunz son?,哪里有人教？,textbook,2378,za,zh
Gvangjsih Minzcuz Dayoz couh miz lauxsae Vahcuengh.,广西民族大学就有壮语老师。,textbook,2379,za,zh
"Bineix fwnraemx yinz, haeux baenz lwi?",今年降雨均匀，庄稼好吗？,textbook,2380,za,zh
"Haeux mbouj daih ndei, non lai.",庄稼不太好，虫太多。,textbook,2381,za,zh
"Cawz ndaem haeux le, sou lij ndaem maz dem?",除了种稻，你们还种什么？,textbook,2382,za,zh
"Ndaem byaek, ndaem mak.",种菜，种果。,textbook,2383,za,zh
Miz maz byaek lai?,都有些什么菜？,textbook,2384,za,zh
"Byaekheu、lwgduh、gak cungj gva, lai lo.",青菜、豆类、各种瓜类，多啦。,textbook,2385,za,zh
Gij byaek neix ndaem daeuj gwn rox gai?,这些菜种来吃或卖？,textbook,2386,za,zh
"Gwn mbouj liux, gai mbangj.",吃不完，卖一部分。,textbook,2387,za,zh
Sou ndaem haeuxyangz lwi?,你们种玉米吗？,textbook,2388,za,zh
"Dou reih lai, ndaem haeuxyangz、lwgbiek、duhhenj mbouj siuj.",我们地多，种玉米、苹头、黄豆不少。,textbook,2389,za,zh
Haeuxyangz aeu ma gwn rox ciengx mou?,玉米拿来吃或是喂猪？,textbook,2390,za,zh
Gueng rnou lai. Hix gai mbangj.,喂猪多些。也卖一部分。,textbook,2391,za,zh
Sou miz maz lwgmak?,你们有什么水果？,textbook,2392,za,zh
"Mbanj dou miz makgam、makdoengj, mbouj siuj vunz lij ndaem maknganx.",我村子里有相果、橙果，不少人还种有龙眼。,textbook,2393,za,zh
Lwgmak ndei gai lwi?,水果好卖吗？,textbook,2394,za,zh
Ndei gai. Geijlai cungj gai ndaej ok fwngz.,好卖。多少都能卖出手。,textbook,2395,za,zh
Aen daemz neix ndaem miz go'mbu?,这个塘种有莲藕？,textbook,2396,za,zh
"Ndaem ngaeux, hix ciengx di bya.",种藕，也养一些鱼。,textbook,2397,za,zh
Gou siengj ra di ceh haeuxsuen.,我想找一些梗稻种。,textbook,2398,za,zh
Nanz lo. Gou dauq miz di ceh haeuxcid.,难啦。我倒有些糯稻种。,textbook,2399,za,zh
"Bi'gvaq ndaem hing gig ndei gai, bineix lij ndaem lwi?",去年种姜好卖极了，今年还种吗？,textbook,2400,za,zh
"Haeux gai mbouj bae lij ce ndaej, byaek gai mbouj bae cix beg vaih rengz.",粮食卖不掉还能留，菜卖不掉就白费力气。,textbook,2401,za,zh
"Cieng yaek daengz lo, miz maz dajsuenq?",春节快到了，有什么打算？,textbook,2402,za,zh
Gvaq cieng couh siengj bae youz.,过春节就想去玩。,textbook,2403,za,zh
Siengj bae gizlawz?,想去哪里？,textbook,2404,za,zh
Bae Gveilinz.,去桂林。,textbook,2405,za,zh
Ndwencieng Gveilinz ndei mbouj ndei youz?,桂林春节好不好玩？,textbook,2406,za,zh
Yawj mwngz guh lawz youz lo. Bin bya haeuj gamj couh miz yinx lo.,看你怎么玩啦。爬山游涧就有趣啦。,textbook,2407,za,zh
Bouxcuengh bi miz maz ciet hung?,壮族一年有什么大节日？,textbook,2408,za,zh
Haemhndaep、gvaq cieng、samnyied cosam、caetnyied cibseiq.,除夕、春节、三月三、七月十四。,textbook,2409,za,zh
"Haemhndaep caeuq cieng loengh lungz loengh saeceij, samnyied cosam sauq moh, caetnyied cibseiq cuengq cojcoeng gingq bouxcoj.",除夕与春节舞龙舞狮，三月三扫墓，七月十四祭祖先。,textbook,2410,za,zh
"Cawz ciet hung le, miz ciet iq dem lwi?",除了大节日，还有小节日吗？,textbook,2411,za,zh
Ciet iq ndwenndwen miz.,小节日月月都有。,textbook,2412,za,zh
"Lwnh gou nyi, miz maz ciet raeuh.",告诉我，都有些什么节。,textbook,2413,za,zh
"Cieng cib'it ciet laeujdaeng, ngeihnyied co'ngeih ciet six, seiqnyied cobet ciet vaiz, loegnyied coloeg ciet cimz moq, ciet lai lo.",正月十一花灯节，二月初二是春社，四月初八是牛王节，六月初六是尝新节，节日多啦。,textbook,2414,za,zh
Va! Sou gvaq ciet itdingh miz mbouj siuj gijgwn ndei lo.,哗！你们过节一定有不少好食物了。,textbook,2415,za,zh
"Boux guh hong baengh ciet guh angq, lai noix cungj miz di.",干活的人靠节庆作乐，多少都有一些。,textbook,2416,za,zh
Aen ciet lawz lai nauhnyied?,哪个节日比较热闹？,textbook,2417,za,zh
Ndwencieng caeuq samnyied cosam.,春节与三月三。,textbook,2418,za,zh
Doiq fwen. Dieg dou beksingq gyaez youq song ciet neix doiq fwen.,对唱山歌。我们地方的百姓喜欢在这两个节日里对歌。,textbook,2419,za,zh
Mwngz rox guh fwen lwi?,你会唱山歌吗？,textbook,2420,za,zh
"Coenz fwen youq laj linx, baez boekbinq couh baenz. Guh fwen mizyinx lo!",歌旬在舌下，一翻转即行。唱山歌有趣啦！,textbook,2421,za,zh
Banlawz mwngz daiq gou bae ranz mwngz gvaq ciet vei?,什么时候你带我去你家过节？,textbook,2422,za,zh
Mwngz gyaez geijseiz bae cungj ndaej!,你喜欢什么时候去都行！,textbook,2423,za,zh
Beksingq gangj gwn daih'it. Bouxcuengh gwn miz maz daegsaek?,百姓以饮食为第一。壮族在吃的方面有什么特色？,textbook,2424,za,zh
Bouxcuengh gyaez gwn ceuj、gwn soemj、gwn manh、gwn cab.,壮族喜欢吃炒食、吃酸品、吃辣、吃杂味。,textbook,2425,za,zh
Bingzseiz gwn gijmaz lai?,平时都吃些什么？,textbook,2426,za,zh
Haeux dwg haet souh haemh hawq.,饭食方面是早喝粥晚吃饭。,textbook,2427,za,zh
Byaek ne?,菜肴呢？,textbook,2428,za,zh
"Gwn byaekheu, gak cungj lwgduh、lwggva、daeuhfouh, lijmiz bya caeuq noh lo.",吃青菜，各种豆类、瓜类、豆腐，还有鱼和肉啦。,textbook,2429,za,zh
Miz maz byaekheu lai?,主要有哪些青菜？,textbook,2430,za,zh
Byaekmbungj、byaekgat、byaekhau、doengzhau、byaekroem、byaekmiek,雍菜、齐菜、白菜、茼嵩、览菜、苦荚菜等等。,textbook,2431,za,zh
Gva ne?,瓜类呢？,textbook,2432,za,zh
"Miz lwgbieng、lwghaemz、lwgfaeg、lwggwz、lwggyoh、 lwggve、lwggva, lai lo.",有黄瓜、苦瓜、冬瓜、茄子、郁瓜、丝瓜、南瓜，多啦。,textbook,2433,za,zh
Sou gwn rangz lwi?,你们吃笋吗？,textbook,2434,za,zh
Gwn. Ciengzseiz gwn.,吃。经常吃。,textbook,2435,za,zh
Baenzlawz gwn?,怎么吃？,textbook,2436,za,zh
"Gwn singjsien, iep soemj, hix gwn rangz rengj.",鲜吃，腌酸，也吃干笋。,textbook,2437,za,zh
Rangz soemj baenzlawz gwn?,酸笋怎么吃？,textbook,2438,za,zh
"Gwnfap lai lo. Rangz soemj ceuj nohvaiz、ceuj nohgaeq、gug bya、caeuq gyaeuj byaloz hai dang, gig miz mmgz.",吃法多啦c酸笋炒牛肉、炒鸡肉、炯鱼、和胪鱼头一起煮汤，极有名气。,textbook,2439,za,zh
"Ndwencieng suek faengx, cosam guh haeuxnaengj, cibseiq guh et, betnyied cibngux guh ceizbyaek. Ciet lawz cungj miz gijgwn ndei.",春节做粽子，三月三做五色糯米饭，七月十四做蕉叶粒耙，八月十五做菜馈。哪个节日都有好食物。,textbook,2440,za,zh
Miz laeuj lwi?,有酒吗？,textbook,2441,za,zh
Miz lai lo. Laeujhaeux、laeujoij、laeujlwgmaenz、 laeujmakit、laeuj lwgnim.,多啦。米酒、甘庶酒、红薯酒、葡萄酒、桃金娘酒等等。,textbook,2442,za,zh
Bingzseiz gwn laeuj get rox laeuj cit?,平时喝烈酒还是淡酒？,textbook,2443,za,zh
Yawj gak boux gauhingq. Get cit cungj miz vunz gyaez.,看各人喜好了。烈酒淡酒都有人喜欢。,textbook,2444,za,zh
Haeuj daiz haeuj daiz. Youq henz daiz doq gwn doq gangj.,请人座。在桌边一面吃一面聊。,textbook,2445,za,zh
"Gou gwn imq lo, sou menh gwn nw!",我吃饱了，你们慢吃吧！,textbook,2446,za,zh
Ranz mwngz youq gizlawz?,你家在哪里？,textbook,2447,za,zh
Ranz gou youq Liujcouh.,我家在柳州。,textbook,2448,za,zh
Youq gyanghaw rox lajmbanj?,在市内或乡下？,textbook,2449,za,zh
Youq henz haw.,在市郊。,textbook,2450,za,zh
Ndaw ranz miz maz vunz?,家里有些什么人？,textbook,2451,za,zh
"Bohmeh, dou song gvanbaz, doiq lwg dem.",父母亲，我们夫妇俩，还有一对孩子。,textbook,2452,za,zh
Bohmeh nienzgeij laux lwi?,父母年岁大吗？,textbook,2453,za,zh
Lwgnyez dwg sau rox mbauq?,孩子是姑娘还是男儿？,textbook,2454,za,zh
"Doiq lwgmbwk so, ngseng ndeu.",一对双胞胎女儿。,textbook,2455,za,zh
Geijlai hung la?,多大了？,textbook,2456,za,zh
Haj hop lo.,五岁啦。,textbook,2457,za,zh
Dingq gangjvah mwngz liz gou mbouj gyae. Mwngz vunz dieg lawz?,听你口音离我不远。你何处人？,textbook,2458,za,zh
Gou vunz Laizbinh.,我来宾人。,textbook,2459,za,zh
Gvaiq ndaej! Raeuz saed gyawj le.,难怪！我们实在很近啦。,textbook,2460,za,zh
"Mwngz baenzneix coz, baenzgya caengz?",你这么年轻，成家了没有？,textbook,2461,za,zh
"Gou bineix sam cib ngeih, baenzgya ndaej haj bi lo.",我今年32岁，成家五年了。,textbook,2462,za,zh
Miz lwgnyez caengz?,有小孩了吗？,textbook,2463,za,zh
Miz daeg lwgsai sam hop lo.,有一个男孩3岁了。,textbook,2464,za,zh
Meh de guh maz hong?,小孩的母亲做什么工作？,textbook,2465,za,zh
Baz gou guh canghyw.,我妻子当医师。,textbook,2466,za,zh
Mwngz dwg vunz miz fuk!,你是有福气的人！,textbook,2467,za,zh
Mwngz hix gvaq ndaej mbouj loek.,你也过得不错。,textbook,2468,za,zh
"Mwngz nienzgeij coz, neix beij gijmaz cungj giengz!",你年纪轻，这比什么都强！,textbook,2469,za,zh
Gyo mwngz vah ndei.,谢谢你的吉言。,textbook,2470,za,zh
Dingq sing mwngz mbouj dwg vunz bonjdeih.,听口音您不是本地人。,textbook,2471,za,zh
Gou caen mbouj dwg vunz gizneix.,我真的不是这里人。,textbook,2472,za,zh
Mwngz vunz gizlawz?,您哪里人？,textbook,2473,za,zh
Gou vunz Guengjdoeng.,我是广东人。,textbook,2474,za,zh
Yo! Mwngz vunz diegrog baenzlawz rox gangj vah dieg neix?,哟！外地人您怎么会说这地方的话？,textbook,2475,za,zh
Daeuj guh seng'eiq menhmenh hag lo.,来做生意才慢慢学啦。,textbook,2476,za,zh
Cam mwngz bouxlaux vunz gizlawz?,请问您老人家什么地方人？,textbook,2477,za,zh
Gou hix vunz diegrog.,我也是外地人。,textbook,2478,za,zh
Danhseih gou dingq mbouj ok mwngz dwg vunz fueng lawz.,但我听不出您是何方人。,textbook,2479,za,zh
Gou vunz Binhcouh. Sam daih cungj daeuj neix guh seng'eiq buenq ceij.,我是宾州人。三代都来这里做贩纸生意。,textbook,2480,za,zh
Mwngz buenq ceij bae gizlawz?,您贩纸去何处？,textbook,2481,za,zh
Daeh bae Binhcouh guh liengj.,运到宾州做伞。,textbook,2482,za,zh
Sou vunz Binhcouh caen rox guh seng'eiq.,你们宾州人真会做生意。,textbook,2483,za,zh
"Dieg dou vunz lai reih naz noix, mbouj guh seng'eiq cix dai iek lo.",我们那地方人多田地少，不做生意就饿死啦。,textbook,2484,za,zh
"Gou raen henzndang mwngz miz geij boux hauxseng, vunz gizlawz?",我见您身边有几个后生，什么地方人？,textbook,2485,za,zh
"Daeg ndeu vunz bonjdeih, song daeg vunz Hozciz.",一个是本地人，两个是河池人。,textbook,2486,za,zh
Hozciz youq gizlawz?,河池在哪里？,textbook,2487,za,zh
"Hozciz youq baihbaek Namzningz, miz song bak lai goengleix.",河池在南宁的北边，有200多公里。,textbook,2488,za,zh
Dieg neix gou mbouj sug.,这地方我不熟悉。,textbook,2489,za,zh
Mwngz rox Ginhcwngzgyangh lwi?,您知道金城江吗？,textbook,2490,za,zh
"Ndaejnyi gangj gvaq, aen haw neix miz mingz.",听说过，这个城市有名气。,textbook,2491,za,zh
Hozciz guenj Ginhcwngzgyangh.,河池管辖金城江。,textbook,2492,za,zh
Banlawz ndaej hoengq bae gizde youz baez he.,什么时候有空去那里游览一趟。,textbook,2493,za,zh
Ndei ha! Daengz seiz hawj gij bouxcoz neix daiq loh.,好呀！到时候让这些年轻人带路。,textbook,2494,za,zh
Dauq huh mwngz gag nyib roxnaeuz bae cawx?,你这套衣服自制还是买的？,textbook,2495,za,zh
Gou gag daemj baengz gag nyib.,我自己织布自己缝制。,textbook,2496,za,zh
Geu vunj va mwngz dwg bouxlawz guh?,你这花裙子是谁做的？,textbook,2497,za,zh
O! Dwg dahcej gou youq haw cawx.,哦！是我姐姐在街上买的。,textbook,2498,za,zh
Dauq buhvaq neix de daenj habndang lwi?,这套衣服他穿合身吗？,textbook,2499,za,zh
"Dahsau neix rox cangndang, daenj gijmaz cungj gyaeu gvaq doih.",这姑娘会打扮，穿什么都比同伴得体。,textbook,2500,za,zh
"Meh de rox guh caiz guh nyib, gij ndangdaenj de daegbied habndang.",他母亲会裁缝，他的衣服特别合身。,textbook,2501,za,zh
"Gouh haiz mwngz caen mbouj loek, gag guh roxnaeuz cawx aeu?",你这双鞋真不错，自己做的还是买的？,textbook,2502,za,zh
"Cungj haiz neix daenj raeuj, gou cawx gouh ndeu bae hawj bouxgeq.",这鞋子穿着暖和，我买一双给老人。,textbook,2503,za,zh
Dahlwg gou gyaez daenj vunj.,我女儿喜欢穿裙子。,textbook,2504,za,zh
"Daeglwg gou hwngq le cix mbouj haengj daenj buh, gyaez lohgengz.",我儿子热了就不肯穿衣服，爱打赤膊。,textbook,2505,za,zh
"Dieg dou sauhnit dinj, daenj huh na mbouj miz geijlai ngoenz.",我们那地方冬季短，穿厚衣服没多少天。,textbook,2506,za,zh
Geu buh neix dwg baengz ranz roxnaeuz baengz haw?,这件衣服是自家织的布还是市上卖的布？,textbook,2507,za,zh
"Gij buh gou cungj dwg gag nyumx, meh gou rox dwk ndaengq.",我的衣服都是自家染的，我母亲会制蓝锭。,textbook,2508,za,zh
Buh gag daemj daenj raeuj.,自织布做衣服穿起来暖和。,textbook,2509,za,zh
Mwngz rox san buhlaengj lwi?,你会织毛线衣吗？,textbook,2510,za,zh
"De dinfwngz gig ndei, rox san haujlai vayiengh.",她手艺极好，会织许多花样呢。,textbook,2511,za,zh
"Seizneix gwnz haw miz huh lai lo, bouxlawz lij gag guh buh dem?",现在街上衣服多啦，谁还自己做衣服？,textbook,2512,za,zh
Doek fwn lo! Vaiq bae sou haeux!,下雨了！快去收粮食！,textbook,2513,za,zh
Meh mbwn fangz neix! Baenh lij ok ndit ndeindei bae.,这鬼天气！刚才还出太阳好好的。,textbook,2514,za,zh
Sauh neix mbwn couh yienghneix lo. Yaep fwn yaep rongh.,这时节天气就这样啦。一会雨一会晴。,textbook,2515,za,zh
Seizhah dienheiq yaepyaep bienq.,夏季天气经常变。,textbook,2516,za,zh
Duenh neix fwn hix doek lai di.,这段时间雨也下得多了一点。,textbook,2517,za,zh
Seizcin seizhah fwn lai mbouj geizgvaiq.,春季夏季雨多不奇怪。,textbook,2518,za,zh
Dieg neix geijseiz mbwn cix rengx?,这地方何时天会旱？,textbook,2519,za,zh
Haeuj cou le ciengzseiz mbwn rengx. Miz bi rengx daengz seizdoeng bae.,入秋后时常天旱。有些年会旱到冬天。,textbook,2520,za,zh
Haeuj doeng nit mbouj nit?,入冬冷不冷？,textbook,2521,za,zh
Mbouj suenq nit. Hoeng mbangj bi hix roengz di nae.,不算冷。但有些年也下点雪。,textbook,2522,za,zh
"Dieg gou lai doeknamz, baenz bi mbouj raen mwi.",我那地方较偏南，终年不见霜。,textbook,2523,za,zh
Mbouj miz mwi ndaem doxgaiq couh ndei gvaq doeng lo.,没有霜种东西就容易过冬了。,textbook,2524,za,zh
"Ndaem doxgaiq hix nanz, mbouj miz raemx.",种东西也难，没有水。,textbook,2525,za,zh
Dieg dou bi fwnraemx cibfaen lai.,我们那地方一年雨水十分多。,textbook,2526,za,zh
Sauh lawz fwn lai?,什么时节雨水多？,textbook,2527,za,zh
Dieg dou haeuj ndwenbet le fwn couh noix lo.,我们那地方到了农历八月雨就少啦。,textbook,2528,za,zh
"Dou bouxgeq darnz: ""Cibnyied cib gvengq, bae ging mbouj dawz liengj.""",我们老人常叨咕：“十月十晴朗，上京不带伞。”,textbook,2529,za,zh
Yienghneix gangj yaek daengz cibnyied mbwn cij gvengq lo?,这么说要到十月天气才晴好？,textbook,2530,za,zh
Dwg lo. Dou cungj youq sauh de guh ranz lai.,是啦。我们都在那时节建房子的。,textbook,2531,za,zh
Yo! Fwn lai yaek bae gizlawz saek geij ngoenz cungj mbouj bienh.,哟！雨水多要去哪里几天都不方便。,textbook,2532,za,zh
Yaek bae hix couh bae lo. Seizneix bae lawz cungj miz ci.,要去也就去了。现在去哪里都有车。,textbook,2533,za,zh
"Vah yienznaeuz yienghneix gangj, mbwn gvengq bae lawz cungj lai yungzheih di.",话虽这样说，天气晴好去哪里都比较容易一些。,textbook,2534,za,zh
Ciengzseiz roengzban le mwngz gyaez guh maz?,平时下班了你喜爱做什么？,textbook,2535,za,zh
Gou mbouj yinx dwk geiz. Gou lai yinx dwk giuz.,我不喜欢下棋。我比较喜欢打球。,textbook,2536,za,zh
Daegsam gyaez dwk giuz lo. Gijmaz giuz de cungj dwk ndaej ndei.,老三爱打球啦。什么球他都打得好。,textbook,2537,za,zh
"Doengh geiz aeu yungh uk, gou gyaez ndaem va.",下棋要用脑筋，我爱种花。,textbook,2538,za,zh
"Ndaem va hoj guenj, gou ndaem cungj mbouj daih baenz.",种花难管理，我种都不太成功。,textbook,2539,za,zh
Ndaem va aeu miz goengfou bae dajleix.,种花要有工夫去料理。,textbook,2540,za,zh
Gou couh dwg mbouj naihfanz dajleix. Gou cingznyienh bae byaij loh suenq lo.,我就是不耐烦侍弄。我情愿去散步算了。,textbook,2541,za,zh
Byaij lai ga hix naet.,走太多脚也累。,textbook,2542,za,zh
Cungj deng ra di saeh daeuj gaijmbwq cij ndaej.,总要找些事来解闷才行。,textbook,2543,za,zh
Doig! Ciengqgo mbouj baeg youh mizyinx.,对！唱歌不累又有趣。,textbook,2544,za,zh
Raeuz ra geij boux guhdoih bae ciengqgo.,我们找上几个人结伴去唱歌。,textbook,2545,za,zh
Aen cawjeiq neix mbouj loek.,这个主意不错。,textbook,2546,za,zh
Raeuz mbouj cix miz haujlai doih rox gak cungj yozgi ha?,我们不就是有许多伙伴会各种乐器吗？,textbook,2547,za,zh
"Dig、siu、ngeihyienz、loxlez caeuq gyong laz, raeuz cungj miz ne!",笛、箫、二胡、琐呐与锣鼓，我们都有呢！,textbook,2548,za,zh
"Ciengq ndaej go couh yienj ndaej heiq, neix caemh mbouj nanz.",唱得歌就演得戏，这也不难。,textbook,2549,za,zh
"Mbangj vunz mbouj yinx ciengqgo, hoeng yinx dingq go.",有的人不喜欢唱歌，但喜欢听歌。,textbook,2550,za,zh
"Dwg vei. Lij miz mbangj vunz mbouj yinx diuvuj, hoeng yinx naengh youq henz gwn caz dingq vujgiz.",是啊。还有的人不喜欢跳舞，但喜欢坐在一旁饮茶听舞曲。,textbook,2551,za,zh
Mwngz ndei! Cingj mwngz lwnh gij fungsug sibgvenq Bouxcuengh hawj gou dingq ndaej lwi?,您好！请您告诉我一些壮族人的风俗习惯好吗？,textbook,2552,za,zh
Ndaej ha! Yienghneix gou couh caeuq mwngz gangjgangj gij fungsug an coh Bouxcuengh ba.,行啊！那我就给你讲讲壮族人命名的习俗吧。,textbook,2553,za,zh
"Ndei, mwngz gangj daeuj gou dingqdingq.",好，您说来我听听。,textbook,2554,za,zh
"Bouxsai Bouxcuengh miz·lwg le, gyoengqvunz itbuen mbouj heuh gij cohsaw de lo, gyoengqvunz heuh de seiz, aeu gij coh lwg de daeuj heuh de.",壮族的男人有了孩子以后，人们一般不再叫他的学名，人们在称呼他时，用他孩子的名字来称呼。,textbook,2555,za,zh
Gou mbouj mingzbeg.,我不明白。,textbook,2556,za,zh
"Lumjbaenz, gij coh lwg de heuhguh "" Lungz "", gyoengqvunz couh heuh de ""Bohlungz"".",比如，他孩子名叫“龙“，人们就称呼他为“波龙”。,textbook,2557,za,zh
"""Boh"" dwg gijmaz eiqsei?",“波”是什么意思？,textbook,2558,za,zh
"""Bah"" Vahgun couhdwg ""baba"". ""Bohlungz"" Vahgun eiqsei dwg ""Long baba"".",“波“汉语就是＂爸爸”。“波龙“汉语的意思是“龙爸爸”。,textbook,2559,za,zh
"Bouxsai Bouxcuengh miz lan le, gyoengqvunz couh aeu gij coh lan de daeuj heuh de.",壮族的男人有了孙子以后，人们就用他孙子的名来称呼他。,textbook,2560,za,zh
Mwngz caiq gawj aen laeh ndeu hawj gou ba.,您再给我举个例子吧。,textbook,2561,za,zh
"Lumjbaenz, gij coh lan de heuhguh ""Gvangh"", gyoengq vunz couh heuh de ""Goenggvangh"", Vahgun eiqsei dwg ""Guong yeye"".",比如，他孙子叫“光”，人们就称呼他为“公光”，汉语意思是“光爷爷”。,textbook,2562,za,zh
"O, dwg yienghneix ha!",哦，是这样啊！,textbook,2563,za,zh
"Mehgmbwk Bouxcuengh miz lwg le, gyoengqvunz itbuen hix mbouj heuh gij cohsaw de lo, gyoengqvunz heuh de seiz, aeu gij coh lwg de daeuj heuh de. Lumjbaenz lwg de heuh guh ""Lungz"", gyoengqvunz couh heuh de ""Mehlungz"".",壮族女人有了孩子以后，人们一般也不再叫她的学名，人们在称呼她时，用她孩子的名字来称呼。比如她的孩子叫“龙”，人们就称她为”也龙”。,textbook,2564,za,zh
"""Meh"" Vahgun couhdwg ""mama"" la?",“乜”汉语就是“妈妈”了？,textbook,2565,za,zh
"Mwngz gangj ndaej deng. ""Mehlungz"" Vahgun eiqsei couhdwg ""Long mama"".",你说得对。“乜龙“汉语意思是“龙妈妈”。,textbook,2566,za,zh
"W, gou rox lo.",嗯，我明白了。,textbook,2567,za,zh
"Mehmbwk Bouxcuengh miz lan le, gyoengqvunz hix aeu gij coh lan de daeuj heuh de. Lumjbaenz lan de heuh guh ""Gvangh"", gyoengqvunz couh heuh de ""Buzgvangh"", Vahgun eiqsei couh dwg ""Guang nainai""","壮族的女人有了孙子以后，人们也用她孙子的名来称呼她。比如她的孙子叫“光”，人们就称她为“婆光”,汉语意思是“光奶奶”。",textbook,2568,za,zh
Bouxcuengh lij miz gijmaz fungsug dem?,壮族人还有什么风俗吗？,textbook,2569,za,zh
"Gyoengqvunz heuh lwgmbauq Bouxcuengh seiz, itbuen youq baihnaj coh de gya "" daeg "". Lumj baenz miz lwgmbauq he heuhguh "" Veij "", gyoengqvunz couh heuh de guh ""Daegveij"", couh lurnj Vahgun heuhguh ""Awei"" ityiengh.",人们称呼壮族男孩时，一般在其名字前加“特”。比如有个男孩叫“伟“，人们就叫他做“特伟“，就像汉语叫做“阿伟＂一样。,textbook,2570,za,zh
"W, miz eiqseiq lai lo.",嗯，真有趣。,textbook,2571,za,zh
"Gyoengqvunz heuh lwgsau Bouxcuengh seiz, itbuen youq baihnaj coh de gya ""dah"". Lumjbaenz miz lwgsau ndeu heuhguh ""Yingh"", gyoengqvunz couh heuh de guh ""Daegveij"", couh lumj Vahgun heuhguh ""AWei"" ityiengh.",人们称呼壮族女孩时，一般在其名字前加“达”。比如有个女孩叫“英“，人们就叫她做“达英“，就像汉语叫做“阿英”一样。,textbook,2572,za,zh
Mwngz caiq gangj di hawj gou dingq vei!,您再讲些给我听吧。,textbook,2573,za,zh
"Bannomj Bouxcuengh mbouj ndaej heuh gij coh banlaux, mboujnex couh mbouj roxlaex.",壮族晚辈不能叫长辈的名字，否则就是没礼貌。,textbook,2574,za,zh
"O, diuz neix caeuq Bouxgun dou doxlumj.",哦，这一条跟我们汉族相似。,textbook,2575,za,zh
"Bouxcuengh lij miz haujlai fungsug sibgvenq, baezlaeng menhmenh lwnh mwngz dingq.",壮族人还有很多习俗，以后慢慢告诉你。,textbook,2576,za,zh
"Dwg ha, gak aen rninzcuz cungj rniz gij fungsug sibgvenq daegbied bonjfaenh.",是啊，每个民族都有自己一些独特的风俗习惯。,textbook,2577,za,zh
Sou ndei! Sou dwg baez daih'it daeuj Vujmingz lwi?,你们好！你们是第一次来武鸣吗？,textbook,2578,za,zh
Dwg vei.,是的。,textbook,2579,za,zh
Sou seizlawz daeuj daengz Vujmingz?,你们什么时候来到武鸣的？,textbook,2580,za,zh
Dou ngoenzbonz daeuj daengz Vujmingz.,我们是前天来到武鸣的。,textbook,2581,za,zh
Sou bae youz gizlawz gvaq?,你们都游览了哪些地方？,textbook,2582,za,zh
Ngoenzlwenz bae Lingzsuij.,昨天我们去游览了灵水。,textbook,2583,za,zh
"Youq Lingzsuij, sou bae youzraemx lwi?",在灵水，你们游泳了吗？,textbook,2584,za,zh
Youz lo.,游了。,textbook,2585,za,zh
Roxnyinh baenzlawzyiengh?,感觉怎么样？,textbook,2586,za,zh
Gij raemx Lingzsuij gig saw gig sangj. Lingzsuij gyaeundei raixcaix.,灵水的水很清很凉爽。灵水很漂亮。,textbook,2587,za,zh
Sou lij bae youz dieg lawz gvaq la?,你们还去游览了什么地方？,textbook,2588,za,zh
Ngoenzlwenz bae youz Gamjyihlingj.,昨天我们去了伊岭岩。,textbook,2589,za,zh
Aen gamj haenx baenzlawzyiengh?,那个岩涧怎么样？,textbook,2590,za,zh
"Gij rin ndaw aen gamj haenx cien geiz bak gva1q, ndeiyawj raixcaix.",那个岩洞里的石头千奇百怪，好看极了。,textbook,2591,za,zh
Ngoenzcog mwngz yaek daiq dou bae gizlawz youz?,明天你将带我们去哪里玩？,textbook,2592,za,zh
Bae Byacwx.,去大明山。,textbook,2593,za,zh
Byacwx liz yienhsingz Vujmingz gyae lwi?,大明山离武鸣县城远吗？,textbook,2594,za,zh
"Mbouj gyae, daj yienhsingz Vujmingz bae daengz Byacwx cij miz haj cib goengleix, hai ci seiq haj cib faencung couh daengz lo.",不远，从武鸣县城到大明山只有50公里，开车四五十分钟就到了。,textbook,2595,za,zh
"Seizneix dwg seizhah, daiq geu huh lai na di couh ndaej lo.",现在是夏季，带一件比较厚的衣服去就行了。,textbook,2596,za,zh
Monzbiuq Byacwx geijlai ngaenz?,大明山的门票是多少？,textbook,2597,za,zh
Ngeih cib haj maenz.,25元。,textbook,2598,za,zh
Lai bengz di.,贵一点。,textbook,2599,za,zh
Ngoenzcog geij diemj cung hai ci?,明天几点钟开车？,textbook,2600,za,zh
Haetromh bet diemj. Cingj daihgya cinjseiz daeuj hwnj ci.,早上八点。请大家准时来上车。,textbook,2601,za,zh
"Ndei, docih mwngz.",好的，谢谢你。,textbook,2602,za,zh
"Denva haumaj yanghcwngfuj dwg geijlai, mwngz rox lwi?",乡政府的电话号码是多少，您知道吗？,textbook,2603,za,zh
"Doiq mbouj gvaq, gou hix geiq mbouj cingcuj lo.",对不起，我也记不清楚了。,textbook,2604,za,zh
Mwngz miz denva haumajbu mbouj miz?,您有电话号码簿吗？,textbook,2605,za,zh
Miz ha.,有啊。,textbook,2606,za,zh
Ciq hawj gou cazcaz ndaej lwi?,借给我查查，行吗？,textbook,2607,za,zh
"Ndaej ha, youq gwnz daiz baih haenx.",行啊，在那边桌子上。,textbook,2608,za,zh
Gou gag ra couh ndaej lo.,我自己找就行了。,textbook,2609,za,zh
"Veil Mwngz ndei! Gou ra fuyanghcangj Lij Mingz dungzci, gou miz saehgip ra de.",喂！您好！我找副乡长李明同志，我有急事找他。,textbook,2610,za,zh
Gou couh dwg. Mwngz miz gijmaz saeh ne?,我就是。你有什么事呢？,textbook,2611,za,zh
"Doiq mbouj gvaq, Lij Mingz fuyanghcangj mbouj youq, miz maz saeh, cingj louz vah.",对不起，李明副乡长不在，有什么事，请留言。,textbook,2612,za,zh
Mwngz daj soujgih de couh ndaej lo. Haumaj soujgih de dwg…,您打他的手机好了。他的手机号码是……,textbook,2613,za,zh
"Mwngz caj yaep he, gou bae heuh de.",您稍等，我去叫他。,textbook,2614,za,zh
"De couh daeuj, cingj mwngz gaej cuengq denva.",他马上来，请您别挂电话。,textbook,2615,za,zh
Cingj cienj 3354.,请转3354。,textbook,2616,za,zh
Ciemqsienq.,占线。,textbook,2617,za,zh
Veil Dwg 3354 lwi?,喂！是3354吗？,textbook,2618,za,zh
"Cingj mwngz gangj sing sang di, gou dingq mbouj nyi.",请您再大声点，我听不见。,textbook,2619,za,zh
"Mwngz daj loek lo, gizneix dwg 3345.",您打错了，这里是3345号。,textbook,2620,za,zh
"Dungzci, gizneix daj cangzduz denva ndaej lwi?",同志，这里能打长途电话吗？,textbook,2621,za,zh
Mwngz daj ndawguek cangzduz roxnaeuz gozci cangzduz?,您打国内长途还是国际长途？,textbook,2622,za,zh
Ndawguek cangzduz baenzlawz daj?,国内长途电话怎么打？,textbook,2623,za,zh
Mwngz daj bae gizlawz?,您往哪儿打？,textbook,2624,za,zh
Gou yaek daj bae Sanghaij.,我要打往上海。,textbook,2625,za,zh
"Mwngz sien hued gihhau Sanghaij, ciep dwk bued aen denva haumaj mwngz yaek daj haenx, couh ndaej lo.",您先拨上海区号，接着拨您要打的电话号码，就行了。,textbook,2626,za,zh
Vei! Mwngz ndei! Dwg Sanghaij Gyahgi Gunghswh lwi?,喂，您好！是上海家具公司吗？,textbook,2627,za,zh
"Dwg ha, mwngz ra bouxlawz?",是啊，您找哪位？,textbook,2628,za,zh
"Gou ra Cangh Veih cungjginghlij, de youq lwi?",我找张辉总经理，他在吗？,textbook,2629,za,zh
"Doiq mbouj gvaq, de okbae banhsaeh lo.",对不起，他出去办事了。,textbook,2630,za,zh
Mwngz rox de seizlawz dauqma lwi?,你知道他什么时候回来吗？,textbook,2631,za,zh
Banringzgvaq cij dauqma.,下午才回来。,textbook,2632,za,zh
"Ndaej. Mwngz caj yaep he, gou bae ra gonj bit ma geiq.",可以。请等一下，我找一支笔记下来。,textbook,2633,za,zh
"Ndei, de baez dauqma gou couh lwnh de.",好的，他一回来我就告诉他。,textbook,2634,za,zh
Mazfanz mwngz lo. Caiq raen!,麻烦你了。再见！,textbook,2635,za,zh
Vei! Dwg Daegveih lwi?,喂！是阿辉吗？,textbook,2636,za,zh
"Dwg, gou dwg Daegveih.",是，我是阿辉。,textbook,2637,za,zh
"Laux doengzhag, baenzlawz mbouj geiqndaej?",老同学，怎么不记得？,textbook,2638,za,zh
"Haujlai bi mbouj raen lo, mwngz gvaq ndaej baenz lawzyiengh?",多年不见，你过得怎么样？,textbook,2639,za,zh
"Hai, coenz vah ndeu nanz gangj ndaej liux.",咳，一言难尽。,textbook,2640,za,zh
"Gou ngoenzcog bae Sanghaij cuzcaih, raeuz raennaj caiq gangj.",我明天去上海出差，咱们见面再聊。,textbook,2641,za,zh
Ndei. Neix dwg haumaj soujgih mwngz lwi?,好。这是你的手机号码吗？,textbook,2642,za,zh
Dwg. Haumaj soujgih mwngz dwg geijlai?,是。你的手机号码是多少？,textbook,2643,za,zh
Haumaj soujgih gou dwg……Ngoenzcog gou caj denva mwngz.,我的手机号码是……明天我等你的电话。,textbook,2644,za,zh
Mwngz ndei! Mwngz siengj cawx gijmaz?,您好！您想买什么？,textbook,2645,za,zh
Gou siengj cawx geu huh ndeu.,我想买件衣服。,textbook,2646,za,zh
"Diemq dou gak cungj huh cungj miz, cingj haeujdaeuj.",我们店各种衣服都有，请进。,textbook,2647,za,zh
Cungj buh neix miz geij cungj saek?,这种衣服有几种颜色？,textbook,2648,za,zh
Dawz geu huh saek nding hawj gou yawjyawj vei.,拿红色的那件衣服给我看看吧。,textbook,2649,za,zh
Ndaej. Hawj mwngz.,好的。给您。,textbook,2650,za,zh
Gou sawqsawq yawj ndaej lwi?,我可以试试看吗？,textbook,2651,za,zh
Ndaej. Mwngz bae ndaw fuengzsawqbuh sawq ha.,可以。您到试衣间去试吧。,textbook,2652,za,zh
"Geu neix raez di lo, miz dinj di mbouj miz?",这件长了点，有短一点的吗？,textbook,2653,za,zh
Miz. Gou bae ra hawj mwngz.,有的。我去给您找。,textbook,2654,za,zh
Gou couh aeu geu neix. Gyaqcienz geijlai?,我就要这一件。价钱多少？,textbook,2655,za,zh
Song bak maenz.,200元。,textbook,2656,za,zh
"Bengz lai lo, noix di ndaej lwi?",太贵了，能便宜一点儿吗？,textbook,2657,za,zh
Faen cienz faen huq.,一分钱一分货。,textbook,2658,za,zh
Mwngz hawj geijlai?,您给多少？,textbook,2659,za,zh
Bak maenz ndaej lwi?,100元可以吗？,textbook,2660,za,zh
"Mbouj ndaej law, ceiq noix bak haj maenz.",不行的，最少150元。,textbook,2661,za,zh
"Bak sam maenz ndaej la, bak sam maenz gou couh aeu geu neix lo.",130元吧，130元我就买这件了。,textbook,2662,za,zh
"Mwngz caen rox gangjgyaq. Ndaej lo, gai hawj mwngz ba.",您真会讲价。行了，卖给您吧。,textbook,2663,za,zh
"Neix bak sam maenz ngaenz, mwngz geqgeq yawj.",这里130元钱，你数数。,textbook,2664,za,zh
"Gaeuq lo. Gij vaq diemq dou yienghsik hix ndeiyawj raixcaix bw, mwngz mbouj cawx geu ndeu?",够了。我们店裤子样式也很好看，您不买一条？,textbook,2665,za,zh
Vaq baezlaeng caiq cawx.,下次再买裤子。,textbook,2666,za,zh
Mwngz ndei byaij.,您走好。,textbook,2667,za,zh
Mwngz ndei gai!,祝您生意兴隆！,textbook,2668,za,zh
Mwngz ndei! Gou gojyij bang mwngz gijmaz?,您好！我可以帮您什么？,textbook,2669,za,zh
"Cangzhungz baiz, ngeih cib gouj conq.",长虹牌，29英寸的。,textbook,2670,za,zh
Cingj mwngz gvaq baihneix daeuj yawjyawj.,请您过这边来看。,textbook,2671,za,zh
"Aen neix mbouj loek, mwngz hai hawj gou yawjyawj.",这台不错，您开机给我看看。,textbook,2672,za,zh
"Ndei, mwngz yawj ba.",好，您看吧。,textbook,2673,za,zh
"Youq ndaw haw soengq, youq rog haw couh mbouj soengq lo.",在城区送，在城外就不送。,textbook,2674,za,zh
Youq gizlawz gyau ngaenz?,在哪里交钱？,textbook,2675,za,zh
Mwngz dawz mbaw fei neix bae g1zsoungaenz gyau ngaenz.,您带这张单据到收款处交钱。,textbook,2676,za,zh
Mwngz siengj aeu gijmaz?,您需要些什么？,textbook,2677,za,zh
Gou siengj cawx di makit.,我想买点葡萄。,textbook,2678,za,zh
"Gij makit neix ngam.q aeu ma, mwngz cimz yawj.",这些葡萄刚进货，您尝尝看。,textbook,2679,za,zh
Gaen sam maenz.,3元一斤。,textbook,2680,za,zh
"Bengz lo, song maenz ndaej lwi?",贵了，2元可以吗？,textbook,2681,za,zh
"Song maenz mbouj ndaej, gou aeu huq gaenq gaen song maenz lo. Mwngz hawj song maenz bet ba.",2元不行，我进货已经是2元一斤了。您给2.8元吧。,textbook,2682,za,zh
"Laujvangz, mwngz daeuj ngaenzhangz guh gijmaz?",老黄，你来银行干什么？,textbook,2683,za,zh
Gou daeuj banh daigvanj soujcuz.,我来办贷款手续。,textbook,2684,za,zh
Daigvanj guh maz?,贷款干什么？,textbook,2685,za,zh
Gou siengj cucwz aen gunghswh he.,我想注册一个公司。,textbook,2686,za,zh
Mwngz siengj laeb gunghswh maz?,你想成立什么公司？,textbook,2687,za,zh
Gou siengj laeb aen gyasei gunghswh he.,我想成立一个家具公司。,textbook,2688,za,zh
"Seizneix guh seng'eiq gyasei mbouj ndei canh cienz lo, mboujyawx guh seng'eiq wnq.",现在做家具生意不好赚钱了，不如做别的。,textbook,2689,za,zh
Guh seng'eiq mbouj yungzheih ha. Mwngz gaenq miz geijlai bonjcienz la?,做生意不容易啊。你已经有多少本钱了？,textbook,2690,za,zh
"Gou bonjfaenh ngamq miz haj cib fanh, doeng ciq sae ciq ndaej cib haj fanh, lij ca bet cib haj fanh ne.",我自己只有50万元，东借西借借了15万元，还差85万元呢。,textbook,2691,za,zh
Gou caeuq mwngz caez guh ndei mbouj ndei? Gaxgonq gou guh seng'eiq gyasei gvaq.,我跟你一起做好吗？我以前做过家具生意。,textbook,2692,za,zh
Doeklaeng mwngz vih maz youh mbouj guh la?,后来你为什么又不做了？,textbook,2693,za,zh
Seizneix youh vih maz siengj dauq guh gij seng'eiq neix la?,现在怎么又想重做这个生意？,textbook,2694,za,zh
"Youq gizlawz deng laemx, couh youq gizhaenx ndwn hwnjdaeuj. Gou liujgaij sicangz hangzcingz, caiq gangj gou raen mwngz uk lingz, raeuz doxgap itdingh guh ndaej gwn.",在哪里跌倒就在哪里站起来。我了解市场行悄，再说我觉得你脑筋灵敏，咱们合作一定能成功。,textbook,2695,za,zh
Song raeuz doxgap dang'yienz ndei lo. Mwngz ndaej roengz geijlai bonjcienz?,我们俩合作当然好了，你能投资多少？,textbook,2696,za,zh
Gou roengz haj cib fanh.,我投50万元。,textbook,2697,za,zh
Ndei ha. Yienghneix raeuz caiq ciq sam cib haj fanh couh gaeuq lo.,好啊。那咱们再贷35万元就够了。,textbook,2698,za,zh
Seizneix ngaenzhangz leihsik daigvanj geijlai?,现在银行贷款的利息是多少？,textbook,2699,za,zh
Gou hix mbouj cingcuj.,我也不清楚。,textbook,2700,za,zh
Raeuz daigvanj geizhanh geij bi ndei ne?,咱们贷款期限选几年的好呢？,textbook,2701,za,zh
"Geizhanh daigvanj miz lai cungj, sam bi、haj bi、cib hi cungj miz, raeuz couh ciq haj bi ha.",贷款期限有多种，3年、5年、10年都有，咱们就贷5年吧。,textbook,2702,za,zh
"Ndei, couh ciq haj bi.",行，就贷5年。,textbook,2703,za,zh
Yienghneix raeuz couh genj ngoenz ndei he haicieng.,那咱们就选个好日子开张。,textbook,2704,za,zh
"Ngoenzcog gou siengj bae Vujmingz, naengh cungj ci lawz bae lai vaiq?",明天我想去武鸣，坐哪种车去快一点？,textbook,2705,za,zh
Dang'yienz naengh gvaibah bae lai vaiq lo.,当然坐快巴去比较快。,textbook,2706,za,zh
Yungh dingh biuq lwi?,需要订票吗？,textbook,2707,za,zh
"Mbouj yungh, moix cib faen cung miz ban ci ndeu.",不需要，每10分钟有一趟车。,textbook,2708,za,zh
Yungh vuenh ci lwi?,需要换车吗？,textbook,2709,za,zh
"Mbouj yungh vuenh ci, neix dwg ci cizdaz.",不用换车，这是直达车。,textbook,2710,za,zh
Seiq cib faen cung hwnjroengz.,40分钟左右。,textbook,2711,za,zh
Gyaq ci neix dwg bae Vujmingz lwi?,这辆车是去武鸣的吗？,textbook,2712,za,zh
Dwg ha. Mwngz cawx biuq mboujcaengz?,是啊。你买票了没有？,textbook,2713,za,zh
"Mboujcaengz, youq gizlawz cawx biuq ne?",还没有，在哪里买票呢？,textbook,2714,za,zh
Bae yienhsingz Vujmingz geijlai ngaenz?,到武鸣县城多少钱？,textbook,2715,za,zh
Cib ngeih maenz.,12元。,textbook,2716,za,zh
Hingzlij cuengq youq gizlawz?,行李放哪里？,textbook,2717,za,zh
Cuengq youq ndaw sienghingzlij. Hawj fuzvuyenz bang mwngz cuengq ba.,放在行李箱。让服务员帮你放吧。,textbook,2718,za,zh
"Swhgih, gou siengj youq Suenggiuz roengz ci.",司机，我想在双桥下车。,textbook,2719,za,zh
Gvaibah youq byongh roen mbouj ndaej dingz bw. Mwngz naengh ci wnq bae ha!,快巴在半路不能停的。你坐别的车吧！,textbook,2720,za,zh
Dwg yienghneix ha!,是这样啊！,textbook,2721,za,zh
Geiqndaej dawz hingzlij mwngz roengz ci bw!,记得把你的行李拿下车啊！,textbook,2722,za,zh
"Ci yaek hai lo, lij miz bouxlawz caengz hwnj ci? Cingj vaiq di hwnj ci lo!",车要开了，还有谁没上车？请赶紧上车了！,textbook,2723,za,zh
"Dungzci, neix dwg gij raemxgvangcenzsuij mwngz.",同志，这是你的矿泉水。,textbook,2724,za,zh
"Dungzci, doiq mbouj gvaq, youq gwnz ci mbouj ndaej cit ien.",同志，对不起，在车上不能吸烟。,textbook,2725,za,zh
"Daengz Vujmingz cehcan lo, cingj daihgya caj ci dingz onj le caiq roengz ci.",武鸣车站到了，请大家等车停稳了再下车。,textbook,2726,za,zh
"Mwngz ndei! Gou siengj fei gyaeuj, yaek caj nanz lwi?",你好！我想要理发，要等很久吗？,textbook,2727,za,zh
"Mbouj nanz, mwngz caj yaep he couh ndaej lo.",不久，你等一会儿就好了。,textbook,2728,za,zh
"Ndaej la, mwng、z naengh gvaq gizneix daeuj ba.",好了，你坐到这里来吧。,textbook,2729,za,zh
Mwngz siengj fei cungj fazhingz lawz?,你要理哪种发型？,textbook,2730,za,zh
Ciuq yienghgaeuq fei.,请按原样理。,textbook,2731,za,zh
Raed dinj di roxnaeuz louz raez di?,剪短些还是留长些？,textbook,2732,za,zh
Raed dinj di.,剪短一点。,textbook,2733,za,zh
Gaej raed dinj lai.,别剪得太短了。,textbook,2734,za,zh
Raed baenz yienghneix ndaej mboujcaengz?,剪成这样行了吗？,textbook,2735,za,zh
Caiq dinj di.,再短一点。,textbook,2736,za,zh
Swiq gyaeuj lwi?,洗头吗？,textbook,2737,za,zh
Swiq.,洗。,textbook,2738,za,zh
Mbouj yungh swiq lo.,不用洗了。,textbook,2739,za,zh
Aeu gizyouz lwi?,要焗油吗？,textbook,2740,za,zh
Mbouj giz lo.,不焗了。,textbook,2741,za,zh
Ci byoem lwi?,吹头发吗？,textbook,2742,za,zh
Ci byoem.,吹头发。,textbook,2743,za,zh
Gou siengj nyumx byoem ndaem bae.,我要把头发染黑。,textbook,2744,za,zh
Gou yaek gvet mumh.,我要刮胡子。,textbook,2745,za,zh
"Ndaej ha, gou gvet hawj mwngz.",好，我给你刮。,textbook,2746,za,zh
Gou siengj dangq byoem.,我想烫发。,textbook,2747,za,zh
Byoem mwngz raed di caiq dangq couh ndeiyawj lo.,你的头发先剪一点再烫就好看了。,textbook,2748,za,zh
Gou dawz gingq daeuj hawj mwngz yawjyawj. Yienghneix raed mwngz habhoz lwi?,我拿镜子来给你看看。这样剪你满意吗？,textbook,2749,za,zh
Habhoz. Docih mwngz lo.,满意。谢谢你了。,textbook,2750,za,zh
Vanhyingz mwngz baezlaeng caiq daeuj.,欢迎你下次再来。,textbook,2751,za,zh
"Doiq mbouj gvaq, cingj cam henzgyawj miz bouqingj siengq lwi?",对不起，请问附近有照相馆吗？,textbook,2752,za,zh
Gou siengj ingjsiengq.,我想照相。,textbook,2753,za,zh
Gouj siengj ingj buenq ndang.,我想照半身照。,textbook,2754,za,zh
Aeu geij conq?,要几寸的？,textbook,2755,za,zh
Song conq. Gou seizlawz daeuj aeu siengq?,两寸的。我什么时候来取？,textbook,2756,za,zh
"Siengqbujdungh ngoenz ndeu, siengqgyavaiq yaep he couh ndaej.",普通照一天，快照一会儿可取。,textbook,2757,za,zh
Gou ingj siengqgyavaiq.,我照快照。,textbook,2758,za,zh
Ngiengx gyaeuj hwnjdaeuj di.,把头抬起来一点。,textbook,2759,za,zh
"Yawj baihneix. Gaej ning, sikhaek ndaej lo.",看这边。不要动，马上就好。,textbook,2760,za,zh
Dingq gou geq: It、ngeih、sam!,听我数：一、二、三！,textbook,2761,za,zh
Neix dwg mbawfei. Ngoenzcog mwngz baengh mbawfei neix daeuj aeu siengq.,这是收据。明天您凭着这张收据来取相片。,textbook,2762,za,zh
"Cingj cam, miz fuengz hoengq lwi?",请间，有空房吗？,textbook,2763,za,zh
"Doiq mbouj gvaq, hek rim lo.",对不起，客满了。,textbook,2764,za,zh
"Miz ha, sou geij boux?",有，你们几个人？,textbook,2765,za,zh
Sam boux.,3个人。,textbook,2766,za,zh
Sou aeu cungj fuengz lawz?,你们要什么样的房间？,textbook,2767,za,zh
Fuengzvunzdog、fuengzsongvunz、fuengzsamvunz cungjrniz.,单人房、双人房、三人房都有。,textbook,2768,za,zh
Aeu fuengzsongvunz roxnaeuz fuengzvunzdog?,要双人房还是单人房？,textbook,2769,za,zh
Fuengzsongvunz ngoenz geijlai ngaenz?,双人房多少钱一天？,textbook,2770,za,zh
Bak ngeih maenz.,120元。,textbook,2771,za,zh
Fuengzvunzdog ne?,单人房呢？,textbook,2772,za,zh
It bak maenz.,100元。,textbook,2773,za,zh
Noix di ndaej lwi?,能不能便宜一点？,textbook,2774,za,zh
"Mbouj ndaej ha, seizneix doenghyiengh hwnjgyaq lo.",不行啊，现在物价上涨了。,textbook,2775,za,zh
"Aeu aen fuengzvunzdog, aen fuengzsongvunz.",要一个单人房，一个双人房。,textbook,2776,za,zh
Youq geij haemh?,住儿个晚上？,textbook,2777,za,zh
Song haemh.,两个晚上。,textbook,2778,za,zh
Gou yawj fuengz gonq ndaej mbouj ndaej?,我能不能先看一看房间？,textbook,2779,za,zh
Fuengz youq ngeih laeuz roxnaeuz sam laeuz?,房间在二楼还是三楼？,textbook,2780,za,zh
Youq sam laeuz.,在三楼。,textbook,2781,za,zh
Aen fuengz neix baenzlawzyiengh?,这间怎么样？,textbook,2782,za,zh
Aen neix gaeb lai lo. Miz mbouj miz gvangq di?,这间太窄了。有没有宽一点的？,textbook,2783,za,zh
Gou yawjyawj veiswnghgenh ndei mbouj ndei.,我看看卫生间好不好。,textbook,2784,za,zh
"Cingj mwngz dienz mbaw biuj neix, sij gij mingzcoh、 sinhfwncwng haumaj、diegyouq、cizyez caeuq nienzgeij mwngz roengzdaeuj.",请您填一下这张表格，请填上您的姓名、身份证号码、住址、职业和年龄。,textbook,2785,za,zh
Sij ndaej lo.,写好了。,textbook,2786,za,zh
Mwngz gyau song bak maenz cienzat gonq.,您先交200元押金。,textbook,2787,za,zh
"Fuengzvunzdog dwg fuengz 503 hauh, fuengzsongvunzdwg fuengz 316 hauh, neix dwg yaekseiz.",单人房是503号房间，双人房是316号房间，这是钥匙。,textbook,2788,za,zh
Docih mwngz!,谢谢您！,textbook,2789,za,zh
Mwngz dungx iek mboujcaengz?,你肚子饿了吗？,textbook,2790,za,zh
Caeux couh iek lo. Haet neix cij gwn vanj souh ndeu.,早就饿了。今天早上只喝了碗粥。,textbook,2791,za,zh
"Raeuz caez bae fan'gvanj gwn haeux ba, gou cingj mwngz.",我们一起去饭店吃饭吧，我请客。,textbook,2792,za,zh
"Fuzvuyenz, miz diegnaengh mbouj miz?",服务员，有座位吗？,textbook,2793,za,zh
Sou gungh geij boux?,你们一共几位？,textbook,2794,za,zh
Sam boux.,3位。,textbook,2795,za,zh
"Miz, cingj haeujdaeuj.",有，请进。,textbook,2796,za,zh
"Diegnaengh youq henz cueng gizhaenx, sou nengz gou daeuj.",座位在那边的窗子旁边，你们跟我来。,textbook,2797,za,zh
Cingj dawz danbyaek daeuj hawj dou yawjyawj.,请把菜单拿来给我们看看。,textbook,2798,za,zh
"Ndei, sou gwn cenj caz gonq. Neix dwg danbyaek.",好，你们先喝杯茶。这是菜单。,textbook,2799,za,zh
Sou siengj gwn gijmaz?,你们想吃什么？,textbook,2800,za,zh
Ndaw fan'gvanj sou miz maz byaek ndei?,你们店里有什么好菜？,textbook,2801,za,zh
Fan'gvanj dou cij guh byaek bingzciengz. Miz bya cwng、nohgaeq cauj lwgmanh heu、nohvaiz cauj lwg haemz……,我们店只做家常菜。有蒸鱼、鸡肉炒青辣椒、牛肉炒苦瓜…．．．,textbook,2802,za,zh
Aeu duz byahaux cwng ndeu、buenz nohgaeq cauj lwg manh heu ndeu、buenz nohvaiz cauj lwghaemz caeuq deb byaekmbungj ndeu.,要一个蒸绘鱼、一盘鸡肉炒青辣椒、一盘牛肉炒苦瓜和一碟空心菜。,textbook,2803,za,zh
Lij aeu gijmaz dem?,还要什么吗？,textbook,2804,za,zh
Aeu dang mbouj aeu?,要不要汤？,textbook,2805,za,zh
Aeu dang gyaeqgaeq makyungz.,要鸡蛋西红柿汤。,textbook,2806,za,zh
Aeu laeuj mbouj aeu?,喝酒吗？,textbook,2807,za,zh
Aeu song bingz bizciuj.,来两瓶啤酒。,textbook,2808,za,zh
Sou gwn haeux roxnaeuz gwn mienh?,你们吃米饭还是吃面条？,textbook,2809,za,zh
Aeu sam vanj haeux.,来3碗米饭。,textbook,2810,za,zh
"Byaek daeuj caez lo, sou menh gwn.",菜上齐了，你们慢用。,textbook,2811,za,zh
"Fuzvuyenz, dou gwn imq lo. Cingj gietsoq.",服务员，我们吃饱了，请结账。,textbook,2812,za,zh
"Feihdauh mbouj loek, couhdwg nohvaiz cauj geq di lo.",味道不错，就是牛肉炒老了点。,textbook,2813,za,zh
Byaekmbungj dwk gyu hix lai di lo.,空心菜放盐也多了点。,textbook,2814,za,zh
Mwngz yaek banh gijmaz yezvu?,您要办理什么业务？,textbook,2815,za,zh
Gou siengj hai an canghu he.,我想开一个账户。,textbook,2816,za,zh
Banh cunzcez roxnaeuz yinzhangzgaj?,办存折还是银行卡？,textbook,2817,za,zh
Banh cunzcez.,办存折。,textbook,2818,za,zh
Banh yinzhangzgaj.,办银行卡。,textbook,2819,za,zh
Yinzhangzgaj engq bienhleih.,银行卡更方便。,textbook,2820,za,zh
Banh hozgiz roxnaeuz dinggiz?,办活期还是定期的？,textbook,2821,za,zh
Banh hozgiz.,办活期。,textbook,2822,za,zh
Aeu banh gijmaz soujsuz ne?,要办哪些手续呢？,textbook,2823,za,zh
Mwngz dienz mbaw biuj neix gonq. Dawz sinhfwncwng daeuj lwi?,您先填写这张表。带身份证来没有？,textbook,2824,za,zh
Dienz gijmaz ne?,填什么呢？,textbook,2825,za,zh
Dienz singqmingz、coh cwnggen caeuq haumaj cwnggen mwngz roengzbae.,填上您的名字、证件名称和证件号码。,textbook,2826,za,zh
Gek neix dienz gijmaz?,这一格填什么？,textbook,2827,za,zh
Gek neix dienz diegyouq lienzhaeh mwngz.,这格填上您的联系地址。,textbook,2828,za,zh
Gek haenx dienz gij coh cienz.,那格填上货币名称。,textbook,2829,za,zh
Gou daeuj lingx cienz.,我要取款。,textbook,2830,za,zh
Gij cienz mwngz cunz mboujcaengz daengz geiz.,您的存款还没有到期。,textbook,2831,za,zh
"Gou gaenj yungh cienz, dajsuenq daezgonq lingx okdaeuj.",我急着用钱，打算提前取出。,textbook,2832,za,zh
"Noix couh noix lo, gou hix mbouj miz banhfap.",少就少了，我也没有办法。,textbook,2833,za,zh
Mwngz yaek lingx geijlai ngaenz?,您要取多少钱？,textbook,2834,za,zh
Song fanh maenz.,取2万元。,textbook,2835,za,zh
Cingj naenx mizmaj.,请输入您的密码。,textbook,2836,za,zh
Mwngz yungh yinzhangzgaj· youq gwnz swdung cijgvanjgih lingx hix ndaej.,您用银行卡在自动取款机上取也行。,textbook,2837,za,zh
Gou siengj cunz cienz.,我想存钱。,textbook,2838,za,zh
Mwngz yaek cunz geijlai cienz?,您要存多少钱？,textbook,2839,za,zh
"Fanh haj maenz, cunz buenq bi.",15000元，存半年。,textbook,2840,za,zh
Gou siengj denvei bet bak maenz ngaenz.,我想电汇800元。,textbook,2841,za,zh
Gou siengj cienjciengq.,我想转账。,textbook,2842,za,zh
Cienjciengq aeu geijlai nanz cij daengz?,转账要多久才到？,textbook,2843,za,zh
Ngoenzneix couh daengz lo.,今天就到了。,textbook,2844,za,zh
Cingj cam youq aen cueng lawz geiq bauhgoj?,请问在哪个窗口寄包裹？,textbook,2845,za,zh
Youq aen cueng ngeih hauh.,在2号窗口。,textbook,2846,za,zh
Geiq gijmaz doxgaiq ne?,寄什么东西呢？,textbook,2847,za,zh
Geiq di gijdaenj gijgwn.,寄一些穿的和吃的。,textbook,2848,za,zh
Gij doxgaiq lawz dwg doxgaiq veizgin ne?,哪些东西是违禁品呢？,textbook,2849,za,zh
Lumjbaenz bauq、siu、liuzsonh、giyouz daengj gij doxgaiq yungzheih dawzfeiz yungzheih bauqdek haenx mbouj ndaej geiq.,比如鞭炮、火药、硫酸、汽油等易燃易爆的物品不能邮寄。,textbook,2850,za,zh
Naijfwnj geiq ndaej lwi?,奶粉能寄吗？,textbook,2851,za,zh
Gij caengz hai gvaq haenx geiq ndaej.,没有开封过的可以邮寄。,textbook,2852,za,zh
Cingj mwngz dienz mbaw bauhgojdanh neix.,请您填这张包裹单。,textbook,2853,za,zh
"Sij ndei lo, hawj mwngz.",写好了，给您。,textbook,2854,za,zh
"A, diegyouq sij mbouj cingcuj geijlai. Diegyouq cingj sij ciengzsaeq bae, mbouj ndaej sij genjcwngh.",啊，地址写得不太清楚。地址要写全，不能写简称。,textbook,2855,za,zh
Yienghneix gou lingh sij ba.,那我重写吧。,textbook,2856,za,zh
"Menhmenh sij, mbouj yungh gip.",请慢慢写，不用急。,textbook,2857,za,zh
Baez neix ndaej mboujcaengz?,这回可以了吧？,textbook,2858,za,zh
Ndaej lo. Neix dwg mbawfei mwngz.,可以了。这是您的收据。,textbook,2859,za,zh
Youq gizlawz lingx bauhgoj?,在哪里领包裹？,textbook,2860,za,zh
Youq gizlawz lingx cienz?,在哪里领汇款？,textbook,2861,za,zh
Youq gizlawz geiq cienz?,在哪里办理汇款？,textbook,2862,za,zh
Denswj geiq cienz baenzlawz banh?,电子汇款怎么办理？,textbook,2863,za,zh
Lingx bauhgoj lingx cienz cungj aeu sinhfwncwng.,领包裹、取款都要有身份证。,textbook,2864,za,zh
Gou geiq fung bingzsaenq ndeu.,我寄一封平信。,textbook,2865,za,zh
Bingzsaenq fung maenz ngeih.,平信一封1元2角。,textbook,2866,za,zh
Cawx aen byuksaenq ndeu caeuq mbaw youzbiuq maenz ngeih ndeu.,买一个信封和一张1元2角的邮票。,textbook,2867,za,zh
Gvaqhauhsaenq geiq ndaw guek itbuen geijlai ngoenz daengz?,国内挂号信一般要几天到？,textbook,2868,za,zh
Sam daengz haj ngoenz couh daengz lo.,3至5天就到了。,textbook,2869,za,zh
Gij saenq geiq bae rog guek aen singhgiz daengz lwi?,寄往国外的信件一个星期到吗？,textbook,2870,za,zh
Yawj mwngz geiq bae guek lawz lo.,看您寄到哪个国家了。,textbook,2871,za,zh
Dwzgvai conhdi geiq ndaw guek itbuen ndaw 48 aen cungdaeuz daengz.,国内特快专递一般是48小时内到达。,textbook,2872,za,zh
Bingzsaenq daj Namzningz daengz Baekging aeu geijlai nanz?,从南宁到北京平信要多久才能够收到？,textbook,2873,za,zh
"Bingzsaenq itbuen aen singhgiz couh daengz. Dangh naeuz dieg lai bienbik, couh lai nanz di cij daengz.",平信一般一个星期就能够到达。如果地方比较偏远，时间就长一些。,textbook,2874,za,zh
Cingj cam youq gizlawz gvaqhauh?,请问在哪里挂号？,textbook,2875,za,zh
Youq aen cueng baihgvaz ndaw ding.,在大厅右边那个窗口。,textbook,2876,za,zh
Mwngz gvaq aen goh lawz?,你挂哪个科目？,textbook,2877,za,zh
Dungxin gvaq aen goh lawz?,肚子痛要挂哪个科目呢？,textbook,2878,za,zh
Gvaq neigoh.,挂内科。,textbook,2879,za,zh
"Dwzsuh conhgyah hauh bet maenz, cujyin yihswh caeuq fucujyin yihswh hauh sam maenz haj, cujci yihswh hauh song maenz haj, cuyen yihswh hauh it maenz, mwngz gvaq cungj lawz?",特殊专家号8元，主任副主任医师号3元5角，主治医师号2元5角，住院医师号1元，你要挂哪种？,textbook,2880,za,zh
Gvaq cujyin hauh.,挂主任号。,textbook,2881,za,zh
Miz bingliz mbouj miz?,有病历本没有？,textbook,2882,za,zh
Mbouj miz. Cawx bonj he.,没有。买一本吧！,textbook,2883,za,zh
Neigoh youq gizlawz?,内科在哪里？,textbook,2884,za,zh
"Sam laeuz baihswix fungh daihseiq、fungh daihhaj、 fungh daihroek、fungh daihcaet cungj dwg neigoh, faenbied dwg conhgyah、cujyin fucujyin yihswh、cujci yihswh、cuyen yihswh.",三楼左边的第四、第五、第六、第七间都是内科，分别是专家、主任副主任医师、主治医师、住院医师。,textbook,2885,za,zh
Mwngz baenzlawz la?,你怎么啦？,textbook,2886,za,zh
"Dungxin, mbouj cwxcaih.",肚子痛，不舒服。,textbook,2887,za,zh
Gwn gijmaz yw gvaq la?,吃过什么药没有？,textbook,2888,za,zh
Mboujcaengz gwn gvaq.,没有吃过。,textbook,2889,za,zh
Niemh lwed cangzgveih caeuq haex gonq.,先检验血常规和大便。,textbook,2890,za,zh
Gou baenz gij_maz bingh ne?,我得什么病？,textbook,2891,za,zh
"Mbouj miz maz law, miz di veiyenz he, gwn di yw couh ndaej lo.",没有什么大问题，有点胃炎，吃点药就可以了。,textbook,2892,za,zh
Deng guh soujsuz lwi?,要动手术吗？,textbook,2893,za,zh
"Gou hai sam ngoenz yw hawj mwngz gonq, danghnaeuz mbouj ndei caiq daeuj yawj.",先给你开3天的药，如果不好，再来看。,textbook,2894,za,zh
Youq gizlawz gyau ngaenz?,在哪里交费？,textbook,2895,za,zh
Gizgyaungaenz youq ngeih laeuz ndaw ding baihgvaz.,交费处在二楼大厅右侧。,textbook,2896,za,zh
Youq gizlawz lingx yw?,在哪里取药？,textbook,2897,za,zh
Youq it laeuz fuengzyw lingx yw.,在一楼大厅药房取药。,textbook,2898,za,zh
Youq gizlawz banh soujsuz louzyih?,在哪里办理住院手续？,textbook,2899,za,zh
Youq gizlawz banh soujsuz okyen?,在哪里办理出院手续？,textbook,2900,za,zh
Mwngz bang gou ndaej lwi?,你能帮个忙吗？,textbook,2901,za,zh
"Miz gienh saeh he, cingj mwngz bang gou.",有一件事，请你帮帮我。,textbook,2902,za,zh
Bang mwngz guh gijmaz?,需要帮什么忙？,textbook,2903,za,zh
Cawx gijmaz doxgaiq?,买什么东西呢？,textbook,2904,za,zh
"Cingj bang gou cawx bet gaen nohmou、roek gaen daeuhfouh caeuq haj gaen duhngaz, ndaej lwi?",请你帮我买8斤猪肉、6斤豆腐和5斤豆芽，可以吗？,textbook,2905,za,zh
"Cingj daj denva daeuj, gou hawj lwgngez bae aeu.",请来电话，我派小孩去拿。,textbook,2906,za,zh
"Mwngz daeuj bang gou, gou ngoenzlaeng bae bang mwngz.",你来帮我，过后我去帮你。,textbook,2907,za,zh
Cingj dawz gij saw ndaw daeh okdaeuj.,请把袋子里的书本拿出来。,textbook,2908,za,zh
"Cingj veq di, mienx deng bungq sieng.",请让开，免得碰伤。,textbook,2909,za,zh
"Cingj gaej dangj gou, gou yawj mbouj raen hwzbanj.",请不要挡住，我看不到黑板。,textbook,2910,za,zh
"Cingj gaej ngauz aen'eij, yingjyangj gou yawj saw.",请不要摇晃椅子，影响我看书。,textbook,2911,za,zh
Mwngz miz maz yi'gen cingj gangj okdaeuj.,有什么意见请你说出来。,textbook,2912,za,zh
Cingj bang gou caz aen swz he.,请帮我查一个单词。,textbook,2913,za,zh
"Yungh sat le, cingj cuengq dauq gwnz daiz.",用完了，请放回我的桌子上。,textbook,2914,za,zh
Cingj bang gou gip bonj saw haenx hwnjdaeuj.,请帮我捡起那本书。,textbook,2915,za,zh
Cingj gven daeng gven dou.,请关灯关门。,textbook,2916,za,zh
"Ciq denva mwngz yungh yaep he, ndaej lwi?",借你的电话用一下，可以吗？,textbook,2917,za,zh
"Doiq mbouj gvaq, gou youq gizneix cit ien ndaej lwi?",对不起，我可以在这里抽烟吗？,textbook,2918,za,zh
Cingj mwngz yienh gonj bit haenx hawj gou.,请你递那支笔给我。,textbook,2919,za,zh
Cingj byaij baih neix.,请走这边。,textbook,2920,za,zh
Cingj mwngz gangj vah sing daemq di.,请你说话声音小一点。,textbook,2921,za,zh
Cingj daihgya byaij vaiq di.,请大家快点走。,textbook,2922,za,zh
Mwngz ciengeiz gaej lumz bw!,你千万不要忘记啊！,textbook,2923,za,zh
Cingj mwngz gaisau gij cingzgvang gizhaenx baez he.,请你介绍一下那里的清况。,textbook,2924,za,zh
Mazfanz mwngz caiq gangj baez dem.,麻烦你再说一下。,textbook,2925,za,zh
Cingj mwngz caiq ndeindei naemj yaep he.,请再好好考虑一下。,textbook,2926,za,zh
Cingj mwngz gaej youq gizneix cit ien.,请你不要在这里抽烟。,textbook,2927,za,zh
Cingj mwngz cinjseiz daeuj bw!,请你准时来啊！,textbook,2928,za,zh
"Doig mbouj gvaq, gou daeuj nguh lo.",对不起，我迟到了。,textbook,2929,za,zh
Saedcaih doiq mbouj gvaq! Gou lumz gienh saeh neix lo.,实在对不起！我把这件事给忘了。,textbook,2930,za,zh
"Doiq mbouj gvaq, hawj sou caj nanz lo.",对不起，让你们久等了。,textbook,2931,za,zh
"Bungq deng mwngz lo, doiq mbouj gvaq.",碰着你了，对不起。,textbook,2932,za,zh
Cingj yienzliengh!,请原谅！,textbook,2933,za,zh
"Doiq mbouj gvaq, gou mbouj ndaej yienghneix guh.",对不起，我不能这样做。,textbook,2934,za,zh
Caujfanz mwngz lo.,打扰你了。,textbook,2935,za,zh
Gaej guhhek.,别客气,textbook,2936,za,zh
"Doiq mbouj gvaq, gou mbouj dwg daegdingq yienghneix guh.",对不起，我不是故意这样做的。,textbook,2937,za,zh
"Doiq mbouj gvaq, gou mbouj rox gienh saeh neix.",对不起，我不知道这件事。,textbook,2938,za,zh
"Doiq mbouj gvaq, gou gangj loeng lo.",对不起，我说错了。,textbook,2939,za,zh
"Doiq mbouj gvaq, gou daj loeng denva lo.",对不起，我打错电话了。,textbook,2940,za,zh
"Doiq mbouj gvaq, gou nyinh loek vunz lo.",对不起，我认错人了。,textbook,2941,za,zh
Mbouj youqgaenj law.,不要紧的。,textbook,2942,za,zh
"Ngoenzcog gou couh yaek dauq ranz lo, gou daeuj caeuq mwngz doxbiek.",明天我就要回家了，我来跟您告别。,textbook,2943,za,zh
Seizgan gvaq ndaej caen vaiq ha!,时间过得真快啊！,textbook,2944,za,zh
"Mbouj caeux lo, gou dauq ranz lo.",不早了，我回家了。,textbook,2945,za,zh
"Ndei, mwngz baema ba.",好，您回去吧。,textbook,2946,za,zh
Gou soengqsoengq mwngz.,我送送您。,textbook,2947,za,zh
"Mbouj yungh soengq lo, mwngz baema ba!",不用送了，您回去吧。,textbook,2948,za,zh
"Mwngz baenzneix nyaengq lij daeuj soengq gou, caen docih mwngz lo.",您这么忙还来送我，真是谢谢您了。,textbook,2949,za,zh
Cuk sou swnh raemx swnh rumz!,祝你们一路顺风！,textbook,2950,za,zh
Maqmuengh sou ndaej caiq daeuj.,希望你们能再来。,textbook,2951,za,zh
Maqmuengh raeuz miz gihvei caiq ndaej doxraen.,希望咱们能有机会再见面。,textbook,2952,za,zh
Maqmuengh mwngz miz gihvei caiq daeuj Namzningz.,希望您有机会再来南宁。,textbook,2953,za,zh
Ngoenzcog gou daeuj soengq mwngz.,明天我来送您。,textbook,2954,za,zh
Docih mwngz daeuj soengq gou.,谢谢您来送我。,textbook,2955,za,zh
Docih mwngz lai bi daeuj doiq gou baenzneix gvansim caeuq cmqgoq.,谢谢您多年来对我这么关心和照顾。,textbook,2956,za,zh
Doxgaiq mwngz cungj sousib ndei la?,您的东西都收拾好了吗？,textbook,2957,za,zh
Ndaej hoengq ciengz daeuj ranz dou guhcaemz.,有空常来我们家玩。,textbook,2958,za,zh
Seizlawz ndaej hoengq couh daeuj guhcaemz.,什么时候有空就来玩。,textbook,2959,za,zh
Vanhyingz sou caiq daeuj.,欢迎你们再来。,textbook,2960,za,zh
Ndwen laeng caiq raen!,下个月再见。,textbook,2961,za,zh
Baezlaeng raeuz caiq ndeindei gangjgoj.,下次咱们再好好聊聊。,textbook,2962,za,zh
"Nanz lai mbouj raen lo, mwngz ndang ndei lwi?",很久不见了，你身体好吗？,zhuangyu900ju-dialogue,2963,za,zh
"Docih! Gou ndei raixcaix, mwngz ne?",谢谢！我很好，你呢？,zhuangyu900ju-dialogue,2964,za,zh
"Gou hix ndei raixcaix, docih!",我也很好，谢谢！,zhuangyu900ju-dialogue,2965,za,zh
Mwngz yaek bae gizlawz?,你要上哪儿去？,zhuangyu900ju-dialogue,2966,za,zh
Bae gai cawx di doxgaiq. Mwngz ne?,上街买点东西。你呢？,zhuangyu900ju-dialogue,2967,za,zh
Gou bae aen mbanj baihnaj ra boux lauxdoengz ndeu.,我去前面的村子找一个结拜兄弟。,zhuangyu900ju-dialogue,2968,za,zh
Gou byaij gonq lo. Ngoenzlawz raeuz miz seizgan caiq ndeindei gangjgoj.,我先走了。哪天咱们有时间再好好聊。,zhuangyu900ju-dialogue,2969,za,zh
Ndei. Mwngz ndei byaij!,好。你好走！,zhuangyu900ju-dialogue,2970,za,zh
Mwngz ndei!,你好！,zhuangyu900ju-dialogue,2971,za,zh
Mwngz ndei!,你好！,zhuangyu900ju-dialogue,2972,za,zh
Mboengqneix hong nyaengq lwi?,最近工作忙吗？,zhuangyu900ju-dialogue,2973,za,zh
"Nyaengq vei! Mboengqneix dwg mboengq ""ciengj sou ciengj ndaem"", baenzlawz mbouj nyaengq?",忙啊！最近是“双抢”季节，怎么不忙？,zhuangyu900ju-dialogue,2974,za,zh
Ranz sou bineix ndaem reihnaz lai lwi?,今年你家种的田地多吗？,zhuangyu900ju-dialogue,2975,za,zh
"Mbouj suenq lai. Reih haj moux, naz caet moux.",不算多。旱地五亩，水田七亩。,zhuangyu900ju-dialogue,2976,za,zh
"Goenglaux, mwngz bae gizlawz ne?",老大爷，您去哪儿呢？,zhuangyu900ju-dialogue,2977,za,zh
Gou bae langh vaiz ne.,我去放牛呢。,zhuangyu900ju-dialogue,2978,za,zh
Ndang mwngz lij ndei ha?,您身体还好吧？,zhuangyu900ju-dialogue,2979,za,zh
Lij gvaq ndaej bae.,还过得去。,zhuangyu900ju-dialogue,2980,za,zh
"Mwngz ndei! Gou dwg Veiz Gyangz, mwngz heuh gou Daeggyangz couh ndaej lo.",你好！我是韦强，你叫我阿强好了。,zhuangyu900ju-dialogue,2981,za,zh
Mwngz ndei! Gou dwg Cinz Bingz.,你好！我是陈萍。,zhuangyu900ju-dialogue,2982,za,zh
"Daeggyangz, mwngz dwg vunz gizlawz?",阿强，你是哪里人？,zhuangyu900ju-dialogue,2983,za,zh
Gou dwg vunz Liujcouh. Mwngz ne?,我是柳州人。你呢？,zhuangyu900ju-dialogue,2984,za,zh
"Gou dwg vunz Yizcouh. Yizcouh liz Liujcouh mbouj gyae geijlai, gou ciengzseiz bae Liujcouh youz.",我是宜州人。宜州离柳州不太远，我经常去柳州游玩。,zhuangyu900ju-dialogue,2985,za,zh
"Gou daeuj gaisau mbat he, neix dwg baengzyoux gou Daeggvei.",我来介绍一下，这是我的朋友阿贵。,zhuangyu900ju-dialogue,2986,za,zh
"Mwngz ndei! Gou dingqgangj coh mwngz gvaq. Yangh cwngfuj naeuz rnwngz bae Guengjdoeng dajgoeng, hag ndaej gisuz le couh dauqma ranz dajciengx dajndaem, mizcienz lo.",你好！我听说过你的名字。乡政府说你去广东打工，学到技术就回家乡搞种养，致富了。,zhuangyu900ju-dialogue,2987,za,zh
Gyawz miz! Gyawz miz! Gou couhdwg siengj daiq gyoengqbeixnuengx ndaw mbanj guh di saehcingz.,哪里！哪里！我只是想带领乡亲们做点事情。,zhuangyu900ju-dialogue,2988,za,zh
"Ndei ha! Raeuz bouxcoz clan okbae gai goeng rengz mbouj dwg banhfap, yaek hag di gisuz dauqma gaijbienq mienhmauh ndaw mbanj cij ndaej.",好啊！咱们年轻人光出去卖力气不是办法，得学点技术回来改变家乡的面貌才行。,zhuangyu900ju-dialogue,2989,za,zh
"Gou dingqnyi naeuz Mbanjveiz miz boux hauxseng he, ndaem byaek gig miz gisuz, ngoenz lawz mwngz gaisau gou roxnaj de ndaej lwi?",我听说韦村有个年轻人，种蔬菜的技术很好，哪天你介绍我认识认识，好吗？,zhuangyu900ju-dialogue,2990,za,zh
"O, mwngz dwg gangj Daeggangh ha, gou sug de. Daeg neix mbouj loek. Vunz cungj okbae dajgoeng, de cix gag ok cienz bae Namzningz hag gisuz ndaem byaek, hag baenz le dauqma bau haj cib moux reih, cienmonz ndaem gij byaek fanj gicez.",哦，你说的是阿刚啊，我熟悉他。这小伙子不错。人家都出去打工，他却自费到南宁学蔬菜种植技术，学成回来后承包了50亩地，专门种反季节蔬菜。,zhuangyu900ju-dialogue,2991,za,zh
". Seizneix ndaem byaek fanj gicez canh cienz, gou hix siengj hag monz gisuz neix.",现在种反季节蔬菜赚钱，我也想学这门技术。,zhuangyu900ju-dialogue,2992,za,zh
Ndei ha! Ngoenzcog gou couh daiq mwngz bae raen de.,好啊！明天我就带你去见他。,zhuangyu900ju-dialogue,2993,za,zh
Docih mwngz lo!,谢谢你了！,zhuangyu900ju-dialogue,2994,za,zh
Dwg bouxlawz ha?,是谁呀？,zhuangyu900ju-dialogue,2995,za,zh
"Bohlungz, mwngz ndei! Gou dwg Daegliengz, dwg baengzyoux Daegveih.",伯父，您好！我是阿良，是阿辉的朋友。,zhuangyu900ju-dialogue,2996,za,zh
Daegveih mbouj youq ranz. De bae yawj denyingj mbouj caengz ma.,阿辉不在家。他去看电影没回来。,zhuangyu900ju-dialogue,2997,za,zh
O! Yienghneix gou ngoenzcog caiq daeuj.,哦！那我明天再来。,zhuangyu900ju-dialogue,2998,za,zh
"Ndei, ndei byaij nw!",好，好走啊！,zhuangyu900ju-dialogue,2999,za,zh
"Gou laihnaeuz dwg bouxlawz, yienzlaiz dwg mwngz!",我以为是谁，原来是你！,zhuangyu900ju-dialogue,3000,za,zh
Raeuz haujlai nanz mbouj doxraen lo.,咱们很久不见了。,zhuangyu900ju-dialogue,3001,za,zh
"Dwg vei, vaiq haeuj ranz daeuj.",是啊，快进屋。,zhuangyu900ju-dialogue,3002,za,zh
Mwngz cingq guh gijmaz ne?,你在做什么呢？,zhuangyu900ju-dialogue,3003,za,zh
Gou cingq yawj bauqceij.,我正在看报。,zhuangyu900ju-dialogue,3004,za,zh
Yawj gijmaz bauqceij?,看什么报？,zhuangyu900ju-dialogue,3005,za,zh
《Gvangjsih Yizbau》.,《广西日报》。,zhuangyu900ju-dialogue,3006,za,zh
"Cawz faenh bauqceij neix, mwngz lij dingh gijmaz bauqceij wnq lwi?",除了这份报纸，你还订其他什么报吗？,zhuangyu900ju-dialogue,3007,za,zh
Dingh vei! Lij dingq miz《Gvangjsih Gohgi Bau》、《Nungzminz Yizbau》、《Cunghgoz Yangjciz Bau》.Mwngz bingzseiz yawj bauqceij lwi?,订啊！还订有《广西科技报》、《农民日报》、《中国养殖报》。你平常看报吗？,zhuangyu900ju-dialogue,3008,za,zh
Mbouj yawj geijlai. Gou gyaez dingq gvangjbo roxnaeuz yawj densi.,不怎么看。我喜欢听广播或者看电视。,zhuangyu900ju-dialogue,3009,za,zh
"Dahva, dingqnaeuz ndaw yangh yaek banh""gohyoz cung'yangj beizyinbanh""?",阿花，听说乡里要开办“科学种养培训班”?,zhuangyu900ju-dialogue,3010,za,zh
Dwg vei! Gou hix dingqnaeuz lo.,是啊！我也听说了。,zhuangyu900ju-dialogue,3011,za,zh
"Seizneix guh dajndaem dajciengx, yaek gangj gohyoz cij ndaej. Raeuz caez bae bauqmingz camgya yozsiz, ndei lwi?",现在搞种养，要讲科学才行。咱们一起去报名参加学习，好吗？,zhuangyu900ju-dialogue,3012,za,zh
Ndei ha! Raeuz ngoenzcog couh bae bauqmingz.,好啊！咱们明天就去报名。,zhuangyu900ju-dialogue,3013,za,zh
"Daeghungz, haemh cobet Daegmingz gezvwnh cingj laeuj, mwngz bae lwi?",阿宏，初八晚上阿明结婚请酒，你去吗？,zhuangyu900ju-dialogue,3014,za,zh
Bae vei! Daengz seiz raeuz caez guhdoih bae ba.,去啊！到时候咱们结伴一起去吧。,zhuangyu900ju-dialogue,3015,za,zh
Ndei ha! Couhdwg mbouj rox soengq gijmaz laex ndei.,好啊！就是不知道送什么礼物好。,zhuangyu900ju-dialogue,3016,za,zh
"Mbouj yungh soengq laex, daj fungbau couh ndaej lo.",不用送礼物，打红包就行了。,zhuangyu900ju-dialogue,3017,za,zh
Fung geijlai ndei ne?,封多少好呢？,zhuangyu900ju-dialogue,3018,za,zh
"Itbuen it bak maenz couh ndaej lo, baengzyoux ndei couh lai fung di hix ndaej.",一般一百元就可以了，好朋友就多封一点也行。,zhuangyu900ju-dialogue,3019,za,zh
"Laujvangz, haemhneix mwngz ndaej hoengq lwi?",老黄，今天晚上你有空吗？,zhuangyu900ju-dialogue,3020,za,zh
Ndaej hoengq. Miz maz saeh?,有空。有什么事？,zhuangyu900ju-dialogue,3021,za,zh
"Laujcangh yaek diuh bae yienhsingz gunghcoz lo, raeuz geij boux baengzyoux cingj de gwn cenj laeuj hohhoh.",老张准备调到县城工作了，咱们几个朋友请他喝杯酒庆祝庆祝。,zhuangyu900ju-dialogue,3022,za,zh
Ndei ha! Youq gizlawz cingj?,好响！在哪里请？,zhuangyu900ju-dialogue,3023,za,zh
Couh youq ranz gou ndaej lo. Gou heuh yah gou loengh geij yiengh byaek couh ndaej lo.,就在我家好了。我让我妻子弄几个菜就行了。,zhuangyu900ju-dialogue,3024,za,zh
Geij diemj cung ne?,几点钟呢？,zhuangyu900ju-dialogue,3025,za,zh
Roek diemj buenq ba!,六点半吧！,zhuangyu900ju-dialogue,3026,za,zh
Gij neix dwg gijmaz?,这些是什么？,zhuangyu900ju-dialogue,3027,za,zh
Gij neix dwg faengx.,这些是粽子。,zhuangyu900ju-dialogue,3028,za,zh
Gij haenx ne?,那些呢？,zhuangyu900ju-dialogue,3029,za,zh
Gij haenx dwg ceiz.,那些是糍粑。,zhuangyu900ju-dialogue,3030,za,zh
Duz neix dwg duz maz?,这是什么动物？,zhuangyu900ju-dialogue,3031,za,zh
Duz neix dwg duzgoep.,这是田鸡。,zhuangyu900ju-dialogue,3032,za,zh
Duz haenx hix dwg duzgoep lwi?,那只也是田鸡吗？,zhuangyu900ju-dialogue,3033,za,zh
"Mbouj dwg, dwg duzgvej.",不是，是小青蛙。,zhuangyu900ju-dialogue,3034,za,zh
Gyaq danci haenx dwg duh bouxlawz?,那辆自行车是谁的？,zhuangyu900ju-dialogue,3035,za,zh
Dwg duh gou.,是我的。,zhuangyu900ju-dialogue,3036,za,zh
Gyaq danci mwngz dwg baiz gijmaz?,你的自行车是什么牌子的？,zhuangyu900ju-dialogue,3037,za,zh
Dwg funghvuengz baiz.,是凤凰牌的。,zhuangyu900ju-dialogue,3038,za,zh
Naj mbanj sou miz gijmaz?,你们村前面有什么？,zhuangyu900ju-dialogue,3039,za,zh
Naj mbanj dou miz diuz dah he.,我们村前面有一条河。,zhuangyu900ju-dialogue,3040,za,zh
Laeng mbanj sou ne?,你们村后面呢？,zhuangyu900ju-dialogue,3041,za,zh
Miz goengq bya hung he.,有一座大山。,zhuangyu900ju-dialogue,3042,za,zh
"Henz mbanj sou ndaem miz haujlai faex, caen gyaeundei.",你们村边种有很多树，真漂亮。,zhuangyu900ju-dialogue,3043,za,zh
Ciq fagcanj mwngz hawj gou yungh yaep he ndaej lwi?,借你的铲子用一下可以吗？,zhuangyu900ju-dialogue,3044,za,zh
"Doiq mbouj gvaq, gou lij yungh ne!",对不起，我还要用呢！,zhuangyu900ju-dialogue,3045,za,zh
"Geu huh neix byoengq lo, daenj mbouj ndaej lo.",这件衣服破了，不能穿了。,zhuangyu900ju-dialogue,3046,za,zh
Fongfong lij daenj ndaej.,补一补还可以穿。,zhuangyu900ju-dialogue,3047,za,zh
Seizneix dwg geij diemj la?,现在是几点了？,zhuangyu900ju-dialogue,3048,za,zh
Caet diemj haj cib faen lo.,七点五十分了。,zhuangyu900ju-dialogue,3049,za,zh
"Caiq gvaq cib faen cung ci couh hai lo, raeuz byaij vaiq di!",再过十分钟车就开了，咱们快走吧！,zhuangyu900ju-dialogue,3050,za,zh
Mwngz caj gou yaep he.,你等我一会儿。,zhuangyu900ju-dialogue,3051,za,zh
"Mbouj miz seizgan lo, byaij vaiq di!",没有时间了，快点儿走！,zhuangyu900ju-dialogue,3052,za,zh
Mwngz moix haet geij diemj cung hwnq?,您每天几点钟起床？,zhuangyu900ju-dialogue,3053,za,zh
Roek diemj hwnq.,六点钟起床。,zhuangyu900ju-dialogue,3054,za,zh
Gou ngoenznaengz aeu ninz bet aen cungdaeuz baedauq.,我每天要睡八个小时左右。,zhuangyu900ju-dialogue,3055,za,zh
"Gou nienzgeij geq lo, siengj lai ninz di hix ninz mbouj ndaek ha!",我上年纪了，想多睡也睡不着啊！,zhuangyu900ju-dialogue,3056,za,zh
Mwngz hag Vahcuengh geijlai nanz la?,你学壮语多久了？,zhuangyu900ju-dialogue,3057,za,zh
Song sam ndwen lo. Seizneix gou beij gaxgonq rox gangj haujlai Vahcuengh lo.,两三个月了。现在我比以前能说更多壮语了。,zhuangyu900ju-dialogue,3058,za,zh
Gaxgonq mwngz daeuj gvaq gizneix lwi?,以前你来过这里吗？,zhuangyu900ju-dialogue,3059,za,zh
Caengz daeuj gvaq.,没有来过。,zhuangyu900ju-dialogue,3060,za,zh
"Gaxgonq mbanj dou mbouj doeng dienh mbouj doeng ci, seizneix doeng dienh hix doeng ci lo.",我们村从前不通电不通车，现在通电也通车了。,zhuangyu900ju-dialogue,3061,za,zh
Yienghneix couh ndei lai lo!,这样就太好了！,zhuangyu900ju-dialogue,3062,za,zh
Ngoenzneix dwg singhgiz geij la?,今天是星期几了？,zhuangyu900ju-dialogue,3063,za,zh
Ngoenzneix dwg singhgiz sam.,今天是星期三。,zhuangyu900ju-dialogue,3064,za,zh
"O, ngoenzcog couh dwg ngoenzhaw lo, gou siengj bae haw cawx di doxgaiq, mwngz bae mbouj bae?",哦，明天就是圩日，我想去集市上买点东西，你去不去？,zhuangyu900ju-dialogue,3065,za,zh
Gou hix siengj bae cawx di doxgaiq. Ngoenzcog raeuz guhdoih bae ba!,我也想去买点东西。明天咱们一起去吧！,zhuangyu900ju-dialogue,3066,za,zh
Dingqnaeuz ndwen neix ranz sou youh gai rog moulwg ndeu. Dwg lwi?,听说这个月你们家又卖了一窝猪恩。是吗？,zhuangyu900ju-dialogue,3067,za,zh
Dwg vei.,是啊。,zhuangyu900ju-dialogue,3068,za,zh
Rog moulwg neix gungh miz geijlai duz?,这窝猪患一共有多少头？,zhuangyu900ju-dialogue,3069,za,zh
Cib duz.,10头。,zhuangyu900ju-dialogue,3070,za,zh
Ndwen gonq rog haenx miz geijlai duz?,上个月那一窝有多少头？,zhuangyu900ju-dialogue,3071,za,zh
"Rog haenx lij lai di, cib ngeih duz.",那一窝多一点，12头。,zhuangyu900ju-dialogue,3072,za,zh
Ranz sou gungh ciengx miz geijlai duz moumeh?,你们家一共养有多少头母猪？,zhuangyu900ju-dialogue,3073,za,zh
"Bi'gvaq ciengx roek duz, bineix youh ciengx bet duz.",去年养有6头，今年又养了8头。,zhuangyu900ju-dialogue,3074,za,zh
Mbouj loek ha! Yienghneix ranz sou ca mbouj lai ndwenndwen cungj miz moulwg gai.,不错啊！这样你们家差不多每个月都有猪崽卖。,zhuangyu900ju-dialogue,3075,za,zh
"Geij bi neix ciengx moumeh gai moulwg lij haemq canh cienz, mboujgvaq cingzbonj hix mbouj daemq.",这几年养母猪卖猪息还比较赚钱，不过成本也不低。,zhuangyu900ju-dialogue,3076,za,zh
"Laujveiz, aen ranz moq sou hwnj ndei mboujcaengz?",老韦，你们家的新房建好没有？,zhuangyu900ju-dialogue,3077,za,zh
Ca mbouj lai lo.,差不多了。,zhuangyu900ju-dialogue,3078,za,zh
Aen ranz sou hwnj geij caengz?,你们家的房子建几层？,zhuangyu900ju-dialogue,3079,za,zh
Sam caengz.,三层。,zhuangyu900ju-dialogue,3080,za,zh
Ngoenz lawz haeuj ranz moq?,哪一天入新房？,zhuangyu900ju-dialogue,3081,za,zh
Ndwen laeng cobet.,下个月初八。,zhuangyu900ju-dialogue,3082,za,zh
Ndei ha! Daengz ngoenz haenx gou itdingh bae goenghoh sou.,好啊！到那天我一定去恭贺你们。,zhuangyu900ju-dialogue,3083,za,zh
"Mehbaj, Mbanjnazmax baenzlawz bae?",伯母，那马村怎么走？,zhuangyu900ju-dialogue,3084,za,zh
"Riengz diuz roen henz dah haenx byaij roengzbae, ngeih cib lai faen cung couh yawjraen lo.",沿着河边那条路走下去，二十来分钟就看见了。,zhuangyu900ju-dialogue,3085,za,zh
Miz ruz bae lwi?,有船去吗？,zhuangyu900ju-dialogue,3086,za,zh
"Miz ha, hoeng ngoenzneix ruz cungj okbae lo.",有啊，不过今天船都出去了。,zhuangyu900ju-dialogue,3087,za,zh
Docih mwngz.,谢谢您。,zhuangyu900ju-dialogue,3088,za,zh
"Doiq mbouj gvaq, gou siengj ra ranz cunhcangj, ranz de youq gizlawz ne?",对不起，我想找村长家，他家在哪儿呢？,zhuangyu900ju-dialogue,3089,za,zh
"O, ranz cunhcangj ha, couh youq baihhaenx, henz ranz miz go faexrungz he.",哦，村长家啊，就在那边，房子旁边有一棵大叶树。,zhuangyu900ju-dialogue,3090,za,zh
Mbouj rox cunhcangj youq mbouj youq ranz?,不知道村长在不在家？,zhuangyu900ju-dialogue,3091,za,zh
"Haxbaenh gou lij raen de ndwn youq bakdou daj soujgih, seizneix wngdang youq ranz.",刚才我还看见他站在门口打手机，现在应该在家。,zhuangyu900ju-dialogue,3092,za,zh
Docih mwngz lo.,谢谢您了。,zhuangyu900ju-dialogue,3093,za,zh
Mbouj yungh.,不用谢。,zhuangyu900ju-dialogue,3094,za,zh
Mbanj sou liz mbanj haenx gyae lwi?,你们村离那个村远吗？,zhuangyu900ju-dialogue,3095,za,zh
"Gyae dauq mbouj suenq gyae, hoeng miz diuz dah he gek dwk, baedauq mbouj fuengbienh geijlai.",远倒是不远，不过有一条河隔着，来往不怎么方便。,zhuangyu900ju-dialogue,3096,za,zh
Youq laj sok miz ruz baedauq lwi?,在码头有船来往吗？,zhuangyu900ju-dialogue,3097,za,zh
"Miz, lij miz saz dem. Dingqnaeuz cwngfuj yaek youq gwnz dah naj mbanj dou guh diuz giuz ndeu.",有，还有竹筏子。听说政府要在我们村前的河上架一座桥。,zhuangyu900ju-dialogue,3098,za,zh
Yienghneix couh ndei lai lo.,这样就太好了。,zhuangyu900ju-dialogue,3099,za,zh
Dwg veil Miz giuz baedauq couh fuengbienh lai lo.,是啊！有桥来往就方便多了。,zhuangyu900ju-dialogue,3100,za,zh
Daj mbanj sou daengz yienhsingz miz geij gyae?,从你们村到县城有多远？,zhuangyu900ju-dialogue,3101,za,zh
Miz seiq cib lai leix.,有40多里。,zhuangyu900ju-dialogue,3102,za,zh
Seizneix mbanj sou doeng ci caengz?,你们村现在通车没有？,zhuangyu900ju-dialogue,3103,za,zh
Doeng lo. Moix ngoenz miz sam ban banci.,通了。每天有3趟班车。,zhuangyu900ju-dialogue,3104,za,zh
Naengh banci daj mbanj sou bae daengz yienhsingz aeu geijlai nanz?,坐班车从你们村到县城要多久？,zhuangyu900ju-dialogue,3105,za,zh
"Gaxgonq roen mbouj ndei, buenq ngoenz lij caengz daengz. Seizneix roen coih ndei lo, mbouj yungh aen cungdaeuz couh daengz lo.",以前路不好走，走半天还没到。现在路修好了，不用一个小时就到了。,zhuangyu900ju-dialogue,3106,za,zh
Yangh sou miz geijlai aen cunhveijvei?,你们乡有多少个村委会？,zhuangyu900ju-dialogue,3107,za,zh
Miz cib ngeih aen cunhveijvei.,有12个村委会。,zhuangyu900ju-dialogue,3108,za,zh
Miz geijlai aen mbanj?,有多少个自然村？,zhuangyu900ju-dialogue,3109,za,zh
Miz bet cib lai aen mbanj.,有80多个自然村。,zhuangyu900ju-dialogue,3110,za,zh
Daengx yangh miz geijlai vunz?,全乡有多少人口？,zhuangyu900ju-dialogue,3111,za,zh
Miz sam fanh lai vunz.,有3万多人。,zhuangyu900ju-dialogue,3112,za,zh
Mboengqneix fwn caen lai.,这段时间雨真多。,zhuangyu900ju-dialogue,3113,za,zh
Dwg vei! Ca mbouj lai ngoenzngoenz cungj roengz song sam raq.,是啊！差不多每天都下两三场。,zhuangyu900ju-dialogue,3114,za,zh
Ngoenzfwn sou lij bae ndaem naz ha?,下雨天你们还去插秧啊？,zhuangyu900ju-dialogue,3115,za,zh
"Bae vei! Caiq gvaq geij ngoenz couh haeujcou lo, lij miz haj moux lai naz caengz ndaem, yaek ganj seizgan cij ndaej.",去啊！再过几天就入秋了，还有五亩多田没插，得赶时间才行。,zhuangyu900ju-dialogue,3116,za,zh
"Doiq mbouj gvaq, gou siengj ra Vangz lauxsae.",对不起，我想找黄老师。,zhuangyu900ju-dialogue,3117,za,zh
De ngamq okbae.,他刚出去。,zhuangyu900ju-dialogue,3118,za,zh
De.seizlawz dauqma?,他什么时候回来？,zhuangyu900ju-dialogue,3119,za,zh
Gou mbouj rox.,我不知道。,zhuangyu900ju-dialogue,3120,za,zh
Yienghneix gou gvaq yaephe caiq daeuj.,那我过一会儿再来。,zhuangyu900ju-dialogue,3121,za,zh
Mwngz ra bouxlawz?,你找谁？,zhuangyu900ju-dialogue,3122,za,zh
Gou ra cunhveijvei cujyin.,我找村委会主任。,zhuangyu900ju-dialogue,3123,za,zh
"De cingq haihoih, mwngz naengh youq gizneix caj yaep he.",他正在开会，你坐在这里等一会儿。,zhuangyu900ju-dialogue,3124,za,zh
Ndei. Doicih mwngz lo.,好的。谢谢你了。,zhuangyu900ju-dialogue,3125,za,zh
Gou ra Veiz Gyangz dungzci.,我找韦强同志。,zhuangyu900ju-dialogue,3126,za,zh
Gou couh dwg.,我就是。,zhuangyu900ju-dialogue,3127,za,zh
"Gou dwg yangh cwngfuj bangunghsiz Siujlij. Yanghcangj heuh gou dunghcih mwngz, ngoenzcog de yaek daiq yen lingjdauj bae ranz mwngz, yawj mwngz baenzlawz gohyoz dajndaem dajciengx.",我是乡政府办公室的小李。乡长叫我通知您，明天他要带县领导到您家，看您怎样搞科学种养。,zhuangyu900ju-dialogue,3128,za,zh
Ndei ha. Ngoenzcog gou youq ranz caj gyoengqde.,好啊。明天我在家等他们。,zhuangyu900ju-dialogue,3129,za,zh
Mwngz siengj cawx gijmaz?,你想买什么？,zhuangyu900ju-dialogue,3130,za,zh
Siengj cam di saeh ndeu.,想间一些事。,zhuangyu900ju-dialogue,3131,za,zh
Gijmaz saeh?,什么事？,zhuangyu900ju-dialogue,3132,za,zh
Rangh neix gangj vah maz lai?,这一带主要说什么话？,zhuangyu900ju-dialogue,3133,za,zh
"Neix dwg bien'gvan. Vahcuengh、Begvah、 Bujdunghva、Vahyeznanz、Vahdaigoz, cungj miz vunz gangj.",这是边关。壮话、白话、普通话、越南语、泰语，都有人说。,zhuangyu900ju-dialogue,3134,za,zh
Mwngz swhgeij rox geijlai cungj?,你自己会多少种？,zhuangyu900ju-dialogue,3135,za,zh
Gou cungj rox geij cungj vah neix.,这几种语言我都会。,zhuangyu900ju-dialogue,3136,za,zh
Mwngz baenzlawz hag?,你怎么学的？,zhuangyu900ju-dialogue,3137,za,zh
"Youq neix ngoenzngoenz dingq, seizseiz gangj, nanz le couh sug lo.",在这里天天听，时时讲，久了就熟悉啦。,zhuangyu900ju-dialogue,3138,za,zh
Cungj vah lawz lai hoj hag?,哪种语言比较难学？,zhuangyu900ju-dialogue,3139,za,zh
Haengj aj bak cungj lawz cungj mbouj hoj.,肯开口哪样都不难。,zhuangyu900ju-dialogue,3140,za,zh
Daegsam ha! Cae reih dajsuenq ndaem gijmaz?,老三呀！犁地打算种什么？,zhuangyu900ju-dialogue,3141,za,zh
O! Lauxlungz. Gou siengj doek di duhheu.,哦！老伯。我想种些绿豆。,zhuangyu900ju-dialogue,3142,za,zh
Doek duhheu daihgaiq ceiz bae di lo.,种绿豆大概晚了一些啦。,zhuangyu900ju-dialogue,3143,za,zh
"Mbouj heiq, gij duhheu neix haeuj cin le banlawz ndaem cungj ndaej.",不用担忧，这些绿豆入春了什么时候种都行。,zhuangyu900ju-dialogue,3144,za,zh
"Gij reih mwngz dwg reih ngamq hai, ndaem lwgraz lai ndei.",你的地是刚开垦的，种芝麻较好。,zhuangyu900ju-dialogue,3145,za,zh
Vih maz ne?,为什么呢？,zhuangyu900ju-dialogue,3146,za,zh
Ndaem lwgraz ndaej ong dieg.,种芝麻能使土地肥沃。,zhuangyu900ju-dialogue,3147,za,zh
Gou bae gizlawz ra ceh lwgraz?,我去哪里找芝麻种子？,zhuangyu900ju-dialogue,3148,za,zh
Gwnz haw giz gai cehbyaek de hix gai ceh lwgraz.,街上卖菜种的地方也卖芝麻种。,zhuangyu900ju-dialogue,3149,za,zh
"Aeu byaekmou ha, mehbaj?",采摘猪菜啊，伯母？,zhuangyu900ju-dialogue,3150,za,zh
Dwg vei! Mwngz bae gizlawz ne?,是啊！你去哪里呢？,zhuangyu900ju-dialogue,3151,za,zh
Gou bae gwnz haw cawx daeh vafeiz ndeu.,我去集市买一袋化肥。,zhuangyu900ju-dialogue,3152,za,zh
Dingqnaeuz ranz mwngz geij bi neix ndaem haeux、 ndaem byaek caeuq gomak bienq fouq lo.,听说你家这儿年种水稻、种蔬菜和果树致富了。,zhuangyu900ju-dialogue,3153,za,zh
"Dwg ha. Ranz gou mboujdan ndaem haeux, lij youq gwnz reih ndaem gij ginghci cozvuz, baengh gohyoz bienq fouq.",是啊。我家不但种水稻，还在旱地里种经济作物，靠科学致富。,zhuangyu900ju-dialogue,3154,za,zh
"Caen ndei ha! Bi'moq gou hix aeu youq ndawreih ndaem byaek、ndaem gomak, byaij diuzloh gohyoz bienq fouq.",真好啊！明年我也要在旱地里种蔬菜、果树，走科学致富之路。,zhuangyu900ju-dialogue,3155,za,zh
Goengheij! Goengheij! Daeuj hawj mwngz bouxgeq baiqnienz!,恭喜！恭喜！来给您老人家拜年！,zhuangyu900ju-dialogue,3156,za,zh
Caez heij! Caez heij! Daihgya ndei!,同喜！同喜！大家好！,zhuangyu900ju-dialogue,3157,za,zh
Goengheij mwngz bouxgeq ndang ndei ndang cangq gyaeu bak bi!,恭喜您老人家身体健康长寿百岁！,zhuangyu900ju-dialogue,3158,za,zh
"Gyo mwngz vah ndei, bineix daih gaet daih leih!",托你吉言，今年大吉大利！,zhuangyu900ju-dialogue,3159,za,zh
Hawj mwngz bouxgeq aen fungbau neix gyaemz rwz nuk.,给您老人家这个红包压岁防耳聋。,zhuangyu900ju-dialogue,3160,za,zh
Aeyo! Mwngz hekheiq lai lo!,哎哟！你太客气啦！,zhuangyu900ju-dialogue,3161,za,zh
"Haethaemh mbouj hoengq daeuj yaWJ mwngz bouxgeq, mwngz lai ok dou byaij di.",平时没空来探望您老人家，您多出门走动走动。,zhuangyu900ju-dialogue,3162,za,zh
Sengsuh sengsuh!,感谢感谢！,zhuangyu900ju-dialogue,3163,za,zh
Dingqnaeuz sou Bouxcuengh it bi hix miz haujlai ngoenzciet.,听说你们壮族人一年也有很多节日。,zhuangyu900ju-dialogue,3164,za,zh
Dwg vei! Ca mbouj lai ndwenndwen cungj miz ngoenzciet.,是啊！差不多每个月都有节日。,zhuangyu900ju-dialogue,3165,za,zh
Mbangj ngoenzciet Bouxcuengh caeuq ngoenzciet Bouxgun doxdoengz.,有的壮族节日跟汉族节日一样。,zhuangyu900ju-dialogue,3166,za,zh
"Dwg yienghneix. Vwnzva Bouxgun doiq Bouxcuengh yingjyangj gig laeg, mbangj ngoenzciet Bouxgun gvaq, Bouxcuengh hix gvaq, lumjbaenz ndwencieng、cingmingz、 nguxnyied co'ngux、betnyied cibhaj.",是这样的。汉族文化对壮族影响很深，有的节日，汉族过，壮族也过，如春节、清明节、端午节、中秋节。,zhuangyu900ju-dialogue,3167,za,zh
"Va! Uj baenzlai byaek, caujfanz sou lo!",哇！弄这么多菜，麻烦你们了！,zhuangyu900ju-dialogue,3168,za,zh
Mbouj miz maz le. Cungj dwg gijgwn bingzseiz.,没啥的。都是平常食物。,zhuangyu900ju-dialogue,3169,za,zh
"Baenz lo. Ngoenzngoenz yienghneix miz bya noh, ndwenngoenz ndei gvaq lo.",行啦。天天这样有鱼、肉，日子好过啦。,zhuangyu900ju-dialogue,3170,za,zh
"Gaiq noh gyoq mij, mbouj dij maz cienz. Baengzyoux daeuj gangjgoj cix ndei.",肉片如炭头，不值什么钱。主要是朋友来聊天的。,zhuangyu900ju-dialogue,3171,za,zh
"Mbouj gangj yungh cienz, clan cawj byaek doq aeu mwngz baeg.",不说用钱，单是煮菜你都会累。,zhuangyu900ju-dialogue,3172,za,zh
Uj geij aen byaek mbouj nanz.,弄几个菜不难。,zhuangyu900ju-dialogue,3173,za,zh
Gou couh mbouj lumj mwngz miz cungj bonjsaeh neix.,我就不如你有这种本事。,zhuangyu900ju-dialogue,3174,za,zh
"Gaej guhhek. Lai gwn di. Cawj mbouj gwn cawj ged, hek mbouj gwn hek bamz!",别客气。多吃一些。主不吃主吝啬，客不吃客笨蛋。,zhuangyu900ju-dialogue,3175,za,zh
Gou nyengh mbouj guh vunzbamz!,我才不当笨蛋呢！,zhuangyu900ju-dialogue,3176,za,zh
Bouxcuengh gizneix gwn miz maz daegdiemj lwi?,这里的壮族饮食有什么特点吗？,zhuangyu900ju-dialogue,3177,za,zh
"Miz ha. Aenvih gizneix gyawj Gveicouh, Bouxcuengh gizneix gig gyaez gwn lwgmanh, guh gijmaz byaek cungj cuengq lwgmanh.",有啊。因为这里比较近贵州，这里的壮族很喜欢吃辣椒，做什么菜都放辣椒。,zhuangyu900ju-dialogue,3178,za,zh
Yienghneix gou couh mbouj gamj gwn lo.,那我就不敢吃了。,zhuangyu900ju-dialogue,3179,za,zh
"Mbouj youqgaenj, mwngz mbouj gwn lwgmanh, dou lingh cauj di byaek wnq hawj mwngz.",不要紧，你不吃辣椒，我们另外给你炒点别的菜。,zhuangyu900ju-dialogue,3180,za,zh
"Va! Mwngz naeuz byaek neix mbouj coq lwgmanh, vihlawz lij baenzneix manh ha?",哇！你说这菜没放辣椒，为什么还这么辣啊？,zhuangyu900ju-dialogue,3181,za,zh
"O, daihgaiq dwg rek cauj lwgmanh nanz lo, baenzlawz riengx cungj lij miz di manh.",哦，大概是锅炒辣椒久了，怎么刷洗都还有点辣。,zhuangyu900ju-dialogue,3182,za,zh
"Lauxsae, gou daiq lwgnyez daeuj bauqmingz doeg saw.",老师，我带小孩来报名读书。,zhuangyu900ju-dialogue,3183,za,zh
Lwgnyez ndaej geijlai hung la?,小孩多大了？,zhuangyu900ju-dialogue,3184,za,zh
Song ndwen dem couh ndaej caet hop.,再过两个月就满七岁。,zhuangyu900ju-dialogue,3185,za,zh
Mwngz vaiq lwnh lauxsae mwngz heuh gijmaz coh.,你快告诉老师你叫什么名字。,zhuangyu900ju-dialogue,3186,za,zh
Lauxsae ndei! Gou dwg Vangz Fangh. Siengj daeuj yozyau doeg saw.,老师好！我叫王芳。想来学校读书。,zhuangyu900ju-dialogue,3187,za,zh
Ranz mwngz youq gizlawz?,你家住在哪里？,zhuangyu900ju-dialogue,3188,za,zh
Ranz gou youq Mbanjmoq rog haw.,我家在镇外的新村。,zhuangyu900ju-dialogue,3189,za,zh
"Cogneix daeuj doeg saw, bouxlawz soengq mwngz daeuj yozyau?",以后来读书，谁送你来学校？,zhuangyu900ju-dialogue,3190,za,zh
Mbouj aeu vunz soengq. Dou miz doih caez daeuj.,不要人送。我们有伙伴一齐来。,zhuangyu900ju-dialogue,3191,za,zh
O! Caen gvai! Hai hag mwngz couh daeuj doeg saw.,哦！真乖！开学你就来读书。,zhuangyu900ju-dialogue,3192,za,zh
Ranz mwngz youq gizlawz?,你家在哪里？,zhuangyu900ju-dialogue,3193,za,zh
Ranz gou youq Bwzswz.,我家在百色。,zhuangyu900ju-dialogue,3194,za,zh
Liz gizneix gyae lwi?,离这里远吗？,zhuangyu900ju-dialogue,3195,za,zh
"Mbouj suenq gyae, miz haj cib lai leix loh.",不算远，有五十多里路。,zhuangyu900ju-dialogue,3196,za,zh
Mwngz miz geij beixnuengx?,你有几个兄弟姐妹？,zhuangyu900ju-dialogue,3197,za,zh
"Miz daeggo ndeu, dahnuengx ndeu.",有一个哥哥，一个妹妹。,zhuangyu900ju-dialogue,3198,za,zh
Gyoengqde cungj youq ranz guh reihnaz ha?,他们都在家务农吗？,zhuangyu900ju-dialogue,3199,za,zh
"Mbouj, daeggo youq dayoz doeg saw, dahnuengx lij doeg cuhcungh",不，哥哥在大学读书，妹妹还在读初中。,zhuangyu900ju-dialogue,3200,za,zh
Haeux moq! Haeux moq! Haeuxsuen moq!,新米！新米！新梗米！,zhuangyu900ju-dialogue,3201,za,zh
Gij haeux mwngz dwg buenq rox gag ndaem?,你的米是贩的还是自己种的？,zhuangyu900ju-dialogue,3202,za,zh
Dwg haeux gag ndaem.,是自己种的。,zhuangyu900ju-dialogue,3203,za,zh
Mwngz vunz gizlawz?,你哪里人？,zhuangyu900ju-dialogue,3204,za,zh
Vunz gizlawz caeuq haeux miz maz gvanhaeh?,什么地方的人跟米有什么关系？,zhuangyu900ju-dialogue,3205,za,zh
Miz lo. Dieg ndei haeux cij baenz gwn!,有啊。好土地米才好吃！,zhuangyu900ju-dialogue,3206,za,zh
Gou vunz Nazyouz. Liz gizneix mbouj gyae.,我是那油人。离这里不远。,zhuangyu900ju-dialogue,3207,za,zh
"Nazyouz aen mbanj neix gou daengz gvaq, haeuxsuen haeuxcid cungj ndei.",那油这个村我到过，梗米糯米都好。,zhuangyu900ju-dialogue,3208,za,zh
Langh saenq ndaej gvaq couh lai cawx di.,要是信得过就多买一些。,zhuangyu900ju-dialogue,3209,za,zh
"Ndei gangj, ndei gangj.",好说好说。,zhuangyu900ju-dialogue,3210,za,zh
Dingq mwngz gangj vah lumj dwg vunz Duh'anh.,听你的口音好像是都安人。,zhuangyu900ju-dialogue,3211,za,zh
"Mbouj dwg, gou vunzajsanh.",不是，我是马山人。,zhuangyu900ju-dialogue,3212,za,zh
Vunz Majsanh? Vihlawz mwngz gangj vah dwg sing Duh'anh?,马山人？为什么你说话是都安口音？,zhuangyu900ju-dialogue,3213,za,zh
"Ranz dou dwg daj Duh'anh senj daeuj, daengz Majsanh ngamq sam daih. Moix bi cingmingz ranz dou lij dauq Duh'anh bae sauqmoh ne.",我们家是从都安迁来的，到马山才三代。每年清明节我们家还回都安扫墓呢。,zhuangyu900ju-dialogue,3214,za,zh
"O, gvaiq mbouj ndaej.",哦，怪不得。,zhuangyu900ju-dialogue,3215,za,zh
"Dingqnaeuz mwngz mbouj dwg Bouxcuengh, vihlawz ranz sou daeuj daengz dieg Cuengh ne?",听说你不是壮族人，为什么你们家来到壮族地区呢？,zhuangyu900ju-dialogue,3216,za,zh
"Ranz dou daeuj daengz dieg neix gaenq miz caet bet daih lo. Dieg coj dou youq Fuzgen. Gaxgonq goengcoj dou daeuj dieg neix guh seng'eiq, raen dieg neix seng'eiq ndei guh, couh youq roengzdaeuj lo.",我们家来到这里已经有七八代了。我们的祖籍在福建。从前我们的祖先到这里做生意，见这里生意好做，就住下来了。,zhuangyu900ju-dialogue,3217,za,zh
Yienzlaiz dwg yienghneix ha!,原来是这样啊！,zhuangyu900ju-dialogue,3218,za,zh
"Neix youq dieg Cuengh miz haujlai Bouxgun, gyoengqde haujlai vunz cungj rox gangj Vahcuengh, caeuq Bouxcuengh doxndei lumj beixnuengx nei.",现在在壮族地区有很多汉族人，他们许多人都会说壮语，跟壮族亲如兄弟。,zhuangyu900ju-dialogue,3219,za,zh
Miz vunj lwgnyez lwi?,有小孩的裙子吗？,zhuangyu900ju-dialogue,3220,za,zh
Lai lo. Lwg mwngz ndaej geijlai bi ne?,多啦。你小孩几岁了呢？,zhuangyu900ju-dialogue,3221,za,zh
Seiq bi lo.,四岁了。,zhuangyu900ju-dialogue,3222,za,zh
De gyaez gijmaz saek?,她喜欢什么颜色？,zhuangyu900ju-dialogue,3223,za,zh
"De gyaez vunj heu vunj hoengz, miz va ceiq ndei.",她喜欢青裙和红裙，有花最好。,zhuangyu900ju-dialogue,3224,za,zh
"Gou ngamq aeu buek huq ndeu dauq, caengz hai bau.",我刚进了一批货，尚未开包。,zhuangyu900ju-dialogue,3225,za,zh
"Hai hawj gou yawj, habhoz gou couh cawx.",开给我看，合适我就买。,zhuangyu900ju-dialogue,3226,za,zh
"Dungzci, gou siengj cawx gouh haiznaeng saek ndaem ndeu.",同志，我想买一双黑色皮鞋。,zhuangyu900ju-dialogue,3227,za,zh
Mwngz daenj geijlai max?,你穿多少码的？,zhuangyu900ju-dialogue,3228,za,zh
Sam cib bet max.,38码。,zhuangyu900ju-dialogue,3229,za,zh
"Neix miz gouh ndeu, mwngz sawq daenjdaenj yawj.",这里有一双，你试穿穿看。,zhuangyu900ju-dialogue,3230,za,zh
"Miz di ndaet, mwngz vuenh sam cib gouj max hawj gou ndaej lwi?",有点紧，你换一双39码的给我好吗？,zhuangyu900ju-dialogue,3231,za,zh
"Ndaej, mwngz caj yaep he.",行，你稍等一下。,zhuangyu900ju-dialogue,3232,za,zh
"Gouh neix hab lo, gou couh cawx gouh neix.",这双合适了，我就买这双。,zhuangyu900ju-dialogue,3233,za,zh
Mwngz dawz mbaw fei neix bae gizsoungaenz gyau cienz ba.,你拿这张单据到收款处交钱吧。,zhuangyu900ju-dialogue,3234,za,zh
Docih mwngz lo.,谢谢你了。,zhuangyu900ju-dialogue,3235,za,zh
Mbouj yungh.,不用谢。,zhuangyu900ju-dialogue,3236,za,zh
"Mbwn laepcupcup, mwngz yaek bae gizlawz?",天黑沉沉，你要去哪里？,zhuangyu900ju-dialogue,3237,za,zh
"Gou lau doek fwn hung, yaek bae yozyau ciep lwg.",我怕下大雨，要去学校接儿子。,zhuangyu900ju-dialogue,3238,za,zh
"Duzbit angq raemx, lwgsai angq fwn. Baenzlawz yungh mwngz bae ciep?",鸭子喜水，男孩喜雨。哪里用你去接？,zhuangyu900ju-dialogue,3239,za,zh
Fwn rwed de baenz gaeq doek cingj bae mwngz couh raen lo!,雨把他淋成落汤鸡你就见鬼椤！,zhuangyu900ju-dialogue,3240,za,zh
"Mbwn dumz mbwn dak, mwngz fanz gijmaz.",天淋湿由天来晒，你烦忧什么。,zhuangyu900ju-dialogue,3241,za,zh
Gou mbouj hoengq caeuq mwngz euq lai. Mwngz vaiq yien vaiz bae ranz!,我没空跟你顶嘴。你快牵牛回家！,zhuangyu900ju-dialogue,3242,za,zh
"Suenq lo, gou bae ciep lwg cixbah.",算了，我去接小孩罢了。,zhuangyu900ju-dialogue,3243,za,zh
Neix cij lumj di bohranz!,这才像点男当家！,zhuangyu900ju-dialogue,3244,za,zh
Gou banlawz youh mbouj lumj bohranz ne!,我什么时候又不像男当家呢！,zhuangyu900ju-dialogue,3245,za,zh
Baebawq dauqdawq! Fwn naeuz daengz couh daengz!,快去快回！雨说到就到！,zhuangyu900ju-dialogue,3246,za,zh
"Daeghaij, haet neix mwngz dingq denhgi yibau la?",阿海，今天早上你听天气预报了吗？,zhuangyu900ju-dialogue,3247,za,zh
Dingq lo. Gou ngoenzngoenz cungj dingq.,听了。我天天都收听。,zhuangyu900ju-dialogue,3248,za,zh
Ngoenzneix yienh raeuz denhgibaenzlawzyiengh?,今天我们县天气怎么样？,zhuangyu900ju-dialogue,3249,za,zh
"Yienh raeuz ngoenzneix fwj lai, ceiq sang vwnhdu sam cib roek doh, ceiq daemq vwnhdu sam cib ngeih doh.","我们县今天多云，最高温度36°C,最低温度32°C。",zhuangyu900ju-dialogue,3250,za,zh
Yo! Baenzneix hwngq ha! Gvaiq ndaej gou hanh lae mbouj dingz.,哟！这么热啊？怪不得我汗流个不停。,zhuangyu900ju-dialogue,3251,za,zh
"Dwg ha! Denhgi yibau naeuz, ngoenzcog lij hwngq gvaq ngoenzneix ne!",是啊！天气预报说，明天比今天还要热呢！,zhuangyu900ju-dialogue,3252,za,zh
"Laujveiz, mwngz raen Namzningz denhgi baenz lawzyiengh?",老韦，你觉得南宁的天气怎么样？,zhuangyu900ju-dialogue,3253,za,zh
"Seizcin crnnx, seizhah ndat，seizcou sangj, seizdoeng raeuj.",春天潮湿，夏天炎热，秋天凉爽，冬天温暖。,zhuangyu900ju-dialogue,3254,za,zh
Mwngz gvenq cungj denhgi neix lwi?,你习惯这种天气吗？,zhuangyu900ju-dialogue,3255,za,zh
"Ngamq daeuj geij bi haenx mbouj gvenq, seizneix gaenq gvenq lo.",刚来那几年不习惯，现在习惯了。,zhuangyu900ju-dialogue,3256,za,zh
"Ngoenzneix fwn doek mbouj guh hong, raeuz doengh geiz ndei mbouj ndei?",今天下雨不干活，我们下棋好不好？,zhuangyu900ju-dialogue,3257,za,zh
"Gou dauq ndaej hoengq, hoeng gou mbwq mwngz baenzngoenz hoij geiz!",我倒是有空，但我腻烦您成天悔棋！,zhuangyu900ju-dialogue,3258,za,zh
"Aeya! Doengh geiz gaijmbwq, mwngz nyiengh bouxgeq di youh baenzlawz?",哎呀！下棋解闷，你让老人一些又如何？,zhuangyu900ju-dialogue,3259,za,zh
Hwnj ciengq mbouj faen bohlwg. Mwngz laih gwn laeuj ha!,上阵不分父子。您以为是喝酒呀！,zhuangyu900ju-dialogue,3260,za,zh
"C, aengz baij geiz mwngz couh laih mwngz hingz ha!",尚未摆棋你就以为你嬴呀！,zhuangyu900ju-dialogue,3261,za,zh
Mbouj fug couh nda buenz geiz daeuj!.,不服气就摆棋盘来！,zhuangyu900ju-dialogue,3262,za,zh
Hai! Bouxlawz lau bouxlawz!,嗨！谁怕谁！,zhuangyu900ju-dialogue,3263,za,zh
Gij yinx duh mwngz dwg gijmaz?,你的爱好是什么？,zhuangyu900ju-dialogue,3264,za,zh
Gou yinx ep bya.,我喜欢钓鱼。,zhuangyu900ju-dialogue,3265,za,zh
Ep bya daemz roxnaeuz ep bya dah?,钓塘鱼还是钓河鱼？,zhuangyu900ju-dialogue,3266,za,zh
"Dangyienz dwg ep bya dah lo, ep bya daemz miz maz eiqsei?",当然是钓河鱼了，钓塘鱼有什么意思？,zhuangyu900ju-dialogue,3267,za,zh
Mwngz ep ndaej ceiq lai dwg bya maz?,你钓得最多的是什么鱼？,zhuangyu900ju-dialogue,3268,za,zh
"Ceiq lai dwg byahaux, byaleix、byagaq hix ep ndaej gvaq.",最多是鮎鱼，鲤鱼、獗鱼也钓到过。,zhuangyu900ju-dialogue,3269,za,zh
"Gou mbouj yinx ep bya, bae seizgan lai, gou mbouj miz naihsim. Gou yinx yawj densi.",我不喜欢钓鱼，太费时间了，我没有耐心。我喜欢看电视。,zhuangyu900ju-dialogue,3270,za,zh
Yawj densi mwngz yinx yawj gijmaz cezmuz?,看电视你喜欢看什么节目？,zhuangyu900ju-dialogue,3271,za,zh
Sinhvwnz、lenzsuzgi、giuzsai cungj yinx.,新闻、连续剧、球赛都喜欢。,zhuangyu900ju-dialogue,3272,za,zh
"Gou hix yinx yawj densi, mboujgvaq gou ceiq yinx dwg cezmuz《Seiqgyaiq Doenghduz》.",我也喜欢看电视，不过我最喜欢的节目是《动物世界》。,zhuangyu900ju-dialogue,3273,za,zh
"Laujlij, mwngz yinx dwk bej lwi?",老李，你喜欢打扑克吗？,zhuangyu900ju-dialogue,3274,za,zh
Lij yungh gangj! Mbouj rox suijbingz mwngz baenz lawzyiengh?,还用说！不知道你的水平怎么样？,zhuangyu900ju-dialogue,3275,za,zh
"Mbouj dwg gou gangjboq, danhvei dou dwk bej lij caengz miz bouxlawz dwk ndaej hingz gou gvaq!",不是我吹牛，我们单位打扑克还没人嬴过我！,zhuangyu900ju-dialogue,3276,za,zh
"Gou mbouj saenq! Haemhneix raeuz couh ra geij boux daeuj dwk haemh ndeu.“Dohlahgih"" baenzlawzyiengh?",我不信！今天晚上咱们就找几个人打个通宵。＂拖拉机“怎么样？,zhuangyu900ju-dialogue,3277,za,zh
Mbouj miz vwndiz. Raeuz gangj dingh lo!,没有问题。咱们说定了！,zhuangyu900ju-dialogue,3278,za,zh
"Laujveiz, mwngz dwg Bouxcuengh, mwngz daeuj gaisau gaisau fungsug sibgvenq Bouxcuengh hawj dou dingqdingq.",老韦，您是壮族，您来介绍介绍壮族的风俗习惯给我们听听。,zhuangyu900ju-dialogue,3279,za,zh
Fungsug sibgvenq Bouxcuengh lai lo. Gou daeuj gaisau gij laex daih hek Bouxcuengh ba!,壮族的风俗习惯多了。我来介绍壮族的待客礼节吧。,zhuangyu900ju-dialogue,3280,za,zh
"Ndei ha. Danghnaeuz gou dwg bouxhek, daeuj daengz mbanj Cuengh, sou baenzlawzguh ne?",好啊。假如我是客人，到了壮族村寨，你们会怎么做呢？,zhuangyu900ju-dialogue,3281,za,zh
"Mboujlwnh bouxhek dwg bouxsai mehmbwk bouxgeq bouxcoz, raen le couh dongx, yiedcingz cingj bouxhek haeuj ranz.",不论男女老少，见面就打招呼，热情地请客人进屋。,zhuangyu900ju-dialogue,3282,za,zh
Haeuj ranz gvaq laeng ne?,进屋以后呢？,zhuangyu900ju-dialogue,3283,za,zh
"Bouxhek haeuj ranz gvaq laeng, cawjranz sikhaek ra daengq ra eij hawj bouxhek naengh. Danghnaeuz dwg bouxcoz daih hek, mbouj ndaej caeuq bouxhek caez naengh, yaek ndwn youq henz caeuq bouxhek gangj vah",客人进屋以后，主人马上找凳子、椅子给客人坐。如果是青少年接待客人，不能与客人同坐，要站在一旁与客人谈话。,zhuangyu900ju-dialogue,3284,za,zh
Yienzhaeuh ne?,然后呢？,zhuangyu900ju-dialogue,3285,za,zh
"Bouxhek naengh roengzdaeuj le, couh ndingq caz hawj bouxhek. Caz aeu yungh song fwngz yienh hawj bouxhek, mbouj ndaej yungh fwngz ndeu yienh, mboujmiz couh dwg saetlaex.",客人坐下来后，就给客人倒茶。要用双手递茶给客人，不能用一只手递，否则就是失礼。,zhuangyu900ju-dialogue,3286,za,zh
Yienzhaeuh ne?,然后呢？,zhuangyu900ju-dialogue,3287,za,zh
"Ndingq caz hawj bouxhek le, bouxcawj caeuq bouxhek gangjgoj yaep he, couh bae cawj haeux loengh byaek daih hek. Haeux byaek cawj ndei le, cingj bouxhek haeuj daiz. Haeuj daiz miz gveigawj bw, hek bouxsai caeuq cawjranz bouxsai caemh daiz, hek mehmbwk caeuq cawjranz mehmbwk caemh daiz. Bouxhek gwn haeux seiz, bouxcoz ranzcawj fucwz ndingq laeuj. Bouxcawj mbouj ndaej dingz gwn laeuj gonq, yaek caemh bouxhek gwn gaeuq laeuj, lij aeu nip noh ndei byaek ndei hawj bouxhek gwn.",给客人倒茶后，主人跟客人聊一会儿天，就去煮饭炒菜招待客人。饭菜煮好后，请客人入席。入席有规矩的啊，男客跟男主人同桌，女客跟女主人同桌。客人吃饭时，主家年轻人负责倒酒。主人不能先停饮，要陪客人喝足，还要夹好菜给客人吃。,zhuangyu900ju-dialogue,3288,za,zh
Gwn haeux liux ne?,吃完饭呢？,zhuangyu900ju-dialogue,3289,za,zh
"Gwn haeux sat le, bouxhek yaek baema, bouxcawj aeu louz hek",吃完饭后，客人要回去，主人要挽留客人。,zhuangyu900ju-dialogue,3290,za,zh
Baenzlawz louz hek ne?,怎么留客呢？,zhuangyu900ju-dialogue,3291,za,zh
"Cawz yungh vah daeuj louz, lij beng fwngz bouxhek beng dauq ndaw ranz, roxnaeuz daiq gij doxgaiq bouxhek daiq daeuj haenx bae yo hwnjdaeuj, hawj bouxhek mbouj miz banhfap ok dou. Danghnaeuz bouxhek itdingh yaek bae, bouxcawj hix mbouj nyengh louz bouxhek. Bouxhek ok dou seiz, ranzcawj daengx ranz vunz cungj daengz bakdou soengq.",除用语言来留客外，还拉住客人的手往家里拉，或是把客人带来的物件拿走藏起来，让客人没有办法出门。如果客人执意要走，主人也不强留。客人出门时，主家全家人要到门口送行。,zhuangyu900ju-dialogue,3292,za,zh
Bouxcuengh caen dwg gyaez hek ha!,壮族真是好客啊！,zhuangyu900ju-dialogue,3293,za,zh
"Baez neix daeuj Guengjsae, mwngz youz le gij dieg lawz la?",这次到广西，您都游览了哪些地方？,zhuangyu900ju-dialogue,3294,za,zh
"Youz le Dahlizgyangh caeuq Bya'ndaengciengh Gveilinz、Yinzdanh Bwzhaij, lij miz Byaraiz Ningzmingz.",游了桂林漓江和象鼻山、北海银滩，还有宁明花山。,zhuangyu900ju-dialogue,3295,za,zh
"Mbouj noix ma! Guengjsae miz haujlai dieg ndei youz, ndawde Gveilinz ceiq gyaeundei. Miz coenz vah gangj: ""Gveilinz bya dah gyaeu gvaq biengz. "" Bouxlawz daeuj daengz Guengjsae, danghnaeuz mbouj bae youz Gveilinz, couh beg daeuj lo.",不少积广西有许多值得一游的地方，其中桂林最美。有句话说：“桂林山水甲天下。”谁来到广西，不去游桂林，就白来了。,zhuangyu900ju-dialogue,3296,za,zh
"Yinzdanh Bwzhaij hix gig ndeiyawj. Sci hau, raemxhaij saw.",北海银滩也不错。沙白，海水清。,zhuangyu900ju-dialogue,3297,za,zh
Mwngz roengz raemx bae youzraemx la?,您下水游泳了？,zhuangyu900ju-dialogue,3298,za,zh
Youz lo.,游了。,zhuangyu900ju-dialogue,3299,za,zh
Mwngz nyinhnaeuz Byaraiz Ningzmingz baenz lawzyiengh?,您觉得宁明花山怎么样？,zhuangyu900ju-dialogue,3300,za,zh
"Gig saenzgeiz. Bangx bya miz baenzlai dozveh, mbouj rox dwg baenzlawz veh hwnjbae?",太神奇了。崖壁上画了那么多图画，不知道是怎么画上去的？,zhuangyu900ju-dialogue,3301,za,zh
Gou hix mbouj rox dwg baenzlawz veh hwnjbae.,我也不知道是怎么画上去的。,zhuangyu900ju-dialogue,3302,za,zh
"Gij dozveh haenx dwg bouxlawz veh, ndaw veh dwg veh gijmaz?",那些画是什么人画的？画里画的是什么？,zhuangyu900ju-dialogue,3303,za,zh
"Gaengawq conhgyah yenzgiu, gij veh neix gaenq veh ndaej song cien lai bi lo, dwg cojsien Bouxcuengh Bouxlozyez veh. Gij veh neix mbangj veh gyoengqvunz bae dwknyaen, mbangj dwg gak cungj doenghduz, lumjbaenz duzgoep.",根据专家的研究，这些画是两千多年前画上去的，是壮族的祖先骆越人画的。这些画有的画人们狩猎的场面，有的是各种各样的动物，例如青蛙。,zhuangyu900ju-dialogue,3304,za,zh
"Daujyouz, ngoenzcog raeuz yaek bae gizlawz youz ne?",导游，明天我们要到哪里游览？,zhuangyu900ju-dialogue,3305,za,zh
Ngoenzcog raeuz yaek bae youz nazmbaeklae Lungzciz.,明天我们要去游览龙脊梯田。,zhuangyu900ju-dialogue,3306,za,zh
"Dingqnaeuz nazmbaeklae Lungzciz youq Lungzswng, liz Gveilinz gyae lwi?",听说龙脊梯田在龙胜，离桂林远吗？,zhuangyu900ju-dialogue,3307,za,zh
"Mbouj gyae, liz ndawhaw Gveilinz miz gouj cib goengleix.",不远，离桂林市区90公里。,zhuangyu900ju-dialogue,3308,za,zh
Raeuz youq gizhaenx youq lwi?,咱们在那里住吗？,zhuangyu900ju-dialogue,3309,za,zh
Youq haemh ndeu.,住一个晚上。,zhuangyu900ju-dialogue,3310,za,zh
Youzlanjceh seizlawz hai?,旅游车什么时候出发？,zhuangyu900ju-dialogue,3311,za,zh
"Haetcog ci raeuz caet diemj buenq youq naj fanden hai, daihgya geiqndaej cinjseiz hwnj ci bw!",明天早上咱们的车七点半在饭店前面出发，大家记得准时上车啊！,zhuangyu900ju-dialogue,3312,za,zh
Daj Namzningz bae Bwzswz baenzlawz bae?,从南宁到百色怎么走？,zhuangyu900ju-dialogue,3313,za,zh
"Naengh giceh bae hix ndaej, naengh hojceh bae hix ndaej.",坐汽车去也行，坐火车去也行。,zhuangyu900ju-dialogue,3314,za,zh
Naengh ruz bae ndaej lwi?,坐船去可以吗？,zhuangyu900ju-dialogue,3315,za,zh
"Ruz menh yaekdai bae, seizneix bouxlawz lij naengh ruz bae dem!",船慢得要命，现在谁还坐船去呢！,zhuangyu900ju-dialogue,3316,za,zh
"Laujnungz, ranz sou ndaem baenzlai gomak, gag dawz mak bae gai baenzlawz gai ndaej liux?",老侬，你们家种这么多果树，自己拿水果去卖怎么卖得完？,zhuangyu900ju-dialogue,3317,za,zh
Gag dawz bae gai dang'yienz gai mbouj liux lo. Seizneix dajndaem conhyezhu、dajciengx conhyezhu bouxlawz lij gag dawz bae gai?,自己拿去卖当然卖不完。现在种植专业户、养殖专业户谁还自己拿去卖？,zhuangyu900ju-dialogue,3318,za,zh
Yienghneix sou baenzlawz guh ne?,那你们怎么做呢？,zhuangyu900ju-dialogue,3319,za,zh
"lliu caeuq gyoengqlauxbanjdiegrog dingh habdoengz, daengz seiz sou mak gyoengqde couh hai ci daeuj henz suenmak sou, suenq cienz couh ndaej lo.",我们跟外地老板订合同，到收果的时候他们就开车到果园边来收购，结账就行了。,zhuangyu900ju-dialogue,3320,za,zh
"O, yienghneix couh ndei lai lo. Gai ndaej ngaenz le dajsuenq yungh guh gijmaz?",哦，这样就太好了。卖果得到的钱打算拿来做什么？,zhuangyu900ju-dialogue,3321,za,zh
Dajsuenq hwng ranzmoq caeuq cawx doxgaiq ngoenzyungh.,打算建新房和买日用品。,zhuangyu900ju-dialogue,3322,za,zh
"Lauxbanj, mwngz gizneix miz ien gai lwi?",老板，你这里有香烟卖吗？,zhuangyu900ju-dialogue,3323,za,zh
Miz ha. Mwngz aeu gijmaz baiz?,有啊。你要什么牌子的？,zhuangyu900ju-dialogue,3324,za,zh
"""Hungzdazsanh"" baiz. Bau geijlai ngaenz?",“红塔山”牌。多少钱一包？,zhuangyu900ju-dialogue,3325,za,zh
Cib ngeih maenz. Mwngz aeu geij bau?,12元。你要儿包？,zhuangyu900ju-dialogue,3326,za,zh
"Danghnaeuz gou baenz diuz c.awx, noix di ndaej lwi?",如果我整条买，可以少一点吗？,zhuangyu900ju-dialogue,3327,za,zh
"Ndaej, baenz diuz gai hawj mwngz diuz bak maenz.",可以，整条卖给你100元一条。,zhuangyu900ju-dialogue,3328,za,zh
"Danghnaeuz gou lwnh sieng cawx, lij noix di ndaej lwi?",如果我整箱买，还可以少一点吗？,zhuangyu900ju-dialogue,3329,za,zh
"Baenz sieng cawx gou hawj mwngz baefat gyaq, sieng gouj bak haj cib maenz.",整箱买我给你批发价，950元一箱。,zhuangyu900ju-dialogue,3330,za,zh
Yienghneix gou cawx sieng ndeu.,那我买一箱。,zhuangyu900ju-dialogue,3331,za,zh
Mwngz baez ndeu cawx baenzlai ien guh gijmaz?,你一次买这么多烟干什么？,zhuangyu900ju-dialogue,3332,za,zh
Gvaq song ngoenz ranz dou cingj laeuj yungh.,过两天我们家办喜酒用。,zhuangyu900ju-dialogue,3333,za,zh
Goeng'heij mwngz lo.,恭喜你了。,zhuangyu900ju-dialogue,3334,za,zh
Docih mwngz.,谢谢你。,zhuangyu900ju-dialogue,3335,za,zh
"Laujcinz, mwngz bae gvaq Baekging lwi?",老覃，你去过北京吗？,zhuangyu900ju-dialogue,3336,za,zh
Bae gvaq song baez lo.,去过两次了。,zhuangyu900ju-dialogue,3337,za,zh
Naengh hojceh bae roxnaeuz naengh feihgih bae?,坐火车去还是坐飞机去？,zhuangyu900ju-dialogue,3338,za,zh
"Baez daih'it bae, dwg ngeih cib bi gaxgonq, naengh hojceh bae; baez daihngeih bae, dwg bi'gvaq, naengh feihgih bae.",第一次去，是20年前，坐火车；第二次去，是去年，坐飞机去。,zhuangyu900ju-dialogue,3339,za,zh
Naengh hojceh dwg cawx biuqyingco roxnaeuz biuqngobuh?,坐火车是坐硬座还是卧铺？,zhuangyu900ju-dialogue,3340,za,zh
Seizhaenx gizlawz miz cienz cawx biuqngobuh lo.,那时哪里有钱买卧铺票啊。,zhuangyu900ju-dialogue,3341,za,zh
Naengh hojceh daj Namzningz bae daengz Baekging aeu geijlai nanz?,坐火车从南宁去到北京要多长时间？,zhuangyu900ju-dialogue,3342,za,zh
"Seizhaenx yaek aeu seiq cib aen cungdaeuz, dingqnaeuz seiz neix vaiq lai lo, sam cib aen cungdaeuz hwnjroengz couh daengz lo.",那时得要40个小时，听说现在快多了，30个小时左右就到了。,zhuangyu900ju-dialogue,3343,za,zh
Naengh feihgih bae ne?,坐飞机去呢？,zhuangyu900ju-dialogue,3344,za,zh
Sam aen cungdaeuz hwnjroengz couh daengz lo.,3个小时左右就到了。,zhuangyu900ju-dialogue,3345,za,zh
Sam aen cungdaeuz! Caen vaiq ha!,3个小时！真快啊！,zhuangyu900ju-dialogue,3346,za,zh
Cingj mwngz naengh aen eij neix. Mwngz siengj raed cungj fazhingz lawz?,请坐这张椅子。你想剪什么发型？,zhuangyu900ju-dialogue,3347,za,zh
"Gou raen seizneix cungj fazhingz neix ceiq seizhwng, mwngz bang gou guh cungj fazhingz neix ba.",我觉得现在这种发型最流行，你给我剪这种发型吧。,zhuangyu900ju-dialogue,3348,za,zh
Gak vunz gak gyaeuj. Gyaeuj mwngz guh,各人的头形不一样你的头剪这种发型不怎么好看。,zhuangyu900ju-dialogue,3349,za,zh
Yienghneix couh youz mwngz dingh ba. Mboujgvaq gaej louz raez lai.,那就由你定吧。不过不要留得太长。,zhuangyu900ju-dialogue,3350,za,zh
", mwngz siengj yungh geuz raed roxnaeuz yungh fagfei fei?",你想用剪刀剪还是用理发推子理？,zhuangyu900ju-dialogue,3351,za,zh
Yungh geuz raed ba.,用剪刀剪吧。,zhuangyu900ju-dialogue,3352,za,zh
"Raed ndei lo, mwngz yawj lij yungh gaij gizlawz dem?",剪好了，你看还用改什么地方吗？,zhuangyu900ju-dialogue,3353,za,zh
Mbouj yungh lo. Mwngz raed ndaej gig ndei.,不用了。你剪得很好。,zhuangyu900ju-dialogue,3354,za,zh
Mwngz yaek ingjsiengq ha?,你要照相吗？,zhuangyu900ju-dialogue,3355,za,zh
"Dwg vei. Ngoenzneix ingj, seizlawz ndaej lingx siengq?",是的。今天照，什么时候可以领相片？,zhuangyu900ju-dialogue,3356,za,zh
Mwngz ingj siengqbujdungh roxnaeuz siengqgyavaiq?,你照普通照还是快照？,zhuangyu900ju-dialogue,3357,za,zh
Siengqgyavaiq.,快照。,zhuangyu900ju-dialogue,3358,za,zh
Siengqgyavaiq lai bengz di bw!,快照要贵一点哟！,zhuangyu900ju-dialogue,3359,za,zh
Mbouj youqgaenj law.,不要紧。,zhuangyu900ju-dialogue,3360,za,zh
Gizneix miz gyauhgenj gai lwi?,这儿有胶卷卖吗？,zhuangyu900ju-dialogue,3361,za,zh
"Miz, miz Fusw gyauhgenj caeuq Gohdaz gyauhgenj.",有，有富士的和柯达的。,zhuangyu900ju-dialogue,3362,za,zh
Gienj geijlai cienz?,多少钱一卷？,zhuangyu900ju-dialogue,3363,za,zh
"Fusw gienj cib bet maenz, Gohdaz gienj cib haj maenz.",富士18元一卷，柯达15元一卷。,zhuangyu900ju-dialogue,3364,za,zh
Gou aeu sam gienj Fusw.,要3卷富士。,zhuangyu900ju-dialogue,3365,za,zh
Gungh haj cib seiq maenz ngaenz.,一共54元。,zhuangyu900ju-dialogue,3366,za,zh
"Neix dwg haj cib seiq maenz, mwngz geqgeq.",这是54元，你数数。,zhuangyu900ju-dialogue,3367,za,zh
"Gaeuq lo, docih mwngz. Ndei byaij!",够了，谢谢你。走好！,zhuangyu900ju-dialogue,3368,za,zh
Caiq raen!,再见！,zhuangyu900ju-dialogue,3369,za,zh
"Dahyinz, mwngz miz sienggih lwi?",阿云，你有相机吗？,zhuangyu900ju-dialogue,3370,za,zh
Miz vei.,有啊。,zhuangyu900ju-dialogue,3371,za,zh
"Ngoenzcog ban dou bae youz Byacwx, mwngz ciq sienggih mwngz hawj gou yungh ngoenz ndeu ndaej lwi?",明天我们班要去游大明山，你能借你的相机给我用一夭吗？,zhuangyu900ju-dialogue,3372,za,zh
"Ndaej ha, haemmheix mwngz daeuj ranz gou aeu ba.",行啊，今天晚上你到我家来拿吧。,zhuangyu900ju-dialogue,3373,za,zh
"Ndei, gou swnhbienh bae bouqingjsiengq cawx song gienj gyauhgenj.",好，我顺便去照相馆买两卷胶卷。,zhuangyu900ju-dialogue,3374,za,zh
Mbouj yungh cawx gyauhgenj. Sienggih gou dwg sumaj sienggih.,不用买胶卷。我的相机是数码相机。,zhuangyu900ju-dialogue,3375,za,zh
Mwngz yaek youq lijgvanj ha?,您要住旅馆吗？,zhuangyu900ju-dialogue,3376,za,zh
W. Gou siengj aeu aen fuengzvunzdog. Ndaw fuengz miz maz sezbi?,嗯。我想要个单人房。房间里有什么设备？,zhuangyu900ju-dialogue,3377,za,zh
Ndaw fuengz miz densigih、gunghdiuz caeuq denva.,房间里有电视机、空调和电话。,zhuangyu900ju-dialogue,3378,za,zh
Miz veiswnghgenh caeuq raemxndat lwi?,有卫生间和热水吗？,zhuangyu900ju-dialogue,3379,za,zh
Dang'yienz miz la. Raemxndat ngeih cib seiq aen cungdaeuz cungj miz.,当然有了。热水24小时都有。,zhuangyu900ju-dialogue,3380,za,zh
"Ndei, gou youq song haemh.",好，我住两个晚上。,zhuangyu900ju-dialogue,3381,za,zh
Cingj mwngz dienz mbaw biuj neix gonq.,请您先填这张表。,zhuangyu900ju-dialogue,3382,za,zh
Gou dienz ndei lo.,我填好了。,zhuangyu900ju-dialogue,3383,za,zh
"Mwngz miz maz doxgaiq dijbauj, cmgj youq fuzvudaiz baujgvanj.",您有什么贵重的东西，请在服务台保管。,zhuangyu900ju-dialogue,3384,za,zh
Cienzat dwg geijlai?,押金是多少？,zhuangyu900ju-dialogue,3385,za,zh
"Mwngz gyau bak maenz ndaej lo. Aen fuengz mwngz youq 302 hauh, neix dwg yaekseiz.",您交100元就行了。您的房间在302号，这是钥匙。,zhuangyu900ju-dialogue,3386,za,zh
Docih mwngz lo.,谢谢您了。,zhuangyu900ju-dialogue,3387,za,zh
Mwngz miz maz saeh couh daj denva daeuj fuzvudaiz.,您有什么事就打电话到服务台。,zhuangyu900ju-dialogue,3388,za,zh
"Fuzvuyenz, gou yaek doiq fuengz, cingj gietsoq.",服务员，我要退房，请结账。,zhuangyu900ju-dialogue,3389,za,zh
Cingj caj yaep he. Hawj laeuzcaengz fuzvuyenz bae genjcaz aen fuengz mwngz gonq.,请等一下。先让楼层服务员去检查一下您的房间。,zhuangyu900ju-dialogue,3390,za,zh
"Ndaej lo. Mwngz gungh youq sam haemh, mwngz gyau sam bak maenz ba.",可以了。您一共住3天，您交300元吧。,zhuangyu900ju-dialogue,3391,za,zh
Neix dwg sam bak maenz.,这是300元。,zhuangyu900ju-dialogue,3392,za,zh
Neix dwg fazbyau caeuq cienzat. Vanhyingz mwngz baezlaeng caiq daeuj. Mwngz ndei byaij!,这是发票和押金。欢迎您下次再来。您走好！,zhuangyu900ju-dialogue,3393,za,zh
Docih mwngz lo!,谢谢您了！,zhuangyu900ju-dialogue,3394,za,zh
"Daengz seizgan gwnringz lo, raeuz caez bae gwn ba",到吃午饭的时间了，咱们一起去吃吧。,zhuangyu900ju-dialogue,3395,za,zh
Ndei ha. Bae gizlawz gwn?,好啊。去哪里吃？,zhuangyu900ju-dialogue,3396,za,zh
"Gou rox Cunghvaz Lu baihde miz aen Swconh fan'gvanj ndeu, feihdauh mbouj loek.",我知道中华路那边有一家四川饭馆，味道不错。,zhuangyu900ju-dialogue,3397,za,zh
"Byaek Swconh manh lai, gou mbouj gyaez gwn geijlai.",川菜太辣了，我不怎么喜欢吃。,zhuangyu900ju-dialogue,3398,za,zh
Gou gyaez gwn byaek Guengjdoeng.,我喜欢吃粤莱。,zhuangyu900ju-dialogue,3399,za,zh
Yienghneix raeuz bae gwn byaek Guengjdoeng ba.,那咱们就去吃粤莱吧。,zhuangyu900ju-dialogue,3400,za,zh
Sou ndei! Sou geij boux ne?,你们好！请问几位呢？,zhuangyu900ju-dialogue,3401,za,zh
Haj boux. Miz bauhsiengh lwi?,5位。有包厢吗？,zhuangyu900ju-dialogue,3402,za,zh
Miz. Cingj haeujdaeuj.,有。请进。,zhuangyu900ju-dialogue,3403,za,zh
Neix dwg danbyaek.,这是菜单。,zhuangyu900ju-dialogue,3404,za,zh
"Raeuz ngoenzneix gak boux gag diemj, bouxlawz gyaez gwn gijmaz couh diemj gijmaz, gou ok ngaenz.",咱们今天各人自己点，谁喜欢什么就点什么，我请客。,zhuangyu900ju-dialogue,3405,za,zh
Gou aeu faenh byaleix bauq ndeu.,我要一份炸鲤鱼。,zhuangyu900ju-dialogue,3406,za,zh
Gou aeu faenh byalwg cauj duhhenj ndeu.,我要一份小鱼炒黄豆。,zhuangyu900ju-dialogue,3407,za,zh
Gou aeu faenh hing'oiq cauj nohyiengz ndeu.,我要一份嫩姜炒羊肉。,zhuangyu900ju-dialogue,3408,za,zh
Gou aeu faenh nohgaeq cauj raetmoegngaex ndeu.,我要一份鸡肉炒木耳。,zhuangyu900ju-dialogue,3409,za,zh
"Ca mbouj lai lo, gou couh diemj faenh dang gyaeujbya rangzsoemj ndeu, caiq gya faenh byaekaengjgwxbohliz cauj ndeu.",差不多了，我就点一份酸笋鱼头汤，再加一份炒玻璃生菜。,zhuangyu900ju-dialogue,3410,za,zh
Aeu laeuj lwi?,要酒吗？,zhuangyu900ju-dialogue,3411,za,zh
Aeu vei! Aeu song bingz laeuj Gveilinz Sanhvah.,要啊！要两瓶桂林三花。,zhuangyu900ju-dialogue,3412,za,zh
Ndei. Sou gwn cenj caz caj yaep he.,好。你们喝杯茶等一会儿。,zhuangyu900ju-dialogue,3413,za,zh
Mwngz ndei!,您好！,zhuangyu900ju-dialogue,3414,za,zh
Mwngz ndei! Mwngz yaek cunz cienz roxnaeuz lingx cienz?,您好！您要存钱还是取钱？,zhuangyu900ju-dialogue,3415,za,zh
Gou siengj cunz cienz.,我想存钱。,zhuangyu900ju-dialogue,3416,za,zh
Mwngz cunz dinggiz roxnaeuz hozgiz?,您存定期还是活期？,zhuangyu900ju-dialogue,3417,za,zh
"Gou cunz dinggiz, cunz sam fanh maenz.",我存定期，存3万元。,zhuangyu900ju-dialogue,3418,za,zh
Cunz geij bi?,存几年？,zhuangyu900ju-dialogue,3419,za,zh
Cunz bi ndeu.,存一年。,zhuangyu900ju-dialogue,3420,za,zh
Cingj mwngz dienz mbaw cunzgvanjdanh neix gong.,请您先填写这张存款单。,zhuangyu900ju-dialogue,3421,za,zh
Gou dienz ndei lo.,我填好了。,zhuangyu900ju-dialogue,3422,za,zh
"Banh ndei lo. Neix dwg cunzcez mwngz, cingj dawz ndei.",办好了。这是您的存折，请拿好。,zhuangyu900ju-dialogue,3423,za,zh
"Danghnaeuz cunzcez gou doek bae, gou wngdang baenzlawz guh ne?",如果我的存折丢失，我该怎么办？,zhuangyu900ju-dialogue,3424,za,zh
Mwngz daeuj ngaenzhangz dou bauqsaet couh ndaej lo.,您到我们银行挂失就行了。,zhuangyu900ju-dialogue,3425,za,zh
Docih mwngz. Caiq raen!,谢谢您。再见！,zhuangyu900ju-dialogue,3426,za,zh
Caiq raen!,再见！,zhuangyu900ju-dialogue,3427,za,zh
Mwngz ndei! Gou siengj vuenh cienz.,您好！我想换钱。,zhuangyu900ju-dialogue,3428,za,zh
Vuenh gijmaz cienz?,换什么钱？,zhuangyu900ju-dialogue,3429,za,zh
Gou siengj aeu cienz meijyenz vuenh baenz yinzminzbi.,我想把美元换成人民币。,zhuangyu900ju-dialogue,3430,za,zh
Mwngz vuenh geijlai?,您换多少？,zhuangyu900ju-dialogue,3431,za,zh
Haj bak meijyenz.,500美元。,zhuangyu900ju-dialogue,3432,za,zh
Cingj mwngz dienz mbaw biuj neix.,请您填这张表。,zhuangyu900ju-dialogue,3433,za,zh
"Ngoenzneix meijyenz doiq yinzminzbi, bijgya dwg geijlai?",今天美元对人民币，比价是多少？,zhuangyu900ju-dialogue,3434,za,zh
"It meijyenz vuenh roek diemj caet maenz inzrninzbi. Gizneix dwg cienz mwngz. Gungh sam cien sam bak haj cib manz, mwngz geq yawj.",1美元换6.   7元人民币。这是您的钱，一共3350元，您数数看。,zhuangyu900ju-dialogue,3435,za,zh
Doiq lo. Gou siengj dawz song mbaw bak maenz vuenh aeu mbaw cib maenz ndaej lwi?,对了。我想把这两张100元换成10元一张可以吗？,zhuangyu900ju-dialogue,3436,za,zh
Ndaej ha.,可以啊。,zhuangyu900ju-dialogue,3437,za,zh
Docih mwngz lo.,谢谢您了。,zhuangyu900ju-dialogue,3438,za,zh
Mbouj yungh. Caiq raen!,不用。再见！,zhuangyu900ju-dialogue,3439,za,zh
Gou siengj geiq fung saenq bae Baekging.,我想寄封信去北京。,zhuangyu900ju-dialogue,3440,za,zh
Geiq bingzsaenq roxnaeuz gvaqhauhsaenq?,寄平信还是挂号信？,zhuangyu900ju-dialogue,3441,za,zh
Gvaqhauhsaenq fung geijlai cienz?,挂号信多少钱一封？,zhuangyu900ju-dialogue,3442,za,zh
Aeu yawj fungsaenq mwngz miz geijlai naek.,要看您的信有多重。,zhuangyu900ju-dialogue,3443,za,zh
Mwngz ndei!,您好！,zhuangyu900ju-dialogue,3444,za,zh
Mwngz ndei! Mwngz yaek geiq gijmaz?,你好！你要寄什么？,zhuangyu900ju-dialogue,3445,za,zh
Gou moouj geiq gijmaz. Gou siengjcawx byuksaenq caeuq youzbiuq.,我不寄什么。我想买信封和邮票。,zhuangyu900ju-dialogue,3446,za,zh
Aeu geijlai aen byuksaenq? Geijlai cienz youzbiuq?,要多少个信封？多少钱的邮票？,zhuangyu900ju-dialogue,3447,za,zh
Aeu cib aen byuksaenq caeuq ngeih cib maenz youzbiuq.,要10个信封和20元的邮票。,zhuangyu900ju-dialogue,3448,za,zh
Neix dwg cib aen byuksaeq caeuq ngeih cib maenz youzbiuq. Mwngz lij aeu gijrnaz?,这是10个信封和20元的邮票。您还要什么吗？,zhuangyu900ju-dialogue,3449,za,zh
"Yo! Dauq mingzsinben neix gig gyaeundei, dauq geijlai cienz?",哟！这套明信片很好看，多少钱一套？,zhuangyu900ju-dialogue,3450,za,zh
Dauq cib ngeih maenz.,12元一套。,zhuangyu900ju-dialogue,3451,za,zh
Gou cawx dauq ndeu.,我买一套。,zhuangyu900ju-dialogue,3452,za,zh
Mwngz gizlawz mbouj cwxcaih?,你哪里不舒服？,zhuangyu900ju-dialogue,3453,za,zh
Gou gyaeujdot、ae.,我头痛、咳嗽。,zhuangyu900ju-dialogue,3454,za,zh
Ae geij ngoenz la?,咳嗽几天了？,zhuangyu900ju-dialogue,3455,za,zh
Song ngoenz lo.,两天了。,zhuangyu900ju-dialogue,3456,za,zh
Fatndat lwi?,发烧吗？,zhuangyu900ju-dialogue,3457,za,zh
Miz di.,有点儿。,zhuangyu900ju-dialogue,3458,za,zh
Rau dijvwnh caeuq hezyaz baez he.,量一下体温和血压。,zhuangyu900ju-dialogue,3459,za,zh
"Canghyw, gou baenz gijmaz bingh la?",我得了什么病？,zhuangyu900ju-dialogue,3460,za,zh
"Mbouj youqgaenj, mwngz dwgliengz lo. Gwn di yw, lai gwn raemxgoenj, yietnaiq song sam ngoenz couh ndei lo.",不要紧，你感冒了。吃点药，多喝开水，休息两三天就好了。,zhuangyu900ju-dialogue,3461,za,zh
Yungh dajcim lwi?,用打针吗？,zhuangyu900ju-dialogue,3462,za,zh
"Mbouj yungh dajcim. Mwngz dawz mbaw clan neix bae laj laeuz gyau cienz, yienzhaeuh bae fuengzyw aeu yw.",不用打针。你拿这张单子到楼下交费，然后到药房取药。,zhuangyu900ju-dialogue,3463,za,zh
Docih mwngz lo.,谢谢你了。,zhuangyu900ju-dialogue,3464,za,zh
Neix dwg gij yw mwngz.,这是你的药。,zhuangyu900ju-dialogue,3465,za,zh
Baenzlawz gwn ne?,怎么吃呢？,zhuangyu900ju-dialogue,3466,za,zh
"Ngoenz sam baez, baez gwn song naed.",一天3次，每次吃两粒。,zhuangyu900ju-dialogue,3467,za,zh
Docih mwngz lo.,谢谢你了。,zhuangyu900ju-dialogue,3468,za,zh
Mwngz ngoenzneix bae haw lwi?,你今天去赶集吗？,zhuangyu900ju-dialogue,3469,za,zh
Bae vei! Miz maz saeh lwi?,去啊！有什么事吗？,zhuangyu900ju-dialogue,3470,za,zh
"Bang gou cawx di doxgaiq, ndaej lwi?",请帮我买点东西，可以吗？,zhuangyu900ju-dialogue,3471,za,zh
Cawx gijmaz?,买什么东西呢？,zhuangyu900ju-dialogue,3472,za,zh
Cawx diuz ien hungzmeiz ndeu.,买一条红梅香烟。,zhuangyu900ju-dialogue,3473,za,zh
Ndaej ha.,行啊。,zhuangyu900ju-dialogue,3474,za,zh
Docih mwngz lo. Neix dwg cienz.,谢谢你了。这是钱。,zhuangyu900ju-dialogue,3475,za,zh
Guh gijmaz hong?,做什么活？,zhuangyu900ju-dialogue,3476,za,zh
"Sou haeux. Mwngz daeuj bang gou, gou ngoenzlaeng bae bang mwngz.",收稻子。你来帮我，过后我去帮你。,zhuangyu900ju-dialogue,3477,za,zh
Couh yienghneix dingh lo.,就这么定了。,zhuangyu900ju-dialogue,3478,za,zh
"Ndei! Naek lai lo, cingj dawz gij saw ndaw doengjgvih okdaeuj gong.",好的！太重了，请先把抽屉里的书本拿出来。,zhuangyu900ju-dialogue,3479,za,zh
"Veq di, mienx deng bungq sieng.",请让开，免得碰伤。,zhuangyu900ju-dialogue,3480,za,zh
Mbouj youqgaenj.,不要紧。,zhuangyu900ju-dialogue,3481,za,zh
"Doiq mbouj gvaq, gou daeuj laeng lo.",对不起，我来晚了。,zhuangyu900ju-dialogue,3482,za,zh
"Mwngz guhmaz baezbaez doxiek cungj daeuj nguh a? Mwngz yawjyawj biuj, gaenq geij diemj lo?",你怎么约会老迟到啊？你看看表，都几点了？,zhuangyu900ju-dialogue,3483,za,zh
"Saedcaih doiq mbouj gvaq! Yaek roengzban seiz, lauxbanj sawqmwh heuh gou fuzyin geij faenh caizliu. Gou fuzyin liux le, okdaeuj youh raen aen danci mbouj miz heiq lo, cijndaej daj dih daeuj, mboujngeix youh deng saek ci. Mwngz naeuz boihseiz mbouj boihseiz?",实在对不起！快要下班的时候，老板忽然要我复印几份材料。我复印完了，出来又发现自行车没气了，只能坐出租车来，不巧又碰上堵车。你说倒霉不倒霉？,zhuangyu900ju-dialogue,3484,za,zh
Mwngz cungj dwg miz leix.,你总是有理。,zhuangyu900ju-dialogue,3485,za,zh
"Ndaej lo, gaej fatheiq lo, baenzlaeng gou itdingh...",好了，别生气了，下回我一定......,zhuangyu900ju-dialogue,3486,za,zh
"Baezbaez cungj ""baezlaeng baezlaeng"", baezlaeng bouxlawz lij saenq mwngz. Mwngz laihnaeuz gou miz baenzlai seizgan caj mwngz ha!",每次都”下回下回”的，下回谁还相信你呀。你以为我有那么多时间等你呀！,zhuangyu900ju-dialogue,3487,za,zh
"Yo, mwngz caij din gou lo.",哟，你踩我的脚了。,zhuangyu900ju-dialogue,3488,za,zh
"Caen doiq mbouj gvaq, gou mbouj dwg daegdingq yienghneix guh. Youqgaenj lwi?",真对不起，我不是故意的。要紧吗？,zhuangyu900ju-dialogue,3489,za,zh
Mbouj youqgaenj law.,不要紧的。,zhuangyu900ju-dialogue,3490,za,zh
Gou ra Veiz Haij sienseng.,我找韦海先生。,zhuangyu900ju-dialogue,3491,za,zh
Gizneix mbouj miz Veiz Haij sienseng.,这里没有韦海先生。,zhuangyu900ju-dialogue,3492,za,zh
Aen denva neix haumaj mbouj dwg 3262198 ha?,这部电话号码不是3262198吗？,zhuangyu900ju-dialogue,3493,za,zh
"Mbouj dwg, dwg 3261298.",不是，是3261298。,zhuangyu900ju-dialogue,3494,za,zh
"Doig mbouj gvaq, gou daj loeng denva lo.",对不起，我打错电话了。,zhuangyu900ju-dialogue,3495,za,zh
"Lauxsae, ngoenzcog dou couh yaek okbae gungh coz lo, haemhneix dou daeuj caeuq mwngz doxbiek",老师，明天我们就要出去工作了，今天晚上来跟您告别。,zhuangyu900ju-dialogue,3496,za,zh
Seizgan gvaq ndaej caen vaiq ha! Baez yaep da seiq bi couh gvaqbae lo.,时间过得真快啊！一眨眼4年就过去了。,zhuangyu900ju-dialogue,3497,za,zh
"Dwg vei, lauxsae, geij bi neix mwngz vih gyoengq dou dwgrengz lo.",是啊，老师，这几年您为了我们辛苦了。,zhuangyu900ju-dialogue,3498,za,zh
"Lauxsae, geij bi neix mwngz son hawj dou cihsiz, lij son dou guh vunz, dou ciuhvunz cungj mbouj lumz.",老师，这几年您教给我们知识，还教我们做人，我们一辈子都忘不了。,zhuangyu900ju-dialogue,3499,za,zh
Lauxsae couh lumj bohmeh dou nei.,老师就像我们的父母一样。,zhuangyu900ju-dialogue,3500,za,zh
"Raen sou maj hung baenz caiz, gou hix sim'angq ha!",看见你们成长成材，我也高兴啊！,zhuangyu900ju-dialogue,3501,za,zh
"Mbouj caeux lo, dou baema lo.",不早了，我们回去了。,zhuangyu900ju-dialogue,3502,za,zh
Gou bae soengqsoengq sou.,我去送送你们。,zhuangyu900ju-dialogue,3503,za,zh
"Lauxsae, mbouj yungh soengq lo, mwngz baema ba!",老师，不用送了，您回去吧。,zhuangyu900ju-dialogue,3504,za,zh
Cuk sou swnh raemx swnh rurnz!,祝你们一路顺风！,zhuangyu900ju-dialogue,3505,za,zh
Docih lauxsae!,谢谢老师！,zhuangyu900ju-dialogue,3506,za,zh
"Lauxlungz, baez neix gou roengz mbanj, gwn youq cungj youq ranz sou, caujfanz sou lo.",老伯，这次我下乡，吃住都在你们家，麻烦你们了。,zhuangyu900ju-dialogue,3507,za,zh
Gangj gijmaz caujfanz! Gou caeuq mwngz gangjgoj hix rox ndaej haujlai cwngcwz moq.,说什么麻烦！我跟你聊天也知道了很多新的政策。,zhuangyu900ju-dialogue,3508,za,zh
"Ngoenzlaeng mwngz miz maz saeh, couh bae yangh cwngfuj ra gou.",以后有什么事，到乡政府找我。,zhuangyu900ju-dialogue,3509,za,zh
"Ndei. Ngoenzcog mwngz couh yaek baema lo, haemhneix gou heuh yah gou loengh geij yiengh byaek, raeuz ndoet song cenj.",好。明天你就要回去了，今天晚上我让我妻子弄几个菜，咱们喝两杯。,zhuangyu900ju-dialogue,3510,za,zh
"Docih mwngz, mbouj yungh bofei lo.",谢谢您，不用破费了。,zhuangyu900ju-dialogue,3511,za,zh
Bofei gijmaz! Bit gaeq byaekheu cungj dwg gag ciengx gag ndaem.,破费什么！鸡鸭青菜都是自养自种。,zhuangyu900ju-dialogue,3512,za,zh
Miz sam ae.,有三个男人,zhuang_dictionary,3513,za,zh
Dah neix aeng lai.,这女孩作风轻佻。,zhuang_dictionary,3514,za,zh
Aeyo! In raixcaix.,哎哟！痛得很。,zhuang_dictionary,3515,za,zh
De ngoenzneix aiq mbouj daeuj lo.,他今天也许不来了。,zhuang_dictionary,3516,za,zh
"Mbouj raek liengj bae, ajlah fwn doek yaek baenzlawz guh?",不带伞去，万一下雨怎么办？,zhuang_dictionary,3517,za,zh
Dawz aen gihgi neix an ndei dwk.,把这台机器安装好。,zhuang_dictionary,3518,za,zh
Angj buh moq hawj vunz yawj.,炫耀新衣服给人家看。,zhuang_dictionary,3519,za,zh
Gou annaeuz de bae hagdangz lo.,我以为他上学校去了。,zhuang_dictionary,3520,za,zh
Gienh saeh neix gou auq yawj guh ndaej baenz lwi.,这件事我试试看做得不做得。,zhuang_dictionary,3521,za,zh
Hanh biu lo.,冒汗了。,zhuang_dictionary,3522,za,zh
"Ngoenzlwenz gangj ndei lo, ngoenzneix caiq boekbyonj.",昨天已经讲好了，今天又反悔。,zhuang_dictionary,3523,za,zh
Boemz vaih bae aen bingz ndeu.,摔破了一个瓶子。,zhuang_dictionary,3524,za,zh
Boemz youq gwnz daiz.,伏在桌子上。,zhuang_dictionary,3525,za,zh
Boengh maknganx neix miz haj gaen naek.,这束龙眼果有五斤重。,zhuang_dictionary,3526,za,zh
Lwgnyez boenz namh.,小孩玩弄泥巴。,zhuang_dictionary,3527,za,zh
Gaej youq boihlaeng gangj vunz.,别在背后议论人家。,zhuang_dictionary,3528,za,zh
Aen mauh deng rumz bongj bae lo.,帽子被风刮走了。,zhuang_dictionary,3529,za,zh
"Bonjdaeng dwg de bae, hoeng de mbouj bae.",本来应该是他去，但是他不去。,zhuang_dictionary,3530,za,zh
Ndaek vunz neix bou lai.,这个人太无能了。,zhuang_dictionary,3531,za,zh
Aen lauxbaeg neix bou lo.,这个萝卜空心了。,zhuang_dictionary,3532,za,zh
Sam bouq loh.,三十里路。,zhuang_dictionary,3533,za,zh
Daj gizneix buq gvaqbae.,从这里取捷径走过去。,zhuang_dictionary,3534,za,zh
"Gvaq youz mboujcaengz hawq, gaej bungq deng bw!",油漆未干，别碰着啵！,zhuang_dictionary,3535,za,zh
"Mbwn ndat lai, byaengq buh bae.",天气太热了，解开衣服扣子。,zhuang_dictionary,3536,za,zh
De byaeu lo.,他完蛋了。,zhuang_dictionary,3537,za,zh
Laeuj byaq.,酒走气,zhuang_dictionary,3538,za,zh
Gaeqlwg byoeng okdaeuj lu.,鸡仔脱壳而出了。,zhuang_dictionary,3539,za,zh
Mbatneix byoeng lo.,这次完蛋了。,zhuang_dictionary,3540,za,zh
Ciengz byoengq lo.,墙穿窟窿了。,zhuang_dictionary,3541,za,zh
Diuz buh mwngz daenj byonj lo.,你穿反了衣服。,zhuang_dictionary,3542,za,zh
Aen ndoengj bywnz liux lo.,簸箕的边沿破了。,zhuang_dictionary,3543,za,zh
"Cih saw neix sij ndaej mbouj hab, ca bae.",这个字写得不对，删掉。,zhuang_dictionary,3544,za,zh
"Gou caeuq mwngz beij, ca ndaej gyae lo.",我和你比，差得远了。,zhuang_dictionary,3545,za,zh
Cauj lwgmanh cad yaek dai.,炒辣椒呛得很难受。,zhuang_dictionary,3546,za,zh
"Laeq lwgnyez meix doek roengz dah bae, caeklaiq miz vunz gouq. mbouj ne, dai lo.",这孩子掉下河去，幸亏有人救，否则就死了。,zhuang_dictionary,3547,za,zh
Aen ruz caem roengz haij bae lo.,船沉下海底去了。,zhuang_dictionary,3548,za,zh
Aen daeng neix youz yaek liux lo. caem di youz roengz bae.,这盏灯油快完了，加点油下去。,zhuang_dictionary,3549,za,zh
Bingh de caem lo.,他病危了。,zhuang_dictionary,3550,za,zh
Diuz rap neix caem lai.,这担子很重。,zhuang_dictionary,3551,za,zh
Mwngz caeuq de caemh bi.,你和他同年。,zhuang_dictionary,3552,za,zh
Gou caemh bae.,我也去。,zhuang_dictionary,3553,za,zh
"Haxbaenh cauzhuhu, lauxsae baez daeuj couh caemrwd.",刚才嘈哄哄，老师一来，就安静下来了。,zhuang_dictionary,3554,za,zh
Sou guh hong caen roengzrengz.,你们做工真起劲。,zhuang_dictionary,3555,za,zh
Aeu aen caen bae coux laeuj.,要樽去盛酒。,zhuang_dictionary,3556,za,zh
"Saej mou saedcaih raeuz, rox cawj caengh baenz gwn.",猪肠实在滑，会煮才好吃。,zhuang_dictionary,3557,za,zh
Yungh mbouj caenh.,用不尽。,zhuang_dictionary,3558,za,zh
Caenh rengz guh hong.,尽力工作。,zhuang_dictionary,3559,za,zh
Mwngz gaej caenhrox couh de.,你别一味迁就他。,zhuang_dictionary,3560,za,zh
Caenx haeujbae yawj.,挤进去看。,zhuang_dictionary,3561,za,zh
Aen ranz neix vunz youq caenx lai.,这房子人住得太挤了。,zhuang_dictionary,3562,za,zh
Gij byaek neix caepcatcat mbouj ndei gwn.,这些菜冷冷的，不好吃。,zhuang_dictionary,3563,za,zh
Laeq lwgnyez neix caen mbouj rox caepndat.,这孩子真不知好歹。,zhuang_dictionary,3564,za,zh
Aeu caet daeuj caet daiz.,拿漆来漆桌子。,zhuang_dictionary,3565,za,zh
De caetneix mbouj youq ranz.,他现在不在家。,zhuang_dictionary,3566,za,zh
Vunz daeuj caez lo.,人来齐了。,zhuang_dictionary,3567,za,zh
"Caih de baenzlawz gangj, raeuz gaej leix de.",随便他怎样讲，我们别理他。,zhuang_dictionary,3568,za,zh
"Ngoenzneix ra mbouj raen, ngoenzcog caiq daeuj ra.",今天找不见，明天再来找。,zhuang_dictionary,3569,za,zh
Camhcej gaejbah bae.,暂且别忙去。,zhuang_dictionary,3570,za,zh
Aeu camj daeuj camj gaeq.,拿鸡罩来罩鸡。,zhuang_dictionary,3571,za,zh
Caizcawj gwn canz cij hawj bouxhoiq gwn.,财主吃剩的残余才给奴仆吃。,zhuang_dictionary,3572,za,zh
De gwn mwngz catsaij lo.,他吃你的空子了。,zhuang_dictionary,3573,za,zh
Mwngz gaej cau gou.,你别打扰我。,zhuang_dictionary,3574,za,zh
Caujfanz mwngz lo.,打扰你了。,zhuang_dictionary,3575,za,zh
Yinzminz danggya guh cawj.,人民当家做主。,zhuang_dictionary,3576,za,zh
Daej song cawx vanj.,今天我上街买了二十个碗。,zhuang_dictionary,3577,za,zh
It bi miz seiq cawz.,一年有四季。,zhuang_dictionary,3578,za,zh
Gij haeux neix ndaem daiq cax lai.,这秧插得太稀了。,zhuang_dictionary,3579,za,zh
Meh vaiz neix roengz lwg cax lai.,这头母牛生仔次数间隔时间太长。,zhuang_dictionary,3580,za,zh
Aen ndoeng neix faex caxcadcad.,这片山林树木稀稀疏疏的。,zhuang_dictionary,3581,za,zh
Ce!Gaej doeng loengh sae loengh.,啐！别东搞西搞。,zhuang_dictionary,3582,za,zh
Ce aen mak hawj daegnuengx gwn.,留一个果子给弟弟吃。,zhuang_dictionary,3583,za,zh
Faq ciengz neix ceg lo.,这堵墙裂开了。,zhuang_dictionary,3584,za,zh
Aen ranz neix ceiq ndei.,这间房子最好。,zhuang_dictionary,3585,za,zh
Aen fuengz neix cek iai.,这间房子很窄,zhuang_dictionary,3586,za,zh
Cengq fan naeng vaiz neix bae dak.,撑开这张牛皮拿去晒。,zhuang_dictionary,3587,za,zh
"Gwn daiq lai, cengq dwk dungx yaek dek.",吃得太多，撑得肚子快要裂开了。,zhuang_dictionary,3588,za,zh
"Rap ndaej geij lai suenq geij lai, gaej cengqgengz.",挑得多少算多少，不要勉强支撑。,zhuang_dictionary,3589,za,zh
Raemx cenj lai.,水很浅。,zhuang_dictionary,3590,za,zh
"Ngoenz gwn hong mbouj guh, cet gwnz cet laj.",每天吃饭不做工，东游西荡。,zhuang_dictionary,3591,za,zh
Rumz baek ci oo.,北风呼呼地吹。,zhuang_dictionary,3592,za,zh
Mwngz guh ndaej daiq cied lo.,你做得太绝了。,zhuang_dictionary,3593,za,zh
Gienh saeh neix de guh ndaej daiq ciedcingz lo.,这件事他做得太绝情了。,zhuang_dictionary,3594,za,zh
Lau dwk dungx cieg bae.,害怕得肝胆破裂。,zhuang_dictionary,3595,za,zh
Cieng daengz lo.,春节到了。,zhuang_dictionary,3596,za,zh
Cingj mwngz cienq gvaq baih neix daeuj.,请你转过这边来。,zhuang_dictionary,3597,za,zh
Gij neix dwg cienzrom.,这是攒下来的钱。,zhuang_dictionary,3598,za,zh
"De gig gaenx, ciep ndaej boh de.",他很勤，很象他爸爸。,zhuang_dictionary,3599,za,zh
"Guh daengz ngoenzneix cij, ngoenzcog mbouj guh lo.",做到今天为止，明天不做了。,zhuang_dictionary,3600,za,zh
Yienghneix guh cij ndaej.,这样做才行。,zhuang_dictionary,3601,za,zh
"Raeuz cijaeu roengzrengz guh hong, bineix itdingh demsou.",只要我们努力生产，今年一定能增产。,zhuang_dictionary,3602,za,zh
Cijnaeuz heuh mwngz bae haihoih? Mwngz vih maz lij youq gizneix?,不是说叫你去开会吗？,zhuang_dictionary,3603,za,zh
"Mbwn yaek laep lo, Liuz Vaz cijndei umj yiengzlwg baema ranz.",天将黑了，刘华只好抱着小羊儿回家。,zhuang_dictionary,3604,za,zh
Aeu cik daeuj rau baengz.,要尺子来量布。,zhuang_dictionary,3605,za,zh
Gangj vah mbouj miz cikconq.,讲话没有分寸。,zhuang_dictionary,3606,za,zh
"Mwngz cimz yawj, gij byaek neix ndei gwn lwi?",你尝看，这菜好吃吗？,zhuang_dictionary,3607,za,zh
De seizneix cingq doeg saw.,他现在正读书。,zhuang_dictionary,3608,za,zh
Boux vunz neix cingqging.,这个人端庄正派。,zhuang_dictionary,3609,za,zh
Haemhneix ronghndwen cingxdikdik.,今夜月光皎洁。,zhuang_dictionary,3610,za,zh
Bineix haeux beij bi'gvaq demsou song cingz.,今年粮食比去年增收两成。,zhuang_dictionary,3611,za,zh
Gimq cit feiz coemh ndoeng.,禁止放火烧山林。,zhuang_dictionary,3612,za,zh
Vanj byaek neix citcangcang.,这碗菜淡淡的。,zhuang_dictionary,3613,za,zh
Mwngz miz maz citgeiz!,你有什么了不起！,zhuang_dictionary,3614,za,zh
Gij doxgaiq neix miz gijmaz citgeiz?,这些东西有什么希罕？,zhuang_dictionary,3615,za,zh
Aen rek neix fong cib ciuq.,这个锅补了十个补疤。,zhuang_dictionary,3616,za,zh
Gijvax neix roh song ciuq.,这瓦漏了两个洞。,zhuang_dictionary,3617,za,zh
Dah neix cix lai.,这女孩很轻佻。,zhuang_dictionary,3618,za,zh
Mwngz gaej cix lai.,你不要逞能。,zhuang_dictionary,3619,za,zh
"Vunz cungj bae youz liux lo, de cix youq ranz yawj saw.",别人都去玩了，他却在家看书。,zhuang_dictionary,3620,za,zh
"Danghnaeuz mwngz bae, gou cix mbouj bae lo.",假若你去，我就不去了。,zhuang_dictionary,3621,za,zh
"De hoj cixbah, vanzlij deng feiz remj ranz dem.",他穷还不算，而且被火烧房子。,zhuang_dictionary,3622,za,zh
De mbouj daeuj cixliux.,他不来就算了。,zhuang_dictionary,3623,za,zh
Veh diuz sienqneix ciz lo.,这条线划斜了。,zhuang_dictionary,3624,za,zh
Dawz di haeux neix coeg hau bae.,把这点米舂白,zhuang_dictionary,3625,za,zh
Mbouj ndaej coeg gyaeuj lwgayez.,不能敲小孩的头。,zhuang_dictionary,3626,za,zh
"Dizyinz daengz Yenzanh seiz, ra mbouj raen saek boux vunz, gyoengqde coemjhoengq lo!",敌人到延安时，找不到任何一个人，他们扑空了。,zhuang_dictionary,3627,za,zh
Gij coh mwngz heuh maz?,你的名字叫什么？,zhuang_dictionary,3628,za,zh
"Buh lig lo, noh conh ok daeuj lo.",衣服破了，肌肉露出来了。,zhuang_dictionary,3629,za,zh
Raeuz conj bae hai hoih.,我们全体去开会。,zhuang_dictionary,3630,za,zh
Haemhneix gou bae coq raemx naz.,今晚我去灌田水。,zhuang_dictionary,3631,za,zh
Seizneix gou couh bae.,现在我就去。,zhuang_dictionary,3632,za,zh
Mwngz gaej couh de.,你不要迁就他。,zhuang_dictionary,3633,za,zh
De couhdwg baengz youx gou.,他就是我的朋友。,zhuang_dictionary,3634,za,zh
De lij coz.,他还年轻。,zhuang_dictionary,3635,za,zh
Aeu ceij daeuj cumh dangz.,用纸来包糖。,zhuang_dictionary,3636,za,zh
"Raemx ndat lai, cung di raemx caep roengzbae.",水太热了，冲点冷水下去。,zhuang_dictionary,3637,za,zh
"Gangj vah unqswnh di, gaej cungcangh vunz.",讲话要和霭些，不要得罪人。,zhuang_dictionary,3638,za,zh
Iz cungj.,样样都齐全。,zhuang_dictionary,3639,za,zh
Cungj.,他家生产工具样样都齐全。,zhuang_dictionary,3640,za,zh
Gyoengqde cungj dwg hagseng.,他们都是学生。,zhuang_dictionary,3641,za,zh
Ndang mbouj cwxcaih.,身体不舒服。,zhuang_dictionary,3642,za,zh
Mwngz bae gizlawz da?,你去哪里呢？,zhuang_dictionary,3643,za,zh
Dawz gij cien neix daeb hwnj daeuj.,把这些砖叠起来。,zhuang_dictionary,3644,za,zh
—— [honghlaj] ) lai daeg lwg?,你有多少个男孩？,zhuang_dictionary,3645,za,zh
Song daeg lwg de gig gaenx.,他的两个儿子都很勤。,zhuang_dictionary,3646,za,zh
Gou daegbied ndiepgyaez gyoengqde.,我特别喜爱他们。,zhuang_dictionary,3647,za,zh
De ngoenzlwenz daegdaengq daeuj yawj mwngz.,他昨天特地来看望你。,zhuang_dictionary,3648,za,zh
"Mwngz ndei gvaq gou, gou mbouj daemx mwngz.",你比我好，我赶不上你。,zhuang_dictionary,3649,za,zh
"Ndaw loz miz bingz, gaej yunghrengz daengh roengz namh bae.",箩筐里有瓶子，不要使劲往地上蹾。,zhuang_dictionary,3650,za,zh
Dawz diuz faex daengh haeuj ndaw congh bae.,把棍子往洞里戳。,zhuang_dictionary,3651,za,zh
Gou daengh mbouj hwnj mwngz.,我配不上你。,zhuang_dictionary,3652,za,zh
Duz mou daengh gwn daengh gwn mok.,猪大口大口地吃潲,zhuang_dictionary,3653,za,zh
Bya daengjbyoengbyoeng.,群山林立。,zhuang_dictionary,3654,za,zh
Mbouj ndaej daengjneix guh.,不能这样做。,zhuang_dictionary,3655,za,zh
Daengxcungq gunghyinz cungj roengzrengz.,全体工人都努力。,zhuang_dictionary,3656,za,zh
Dawz gienh saehcingz neix hawj daengxgyoengq lwnh yawj.,把这件事交给众人讨论。,zhuang_dictionary,3657,za,zh
"Daep mou saedcaih lawx, rox cawj daengz baenz gwn.",猪肝实在滑，会煮才好吃。,zhuang_dictionary,3658,za,zh
Guh gijmaz saeh aeu guh daengzdaej.,做什么事要做彻底。,zhuang_dictionary,3659,za,zh
"Gangj vah aeu miz saedsaeh, mbouj ndaej daengzseng gangj.",讲话要有事实，不能凭空乱讲。,zhuang_dictionary,3660,za,zh
Daet loh neix hoj byaij lai.,这段路很难走。,zhuang_dictionary,3661,za,zh
Gangj vah gaej gangj daiq daeuq lai.,说话不要说得太过火。,zhuang_dictionary,3662,za,zh
De baezbaez cungj daeuj daih daeuz.,他每次都先到。,zhuang_dictionary,3663,za,zh
Ra mbouj raen daeuzloh.,找不到门路。,zhuang_dictionary,3664,za,zh
Mwngz bae yiengq de daeuzsae.,你去向他请教。,zhuang_dictionary,3665,za,zh
Gaeg－ [honghlaj] ) dahoengz vunz.,你不要妒忌别人。,zhuang_dictionary,3666,za,zh
Ngoenzcog gou bae dahraix.,明天我真的去。,zhuang_dictionary,3667,za,zh
De gig daihliengh.,他很慷慨。,zhuang_dictionary,3668,za,zh
Ciengz denyingj neix daiq ndei yawj lo.,这场电影太好看了。,zhuang_dictionary,3669,za,zh
De miz daixbaj saw.,他有很多书。,zhuang_dictionary,3670,za,zh
Daj geij lai gyacienz?,打多少价钱？,zhuang_dictionary,3671,za,zh
Gou daj Baekging daeuj.,我从北京来。,zhuang_dictionary,3672,za,zh
De youq giz haenx dajdek.,他在那里神气十足地坐着。,zhuang_dictionary,3673,za,zh
Ngoenzneix mwngz dajsuenq guh gijmaz?,今天你打算做什么？,zhuang_dictionary,3674,za,zh
"Lauxsae gangj, de dingq mbouj rox, dalaep yaek dai.",老师讲，他听不懂，不感兴趣。,zhuang_dictionary,3675,za,zh
Diuz dah neix song henz dan gig gvangq.,这条河两岸沙滩宽广。,zhuang_dictionary,3676,za,zh
Dan di hawj de.,摊一点给他。,zhuang_dictionary,3677,za,zh
De dan miz geu buh ndeu.,他只有一件衣服。,zhuang_dictionary,3678,za,zh
Canghyw hai dan.,医生开处方。,zhuang_dictionary,3679,za,zh
De miz danaj lai.,他很有面子。,zhuang_dictionary,3680,za,zh
Dandog de youq ranz.,单独他一个人在家。,zhuang_dictionary,3681,za,zh
"De angq ciengq go, dandwg ciengq mbouj ndei dingq.",他爱唱歌，但是唱得不好听。,zhuang_dictionary,3682,za,zh
De dang lauxsae.,他当老师。,zhuang_dictionary,3683,za,zh
Miz vah dangnaj gangj cingcuj.,有话当面说清楚。,zhuang_dictionary,3684,za,zh
Cenj laeuj dangq cenj caz.,酒杯当作茶杯。,zhuang_dictionary,3685,za,zh
Gou bae dangq mwngz bae.,我去等于你去。,zhuang_dictionary,3686,za,zh
De angq dangqmaz.,他非常高兴。,zhuang_dictionary,3687,za,zh
"Mwngz bae gai, danxsaeh cawx di byaek ndeu ma ndaej lo.",你上街，随便买点菜回来就行了。,zhuang_dictionary,3688,za,zh
De angq danz gimz.,他爱弹琴。,zhuang_dictionary,3689,za,zh
"Lauxsae gauj suyoz, de cungj dap deng lo.",老师考数学，他都答对了。,zhuang_dictionary,3690,za,zh
"Bat raemx neix gaej raix liux bae, dauh di youq ndaw de.",这盆水不要倒光，留一点在里面。,zhuang_dictionary,3691,za,zh
"De youq gizhaenx doeg saw, mwngz gaej bae dauj de.",他在那里读书，你不要去捣乱。,zhuang_dictionary,3692,za,zh
Cingj mwngz dauqcungz gangj baez ndeu.,请你重新讲一次。,zhuang_dictionary,3693,za,zh
Yienghneix guh dauqfanj ndei.,这样做反而好。,zhuang_dictionary,3694,za,zh
Giceh dawj lumq ciengz.,汽车撞倒了墙壁。,zhuang_dictionary,3695,za,zh
Feiz dawz lo.,火着了。,zhuang_dictionary,3696,za,zh
Go makbug dawz mak lo.,柚子树结果子了。,zhuang_dictionary,3697,za,zh
Vunz gangj mwngz cungj mbouj dawzhaeujrwz.,别人讲你都不注意。,zhuang_dictionary,3698,za,zh
Dax mwngz guh ndaej baenz!,赌你做得成！,zhuang_dictionary,3699,za,zh
Gaeu daz hwnj faex bae lo.,藤攀廷上树去了。,zhuang_dictionary,3700,za,zh
Miz den bw! Fwngz gaej luenh dek.,有电！手不要乱动！,zhuang_dictionary,3701,za,zh
Naz dek lo.,田干裂了。,zhuang_dictionary,3702,za,zh
"Daeng youz noix lo, dem di roengz bae.",灯里的油少了，添一点下去。,zhuang_dictionary,3703,za,zh
Caiq aeu aen dem.,再要一个。,zhuang_dictionary,3704,za,zh
Haemhneix gou bae demq nyaenmak.,今晚我去伺捕果子狸。,zhuang_dictionary,3705,za,zh
Mwngz gangj deng lo.,你讲对了。,zhuang_dictionary,3706,za,zh
Mwngz nyingz deng lo.,你射中了。,zhuang_dictionary,3707,za,zh
Aeu saux dengh makbug.,拿竹竿捅柚子。,zhuang_dictionary,3708,za,zh
Dengi ancang aeu hableix.,电器安装要合理。,zhuang_dictionary,3709,za,zh
Dawz oen deu okdaeuj.,把刺挑出来。,zhuang_dictionary,3710,za,zh
Dawz faex deuq gij nyapnyaj neix bae.,用木棍把垃圾拨走。,zhuang_dictionary,3711,za,zh
Di neix hawj mwngz.,这点是给你的。,zhuang_dictionary,3712,za,zh
"Bya haeuj saeng lo, vaiq diem ha!",鱼进罾了，快提起来呀！,zhuang_dictionary,3713,za,zh
Maxlwg diem daez naj.,小马抬起前脚。,zhuang_dictionary,3714,za,zh
Haemhneix mwngz bae diemj bya lwi?,今晚你去捕鱼吗？,zhuang_dictionary,3715,za,zh
Gaej－ [honghlaj] ) lai diemj cung lo?,几点钟了？,zhuang_dictionary,3716,za,zh
Diemq duz moulangz neix ma guh cungj.,留这隻公猪来做种。,zhuang_dictionary,3717,za,zh
Gij dangzrwi neix diemzwk bae.,这些蜂蜜甜味根浓。,zhuang_dictionary,3718,za,zh
Dienz namh roengz ndaw gumz bae.,把土填到坑里去。,zhuang_dictionary,3719,za,zh
Veijda dih Cunghgoz Gungcanjdangj fanhbi!,伟大的中国共产党万岁！,zhuang_dictionary,3720,za,zh
Aen ci neix dij geijlai cienz?,这部车值多少钱？,zhuang_dictionary,3721,za,zh
Gij doxgaiq neix dijbauj lai.,这件东西很贵重。,zhuang_dictionary,3722,za,zh
Aeu rin dimz ndei.,用石头压好。,zhuang_dictionary,3723,za,zh
De dinghdingh yawj aen swx de.,他定定地看着那个小篮子。,zhuang_dictionary,3724,za,zh
"Faj ciengz neix yaek doemq lo, vaiq aeu faex daeuj dingj.",这幅墙要倒了，快拿木头来顶住。,zhuang_dictionary,3725,za,zh
Guh gijmaz de cungj ngah dingjbanj.,做什么事他都爱顶牛。,zhuang_dictionary,3726,za,zh
De bae guh houg dingxlo.,他大概去做工了吧！,zhuang_dictionary,3727,za,zh
Dingz vunz neix mbouj gangj dauhlaex.,这种人不讲道理。,zhuang_dictionary,3728,za,zh
Mwngz dingzbak gaej gangj vah!,你住口不要讲话！,zhuang_dictionary,3729,za,zh
Mwngz dingzfwngz gaej luenh doengh!,你住手，不要乱动！,zhuang_dictionary,3730,za,zh
Raemx dinj lai.,水很浅。,zhuang_dictionary,3731,za,zh
Miz sam meh dinningq daeuj lo.,有三个小脚女人来了。,zhuang_dictionary,3732,za,zh
"Daengz ringz lo, vaiq dinq byaek cawj lo.",午饭时间到了，快摘菜来煮。,zhuang_dictionary,3733,za,zh
Naeng faex dinx lo.,树皮裂开了。,zhuang_dictionary,3734,za,zh
Guh hong gaej doeng diu sae diu.,做工作不要挑来选去的。,zhuang_dictionary,3735,za,zh
Vahcuengh miz bet aen diuh.,壮语有八个声调。,zhuang_dictionary,3736,za,zh
Meh neix diuq geij gvan lo.,这个妇女离过几次婚了。,zhuang_dictionary,3737,za,zh
De daeuj ndaej diuz lai.,他来得很凑巧。,zhuang_dictionary,3738,za,zh
Gij yw neix gwn ndaej diuz.,这药吃了有效验。,zhuang_dictionary,3739,za,zh
Gij baengz neix doek gyaq lo.,这种布降价了。,zhuang_dictionary,3740,za,zh
Hanh youq song ndwen doekndaw guhbaenz.,限于两个月以内完成。,zhuang_dictionary,3741,za,zh
Aen ranz neix doemq lo.,这座房子倒塌了。,zhuang_dictionary,3742,za,zh
Doengh naz neix gig ndei.,这垌田很好。,zhuang_dictionary,3743,za,zh
Doengh bonj saw neix ndei raixcaix.,这些书很好。,zhuang_dictionary,3744,za,zh
Mbouj miz saek di doenghdanh.,没有一点动静。,zhuang_dictionary,3745,za,zh
Aeu saux doengj makbug.,拿竹竿捅柚子。,zhuang_dictionary,3746,za,zh
Doenq cienz ngaenz vunz.,侵吞别人财产。,zhuang_dictionary,3747,za,zh
Doenq aen ranz ok daeuj.,腾一间房子出来。,zhuang_dictionary,3748,za,zh
Dawz aen daiz doenq laeng di.,把桌子往后移点。,zhuang_dictionary,3749,za,zh
"Ngamqngamq dog deng de, de couh laemx lo.",只是轻轻地碰了他一下，他就倒下去了。,zhuang_dictionary,3750,za,zh
Byaij doh daengx guek.,走遍全国各地。,zhuang_dictionary,3751,za,zh
Aen cenj neix dwg doh gou.,这只杯子是我的。,zhuang_dictionary,3752,za,zh
Raemxrongz doiq lo.,洪水下降了。,zhuang_dictionary,3753,za,zh
Gij byaek neix ndaem ndaej doiqhaw lo.,这些菜种得一圩了。,zhuang_dictionary,3754,za,zh
Gou doj mwngz gamj benz hwnj dingj faex bae.,我赌你敢爬到树顶上去。,zhuang_dictionary,3755,za,zh
Aeu saux dongj makbug.,拿竹竿捅柚子。,zhuang_dictionary,3756,za,zh
Raen vunz aeu dongx.,见人要打招呼。,zhuang_dictionary,3757,za,zh
Guh gijmaz hong gaej guh daengz donh couh vut.,做什么工作，不要半途而废。,zhuang_dictionary,3758,za,zh
Ngoenz gwn sam donq haeux.,一天吃三餐饭。,zhuang_dictionary,3759,za,zh
De bouxboux doq mbouj saenq.,他人人都不信。,zhuang_dictionary,3760,za,zh
Mwngz gaej dosaeh lai!,你别多事。,zhuang_dictionary,3761,za,zh
Duz roeg douh youq gwnz faex.,鸟儿在树上栖息。,zhuang_dictionary,3762,za,zh
Gaej hawj nengznyaen douh vanj.,不要让苍蝇爬碗。,zhuang_dictionary,3763,za,zh
"Gou byaij dox- hwnj, mwngz byaij dox- roengz.",我往上走，你往下走。,zhuang_dictionary,3764,za,zh
Doxcanj bae dang bing.,踊跃去参军。,zhuang_dictionary,3765,za,zh
Song gyaeuj cungj doxdaengh.,两头平衡。,zhuang_dictionary,3766,za,zh
Song boux de gig doxdaengh.,他俩很相称。,zhuang_dictionary,3767,za,zh
Dawz song diuz cag doxdam hwnj daeuj.,把两条绳子连接起来。,zhuang_dictionary,3768,za,zh
Doxdam byaij okbae.,一个跟着一个地走出去。,zhuang_dictionary,3769,za,zh
Song boux raeuz doxdiem daem haeux.,我们两个轮流舂米。,zhuang_dictionary,3770,za,zh
Gou mbouj caeuq de doxhoenx.,我不和他打架。,zhuang_dictionary,3771,za,zh
Song boux de doxngamj raixcaix.,他们两人意气相投。,zhuang_dictionary,3772,za,zh
Song boux de doxraen lo.,他们俩人见面了。,zhuang_dictionary,3773,za,zh
Byaij doxroengz.,往下走。,zhuang_dictionary,3774,za,zh
Naj de du lai.,他脸上尽是疙瘩。,zhuang_dictionary,3775,za,zh
Duenz duenz yawj ndaw neix miz geijlai aen.,猜猜看这里面有多少个？,zhuang_dictionary,3776,za,zh
Bonj saw neix duh gou.,这本书是我的。,zhuang_dictionary,3777,za,zh
Sou dwg dujva guekcoj.,你们是祖国的花朵。,zhuang_dictionary,3778,za,zh
De dumdeng daeuj.,他突然来。,zhuang_dictionary,3779,za,zh
Raemxdah dumh lo.,河水涨了。,zhuang_dictionary,3780,za,zh
Raemx dumx gvaq dingj couh ndaej lo.,水没过面就行了。,zhuang_dictionary,3781,za,zh
Aeu saux dungj makbug.,拿竹竿捅柚子。,zhuang_dictionary,3782,za,zh
"Gwn byaeksoemj daiq lai, dungxgaet raixcaix.",吃酸菜太多，肚子饿得很厉害。,zhuang_dictionary,3783,za,zh
De dungxsaej ak.,他很有学问。,zhuang_dictionary,3784,za,zh
Dw hwnj de bae.,赶上他。,zhuang_dictionary,3785,za,zh
Gienh saeh neix gaej dwen lo.,这件事别提了。,zhuang_dictionary,3786,za,zh
Boux vunz neix caen dwgcaengz.,这个人真可憎。,zhuang_dictionary,3787,za,zh
Boux vunz neix caen dwghaemz lai lo!,这个人真可恨。,zhuang_dictionary,3788,za,zh
Aeu nywj dwk vaiz.,拿青草喂牛。,zhuang_dictionary,3789,za,zh
Dwkdaengz ngoenzneix de cij ma.,直到今天他才回来。,zhuang_dictionary,3790,za,zh
"Dang di faenh cai e ndeu, cungj vifung dangqmaz.",当一份小差事，却威风不得了。,zhuang_dictionary,3791,za,zh
Coenz vah neix dwg maz eiqsei?,这句话是什么意思？,zhuang_dictionary,3792,za,zh
De mbouj eiqseiq.,他不好意思。,zhuang_dictionary,3793,za,zh
Yawj gaiq neix miz maz eiqseiq?,看这些东西有什么意思？,zhuang_dictionary,3794,za,zh
Euj diuz oij neix guh baenz song donh.,把这条甘蔗折成两段,zhuang_dictionary,3795,za,zh
"Mingzmingz mbouj deng, de lij euqmanz.",明明不对，他还强词夺理。,zhuang_dictionary,3796,za,zh
Mwngz gaej euqmengx lo!,你别强辩了！,zhuang_dictionary,3797,za,zh
Faen baenz geij faenh?,分成几份？,zhuang_dictionary,3798,za,zh
De baenz ngoenz bae faengz sau.,他整天去恋情人。,zhuang_dictionary,3799,za,zh
Mwngz miz faenh lwi?,你有份吗？,zhuang_dictionary,3800,za,zh
Mwngz gaej daeuj ra gou faeqheiq!,你别来找我的麻烦！,zhuang_dictionary,3801,za,zh
Raeuz fanjdui gij vunz fag gwn gik guh hong haenx.,我们反对那些只会吃懒做工的人。,zhuang_dictionary,3802,za,zh
Swiq faj naj mwngz.,洗你那张脸。,zhuang_dictionary,3803,za,zh
Da fangz lo.,眼瞎了。,zhuang_dictionary,3804,za,zh
"Couhcinj de ndei fanhdien, caemh mbouj beij bohmeh ndei.",就算她非常好，也不比父母好。,zhuang_dictionary,3805,za,zh
Dawz gij doxgaiq neix fat hawj caezgya.,把这些东西分发给大家。,zhuang_dictionary,3806,za,zh
Raemx feuz lai.,水很浅。,zhuang_dictionary,3807,za,zh
Naj foeg lo.,脸肿了。,zhuang_dictionary,3808,za,zh
Faj naj de foegfouz.,他的脸浮肿。,zhuang_dictionary,3809,za,zh
Foengq maknganx neix miz haj gaen naek.,这束龙眼果有五斤重。,zhuang_dictionary,3810,za,zh
Mwngz bae fueng lawz?,你去哪一方？,zhuang_dictionary,3811,za,zh
Heiq fwi lo.,蒸气冒上来了。,zhuang_dictionary,3812,za,zh
Bineix fwnraemx cuk.,今年雨水充足。,zhuang_dictionary,3813,za,zh
De fwt riu lo.,他突然笑了。,zhuang_dictionary,3814,za,zh
Aen fuengz neix gaeb lai.,这间房子很窄。,zhuang_dictionary,3815,za,zh
De gaenbonj guh mbouj deng saek di.,他做的根本不对。,zhuang_dictionary,3816,za,zh
De gaenq bae lu.,他已经去了。,zhuang_dictionary,3817,za,zh
Gij caeg neix gaenzgaeq youq henz mbanj raeuz.,这些土匪潜伏在咱们的村边。,zhuang_dictionary,3818,za,zh
Gij raemxndaengq neix gaet lai.,这碱水腐蚀性大。,zhuang_dictionary,3819,za,zh
Nou gaet buh.,老鼠咬衣服。,zhuang_dictionary,3820,za,zh
Mwngz gaej gag bae.,你别单独去。,zhuang_dictionary,3821,za,zh
Gag songvunz ndwi ha?,仅止两个人吗？,zhuang_dictionary,3822,za,zh
Laeq lwg de daej gahraixcaixciz.,他的小孩哭得很厉害。,zhuang_dictionary,3823,za,zh
Yaek vuenh daengbauq sien gven gaihgvanh.,要换灯泡，先关开关。,zhuang_dictionary,3824,za,zh
Gaiq gizgiz biq myaiz!,不要随地吐痰！,zhuang_dictionary,3825,za,zh
Dawz doenghyiengh gak ndei dwk.,把东西搁好。,zhuang_dictionary,3826,za,zh
"De dingq le, ndawsim gamjdoengh.",他听了，心里感动。,zhuang_dictionary,3827,za,zh
Duz ma neix gamz ndaek ndok ndeu.,这条狗衔了一大块骨头。,zhuang_dictionary,3828,za,zh
"Gaxgonq vunzgoeng gan guh hong hawj dicuj, mbouj ndaej gwn donq imq.",过去长工白给地主干活，不得吃一餐饱。,zhuang_dictionary,3829,za,zh
"Bak gaen rap cungj ndaej, gangjnaeuz haj cib gaen.",一百斤都挑得，何况五十斤。,zhuang_dictionary,3830,za,zh
Gou ganjnaeuz de bae hagdangz la.,我以为他上学去了.,zhuang_dictionary,3831,za,zh
Raeuz geij boux gap guh.,咱们几个人合伙做。,zhuang_dictionary,3832,za,zh
Gou caeuq mwngz gap baengzyoux.,我和你交朋友。,zhuang_dictionary,3833,za,zh
Raeuz geij box gapdoq guh.,咱们几个人合伙做。,zhuang_dictionary,3834,za,zh
Song boux gapsouj cawx aen ci ndeu.,两人搭伙买一架车。,zhuang_dictionary,3835,za,zh
Biek go gauhneix nanz.,和哥哥分离这么久。,zhuang_dictionary,3836,za,zh
Mwngz bae gauj dayoz lwi?,你去考大学吗？,zhuang_dictionary,3837,za,zh
Mwngz gaej gauq de.,你别依赖他。,zhuang_dictionary,3838,za,zh
Gaej gauxca de.,别打扰他。,zhuang_dictionary,3839,za,zh
"Gawqyienz byaij baenz lai gyae daeuj daengz ranz gou, youq geij ngoenz menh dauq baema.",既然走那么远到我家，就住下几天再回去吧！,zhuang_dictionary,3840,za,zh
Dieg neix gaxgonq hoj lai.,从前这个地方很穷苦。,zhuang_dictionary,3841,za,zh
Miz geij boux vunz daeuj.,有几个人来。,zhuang_dictionary,3842,za,zh
It bi miz seiq geiq.,一年有四季。,zhuang_dictionary,3843,za,zh
Lauxsae son raeuz aeu geiqmaenh vah Mauz cujsiz.,老师要我们牢记毛主席的话。,zhuang_dictionary,3844,za,zh
Mbouj ndaej gengh gyaeuj lwgnyez.,不能敲小孩的头。,zhuang_dictionary,3845,za,zh
Siengj mbouj daengz de gihyenz rap ndaej bak haj gaen.,想不到他居然挑得一百五十斤.,zhuang_dictionary,3846,za,zh
Onjsaeh de cienzbouh gij youq gwnz gwzming gunghcoz.,他把毕生精力全部放在革命事业上。,zhuang_dictionary,3847,za,zh
De gizneix mbouj youq ranz.,他现在不在家。,zhuang_dictionary,3848,za,zh
Cij miz song gyongx cag. mbouj gaeuq yungh.,只有两圈绳子，不够用。,zhuang_dictionary,3849,za,zh
Aeu saux gyongz makbug.,拿竹竿捅柚子。,zhuang_dictionary,3850,za,zh
Fwngz mwngz gyuek boengz lo.,你手上粘着烂泥了。,zhuang_dictionary,3851,za,zh
Fwngz mwngz gyuk boengz lo.,你手上粘着烂泥了。,zhuang_dictionary,3852,za,zh
Ha! Mwngz gangj gijmaz?,啊！你说什么？,zhuang_dictionary,3853,za,zh
Daeuj ha!,来呀！,zhuang_dictionary,3854,za,zh
Yienghneix deng ha?,这样对吗？,zhuang_dictionary,3855,za,zh
Geu buh neix hab mwngz daenj.,这件衣服适合你穿。,zhuang_dictionary,3856,za,zh
Mwngz gaej haek bae.,你别单独去。,zhuang_dictionary,3857,za,zh
Gaxgonq haemhnaengz de cungj yawj saw.,过去他每晚都看书。,zhuang_dictionary,3858,za,zh
Mwngz gaej haemq de.,你别理睬他,zhuang_dictionary,3859,za,zh
Yiengh neix haemq ndei.,这样比较好。,zhuang_dictionary,3860,za,zh
Gaeq haen lu.,鸡啼了。,zhuang_dictionary,3861,za,zh
Diuz cag neix beng ndaej haen raixcaix.,这条绳子拉得很紧。,zhuang_dictionary,3862,za,zh
Naj haengz raix caix.,脸色很红润。,zhuang_dictionary,3863,za,zh
： haenzleix gangj!,甲：今天你上班吗？乙：还用说！,zhuang_dictionary,3864,za,zh
Nyingz haeuj baihhaenx bae.,向那边射击。,zhuang_dictionary,3865,za,zh
Gou gip ndaej swx haeuxriengz ndeu.,我拾了一小篮稻穗。,zhuang_dictionary,3866,za,zh
Gou hah bae.,我也去。,zhuang_dictionary,3867,za,zh
Hai raemx ndaw naz okbae.,把田里的水排出去。,zhuang_dictionary,3868,za,zh
Hai! Cungj ra mbouj raen mwngz.,唉！总找不到你。,zhuang_dictionary,3869,za,zh
De bae halo.,他已经去了。,zhuang_dictionary,3870,za,zh
Hamjnaj bouxlaux dwg mbouj deng.,不尊重老人家是不对的。,zhuang_dictionary,3871,za,zh
Aeu raemx hamz daeuj saeg buh.,要碱水洗衣服。,zhuang_dictionary,3872,za,zh
"Vunz heuh mwngz, mwngz aeu han.",别人叫你，你要应声。,zhuang_dictionary,3873,za,zh
Ngoenzbonz gou ngamq cawx ma hane.,前天我刚买回来的。,zhuang_dictionary,3874,za,zh
Hanz gangj mwngz cungj mboouj dawz haeuj rwz.,再三地讲，你都不注意。,zhuang_dictionary,3875,za,zh
Mbouj ndaej hauhneix guh.,不能这样做。,zhuang_dictionary,3876,za,zh
De miz haujlai saw.,他有许多书。,zhuang_dictionary,3877,za,zh
Bingz raemxmaeg neix hauq liux lo.,这瓶墨水蒸发完了。,zhuang_dictionary,3878,za,zh
De hauq doeg saw.,他爱读书。,zhuang_dictionary,3879,za,zh
Haw lo.,圩散了,zhuang_dictionary,3880,za,zh
Dak hawq lo!,晒干了！,zhuang_dictionary,3881,za,zh
Aen fuengz neix heb lai.,这间房子很窄。,zhuang_dictionary,3882,za,zh
Song henz cungj miz vunz.,两个地方都有人。,zhuang_dictionary,3883,za,zh
Baenzlawz heuh de ni?,怎样称呼他呢？,zhuang_dictionary,3884,za,zh
Gou hih bae.,我也去.,zhuang_dictionary,3885,za,zh
Gou baema ranz hilu!,我要回家啦！,zhuang_dictionary,3886,za,zh
Seizneix mehmbwk hingq daenj buh va lo!,现在妇女兴穿花衣服啰！,zhuang_dictionary,3887,za,zh
Mwngz bae gou hix bae.,你去我也去。,zhuang_dictionary,3888,za,zh
Guh couh hixnaengz guh sat cij yietbaeg.,当做就索性做完了才休息,zhuang_dictionary,3889,za,zh
Ho! Gou rox lo.,噢！我知道了。,zhuang_dictionary,3890,za,zh
Mwngz gaej hoed lai!,你别胡说！,zhuang_dictionary,3891,za,zh
Haetromh hoengheiq ndei.,早晨空气好。,zhuang_dictionary,3892,za,zh
Aen ranz neix hoengq lai.,这间房子很空。,zhuang_dictionary,3893,za,zh
Mwngz ndaej hoengq lwi?,你有空吗？,zhuang_dictionary,3894,za,zh
Mbanj neix miz haj hoh vunz.,这个村子有五户人家。,zhuang_dictionary,3895,za,zh
Gadaengq honz lo!,板凳脚松动了！,zhuang_dictionary,3896,za,zh
De ndaej hop bi lo.,他满一周岁了。,zhuang_dictionary,3897,za,zh
Go makbug hot mak lo.,柚子树结果子了。,zhuang_dictionary,3898,za,zh
"Bak gaen rap cungj ndaej, hozgvang haj cib gaen!",一百斤都能挑，何况五十斤！,zhuang_dictionary,3899,za,zh
Yiengh huq neix gig ndei.,这货很好。,zhuang_dictionary,3900,za,zh
Duzmou neix miz bak gaen hwnjroengz.,这头猪有一百斤上下。,zhuang_dictionary,3901,za,zh
Guh fungh ranz neix iekliengh yungh haj bak maenz.,建造这间房子预计用五百元。,zhuang_dictionary,3902,za,zh
Ing diuz faex neix haeujbangx ciengz bae.,把这条木棍靠到墙上去。,zhuang_dictionary,3903,za,zh
Itgungh miz haj cib vunz.,总共有五十人。,zhuang_dictionary,3904,za,zh
Itheij miz haj cib vunz.,总共有五十人。,zhuang_dictionary,3905,za,zh
Mwngz bae gizlawz la?,你到何处去？,zhuang_dictionary,3906,za,zh
Laeb aen hagdangz moq ndeu.,建立一所新学校。,zhuang_dictionary,3907,za,zh
Gungcanidangj youq Sanghaij laebbaenz.,中国共产党在上海建立。,zhuang_dictionary,3908,za,zh
Raemx laeg lai.,水很深。,zhuang_dictionary,3909,za,zh
Laeglemx bae ranz daiq.,偷偷地去外婆家。,zhuang_dictionary,3910,za,zh
", Gaej daeuj laegraeh gou.",别来打扰我－－honghlaj),zhuang_dictionary,3911,za,zh
Gou bae laeng lauxsae.,我去老师家。,zhuang_dictionary,3912,za,zh
Laeng mwngz ciq saw daeuj doeg.,跟你借书来读。,zhuang_dictionary,3913,za,zh
Da hwnj lah lo.,眼睛起瞖了。,zhuang_dictionary,3914,za,zh
Gou laih mwngz bae gvaq lo.,我以为你去了。,zhuang_dictionary,3915,za,zh
Haeux langh va lo.,稻子开花了。,zhuang_dictionary,3916,za,zh
"Langh mbouj miz gou, de couh ok saeh lo.",要是没有我，他就出事了。,zhuang_dictionary,3917,za,zh
"Bouxboux mbaet gwn mbaet yungh, fanjdui lanh gwn lanh yungh.",人人省吃俭用，反对大吃大用。,zhuang_dictionary,3918,za,zh
Dawz fag fouj neix bae lanz.,拿这把斧头去加工。,zhuang_dictionary,3919,za,zh
"Mwngz geij bae ra de lu, lauheiq de mbouj youq ranz.",你不要去找他了，恐怕他不在家。,zhuang_dictionary,3920,za,zh
Gou launaeuz de bae hagdangz la.,我以为他上学校去了。,zhuang_dictionary,3921,za,zh
Gaiq reih haeuxyangz neix cungj mbouj lauq saek go.,这块玉米地不缺一棵苗。,zhuang_dictionary,3922,za,zh
Miz sam laux haeuj mbanj daeuj.,有三位老人进村里来。,zhuang_dictionary,3923,za,zh
Lauxdaih mbouj youq ranz.,老大不在家。,zhuang_dictionary,3924,za,zh
Mwngz bae law?,你去哪里？,zhuang_dictionary,3925,za,zh
Gwn caeuz le cij bae.,吃了晚饭才去。,zhuang_dictionary,3926,za,zh
Mwngz bae gizlawz le.,你去哪里呢？,zhuang_dictionary,3927,za,zh
Song lengq cungj miz vunz.,两个地方都有人。,zhuang_dictionary,3928,za,zh
De bae leuma?,他去了吗？,zhuang_dictionary,3929,za,zh
Mwngz geij caeuq gou lexhe.,你别和我开玩笑。,zhuang_dictionary,3930,za,zh
Gaej dawz saehcingz guh lexhe.,不要把事情当儿戏。,zhuang_dictionary,3931,za,zh
Lid faq ciengz neix roengzdaeuj lingh guh ranz moq.,把这堵墙拆掉另起新房子。,zhuang_dictionary,3932,za,zh
Lienz doek geij ngoenz fwn.,连下了几天雨。,zhuang_dictionary,3933,za,zh
Gienh saehcingz neix lienz gou cungj mbouj rox.,这件事情连我都不知道。,zhuang_dictionary,3934,za,zh
Maxlwg lienzmuengz suk din.,小马驹连忙缩腿。,zhuang_dictionary,3935,za,zh
： lijdwg naengh ci ndei!,还是坐车好！,zhuang_dictionary,3936,za,zh
Guh liux yaeng bae.,做完了再去,zhuang_dictionary,3937,za,zh
Yienghneix caen ndei lo!,这样好真啰！,zhuang_dictionary,3938,za,zh
Daj ndaw rek loeg byaek hwnjdaeuj.,把菜从锅里舀出来。,zhuang_dictionary,3939,za,zh
Aen loz neix daej de cungj loem liux lo.,这个箩的底都完全穿了。,zhuang_dictionary,3940,za,zh
Geu buh neix loengz lai.,这件衣服太宽。,zhuang_dictionary,3941,za,zh
Loenh bae loenh ma.,滚来滚去。,zhuang_dictionary,3942,za,zh
Mbaw faex loenq lo.,树叶落了。,zhuang_dictionary,3943,za,zh
De guh saeh miz loh raixcaix.,他做事很有条理。,zhuang_dictionary,3944,za,zh
Ra raen lohsoq. hong couh guh ndaej vaiq.,找到门路，工作就做得快。,zhuang_dictionary,3945,za,zh
Gou loxyaz de bae hagdangz la.,我以为他上学校去了。,zhuang_dictionary,3946,za,zh
De bae guh hong lu.,他去做工了。,zhuang_dictionary,3947,za,zh
"Daengz seizgan lubw, mwngz mbouj daeuj vaiq di ha!",时间到了，你还不快点来！,zhuang_dictionary,3948,za,zh
Fwngz mwngz luk boengz lo.,你手上粘着烂泥了。,zhuang_dictionary,3949,za,zh
De bae luma?,他去了吗？,zhuang_dictionary,3950,za,zh
Dwg yienghneix lune!,是这样的！,zhuang_dictionary,3951,za,zh
Mwngz ngoenzneix bae lunwi?,你今天去吧？,zhuang_dictionary,3952,za,zh
Gok bonj saw neix luq lo.,这本书的棱角消失了.,zhuang_dictionary,3953,za,zh
Baez luqlawq couh ra mbouj raen yaekseiz.,一恍惚就找不见了钥匙。,zhuang_dictionary,3954,za,zh
"De gwn mbouj imq, lij luqlawq.",他吃不饱，很想再吃。,zhuang_dictionary,3955,za,zh
Mwngz ngoenzlwenz bae lw?,你昨天去啦？,zhuang_dictionary,3956,za,zh
Najdaengq lwenq raixcaix.,凳子面上很光滑。,zhuang_dictionary,3957,za,zh
Eix lwgnyez dahboh de.,这孩子的面貌象他父亲。,zhuang_dictionary,3958,za,zh
De daeuj lwi?,他来吗？,zhuang_dictionary,3959,za,zh
Gou bae gvaq ranz de song lwnz.,我到过他家两次。,zhuang_dictionary,3960,za,zh
De maenz byaij lo.,他能够走路了。,zhuang_dictionary,3961,za,zh
De riu dwk maezgae bae.,他笑得喘不过气来。,zhuang_dictionary,3962,za,zh
De ngeih sam bi couh souj maiq lo.,她二十三岁就守寡了。,zhuang_dictionary,3963,za,zh
Daej maj mbwtmbwt.,这小孩长得茁壮。,zhuang_dictionary,3964,za,zh
Heuj mangq lo.,牙齿缺了,zhuang_dictionary,3965,za,zh
"Naengh nanz lai, ga maz lo.",坐得太久，腿都发麻啦。,zhuang_dictionary,3966,za,zh
Aen lae neix miz caet mbaek.,这梯子有七级。,zhuang_dictionary,3967,za,zh
Neix miz haj mbaek naz.,这里有五块田。,zhuang_dictionary,3968,za,zh
Dawz diuz oij neix raemj baenj haj mbaenq.,把这根甘蔗砍成五节。,zhuang_dictionary,3969,za,zh
"Haemhneix miz denqyingj, mbouj hawj de bae yawj, de mbaetmbeuj lo.",今晚有电影，不让她去看，她生气了。,zhuang_dictionary,3970,za,zh
Diuz daez neix mbaeu raixcai.,这道题很浅。,zhuang_dictionary,3971,za,zh
Mwngz bau mbai mbai hong.,你负责派工。,zhuang_dictionary,3972,za,zh
"Aeu aen gei neix ma demh naengh, aen de mban liux lo.",拿这个泥箕来垫坐，它都扁平啦。,zhuang_dictionary,3973,za,zh
Reih haeuxyangz neix doek ndaej mbang lai.,这块玉米地种子播得太稀了。,zhuang_dictionary,3974,za,zh
Fag cax nex mbanq lo!,这把刀的刀口略缺了！,zhuang_dictionary,3975,za,zh
Mbek aen makbug guh song mbiengj bae.,把这个柚子掰成两半。,zhuang_dictionary,3976,za,zh
Aen deb neix mbenmbetmbet.,这个碟子又扁又平,zhuang_dictionary,3977,za,zh
Naengh mbeuj lo.,坐歪了。,zhuang_dictionary,3978,za,zh
Raemx dah mboek lo.,河水下降了。,zhuang_dictionary,3979,za,zh
Mboengq neix raeuz ndaemnaz.,这段时间我们插秧。,zhuang_dictionary,3980,za,zh
Mbon gij doxgaiq ndaw daeh ok daeuj.,把口袋里的东西掏出来。,zhuang_dictionary,3981,za,zh
Da mbot lo.,眼瞎了。,zhuang_dictionary,3982,za,zh
Vunz mboujcaengz daeuj.,人未曾来。,zhuang_dictionary,3983,za,zh
Duz mou neix mboujcij haj cib gaen.,这头猪不止五十斤。,zhuang_dictionary,3984,za,zh
"Mboujcix doegsaw, mboujcix guhhong, gaej luenh bae guhcaemz.",要么读书，要么做工，不要乱玩耍。,zhuang_dictionary,3985,za,zh
Gou mboujdaemx mwngz.,我不及你。,zhuang_dictionary,3986,za,zh
Gij saek neix mboujdaih hoengz.,这颜色不太红。,zhuang_dictionary,3987,za,zh
"Ranz de bi neix mboujdan ndaej haeux lai, vanzlij miz haujlai bit gaeq dem.",今年他家不仅打下很多粮食，而且还养有很多鸡鸭。,zhuang_dictionary,3988,za,zh
Gou mboujeiqseiq bae giz de.,我不好意思去他那里。,zhuang_dictionary,3989,za,zh
"Mbwn yienznaeuz gvengq lo, mboujgvaq roen lij mbaeq.",天虽然晴了，不过路还湿。,zhuang_dictionary,3990,za,zh
Yiengh neix guh mboujlaz?,这样做不好吗？,zhuang_dictionary,3991,za,zh
"Gyanghaet mbwn gig gvengq, mboujliuh banringz fwn doek.",早上天气很晴朗，想不到中午会下雨。,zhuang_dictionary,3992,za,zh
"De mboujlwnh veh gijmaz, cungj naengz youh cinj youh vaih vrh ok daeuj.",他不论画什么东西，都能逼真而又迅速地画出来。,zhuang_dictionary,3993,za,zh
"Byaij vaiq di, mboujmiz gou couh mbouj caj mengz lo!",快走，不然我就不等你了！,zhuang_dictionary,3994,za,zh
Mboujseih! Gou senq couh naeuz gvaq lo.,可不是！我老早就说过了。,zhuang_dictionary,3995,za,zh
Faj naj de mbuemq.,他的脸浮肿。,zhuang_dictionary,3996,za,zh
Mbokfeiz deng gyan mbup lo.,吹火筒被压扁了。,zhuang_dictionary,3997,za,zh
Cawx yw ma mbw nou.,买药毒老鼠。,zhuang_dictionary,3998,za,zh
"Donqdonq gwn lwggva, cungj gwn mbwk lo.",餐餐吃南瓜，吃得厌了。,zhuang_dictionary,3999,za,zh
Naj de mbwng lo.,她面带愁容。,zhuang_dictionary,4000,za,zh
Meh buh neix mbouj ndei.,这种衣服不好。,zhuang_dictionary,4001,za,zh
Da mengz lo.,眼瞎了。,zhuang_dictionary,4002,za,zh
"Boux vunz neix gwn laeuj fiz lo, gangj vah mezsez.",这个人喝醉了酒，讲话颠倒冗赘。,zhuang_dictionary,4003,za,zh
De deng miq lo.,他挨批评了。,zhuang_dictionary,4004,za,zh
It bi ndaem sam miuz.,一年种三糙。,zhuang_dictionary,4005,za,zh
"De mizseiz daeuj, mizseiz mbouj daeuj.",他有时来，有时不来。,zhuang_dictionary,4006,za,zh
"Boux vunz neix moegdoeg lai, cungj mbouj gangj dauhleix.",这个人太粗鲁了，总不讲道理。,zhuang_dictionary,4007,za,zh
Moeggyaengh mbouj doeng rumz.,木棍不通风[成语，喻头脑不开窍的人],zhuang_dictionary,4008,za,zh
Aeu namh daeuj moek dong nyapnyaj neix ndei bae.,拿土来把这堆垃圾掩盖好。,zhuang_dictionary,4009,za,zh
Gang haeux neix mojmwtmwt.,这缸米满满的。,zhuang_dictionary,4010,za,zh
"Feiz yaek mon lo, vaiq dem fwnz haeuj cauq bae.",火将灭了，快添柴进灶。,zhuang_dictionary,4011,za,zh
Geu buh neix moqsaksak.,这件衣服很新。,zhuang_dictionary,4012,za,zh
Miz song muek dieg.,有两片地。,zhuang_dictionary,4013,za,zh
"De baezneix muenghluenj dahraix, bae dwk bya cungj mbouj ndaej saek duz.",他这次真失望，去打鱼一条也没打着。,zhuang_dictionary,4014,za,zh
Raemx muenx gvaq gyaeuj lo.,水冒过头硬了。,zhuang_dictionary,4015,za,zh
Giz gyae mumjmumj yawj mbouj cingcuj.,远处，朦朦胧胧看不清。,zhuang_dictionary,4016,za,zh
Bouxdauh mwd fap.,道公念符咒。,zhuang_dictionary,4017,za,zh
"Aiq ndaem lo, mwngz couh gvaq seiz.",你要快些种啦，否则就过季节了。,zhuang_dictionary,4018,za,zh
Loh myag lai.,路太滑,zhuang_dictionary,4019,za,zh
Gij haeux neix nienj ndaej naed raixcaix.,这些米成粒的，碾得很好。,zhuang_dictionary,4020,za,zh
Naj baengz naeg lai.,布面很窄。,zhuang_dictionary,4021,za,zh
Boux vunz neix naegnad lai.,这个人太懒。,zhuang_dictionary,4022,za,zh
Bonj saw neix naek lai lo.,这本书太深奥了.,zhuang_dictionary,4023,za,zh
Song boux de ganjcingz naekna lai.,他们两人感情很深厚。,zhuang_dictionary,4024,za,zh
Gou ndaej bae Baekging naengh ndei lo.,我能去北京就好了。,zhuang_dictionary,4025,za,zh
Donq byaek haemhneix naengq raixcaix!,今晚晚餐的菜很丰盛！,zhuang_dictionary,4026,za,zh
Cenzsuijdingj naengz bongh youq laj raemx.,潜水艇能在水底行驶。,zhuang_dictionary,4027,za,zh
Naenx gij naeng duhnamh okbae.,把花生皮捻出去。,zhuang_dictionary,4028,za,zh
Aen mak neix naeuh lu.,这个果子腐烂了。,zhuang_dictionary,4029,za,zh
Mwngz naeuh lai lo.,你太无能。,zhuang_dictionary,4030,za,zh
Ngoenzneix de deng baihgwnz naeuz lo.,今天他被上级责备了。,zhuang_dictionary,4031,za,zh
Naih ngeix naih siliengz.,越想越凄凉。,zhuang_dictionary,4032,za,zh
Laj dat miz naj haz ndeu.,山崖下有一片茅草。,zhuang_dictionary,4033,za,zh
Hwet de nanq raixcaix.,他腰酸痛得很。,zhuang_dictionary,4034,za,zh
De daeuj gizneix ndaej haujlai nanz lo.,他来这里很久了。,zhuang_dictionary,4035,za,zh
Cih saw neix nanzdauh mwngz mbouj rox ha?,这个字难道你不认识吗？,zhuang_dictionary,4036,za,zh
De nanzmboujnanz daeuj baez ndeu.,他久不久来一次。,zhuang_dictionary,4037,za,zh
Gaej nap naj gou.,别捏我的脸。,zhuang_dictionary,4038,za,zh
De nauq youh daeuj?,他为何又来？,zhuang_dictionary,4039,za,zh
Nauz mwngz gag bae.,不然你自己去。,zhuang_dictionary,4040,za,zh
Ndaej mbaw geiznding ndeu.,得一面红旗。,zhuang_dictionary,4041,za,zh
Mwngz bang gou ndaej lwi?,你可以帮我吗？,zhuang_dictionary,4042,za,zh
Mbouj ndaej ndaekhix guh.,不能这样做。,zhuang_dictionary,4043,za,zh
Aeu raemx ndaengq daeuj saeg buh.,要碱水来洗衣服。,zhuang_dictionary,4044,za,zh
Gij byaek neix ndaengq lai.,这菜太咸了。,zhuang_dictionary,4045,za,zh
De ndaenj hwnj ci lo.,他挤上车了。,zhuang_dictionary,4046,za,zh
Gwnzhaw vunz ndaet raixcaix.,圩上人多，拥挤得很。,zhuang_dictionary,4047,za,zh
Mou meh ndauq lo.,母猪发情了。,zhuang_dictionary,4048,za,zh
Boux vunz neix caen ndeigyaez!,这个人真可爱！,zhuang_dictionary,4049,za,zh
"⋯⋯ ndicih ciemz gyaj, ndicih ndaemnaz.",要么就拔秧，要么就插秧。,zhuang_dictionary,4050,za,zh
"Aenvih de miz saehcingz, ndigah mbouj bae.",因为他有事情，所以不去。,zhuang_dictionary,4051,za,zh
De ndiu lo.,他醒了。,zhuang_dictionary,4052,za,zh
Gangj ndaej nduen lai hw.,讲得很完满。,zhuang_dictionary,4053,za,zh
Go faex neix nduk lu.,这颗树腐朽了。,zhuang_dictionary,4054,za,zh
Ne! Aen neix hawj mwngz!,喏！,zhuang_dictionary,4055,za,zh
Miz mbouj miz ne?,有没有呢？,zhuang_dictionary,4056,za,zh
Gaenx lumj meh de nei.,象他母亲一样勤快。,zhuang_dictionary,4057,za,zh
Ih maz neix?,这个人为什么愁眉苦脸？,zhuang_dictionary,4058,za,zh
De neix mbouj youq ranz.,他现在不在家。,zhuang_dictionary,4059,za,zh
De miz lwg nem mbouj ndaej bae lu.,他有孩子牵挂，不能去了。,zhuang_dictionary,4060,za,zh
Gij haeuxnaengj neix nembyadbyad.,这些糯米饭粘粘的。,zhuang_dictionary,4061,za,zh
Gij namh neix net leux lu.,这些泥土变结实了。,zhuang_dictionary,4062,za,zh
Mbouj ngaih saeh.,不关事。,zhuang_dictionary,4063,za,zh
Gou mbouj ngaih mwngz saek di.,我一点不妨碍你。,zhuang_dictionary,4064,za,zh
Cehduh neix ok ngaz lo.,这颗豆子发芽了。,zhuang_dictionary,4065,za,zh
Mwngz gaej ngeiz de.,你不要怀疑他。,zhuang_dictionary,4066,za,zh
De ngoenzneix ngeuxgeuz mbouj gangj vah.,他今天闹情绪;不讲话。,zhuang_dictionary,4067,za,zh
Mbouj ndaej ngoek gyaeuj lwgnyez.,不能敲小孩的头.,zhuang_dictionary,4068,za,zh
Fag cax neix ngoemx lo.,这把刀钝了。,zhuang_dictionary,4069,za,zh
Diuz loh neix ngutraurau.,这条路弯弯曲曲的。,zhuang_dictionary,4070,za,zh
Nik aen bingj soiq bae.,把这块饼压碎。,zhuang_dictionary,4071,za,zh
Mbwn nit lo.,天冷了。,zhuang_dictionary,4072,za,zh
Gij haeuxnaengj neix niu raixcaix.,这些糯米饭很粘。,zhuang_dictionary,4073,za,zh
Duz ngwz nod bae.,蛇爬走了。,zhuang_dictionary,4074,za,zh
Cingj mwngz noiz cienz hawj gou.,请你暂借钱给我。,zhuang_dictionary,4075,za,zh
De nienzgeij lij nomj.,他年纪还轻。,zhuang_dictionary,4076,za,zh
Nu gij heiz gwnz ndang okdaeuj.,把身上的污垢搓下来。,zhuang_dictionary,4077,za,zh
Gij mba neix nuenx raixcaix.,这些粉末很细。,zhuang_dictionary,4078,za,zh
Nwi! Meh mwngz daeuj lu.,唔！你的母亲来了。,zhuang_dictionary,4079,za,zh
Aen loekci neix nwk lai.,这个车轮很不润滑。,zhuang_dictionary,4080,za,zh
Aeu baengz nwnh daeuj guh daejhaiz.,拿碎布来做鞋底。,zhuang_dictionary,4081,za,zh
Gaiq reih neix nyaengq lo.,这块畲地杂草丛生。,zhuang_dictionary,4082,za,zh
De cungj mbouj lau nyaenq.,他总不害羞。,zhuang_dictionary,4083,za,zh
Ndaek haeuxsei neix nyaih lo.,这块米花糖松散了。,zhuang_dictionary,4084,za,zh
"Gou mbouj aeu, de nyaiz hawj gou.",我不要，他挜给我。,zhuang_dictionary,4085,za,zh
Nyamx aen ceiz neix baenz song mbiengj bae.,把这块糍巴夹成两半。,zhuang_dictionary,4086,za,zh
Gij ngaiz neix daiq nyan lai.,这些饭太干了。,zhuang_dictionary,4087,za,zh
Gaij nohvaiz neix nyangq lai.,这块牛肉很韧。,zhuang_dictionary,4088,za,zh
Gij ngaiz neix cawj ndaej nyannyoeknyoek.,这些饭煮得太干。,zhuang_dictionary,4089,za,zh
Boux mehmbwk neix nyanq lai.,这个女人很泼辣。,zhuang_dictionary,4090,za,zh
Gienh saeh neix ceiq miz nyawx.,这件事最有意义。,zhuang_dictionary,4091,za,zh
Duz vaiz neik seiq nyaz lu.,这头牛生四颗牙了。,zhuang_dictionary,4092,za,zh
Gaej bae nyeh de.,别理睬他。,zhuang_dictionary,4093,za,zh
"Mbouj hawj de bae, de nyengh aeu bae.",不让他去，他硬要去。,zhuang_dictionary,4094,za,zh
Boux vunz neix ndang nyieg lai.,这个人身体很弱。,zhuang_dictionary,4095,za,zh
Nyiengh de gangj gonq.,让他先说。,zhuang_dictionary,4096,za,zh
"Mwngz guh loek liux, de couh mbouj nyienghnaj.",你做错了，他就不容情。,zhuang_dictionary,4097,za,zh
Gou gig nyienh'eiq bang de guh saeh.,我很愿意帮他做点事。,zhuang_dictionary,4098,za,zh
Gou nyix de bae hagdangz.,我以为他上学校去了。,zhuang_dictionary,4099,za,zh
Gij byoem de nyoengqnywtnywt.,他的头发蓬蓬松松的。,zhuang_dictionary,4100,za,zh
Byoem gyaeuj de nyungqnyangq lai.,他的头发很蓬乱。,zhuang_dictionary,4101,za,zh
Byoem gyaeuj de gig nyungqnyat.,他的头发乱莲蓬的。,zhuang_dictionary,4102,za,zh
O! Gou rox lo.,噢！我知道了。,zhuang_dictionary,4103,za,zh
"Yawj mbouj okda, duz moulwg neix miz cib gaen.",看不出，这头小猪有十斤。,zhuang_dictionary,4104,za,zh
De gunghcoz guh ndaej oksaek.,他工作做得出色。,zhuang_dictionary,4105,za,zh
Ngoenzcog mwngz yaeng baema ong!,明天你再回去吧！,zhuang_dictionary,4106,za,zh
Onggo! Yienghneix couh ndei lo.,对！这样就好了。,zhuang_dictionary,4107,za,zh
De youq raeb bya haenx aeu fwnz.,他在山背后打柴。,zhuang_dictionary,4108,za,zh
Raek lwgnyez bae guh hong.,带着孩子去做工。,zhuang_dictionary,4109,za,zh
Mwngz gaej raemh gou.,你别挡着我。,zhuang_dictionary,4110,za,zh
"Miz ndit dak, raemxfwi cij ndaej swng hwnj mbwn.",有太阳照射，水蒸气才会升上空中。,zhuang_dictionary,4111,za,zh
Guh saeh gaej raengrwz lai.,做事别粗心大意。,zhuang_dictionary,4112,za,zh
Loh raeuz lai.,路太滑。,zhuang_dictionary,4113,za,zh
Vaiz rag ci.,牛拉车。,zhuang_dictionary,4114,za,zh
⋯⋯ De rangh gangj rangh riu.,他连讲带笑。,zhuang_dictionary,4115,za,zh
Mbanj neix miz haj ranz vunz.,这个村子有五户人家。,zhuang_dictionary,4116,za,zh
Gij noh deng rumzbaek ci rengj liux lo!,肉被北风吹干了！,zhuang_dictionary,4117,za,zh
Riengz henz dah byaij bae.,沿着河边走。,zhuang_dictionary,4118,za,zh
Raemxda rihnangnang.,眼泪涔涔地流。,zhuang_dictionary,4119,za,zh
Ringx bae ringx ma.,滚来滚去。,zhuang_dictionary,4120,za,zh
De riuhaha naeuz.,他笑哈哈地说。,zhuang_dictionary,4121,za,zh
Dawz gij saeh neix riuz okbae.,把这件事情传出去。,zhuang_dictionary,4122,za,zh
Vaiz roengz lwg.,水牛生仔。,zhuang_dictionary,4123,za,zh
Raemx roenx okdaeuj.,水溢出来。,zhuang_dictionary,4124,za,zh
Dawz daeng daeuj rongh.,拿灯来照亮。,zhuang_dictionary,4125,za,zh
"Mbwn rongh lo, mbouj mizfwn lo.",天晴了.不下雨了。,zhuang_dictionary,4126,za,zh
Ranz de youq lawz mwngz roxdingh lwi?,他家在哪里你知道吗？,zhuang_dictionary,4127,za,zh
Ngoenzneix co'ngeih roxnaeuz cosam?,今天是初二还是初三？,zhuang_dictionary,4128,za,zh
Mwngz roxnaj de lwi?,你认识他吗？,zhuang_dictionary,4129,za,zh
Mwngz gangj vah gou mbouj roxyiuj.,你讲话我听不懂。,zhuang_dictionary,4130,za,zh
Caezgya rumj daeuj yawj.,大家围拢来看。,zhuang_dictionary,4131,za,zh
Noh cawj dwk rwt liux lo.,肉煮得收缩了。,zhuang_dictionary,4132,za,zh
Sad gwn song gaen noh.,居然吃了两斤肉。,zhuang_dictionary,4133,za,zh
Mbouj miz saek di.,一点也没有。,zhuang_dictionary,4134,za,zh
Saek bak baj gaen.,大约一百多斤。,zhuang_dictionary,4135,za,zh
Saeklaeuq de daeuj daengz mwngz baenzlawz guh ne?,万一他来到，你怎么办呢？,zhuang_dictionary,4136,za,zh
Ndang saenz.,身体发抖。,zhuang_dictionary,4137,za,zh
De maij caux saenzsied.,他好拨弄是非。,zhuang_dictionary,4138,za,zh
"Aen lwgndae neix saepsangsang, mbouj ndei gwn saek di.",这个柿子涩的，一点也不好吃。,zhuang_dictionary,4139,za,zh
"Aen lwgndae neix saepsatsat, mbouj ndei gwn saek di.",这个柿子涩涩的，一点也不好吃。,zhuang_dictionary,4140,za,zh
Raemx saepsonj.,水下降。,zhuang_dictionary,4141,za,zh
Duz max neix sanggvanggyang.,这匹马高高的。,zhuang_dictionary,4142,za,zh
Gij sing de sangsatsat.,他的声音很高。,zhuang_dictionary,4143,za,zh
Aen bya neix sangvidvid.,这座山高高的。,zhuang_dictionary,4144,za,zh
Dizyinz daeuj saujdang.,敌人来扫荡。,zhuang_dictionary,4145,za,zh
De sawqyupyup cungj mbouj gamj bae guh.,他试了又试总不敢去做。,zhuang_dictionary,4146,za,zh
Raemx sawyauyau.,水清清的。,zhuang_dictionary,4147,za,zh
Souh sawyauyau.,粥太稀。,zhuang_dictionary,4148,za,zh
Mwngz seizlawz bae Baekging hai hoih?,你什么时候去北京开会？,zhuang_dictionary,4149,za,zh
De seizneix mbouj youq ranz.,他现在不在家。,zhuang_dictionary,4150,za,zh
"Lwg bak gaen haeux neix, sek couh rap hwnj daeuj lo.",这一百斤谷子，很轻易地一下子就挑起来了。,zhuang_dictionary,4151,za,zh
De senq bae lu.,他已经去了。,zhuang_dictionary,4152,za,zh
Duz max neix sienx lai.,这匹马很驯服。,zhuang_dictionary,4153,za,zh
Lij miz song aen singhgiz couh ndaem naz lo.,还有两个星期就插秧了。,zhuang_dictionary,4154,za,zh
Ngoenzneix dwg singhgiz.,今天是星期日。,zhuang_dictionary,4155,za,zh
De singq Vuengz.,他姓黄。,zhuang_dictionary,4156,za,zh
Boux vunz neix siujsiengq lai.,这个人很不大方,zhuang_dictionary,4157,za,zh
De naengh youq bakdou soengse.,他逍遥自在地坐在门口。,zhuang_dictionary,4158,za,zh
Mwngz miz gijmaz vah soh gangj ba!,你有什么话尽管讲吧！,zhuang_dictionary,4159,za,zh
"Aenvih de miz saehcingz, sojlaiz mbouj bae.",因为他有事情，所以不去。,zhuang_dictionary,4160,za,zh
Souh.,粥太稀。,zhuang_dictionary,4161,za,zh
Souh.,粥太稀,zhuang_dictionary,4162,za,zh
Duz max neix swnh lai.,这匹马很驯服。,zhuang_dictionary,4163,za,zh
! u! Gou lumz lu!,哦！,zhuang_dictionary,4164,za,zh
Doeng uj sae uj.,东搞西搞。,zhuang_dictionary,4165,za,zh
Mwngz mbouj rox couh gaej vab.,你不知道就不要乱说。,zhuang_dictionary,4166,za,zh
Boux vunz neix vad lai.,这个人很滑头。,zhuang_dictionary,4167,za,zh
Mwngz daeuj vaek gou guh maz?,你来责问我干什么？,zhuang_dictionary,4168,za,zh
Vaezgvaq geijlai cienz?,折合多少钱？,zhuang_dictionary,4169,za,zh
Heuj vangq lo.,牙齿缺了。,zhuang_dictionary,4170,za,zh
Gij dangz neix vannyumnyum.,这些糖甜甜的,zhuang_dictionary,4171,za,zh
"Duh gou vanz duh gou, duh mwngz vanz duh mwngz, gaej dawz de doxgvaux bae.",我的归我的，你的归你的，别把它们混淆起来。,zhuang_dictionary,4172,za,zh
Boux vunz neix vau lai.,这个人很滑头。,zhuang_dictionary,4173,za,zh
Heuj vauq lo.,牙齿缺了。,zhuang_dictionary,4174,za,zh
Boux neix veh lai.,这个人太轻俏。,zhuang_dictionary,4175,za,zh
Daeuj vaiq di vei!,快点来吧！,zhuang_dictionary,4176,za,zh
Vei! mwngz bae gizlawz?,喂！你去哪里？,zhuang_dictionary,4177,za,zh
Vih gijmaz?,为什么？,zhuang_dictionary,4178,za,zh
"Dwg vunz aeu, mbouj dwg gou aeu.",是别人要，不是我要。,zhuang_dictionary,4179,za,zh
： w! Ciq ba.,甲：我借你一本书去看可以吗？乙：嗯！借吧。,zhuang_dictionary,4180,za,zh
"Saej mou saedcaih raeuz, rox cawj yaek baenz gwn.",猪肠实在滑，会煮才好吃。,zhuang_dictionary,4181,za,zh
De yaek bae lo.,他将要去了。,zhuang_dictionary,4182,za,zh
Mwngz yaekaeu yienghneix guh.,你必须这样做。,zhuang_dictionary,4183,za,zh
Mbouj ndaej yaenqneix guh.,不能这样做。,zhuang_dictionary,4184,za,zh
Yaep lwgfwngz suenq soq.,屈指算数。,zhuang_dictionary,4185,za,zh
Yat gvaq mieng bae.,跃过水沟去。,zhuang_dictionary,4186,za,zh
Gou yax bae.,我也去。,zhuang_dictionary,4187,za,zh
Gwnzhaw vunz yid raixcaix.,圩上人拥挤得很。,zhuang_dictionary,4188,za,zh
Baenzneix guh yiedfat ndei.,这样做越发好。,zhuang_dictionary,4189,za,zh
Mbouj ndaej yienghneix guh.,不能这样做。,zhuang_dictionary,4190,za,zh
Yiengq baihnaj byaij bae.,向前面走去。,zhuang_dictionary,4191,za,zh
"Loh yienznaeuz gyae, mwngz caemh aeu bae.",路虽然远，但你还得去。,zhuang_dictionary,4192,za,zh
Mauzcujsiz yinx raeuz byaij haeuj seveicujyi caeuq gungcanjcujyi.,毛主席引导我们走向社会主义和共产主义。,zhuang_dictionary,4193,za,zh
Gwnzhaw vunz yoenz raixcaix.,圩上人拥挤得很。,zhuang_dictionary,4194,za,zh
Aen mak gwnz faex doek roengz daeuj lo.,树上的果子掉下来了。,textbook,4195,za,zh
Ngaenz de doek lo.,他的钱丢了。,textbook,4196,za,zh
Gou bae doek haeux ceh.,我去播稻种。,textbook,4197,za,zh
Gij baengz neix doek gyaq lo.,这些布降价了。,textbook,4198,za,zh
De doek mbanj Veiz.,她嫁在韦家村,textbook,4199,za,zh
De gwn ndaej hoj.,他能吃苦。,textbook,4200,za,zh
Ranz de hoj lai.,他家很穷。,textbook,4201,za,zh
Gienh saeh neix hoj guh.,这事难办。,textbook,4202,za,zh
De riu dwk dungx in liux.,他笑得肚子都疼了。,textbook,4203,za,zh
De ninz dwk yawj saw.,他躺着看书。,textbook,4204,za,zh
Gou guh baenz aen ranz ndeu.,我建成了一个房子。,textbook,4205,za,zh
De baenz bingh lo.,他得了病。,textbook,4206,za,zh
Haex baenz lo.,稻谷成熟了。,textbook,4207,za,zh
Boh gou ma lo.,我的父亲回来了。,textbook,4208,za,zh
Geu buh neix byoengq song congh.,这件衣服开了两个口子。,textbook,4209,za,zh
Gou byoengq ndaek daej mwngz okdaeuj.,我揭你的底。,textbook,4210,za,zh
Diuz buh neix mwngz daenj byonj lo.,这件衣服你穿反了。,textbook,4211,za,zh
De gangj vah byonj.,他说反话。,textbook,4212,za,zh
"De byonj lo, mbouj guh dem.",他反悔了，不干了。,textbook,4213,za,zh
"De gangj vah byonj bae byonj daeuj, mbouj miz dingh.",他说话翻来复去，没有确定性。,textbook,4214,za,zh
De siengj byonj gvaq bae.,他想滑过去。,textbook,4215,za,zh
De byonj sim lo.,他变心了,textbook,4216,za,zh
De cuengq byonj lo.,他放反了。,textbook,4217,za,zh
Cek fung saenq neix yawjyawj.,拆开这封信看看。,textbook,4218,za,zh
Cek song boux de gvaq henz loh bae.,把那两个人隔到路边去。,textbook,4219,za,zh
Cek aen dungx de,剖开那个猪肚子。,textbook,4220,za,zh
Cek mbaw ceij neix bae,把这张纸撕掉。,textbook,4221,za,zh
Lwg gou cek cij lo.,我的儿子断奶了。,textbook,4222,za,zh
Mwngz cek cih saw neix mbat ndeu.,你解释一下这个字。,textbook,4223,za,zh
Dawz aen daiz de gvaq daeuj.,把那个台子拿过来。,textbook,4224,za,zh
Bae dawz de hwnjdaeuj.,去把他抓起来。,textbook,4225,za,zh
Mwngz youq neix dawz de.,你在这守住他。,textbook,4226,za,zh
"Giz neix miz di doed, canj bae.",这里有点凸，铲掉。,textbook,4227,za,zh
Ndwen neix de yungh ngaenz doed lo.,这个月他花钱超支了。,textbook,4228,za,zh
Mbanj de doed hwnjdaeuj lo.,他的村子崛起了。,textbook,4229,za,zh
Gou gwn mak.,我吃水果,textbook,4230,za,zh
Boh gou gwn ndaej hoj.,我的父亲吃得苦。,textbook,4231,za,zh
Gwn duz gaw de bae.,吃掉那只车。,textbook,4232,za,zh
Mwngz gaej youq doiqnaj gou roengzdwngx.,你别在我面前下马威。,textbook,4233,za,zh
"Sou cungj deuz lo, hawj gou gwed gyaeujvaizroz?",你们全跑了，让我背罪名？,textbook,4234,za,zh
"Ndang mwngz mbouj gyuekhaex, mwngz lau gijmaz?",你身上不沾屎，你怕啥？,textbook,4235,za,zh
Ndaek uk mwngz ukgaeq.,你的脑是鸡脑。,textbook,4236,za,zh
"De najmbang, raen vunz mbouj gamj gangj vah.",他害羞，见人不敢说话。,textbook,4237,za,zh
Seizneix raeuz gwndaenj ndei raixcaix.,如今咱们生活很好。,textbook,4238,za,zh
"De caen fwngzlai, luenh sij luenh veh.",他手痒，乱写乱画的。,textbook,4239,za,zh
Daxboh gou gvaqseiq lo.,我的父亲逝世了。,textbook,4240,za,zh
Ndaek caeg de byaeu lo.,那贼完蛋了。,textbook,4241,za,zh
"Gij mak neix, aeu lai aeu noix, aeu hung aeu iq, caih mwngz.",这些水果，要多要少，要大要小，随你便。,textbook,4242,za,zh
"Vunz gik mbouj miz gwn,",人懒没有吃，,textbook,4243,za,zh
Vunz gaenx haeux rim ranz.,人勤米满屋。,textbook,4244,za,zh
Sim ndei vunz souh gyaeu.,心善人长寿,textbook,4245,za,zh
Sim rwix vunz dai caeux.,心恶人短命。,textbook,4246,za,zh
Vaih bae song aen vanj.,破了两个碗。,textbook,4247,za,zh
Gangj lai caemh vai h bak.,讲再多也白费口舌。,textbook,4248,za,zh
Seizneix raeuz miz gwn miz daenj,我们现在有吃有穿,textbook,4249,za,zh
Gou dwg hagseng.,我是学生。,textbook,4250,za,zh
Aen hag raeuz dwg Cunghyangh Minzcuz Dayoz.,我们学校是中央民族大学。,textbook,4251,za,zh
Ngoenz neix 5 nyied 5 hauh.,今天是5月5日。,textbook,4252,za,zh
Gou vunz Bwzgingh.,我是北京人。,textbook,4253,za,zh
Haw laeng ndwencieng.,下一个集市日是正月,textbook,4254,za,zh
De byoem bieg.,他白头发。,textbook,4255,za,zh
Aen daengq neix sam ga.,这个凳子有三条腿。,textbook,4256,za,zh
Duz vaiz haenx ndaeng vingq.,那头牛鼻子破了。,textbook,4257,za,zh
Mbouj bit cix gaeq.,不是鸡就是鸭。,textbook,4258,za,zh
"Gyu mbouj gyu, lauz mbouj lauz.",盐没有，油也没有。,textbook,4259,za,zh
"Ndaw ranz youzyouz mbouj miz, gyugyu mbouj miz.",家里什么油盐都没有,textbook,4260,za,zh
Hwnj caengz gwnzgwnz bae.,上到最高的一层。,textbook,4261,za,zh
Gou buhbuh mbouj miz saek diuz.,我一件衣服也没有。,textbook,4262,za,zh
Rumzrumz fwnfwn gou cungj bae.,无论风雨我都去。,textbook,4263,za,zh
De seizneix byaekbyaek nohnoh cungj gwn ndaej.,他现在什么菜都能吃了。,textbook,4264,za,zh
Bitbit buengjbuengj cungj bwh caez lo.,笔和作业本都准备好了。,textbook,4265,za,zh
Ngaenzngaenz guhmaz ngaenz.,什么钱不钱的。,textbook,4266,za,zh
Bitbit guhmaz bit.,什么笔不笔的。,textbook,4267,za,zh
Nohnoh guhma noh.,什么肉不肉的。,textbook,4268,za,zh
Gaeqgaeq guhmaz gaeq.,什么鸡不鸡的。,textbook,4269,za,zh
Mbouj buh mbouj vaq.,没有衣服。,textbook,4270,za,zh
Mbouj boh mbouj meh,没有父母。,textbook,4271,za,zh
Mbouj fwngz mbouj ga.,没有手脚,textbook,4272,za,zh
Mbouj loz mbouj gyoi.,没有箩筐和泥箕,textbook,4273,za,zh
Byaek mbouj noh.,什么菜或肉都没有。,textbook,4274,za,zh
Bit mbouj gaeq,鸡鸭都没有。,textbook,4275,za,zh
Vaiz mbouj cwz.,水牛黄牛都没有。,textbook,4276,za,zh
Reih mbouj naz.,没有田地。,textbook,4277,za,zh
Mbouj bit cix gaeq.,不是鸡就是鸭。,textbook,4278,za,zh
Ndwn dwk gangj geij coenz vah.,站着说几句话。,textbook,4279,za,zh
Nin dwk yawj saw mbouj ndei.,躺着看书不好。,textbook,4280,za,zh
Doeg liux song bienq cihmoq.,读了两遍生字。,textbook,4281,za,zh
Gwn liux vanj haeuxcuk ndeu.,吃了一碗稀饭。,textbook,4282,za,zh
Daenj liux diuz buh moq ngawq cawx haenx.,穿上了新买的那件衣服。,textbook,4283,za,zh
Gou yawj bonj saw neix gvaq.,看过这本书。,textbook,4284,za,zh
De bae daengz Bwzgingh gvaq.,他到过北京。,textbook,4285,za,zh
Gou bae daengq de gvaq.,我去嘱咐过他。,textbook,4286,za,zh
Gaxgonq duz vaiz neix doek roengz dat gvaq.,以前这头牛掉下过悬崖。,textbook,4287,za,zh
Daejdaej guhmaz daej ne.,哭哭什么哭呢。,textbook,4288,za,zh
Hemqhemq guhmaz hemq ne.,喊喊什么喊呢。,textbook,4289,za,zh
Buetbuet gumaz buet ne.,跑跑什么跑呢。,textbook,4290,za,zh
Raemj ri raemjrak,快点砍掉吧,textbook,4291,za,zh
Sik si siksak,快点撕掉吧,textbook,4292,za,zh
Coeb ci coebcag,快点烧掉吧,textbook,4293,za,zh
Gwn gi gwngak,快点吃掉吧,textbook,4294,za,zh
Doemq di doemqdak,赶快推倒吧,textbook,4295,za,zh
Aeu gaiq dawz gaiq.,拿了一个又一个。,textbook,4296,za,zh
Gwn aen dawz aen.,吃了一个又一个。,textbook,4297,za,zh
Yawj bonj dawz bonj.,看了一本又一本。,textbook,4298,za,zh
Veh mbaw dawz mbaw.,画了一张又一张。,textbook,4299,za,zh
Caij go dawz go.,踩了一棵又一棵。,textbook,4300,za,zh
Haj boux haj boux guhdoih bae.,每五个五个相伴而去。,textbook,4301,za,zh
Song diuz song diuz doxcug.,每两条两块地捆在一起。,textbook,4302,za,zh
Sam daeh sam daeh cuengq loengx ndeu.,每三袋三袋地放在一个箱子里。,textbook,4303,za,zh
Roek aen boek aen guh cumh.,每六个六个地做一簇,textbook,4304,za,zh
Baez go baez go ciemz.,一棵一棵地拔掉。,textbook,4305,za,zh
Baez gaemz baez gaemz bwnq.,一口一口地喂。,textbook,4306,za,zh
Baez bonj baez bonj daeh.,一本一本地搬运。,textbook,4307,za,zh
Cug boux cug boux naeuz.,一个一个地说。,textbook,4308,za,zh
Cug gwed cug gwed daengj.,一捆一捆地竖起来。,textbook,4309,za,zh
Cug aen cug aen ndenq.,一个一个地传递。,textbook,4310,za,zh
Gij saw neix gij de.,这些书是他的。,textbook,4311,za,zh
Gij vunz haenx gou roxnaj.,那些人我认识。,textbook,4312,za,zh
Gij doih haenx mbouj rox youq lawz.,那些同伴不知何在。,textbook,4313,za,zh
Raix gij doxgaiq ndaw daeh okdaeuj.,把袋子里的东西倒出来。,textbook,4314,za,zh
Gag gou bae.,只有我去。,textbook,4315,za,zh
Gag de youq.,仅有他在。,textbook,4316,za,zh
Gag mwngz mbouj daeuj.,只有你没来。,textbook,4317,za,zh
Mwngz gag bae.,你自己去。,textbook,4318,za,zh
Gou gag guh.,我自己做。,textbook,4319,za,zh
De gag ninz haemhlwenz.,他昨晚自己睡的。,textbook,4320,za,zh
Danghnaeuz bae cix ndei.,若能去就好。,textbook,4321,za,zh
Mboujdan gou lij de.,不仅有我还有他。,textbook,4322,za,zh
De ak gvaq gou.,他比我强。,textbook,4323,za,zh
Go faex neix hung gvaq go haenx haujlai.,这棵树比那棵树大许多。,textbook,4324,za,zh
De sang gvaq gou.,他比我高。,textbook,4325,za,zh
Lwgnyez neix roxsoq gvaq lwg de.,这个孩子比那个孩子懂事。,textbook,4326,za,zh
Youz mwngz gangj.,由你怎么说。,textbook,4327,za,zh
Riengz diuz roen neix bae.,沿着这条路走去。,textbook,4328,za,zh
Aenvih de ninzndaek lo.,因为他睡着了。,textbook,4329,za,zh
Bae cimh de.,向他走去。,textbook,4330,za,zh
Mwngz ciuq guh couh ndaej lo.,你跟着做就行了。,textbook,4331,za,zh
Deng de doeg lo.,轮到他念了。,textbook,4332,za,zh
De laeng gou ciq cib maenz ngaenz.,她跟我借十块钱。,textbook,4333,za,zh
Dawz song duz neix gai bae.,把这两只卖了。,textbook,4334,za,zh
Aeu aen daengq ndeu daeuj hawj gou.,拿个凳子来给我。,textbook,4335,za,zh
Doiq mwngz caeuq gou naeuz.,对我和你说。,textbook,4336,za,zh
Vih lauxsae caeuq hagseng fuzvu.,为师生服务。,textbook,4337,za,zh
Caeuq beixnuengx ok rog.,和兄弟一起外出。,textbook,4338,za,zh
Hawj bitgaeq maj ndaej vaiq.,让鸡鸭长得快。,textbook,4339,za,zh
Daj ngoenzneix bae.,从今往后。,textbook,4340,za,zh
Hawj boux'wn aeu daeuj.,叫别人拿来。,textbook,4341,za,zh
Daiq nuengx gou guhcaemz.,带着我弟玩耍。,textbook,4342,za,zh
Deng caxbyaek heh sieng.,被菜刀拉伤了。,textbook,4343,za,zh
Daiq cihsaw cungj sij mbouj baenz.,连字都写不好。,textbook,4344,za,zh
Cawz ndaem naz lij gai byaek.,除了种田还卖菜。,textbook,4345,za,zh
Daj haeuj hag doxma.,自入学以来。,textbook,4346,za,zh
Beij dawz cae ndei.,比种地的好。,textbook,4347,za,zh
Yiengq baihdoeng bae.,向东去。,textbook,4348,za,zh
Daj baihsae ma.,从西边回来。,textbook,4349,za,zh
Youz baihgwnz daeuj.,由上边来。,textbook,4350,za,zh
Riengz henzdah byaij.,沿着河边走。,textbook,4351,za,zh
Hawj bouxlawz yawj.,给谁看？,textbook,4352,za,zh
Aeu bonjsaw hawj gou.,给我拿本书。,textbook,4353,za,zh
Ndwn youq baihnaj.,站在前面。,textbook,4354,za,zh
Gou youq ranz.,我在家。,textbook,4355,za,zh
Mwngz daengz ranz seizlawz?,你何时到家？,textbook,4356,za,zh
Daengz baihrog bae naengh.,到外面去坐着。,textbook,4357,za,zh
De yungh cienz lai lwi?,他花钱花的多吗？,textbook,4358,za,zh
Yungh gonjbit neix sij saw.,用这支笔写字。,textbook,4359,za,zh
Sou beij gijmaz?,你们比什么？,textbook,4360,za,zh
Mwngz beij de oiq.,你比他年轻。,textbook,4361,za,zh
Gou byaij gvaq laeng mwngz.,我从你家经过。,textbook,4362,za,zh
Yaek ginggvaq mwngz hawj cij ndaej.,须经你允许才行。,textbook,4363,za,zh
Bouxhung caeuq bouxiq cungj bae ndaej.,大人和小孩都能去。,textbook,4364,za,zh
Gou caeuq daegbeix youq ranz yawj saw.,我和哥哥在家看书。,textbook,4365,za,zh
Moulwg riengz moumeh bae ndaw reih.,小猪跟着母猪去地里。,textbook,4366,za,zh
De gai byaek youhcaiq gai noh.,他卖菜又卖肉。,textbook,4367,za,zh
Aenmak aen dem aen doek roengz loz daeuj.,水果一个接一个地掉到箩筐里。,textbook,4368,za,zh
De youq gizneix ngoenz dem ngoenz.,他在这儿呆了一天又一天。,textbook,4369,za,zh
Fwn doek roxnaeuz mbouj doek cungj ityiengh.,下不下雨都一样。,textbook,4370,za,zh
Ngoenzneix daeuj cixnaeuz ngoenzcog daeuj?,今天来还是明天来？,textbook,4371,za,zh
Mwngz bae hixnaeuz mbouj bae cungj yaek naeuz hawj baengxyoux gou nyi.,你去不去都要告诉我的朋友。,textbook,4372,za,zh
"De mboujdan bang mwngz, vanzlij bang gou.",他不但帮助你，还帮助我。,textbook,4373,za,zh
De daemq caemhcaiq biz.,他个儿矮而且胖。,textbook,4374,za,zh
"Daeglwg de mboujdan rox dwk lamzgiuz、binghbanghgiuz, vanzlij rox dajcaemx.",他儿子不但会打篮球、乒乓球，还会游泳。,textbook,4375,za,zh
"Raeuz hung doxdoengz, hoeng gou gvai gvaq de.",我们一般大，但我比他聪明。,textbook,4376,za,zh
"De yienznaeuz iq, hoeng ak gwn raixcaix.",他虽然小，但是很能吃。,textbook,4377,za,zh
"Yienznaeuz gou mbouj youq ranz, hoeng bouxlawz naeuzdingq mbouj naeuzdingq gou cungj rox.",虽然我不在家，但谁听话不听话我都知道。,textbook,4378,za,zh
"Boux boux cungj siengj bae yawj heiq, mboujgoq mizmbangj boux yaek hwnj dangz.",人人都想去看戏，不过有些人还要上课。,textbook,4379,za,zh
Danghnaeuz de mbouj youq ranz couh suenq lo.,如果她不在家就算了。,textbook,4380,za,zh
Youzcaih vunz baenzlawz gangj cungj mbouj lau.,任凭别人怎么说都不怕。,textbook,4381,za,zh
"Denva mbouj ciep, yienzlai de mbouj youq ranz.",电话没人接，原来他不在家。,textbook,4382,za,zh
Mboujlwnh byawz cungj mbouj ndaej ok rog hag bae.,不论谁都不能出校园外。,textbook,4383,za,zh
"Aenvih guh hong dwgrengz baenz bingh naek, sojyij de hwnq mbouj ndaej lo.",因为劳成疾，所以他起不来了。,textbook,4384,za,zh
"Gyoengqde doeksaet yat, mwngz buet gou ndoj, hauq vut aen gyoh roengzdaeuj.",她大吃一惊，便东躲西藏，所以丢下了一个葫芦。,textbook,4385,za,zh
"Caeklaiq mwngz guh ndaej ndei, mboujne couh deng daxboh ndaq lo.",幸亏你做得好，不然就会被父亲骂了。,textbook,4386,za,zh
"Ndaw ranz yienznaeuz vunz mbouj lai, hoeng caemh roxnyinh nauhyied raixcaix.",家里人虽不多，但也觉得十分热闹。,textbook,4387,za,zh
"Yienznaeuz haujlai bi mbouj raen naj, hoeng gou lij ndaej geiq gij yiengh de.",虽然多年没见面，但我还能记住她的模样。,textbook,4388,za,zh
"Caenh'aeu raeuz roengz goengfou, couh hag ndaej ndei.",只要我们下了工夫，就会学得好。,textbook,4389,za,zh
"Danghnaeuz de mbouj daeuj, gou couh gag bae.",如果他不来，我就自己去。,textbook,4390,za,zh
Seizneix caeuq seizgonq mbouj doxdoengz.,现在跟以前不一样。,textbook,4391,za,zh
Gou caeuq de guhdoih bae laeng mwngz.,我和他一起去你家。,textbook,4392,za,zh
Gou caeuq de cungj dwg hagseng.,我和他都是学生。,textbook,4393,za,zh
De caeuq gou cungj dwg hagseng.,他和我都是学生。,textbook,4394,za,zh
Caeuq de bae gag.,和他上学校。,textbook,4395,za,zh
Gou bae caeuq de doxyaeng.,我去和他商量。,textbook,4396,za,zh
Gou ninz dwk hwet in lo.,我睡得腰都疼了。,textbook,4397,za,zh
De in dwk raemxda rih.,他疼得流了眼泪。,textbook,4398,za,zh
De deng dub dwk daejngaxngax.,他被打得哇哇哭。,textbook,4399,za,zh
De nyaengq dwk baenqloenxloenx.,他忙得团团转。,textbook,4400,za,zh
Aen mak neix ngwh dwk hoengzfwgfwg.,这个水果熟得深红深红的。,textbook,4401,za,zh
De ninz dwk yawj saw.,他躺着看书。,textbook,4402,za,zh
Raeuz naengh dwk gangj goj.,我们坐着说故事。,textbook,4403,za,zh
De riu dwk yawj gou.,她笑着看我。,textbook,4404,za,zh
Gou bae laeng de gvaq.,我去过他家。,textbook,4405,za,zh
Dingq gienh saeh neix gvaq.,听说过这件事。,textbook,4406,za,zh
Gou son sawcuengh de gvaq.,我教过他壮文。,textbook,4407,za,zh
Yungh bae haj maenz ngaenz.,花了五块钱。,textbook,4408,za,zh
Sik bae song mbaw ceij.,撕了两张纸。,textbook,4409,za,zh
Gwn bae vanj haeux ndeu.,吃了一碗饭。,textbook,4410,za,zh
Bae ndaej yaepndeu lo.,去了一会儿了。,textbook,4411,za,zh
Naengh ndaej buenq diemj lo.,坐了半小时了。,textbook,4412,za,zh
Doeg ndaej song bi saw.,读了两年书。,textbook,4413,za,zh
Daxmeh gou mbouj caengz doeg saw gvaq.,我母亲未曾读过书。,textbook,4414,za,zh
De bae haw gai byaek gvaq.,他去集市卖过菜。,textbook,4415,za,zh
Mwngz yaek daenj haiz dwk bae cij baenz.,你要穿了鞋去才行。,textbook,4416,za,zh
Gou gwn haeux imq dwk menh bae cimh mwngz.,我吃饱了饭再去找你。,textbook,4417,za,zh
Mwngz daet byoem dinj dwk engqgya gyaeu.,你头发剪短了更漂亮。,textbook,4418,za,zh
Vaiz duh gou haemhlwenz mbouj raen lo.,我的牛昨晚不见了。,textbook,4419,za,zh
Vaq duh mwngz dak hawq caengz?,你的裤子晒干了吗？,textbook,4420,za,zh
Ranz duh mwngz hab coihcoih lo.,你的房子该修一修了。,textbook,4421,za,zh
Duh mwngz cuengq youq gwnz daiz.,你的放在桌子上。,textbook,4422,za,zh
"Gwn duh mwngz gonq, cij gwn duh de laeng.",先吃你的，再吃他的。,textbook,4423,za,zh
Duh gou lumz youq ndaw ranz lo.,我的忘在家里了。,textbook,4424,za,zh
Aen mauh neix duh mwngz.,这个帽子是你的。,textbook,4425,za,zh
Bonj saw gwnz daiz duh gou.,桌上的书是我的。,textbook,4426,za,zh
Aen gaet hoengz haenx duh de.,那个红扣子是她的。,textbook,4427,za,zh
Duzvaiz henzmieng duh boh gou.,河边的牛是我爸的。,textbook,4428,za,zh
Saw umj aeu roxnaeuz riuj aeu ma ranz?,书抱着还是提着回家？,textbook,4429,za,zh
Mwngz naengh aeu roxnaeuz ndwn aeu?,你想坐着还是站着？,textbook,4430,za,zh
Bae laeng daxgoeng byaij aeu roxnaeuz naengh ci aeu?,要去爷爷家，走着去还是坐车去？,textbook,4431,za,zh
Gij saw neix daj aeu roxnaeuz sij aeu?,这些字用打字还是手写？,textbook,4432,za,zh
Mbaenq faex neix gawq aeu roxnaeuz raemj aeu?,这块木头锯着好还是砍好？,textbook,4433,za,zh
De naengh dwk gangjbyodbyod henz daiz.,他在桌子边坐着不停地说话。,textbook,4434,za,zh
De ciengzseiz ninz dwk yawj saw.,他经常躺着看书。,textbook,4435,za,zh
Gven aen'dou ndaet ndaet dwk.,紧紧地关着门。,textbook,4436,za,zh
Diemj aen'daeng rongh rongh dwk.,把灯点得亮亮的。,textbook,4437,za,zh
Gwn ndaej song vanj haeux.,吃了两碗饭。,textbook,4438,za,zh
Guh ndaej song aen daenq.,做了两个凳子。,textbook,4439,za,zh
Rap ndaej rap raemx ndeu.,挑了一担水。,textbook,4440,za,zh
Bae ndaej song ngoenz.,去了两天。,textbook,4441,za,zh
Buet ndaej seiq hob.,跑了四圈。,textbook,4442,za,zh
Roq ndaej haj baez gyong.,敲了五次鼓。,textbook,4443,za,zh
Hwnj ndaej caengz haemq gwnz.,爬到更上一层。,textbook,4444,za,zh
Cawx ndaej byaek couh ma.,买到菜就回来。,textbook,4445,za,zh
Nyaeb ndaej doxgaiq couh gyau.,捡到东西就上交。,textbook,4446,za,zh
Laemh ndaej duzgoep ma gwn laeuj.,摸到青蛙来下酒。,textbook,4447,za,zh
Duzmou neix miz song bak gaen bw.,这头猪可能有两百斤重呢。,textbook,4448,za,zh
Raeuz ngoenzlaeng doxcaeuq bae haw bw.,我们后天一起去赶集啊。,textbook,4449,za,zh
Mwngz yaek daeuj heuh gou bw.,你要来叫我啊。,textbook,4450,za,zh
Haemhneix ma ranz haemq vaiq bw.,今晚要早些回家啊。,textbook,4451,za,zh
Gaej deng gij doxgaiq ndaw loengz bw.,别碰箱子里的东西啊。,textbook,4452,za,zh
Faen mbouj ndaej cwz gaej ienq gou bw.,分不到黄牛别埋怨我啊。,textbook,4453,za,zh
Mwngz mbouj ndaej naeuz daxboh nyi bw.,你不能告诉爸爸啊！,textbook,4454,za,zh
Mwngz gaej nyaeuh gou bw.,你别欺骗我啊！,textbook,4455,za,zh
Mwngz ndaej hoengq couh daeuj guhcaemz nw.,你有空就来玩啊。,textbook,4456,za,zh
Mwngz bae hag gaej lumz daiq suhbauh nw.,你上学别忘了带书包啊。,textbook,4457,za,zh
Cawx gonj bit ndeu ma hawj gou nw.,买一支笔回来给我啊。,textbook,4458,za,zh
Mwngz caemh bae laeng de gwn haeux nw?,你也去他家吃饭吗？,textbook,4459,za,zh
Mwngz ngoencog mbouj youq ranz nw?,你明天不在家吗？,textbook,4460,za,zh
Mwngz yaek daeuj laeng gou nw?,你要来我家吗？,textbook,4461,za,zh
Mwngz ngoenzneix bae hag mbouj?Bae ha.,你今天去学校不？去。,textbook,4462,za,zh
Laeng mwngz miz gaeq lai mbouj?Miz ha.,你家有很多鸡吗？有。,textbook,4463,za,zh
Mwngz bae mbanj lwi?Bae ha.,你去亲戚家吗？去。,textbook,4464,za,zh
Vaiq bae ha!Mbwn laep roen mbouj baenz byaij.,快去！天黑路不好走。,textbook,4465,za,zh
Vaiq daeuj ha!Miz vunz doek roengz daemz lo.,快来！有人掉到池塘里了。,textbook,4466,za,zh
Ok bae ha! Yaek gven gyausiz lo.,出去！要关教室了。,textbook,4467,za,zh
Gangj ha! Mboujne gou cuengq lo.,说！要不然我放下了。,textbook,4468,za,zh
Mwngz ra bouxlawz ha?,你找谁啊？,textbook,4469,za,zh
Mwngz dwg vunz Gvangjsix ha?,你是广西人吗？,textbook,4470,za,zh
Mwngz haengj gwn mangjgoj ha?,你喜欢吃芒果吗？,textbook,4471,za,zh
Mwngz haemhneix bae yawj denyingj lwi?,你今晚去看电影吗？,textbook,4472,za,zh
Gou caeuq mwngz guhdoih bae baenz lwi?,我和你做伴去好吗？,textbook,4473,za,zh
De daeuj laeng mwngz gvaq la?,他来过你家啦？,textbook,4474,za,zh
De bae haq la?,她出嫁啦？,textbook,4475,za,zh
De haetneix ma ranz la?,她今早回家啦？,textbook,4476,za,zh
Mwngz bae dajcaemx lwi?Mbouj bae law.,你去不去游泳？不去。,textbook,4477,za,zh
Mwngz naeuz de daeuj mbouj?Mbouj daeuj law.,你说她来不来？不来。,textbook,4478,za,zh
Mwngz gwn haeux mbouj gwn?Mbouj gwn law.,你吃饭不吃？不吃。,textbook,4479,za,zh
Gou daek vanj haeux hawj mwngz ba?Mbouj law.,我盛碗饭给你吧？不。,textbook,4480,za,zh
Gou gwn vanj haeux dem.,我再吃一碗饭。,textbook,4481,za,zh
"Nit lo, daenj diuz buh dem.",天冷了，多穿一件衣服。,textbook,4482,za,zh
"Ngah bak lai, hawj aen mak dem.",嘴太谗了，再给一个水果。,textbook,4483,za,zh
Mwngz mbouj siengj dingq diuzgo dem?,你不想再听一首歌？,textbook,4484,za,zh
Ndwn dwk! Gaej doengh!,站住，别动！,textbook,4485,za,zh
"Saeg seuq dwk!, mboujne hoj yawj yaek dai.",洗干净！要不难看死了。,textbook,4486,za,zh
Hen dwk!Lau vunz dwk dawz bae gwn.,守住！以防被别人打了吃掉。,textbook,4487,za,zh
Re dwk! dangqnaj miz u raemx ndeu.,当心！前面有一摊水。,textbook,4488,za,zh
"Rumz baek rem lai, gven aencueng bae.",北风太猛，请把窗户关上。,textbook,4489,za,zh
"Gwn vanj haeux liux bae, gaej lw.",把这碗饭吃完了，别剩下。,textbook,4490,za,zh
"Daet byoem dinj bae, raez cix hwngq lai.",把头发剪短了，长了太热。,textbook,4491,za,zh
Boux vunz ndwn haenx sangyoegyoeg bae.,站着的那个人个子高高的。,textbook,4492,za,zh
Aen loengz neix naek dangqmaz bae.,这个箱子很重的。,textbook,4493,za,zh
Duzngwz de dub haenx raezrangrang bae.,他打的那条蛇长长的。,textbook,4494,za,zh
Duzvaiz haemhlwenz gwn bae baenz gaiq naz.,牛昨晚吃掉了整块田的水稻。,textbook,4495,za,zh
De daj laeng gou ciq bae sam bak maenz ngaenz.,他从我这儿借了三百元钱。,textbook,4496,za,zh
"Mwngz gwn gonq, gou mbouj iek geijlai.",你吃吧，我不怎么饿。,textbook,4497,za,zh
"Mwngz youq gonq, gou bae heuh de gvaq daeuj.",你等着吧，我去把她叫来。,textbook,4498,za,zh
Gou bae ndaw reih aeu byaek gonq.,我到地里摘菜了。,textbook,4499,za,zh
"Haemh lo, gou gag bae ninz gonq.",晚了，我自己睡觉去了。,textbook,4500,za,zh
"Hek yaek daeuj lo, gou ma ranz gonq.",客人要来了，我回去了。,textbook,4501,za,zh
"Mbatlaeng gonq, gou menh bae laeng mwngz.",以后吧，我再去你家。,textbook,4502,za,zh
"Haetcog gonq, gou menh naeuz mwngz yi.",明天吧，我再告诉你。,textbook,4503,za,zh
"Ngoenzsinghgiz gonq, gou menh daeuj bang mwngz.",星期天吧，我再来帮助你。,textbook,4504,za,zh
"Yaepdi gonq, raeuz caez ok bae guhcaemz.",过一会儿吧，我们一起出去玩。,textbook,4505,za,zh
"Lwg hwi, gaej caeuq vunz doxdaj nw.",孩子，别和人家打架啊。,textbook,4506,za,zh
"Boh hwi, haemhneix cawj byaek maz baenz?",爸，今晚做什么菜好呢？,textbook,4507,za,zh
"Genmingz hwi, haemhneix doxcaeuq gwn laeuj bw.",建明，今晚一起喝酒啊。,textbook,4508,za,zh
Yienghneix mwngz couh vaiq daeuj lu.,这样，你就快来吧。,textbook,4509,za,zh
Yaek ma ninz cix bae lu.,想回去睡觉就去吧。,textbook,4510,za,zh
Yaek gwn cix gwn lu.,想吃就吃吧。,textbook,4511,za,zh
Laeng mwngz miz maknganx lwi?Miz liux.,你家有龙眼吗？有啊！,textbook,4512,za,zh
Gou haemhneix bae cimh mwngz baenz lwi?Baenz liux.,我今晚去找你好吗？好啊！,textbook,4513,za,zh
Hawj de daeuj dwk geiz mbouj? Hawj liux.,让他来打牌吗？让啊。,textbook,4514,za,zh
Mwngz cix yienghlawz guhfap ye?,你是怎样做的呢？,textbook,4515,za,zh
Mwngz caeg mbwn cix baeq caeg ndaej ye?,你“偷天”却怎么个偷法呢？,textbook,4516,za,zh
De haemhneix daeuj mbouj ye?,他今晚来不来呢？,textbook,4517,za,zh
Vihmaz heuh sam gaen roek liengx ne?,为何叫“三斤六两”呢？,textbook,4518,za,zh
De youq mbouj youq ranz ne?,他是否在家呢？,textbook,4519,za,zh
"Yiengh ne, raeuz couh daengz ndaej gib lo.",这样的话，我们就能及时到了。,textbook,4520,za,zh
"Mbouj ne, de couh deng boiz ngaenz lo.",不然的话，他就要赔钱了。,textbook,4521,za,zh
Gou naeuz ngoenzneix fwn doek mbouj loek ne.,我说今天下雨没错的。,textbook,4522,za,zh
Aen doengzgyaek neix baizdui dwk cawx cijndaej ne.,这个宝竹筒排了队才买到的。,textbook,4523,za,zh
Ne! de naengh youq mwnqhaenx.,看！她坐在那儿。,textbook,4524,za,zh
Ne! ndaw ranz mbouj miz saek boux.,看！家里一个人都没有。,textbook,4525,za,zh
De bae yienhsingz banh saeh dinghlo.,他可能去县城办事了。,textbook,4526,za,zh
Gou bi'gyai youq Namzningz raen de dinghlo.,我可能前年在南宁见她过。,textbook,4527,za,zh
De haemhlwenz ma daengz ranz dinghlo.,他可能是昨晚回到家的。,textbook,4528,za,zh
Daxboh hawj de bae cawx laeuj dinghlo.,爸爸可能让他去打酒了。,textbook,4529,za,zh
Ngoenzcog deng mwngz guh cizyizsaengh lubw.,明天轮到你做值日生了。,textbook,4530,za,zh
Gvaq song ngoenz couh daengz cieng lubw.,过两天就到春节了。,textbook,4531,za,zh
De ngonzrawz couh daeuj daengz laeng mwngz lubw.,他后天就到你家了。,textbook,4532,za,zh
Gou ngoenzlwenz aeu fagseiz hawj daboh mwngz lubw.,我昨天把钥匙给你父亲了,textbook,4533,za,zh
Mwngz doeg bonj saw neix gvaq lunw?,你读过这本书了是吗？,textbook,4534,za,zh
De ngoenzlwenz bae laeng gou lunw?,他昨天去我家了是吗？,textbook,4535,za,zh
Sou haemhlwenz haeuj lueg dwk nyaen lunw?,你们昨晚进山打猎了是吗？,textbook,4536,za,zh
"Niq hwi, hai dou luvei.",孩子，开门吧。,textbook,4537,za,zh
Mwngz vaiq daeuj luvei.,你快来吧。,textbook,4538,za,zh
Bae heuh de ma luvei.,去叫她回来吧。,textbook,4539,za,zh
Roengzrengz guh hong luvei.,努力干活吧。,textbook,4540,za,zh
De ngoenzneix youq ranz yietbaeg luba.,他今天应该在家休息吧。,textbook,4541,za,zh
Vunz cungj daeuj caez luba.,人应该都到齐了。,textbook,4542,za,zh
De bae haw cawx byaek luba.,她应该到集市买菜了。,textbook,4543,za,zh
Gou lumz gonjbit youq ranz luba.,我应该是把笔忘在家里了。,textbook,4544,za,zh
Haemhlwenz duzma de raeuq mwngz luba?,昨晚他的狗对你叫了吧？,textbook,4545,za,zh
"De bae mbouj daiq hab, mwngz bae balu.",他去不太合适，你去吧。,textbook,4546,za,zh
Mwngz hawj gou son gyoengqde ciengq go balu.,你让我教他们唱歌吧。,textbook,4547,za,zh
Gou ngoencog ma ranz gavqciet balu.,我明天回家过节吧。,textbook,4548,za,zh
"Fwn doekrara, raeuz caj fwn dingz menh bae balu.",雨在哗哗地下，我们等雨停了再去吧。,textbook,4549,za,zh
Rumz bongj daeuj ganjfaex couh raek satli.,风吹来树干就折断了。,textbook,4550,za,zh
"Hawj de guh, de mbouj guh satli.",叫他做，他不做。,textbook,4551,za,zh
Fwn doek le roen myag lai laemx satli.,下雨路太滑而摔倒的。,textbook,4552,za,zh
Yiengh haenx mwngz naeuz satli.,那你就说吧。,textbook,4553,za,zh
Gou aeu gang ngaenz ndeu hawj mwngz dawz ma satlo.,我把一缸的银子给你拿回去算了。,textbook,4554,za,zh
De faen gya ndaej duz raeu he satlo.,他分家时仅仅得到一只虱子。,textbook,4555,za,zh
Gag gou bae hag satlo.,只有我一个人上学。,textbook,4556,za,zh
Hawj guh gijmaz gou cix caeuq mwngz guh satlo.,叫我做什么我就给你做什么。,textbook,4557,za,zh
"Da laep lo, gou ma ninz halu.",我困了回去睡觉了。,textbook,4558,za,zh
Raeuz bae laj go rungz haenx baez yiet ndeu halu.,我们到那棵榕树下歇一会儿吧。,textbook,4559,za,zh
Mwngz caeuq de caemh daiz halu?,你和他同桌好吗？,textbook,4560,za,zh
Gou rap raemx ma hawj mwngz halu?,我挑水回来给你好吗？,textbook,4561,za,zh
"Gaiq neix, dwg gou caeg mbwn ndaej luga.",这个嘛，是我偷天得来的。,textbook,4562,za,zh
Fwn doek daengz cij bae dawzcae luga.,天下雨了，才去耕种的。,textbook,4563,za,zh
Cietheiq daengz mwngz cix ndaem gode luga.,什么节气，你就种什么植物。,textbook,4564,za,zh
Gaemz dog gwn ndaej haj vanj bae.,一口能吃五碗呢。,textbook,4565,za,zh
De gwed ndaej song bak gaen bae.,他能扛两百斤重呢。,textbook,4566,za,zh
Buet vaiq gvaq giceh bae.,比汽车跑得还快呢。,textbook,4567,za,zh
Aeu bae song fag liemz.,拿了两把镰刀。,textbook,4568,za,zh
Raek bae song go faex.,折断了两棵树。,textbook,4569,za,zh
Vaih bae aen eij ndeu.,弄坏了一把椅子。,textbook,4570,za,zh
Dongj bae song moux naz.,冲毁了两亩水田。,textbook,4571,za,zh
Bouxlawz gwn bae aen dangz ndeu?,谁吃了一颗糖？,textbook,4572,za,zh
Gou gwn bae.,我吃掉了。,textbook,4573,za,zh
Bouxlawz aeu bae doengj raemx haenx?,谁拿了那桶水？,textbook,4574,za,zh
De aeu bae.,她拿去了。,textbook,4575,za,zh
Cehda de ndaemndaem bae.,他的眼睛黑黑的。,textbook,4576,za,zh
Duzbya de camj dawz haenx hunghung bae.,他捕到的那条鱼儿很大。,textbook,4577,za,zh
De lumj duzgeng nei byombyangbyang bae.,他像猴子似的瘦骨嶙峋。,textbook,4578,za,zh
De rap raemx mbaeumbengmbeng bae.,他挑水觉得轻飘飘的。,textbook,4579,za,zh
Gijmak gwnz faex hoengzfwgfwg bae.,树上水果红透透的。,textbook,4580,za,zh
"Mwngz gaej heiq lai, gou bae yawjyawj gonq.",你别太担心，我先去看看吧。,textbook,4581,za,zh
Mwngz ceiq ndei bae cawj haeux gonq.,你最好先去做饭。,textbook,4582,za,zh
Mwngz cimz gonq menh gwn.,你先尝尝再吃。,textbook,4583,za,zh
Gou swiq ndang gonq cij gwn haeuxcaeuz.,我先洗完澡再吃晚饭。,textbook,4584,za,zh
"Haemh lo, gou byaij gonq lubw.",晚了，我先走了啊。,textbook,4585,za,zh
"Caj de daeuj gonq, raeuz menh bae.",等她来了我们再走吧。,textbook,4586,za,zh
"Caj gou yawj liux gonq, menh boiz hawj mwngz.",等我看完了再还给你吧。,textbook,4587,za,zh
"Caj gou dauqma gonq, menh naeuz mwngz nyi.",等我回来了再说给你听吧。,textbook,4588,za,zh
"Caj mbatlaeng ndaej doxroeb gonq, raeuz yaek gwn dwk laeuj fiz bae cij youq.",待下次相见时，我们要一醉方休啊。,textbook,4589,za,zh
Soengq de bae hwnj hag.,送他去上学。,textbook,4590,za,zh
Boenq duzgaeq deuz.,把鸡赶走。,textbook,4591,za,zh
Daiq raeuz bae guhcaemz.,带我们去玩。,textbook,4592,za,zh
Miz vunz ndwn bakdou haenx.,有人站在那门口。,textbook,4593,za,zh
Heuh de daeuj son gou sij sa w.,叫他来教我写字。,textbook,4594,za,zh
Ya wj mbouj yawj < Hoengzlouzmung > bonj saw neix?,看不看《红楼梦》这本书？,textbook,4595,za,zh
Gou rap song doengj raemx bae rued byaek ndaw suen,我挑两桶水去浇园子里的菜。,textbook,4596,za,zh
Mwngz daenj buhmoq.,你穿新衣服。,textbook,4597,za,zh
Gofaex maj ndaej vaiq.,树长得快。,textbook,4598,za,zh
Aen'eij neix ga raek lo.,这个椅子的腿断了。,textbook,4599,za,zh
Haemhneix fwn doek.,今晚有雨。,textbook,4600,za,zh
Ngoenz ngoenz cungj doek fwn'oemq.,每天都阴雨绵绵。,textbook,4601,za,zh
Ndaw gyausiz miz hagseng hwnjdangz.,教室里有学生上课。,textbook,4602,za,zh
Song boux lwg cungj gauj ndaej hwnj lo.,两个儿子都考上了。,textbook,4603,za,zh
Raemx ndaw gu gunj lo.,锅里的水开了。,textbook,4604,za,zh
Duzroeg gwnzfaex mbin lo.,树上的鸟飞了。,textbook,4605,za,zh
Gangj gaih gvaq guh.,说比做容易。,textbook,4606,za,zh
Gwn haeux gaej genj.,吃饭别挑食。,textbook,4607,za,zh
Ndwn dwk mbouj doengh hoj dangqmaz.,站着不动很难。,textbook,4608,za,zh
Baez naengh couh seiq diemjcung.,一坐就是四个小时。,textbook,4609,za,zh
"Na ndei, mbang lai daenj mbouj raeuj.",厚了好，太薄穿了不暖和。,textbook,4610,za,zh
"Vaiq hix mbouj dwg, nguh hix mbouj dwg.",快也不是，慢也不是。,textbook,4611,za,zh
Mwngz bae caemh ndaej.,你去也成。,textbook,4612,za,zh
Ngaenz lai mbouj itdingh baenz.,钱多未必好。,textbook,4613,za,zh
Saw yawj lai gyaeuj dot.,书看多了头疼。,textbook,4614,za,zh
Gou hawj cij ndaej doengh.,我允许才能动。,textbook,4615,za,zh
Boux neix bouxcuengh.,这个人是壮族。,textbook,4616,za,zh
De ginsiyanj.,他是近视眼。,textbook,4617,za,zh
Ngoenzcog sam nyied sam.,明天是三月三。,textbook,4618,za,zh
Boux song aen.,每人两个。,textbook,4619,za,zh
Mwngz baenzlawzyangh?,你怎么样？,textbook,4620,za,zh
Gou vunz Gvangjsih.,我是广西人。,textbook,4621,za,zh
Dahnuengx gou goet sang.,我妹妹是个高个儿的。,textbook,4622,za,zh
"De cibbet, gou ngeihcib.",他十八，我二十。,textbook,4623,za,zh
Bonj saw neix bet maenz ngaenz.,这本书八块钱。,textbook,4624,za,zh
Duzvaiz gwn nywj.,牛吃草。,textbook,4625,za,zh
Gou roxnaj de.,我认识他。,textbook,4626,za,zh
De rox gangj VahCuengh.,他会说壮话。,textbook,4627,za,zh
Daeg neix lumj daxboh de.,这男孩像他爸爸。,textbook,4628,za,zh
De daengz Bwzgingh gvaq.,他到过北京。,textbook,4629,za,zh
De dwg vunz baihbaek.,他是北方人。,textbook,4630,za,zh
"Ngoenzlwenz nit, ngoenzneix haemq raeuj.",昨天冷，今天较暖和。,textbook,4631,za,zh
Aen gva neix diemz raixcaix.,这个瓜很甜。,textbook,4632,za,zh
Ndaw gyausiz seuqsatsat.,教室里干干净净的。,textbook,4633,za,zh
Ndaw ranz nyaed lai.,屋里太挤。,textbook,4634,za,zh
Gwnz congz nyungqnyatnyat.,床上乱七八糟的。,textbook,4635,za,zh
Gou bae laj mbanj.,我去乡下。,textbook,4636,za,zh
Raeuz haeuj gyausiz.,咱们进教室。,textbook,4637,za,zh
Dah de buet ok doumonz.,那个女孩跑出大门。,textbook,4638,za,zh
Daeg de benz hwnj gwnzlouz.,那个男孩爬上楼顶。,textbook,4639,za,zh
De ngoenzcog daeuj laeng gou.,他明天来我家。,textbook,4640,za,zh
Gwnz ciengz did go nywj ndeu.,墙上长一棵草。,textbook,4641,za,zh
Najmbanj vat diuz mieng ndeu.,村前挖一条水沟。,textbook,4642,za,zh
Laj daiz miz duz ma ndeu.,桌子下有一只狗。,textbook,4643,za,zh
Ndaw rug diemj aen daeng ndeu.,卧室里点了一盏灯。,textbook,4644,za,zh
Gwnz roen law bae aen habbau ndeu.,在路上丢失了个钱包。,textbook,4645,za,zh
De gyaeu gijmaz.,她漂亮什么。,textbook,4646,za,zh
Mwngz riu gijmaz.,你笑什么。,textbook,4647,za,zh
Sou hemq gijmaz.,你们喊什么。,textbook,4648,za,zh
Mwngz byaij duh mwngz.,你走你的。,textbook,4649,za,zh
Gou bae cam he baez ndeu.,我去问它一次。,textbook,4650,za,zh
Mwngz ciengq he duenh ndeu.,你唱它一段。,textbook,4651,za,zh
Gonj bit neix gonj duh gou.,这支笔是我的。,textbook,4652,za,zh
Gou siengj gwn vanj raemx ndeu.,我想喝一碗水。,textbook,4653,za,zh
Gou roxnyinh miz di nit.,我觉得有点儿冷。,textbook,4654,za,zh
De ngvanh baenzlawz guh ndei.,他想如何做好。,textbook,4655,za,zh
De ngeix guh gijmaz saeh ngoenzlwenz.,他回忆昨天做了什么事。,textbook,4656,za,zh
Gou loqraen miz vunz heuh.,我梦见有人叫。,textbook,4657,za,zh
De daenj diuz buh moqsupsup ndeu.,她穿件崭新的衣服。,textbook,4658,za,zh
Dangqnaj miz go faex youh hung youh sang ndeu.,前面有棵高大的树。,textbook,4659,za,zh
Aen mak henjrwgrwg neix.,这个熟透了的果子。,textbook,4660,za,zh
Gou ndaenj haeuj aenranz laepsaengsaeng bae.,我走进黑漆漆的那个房子。,textbook,4661,za,zh
Ndaek vengq fwj mdaemraeuraeu ndeu daj baihdoeng vaij gvaq daeuj.,一大片黑黑的乌云从东边压过来。,textbook,4662,za,zh
Laeng de miz hek daeuj.,他家来了客人。,textbook,4663,za,zh
Haeux bi'moq lw lai.,去年的稻谷剩的多。,textbook,4664,za,zh
Duzroeg gwnz faex heuhgyigyi.,树上的鸟儿喳喳叫。,textbook,4665,za,zh
Boux lwgnyez neix caeuq gou bae.,这个孩子和我去。,textbook,4666,za,zh
Aen ranz cien neix aen gou.,这个砖房是我的。,textbook,4667,za,zh
Lwgsawz dumq ndei gwn raixcaix.,煮的白薯很好吃,textbook,4668,za,zh
Raeuz roengzrengz doeg saw.,我们努力地读书。,textbook,4669,za,zh
De ak gwn ak guh.,他能吃又能干。,textbook,4670,za,zh
De menhmenh benz hwnj louz.,他慢慢地爬上楼。,textbook,4671,za,zh
"Mwngz gik byaij roen, couh gaej bae lo.",你懒得走路，就别去了。,textbook,4672,za,zh
Mwngz dinghdingh cuengq doxgaiq roengzdaeuj.,你把东西轻轻地放下来。,textbook,4673,za,zh
De ngamj bae hwnjban.,他刚去上班。,textbook,4674,za,zh
Gou ngoenzlwenz daeuj laeng de.,我昨天来他家。,textbook,4675,za,zh
Duznou caegcaeg riqgvaq henzciengz.,老鼠悄悄地从墙根跑过。,textbook,4676,za,zh
Gou yaek hag mwngz ciengq go.,我要学你唱歌。,textbook,4677,za,zh
Mwngz youq ranz yawj saw lwi?,你在家看书吗？,textbook,4678,za,zh
Raeuz cug go cug go raemj faex.,我们一棵一棵地砍着树。,textbook,4679,za,zh
De cij gangj coenz vah dog.,他只说了一句话。,textbook,4680,za,zh
Gou daj ndaw dou yawj okbae.,我从门里往外看。,textbook,4681,za,zh
Gangj byoedbyoed byadbyad.,叽里呱啦地说着。,textbook,4682,za,zh
Byaij ngungxngungx ngangxngangx.,跌跌撞撞地走着。,textbook,4683,za,zh
Gvih gyoedgyoed gyaxgyax.,小孩跪着玩耍貌。,textbook,4684,za,zh
Gwn ndaek gaemz ndaek gaemz.,大口大口地吃着。,textbook,4685,za,zh
De ninz yawj saw.,他躺着看书。,textbook,4686,za,zh
Lwgbiek cawj hix baenz gwn.,芋头煮着也好吃。,textbook,4687,za,zh
"Naz hawq lo, raemx dwk lai di.",水田干了，要多灌溉一些水。,textbook,4688,za,zh
"Ngah noh lo, noh heh lai di.",谗肉了，肉要多切点儿。,textbook,4689,za,zh
De ndwen bae haw cawx byaek song baez.,他每月到集市上买两回菜。,textbook,4690,za,zh
De baez raemj go faex ndeu.,他每次砍一棵树。,textbook,4691,za,zh
Mwngz ndauj haeux ywnz bae.,你把米拌均匀了。,textbook,4692,za,zh
De dub aenvanj ywngz lo.,他把碗打碎了。,textbook,4693,za,zh
Yumz gaiqbaengz hoengz lo.,把布染红了。,textbook,4694,za,zh
Lot faexndoek soemsoem bae.,把竹子削得尖尖的。,textbook,4695,za,zh
De sij cihsa wloek lo.,他把字写错了。,textbook,4696,za,zh
Duz ma neix yak ya wj yaek dai.,这只狗难看死了。,textbook,4697,za,zh
Gou nit dwk yaek dai.,我冻得要死了。,textbook,4698,za,zh
Mwngz gangj yaek ci ngcuj.,你要讲清楚。,textbook,4699,za,zh
Gou hozhawq dwk yaek dai ngoz lo.,我渴得快要枯死了,textbook,4700,za,zh
Duz ma de deng vunz dub dwk yaek gyad lo.,那只狗被人打得快要残废了。,textbook,4701,za,zh
Mwngz aeu aendaengq daeuj.,你把凳子拿来。,textbook,4702,za,zh
Gou soengq gonj bit bae.,我送一支笔去。,textbook,4703,za,zh
De ngoenzl wenz gei q haujlai ngaenz ma.,他昨天寄了很多钱回来。,textbook,4704,za,zh
De daxbaenh bae aeu noegcae ndaw reih dauq.,他刚才去把地里的犁头拿回来。,textbook,4705,za,zh
Gou yawj hwzbanj ndaej raen.,我能看得见黑板。,textbook,4706,za,zh
Bien faenzcieng neix sij ndaej liux.,这篇文章能写完。,textbook,4707,za,zh
De saet ndaej gvaq gumz.,他能跳过这坑儿。,textbook,4708,za,zh
Gou di ngq ndaej rox.,我能听懂。,textbook,4709,za,zh
Duzbit saez ndaej dawz bya.,鸭子能抓到鱼。,textbook,4710,za,zh
Gou nit dwk saenzdwddwd.,我冷得发抖。,textbook,4711,za,zh
De ndwn dwk hwet naet.,我站得腰累了。,textbook,4712,za,zh
Gou hwngq dwk ok hanh.,我热得出了汗。,textbook,4713,za,zh
De manh dwk raemxda ri h.,她被辣得流了眼泪。,textbook,4714,za,zh
De gwn dwk bak youzyubyub.,他吃得满嘴流油。,textbook,4715,za,zh
Gou dungx iek dwk dungx doxnemlo.,我饿得肚子都贴到一起了。、,textbook,4716,za,zh
Mwngz deq gou yaep ndeu.,你等我一会儿。,textbook,4717,za,zh
De youq Bwzgi ngh sa m bi.,他在北京住了三年。,textbook,4718,za,zh
Aenbiuj mwngz byaij nguh song faenhcung.,你的表走慢了两分钟。,textbook,4719,za,zh
Gou ngoenzl wenz ya wj denyi ngj baenzngoenz.,我昨天看了一天的电影。,textbook,4720,za,zh
De guhcaeg deng gyaeng baengz cib ndawen.,他因盗窃被关了整整十个月。,textbook,4721,za,zh
Gou doeg bonj saw neix song baez.,我读了两次这本书。,textbook,4722,za,zh
Gou yawj boux de mbat ndeu.,我看了那个人一眼。,textbook,4723,za,zh
Raeuz raen naj gvaq geij mbat.,我们见过几次面。,textbook,4724,za,zh
Gou nga mq cawx song gaen noh.,我只买两斤肉。,textbook,4725,za,zh
Diuzvaq neix raez conq ndeu.,这条裤子长了一寸。,textbook,4726,za,zh
De deng daxboh dub angjfwngz song baez.,他被父亲打了两下手心。,textbook,4727,za,zh
Aen louz neix sang gvaq aenhaenx song boix.,这栋楼比那栋楼高两倍。,textbook,4728,za,zh
Ca wx gij byaek neix cienh haujlai ngaenz.,买这些菜便宜了很多钱。,textbook,4729,za,zh
Duzroeg mbi n dwk byux.,鸟儿“扑”地一声飞了。,textbook,4730,za,zh
De hup aendou dwk gumx.,他“乓”地一声关上门。,textbook,4731,za,zh
Gofaex raek dwk hat.,树“哒”地一声断了。,textbook,4732,za,zh
De ae dwk gvemz.,他咳嗽了一声。,textbook,4733,za,zh
Gou haengj nin ai.,我喜欢仰着睡。,textbook,4734,za,zh
Cungj byaek neix ndaej gwn ndip.,这种菜能生吃。,textbook,4735,za,zh
De naengh vang lai.,他横着坐的多。,textbook,4736,za,zh
De daxbaenh laemx hoemj.,他刚才跌倒了。,textbook,4737,za,zh
"De ga mj byaij roen laep ne, gou couh byaij dingqgit.",你若敢走夜路，我就倒立着走。,textbook,4738,za,zh
Duz gaeql wg neix dai nyungz.,这只小鸡死于被蚊子叮咬。,textbook,4739,za,zh
Go faexl wg neix dai ndit.,这棵小树是死于阳光太强。,textbook,4740,za,zh
Aen ci de loemq boengz.,那辆车陷于泥潭。,textbook,4741,za,zh
Duz ma neix ndoq gyak.,这只狗因癣而掉光了毛。,textbook,4742,za,zh
Gyaeng hawj de dai nit bae.,关着它直到被冻死。,textbook,4743,za,zh
Raeuz dik haeuj aen giuz ndeu.,我们踢进了一个球。,textbook,4744,za,zh
Mwngz rap song doengj raemx.,你挑两桶水。,textbook,4745,za,zh
De ja wj bonj saw ndeu.,他看一本书。,textbook,4746,za,zh
Gou cawx song gaen noh.,我买两斤肉。,textbook,4747,za,zh
Mou iq maj hung.,小猪长得大。,textbook,4748,za,zh
Gou di ngq rox.,我能听得懂。,textbook,4749,za,zh
De doeksaet yat.,她吓了一跳。,textbook,4750,za,zh
Duzgaeq cak byux.,鸡“扑”地挣扎了一下。,textbook,4751,za,zh
"Mbouj yungh ca m, gou rox vi hmaz de ndoj gou.",不用问，我知道为什么她躲着我。,textbook,4752,za,zh
"Cungj ma gangj, mbouj miz raemx raeuz couh dai.",总的来说，没有水，我们就会死去。,textbook,4753,za,zh
"Ci bbi gonq, caemhdwg bi 1993, de bae doeg dayoz.",十年前，即1993年，他去上大学。,textbook,4754,za,zh
"Duz mou neix, gou yawj aiq miz song bak gaen.",这头猪，我看可能有二百斤。,textbook,4755,za,zh
"De mbouj hwnjban, dingqnaeuz de laeuj fiz lo.",他没上班，听说他醉酒了。,textbook,4756,za,zh
"Mwngz yawj, mwngz ceng di caeuh laemx lo.",你看，你差点儿就摔倒了。,textbook,4757,za,zh
De l umj naeuz mbouj youq ranz.,他好像不在家。,textbook,4758,za,zh
Duz mou neix noixgangj cungj miz song bak gaen.,这头猪至少有二百斤重。,textbook,4759,za,zh
"Mwngz vaiq di gwn, Genmingz.",你快点吃，建明。,textbook,4760,za,zh
"Vei, mwngz heuh coh maz?",喂，你叫什么名字？,textbook,4761,za,zh
"Boh, mwngz seizlawz daeuj laeng gou youq?",爸，你什么时候来我家住？,textbook,4762,za,zh
"Mwngz mbouj ndaej yienghneix guh, Lauj Vangz.",你不能这么做，老王。,textbook,4763,za,zh
"Aex, mwngz yaepdi bae yawj de guh gij maz.",嗳，你过一会儿去看看他在做什么。,textbook,4764,za,zh
"Aexyax, gou lumz fagseiz youq ndaw ranz lo.",哎呀，我把钥匙忘在家里了。,textbook,4765,za,zh
"Ha, mwngz caemh saenq gij vah de!",啊！你也相信他的话！,textbook,4766,za,zh
"Li ux lo, cij miz buenq diemjcung hojceh couh hai lo.",完了！只有半小时火车就开了。,textbook,4767,za,zh
Dai lo! Gij ngaenz gou deng vunz mbuk da wz bae li ux.,真要命！我的钱被人偷光了。,textbook,4768,za,zh
"Bumxbumx, miz vunz aeu cungq dwk roeg. """,砰、砰”，有人在用枪打鸟。,textbook,4769,za,zh
"Ndogndog, l umj miz vunz roq dou. """,笃、笃”，好像有人在敲门。,textbook,4770,za,zh
"Donghdongh danghdangh, hwnj dangz lo. """,叮叮当当”，上课了。,textbook,4771,za,zh
"Yox, ndaek vunz mwngz naengh l umj you nei ha wj gou dungxcieg li ux.",哟，你这个人坐着像石像一样一声不吭，吓了我一跳。,textbook,4772,za,zh
De dwg dahcej mwngz lwi?,她是你姐姐吗？,textbook,4773,za,zh
Mwngz roxnaj dahnuengx de ha?,你认识他妹妹吗？,textbook,4774,za,zh
Hawj gou nw?,是给我的吗？,textbook,4775,za,zh
Mwngz caeuq raeuz bae la?,你跟我们去吗？,textbook,4776,za,zh
De vunz laeng raeuz?,他是我们那儿的人？,textbook,4777,za,zh
Mwngz bae guh seng'eiq?,你去做生意？,textbook,4778,za,zh
Mwngz mbouj bae?,你不去？,textbook,4779,za,zh
Daxgoeng de lij da raeh?,他爷爷的眼睛还好？,textbook,4780,za,zh
Byawz ngoenzlwenz daeuj laeng gou yawj saw lo?,谁昨天到我家看书了？,textbook,4781,za,zh
De seizlawz daeuj laeng gou yawj saw lo?,他什么时候到家我看书了？,textbook,4782,za,zh
De ngoenzlwenz daeuj gizlawz yawj saw lo?,他昨天到哪儿看书了？,textbook,4783,za,zh
De ngoenzlwenz daeuj laeng gou guh maz lo?,他昨天到我家干什么了？,textbook,4784,za,zh
De ngoenzlwenz daeuj laeng gou yawj gijmaz lo.,他昨天到我家看什么了？,textbook,4785,za,zh
Mwngz bae roxnaeuz mbouj bae?,你去还是不去？,textbook,4786,za,zh
Mwngz gwn roxnaeuz mbouj gwn?,你吃还是不吃？,textbook,4787,za,zh
Gou deuz roxnaeuz mbouj deuz?,我走还是不走？,textbook,4788,za,zh
Mwngz gvai roxnaeuz ngawz?,你聪明还是傻？,textbook,4789,za,zh
Mwngz naengh roxnaeuz ndwn?,你坐着还是站着？,textbook,4790,za,zh
Gou doxbae roxnaeuz doxdauq?,我往前还是往后？,textbook,4791,za,zh
Mwngz yawj saw roxnaeuz yawj bauceij?,你看书还是看报？,textbook,4792,za,zh
Mwngz gwn haeux roxnaeuz gwn mienh?,你吃米饭还是吃面条？,textbook,4793,za,zh
Gou rap haeuxraeh roxnaeuz rap haeuxsan?,我挑稻谷还是大米？,textbook,4794,za,zh
Gou raemj roxnaeuz mwngz raemj?,我砍还是你砍？,textbook,4795,za,zh
Gou bae roxnaeuz mwngz bae?,我去还是你去？,textbook,4796,za,zh
Mwngz hai ci roxnaeuz de hai ci?,你开车还是他开车？,textbook,4797,za,zh
Mwngz dwg mbouj dwg vunz Haijnamz?,你是不是海南人？,textbook,4798,za,zh
De haengj mbouj haengj caeuq mwngz youq?,她喜欢不喜欢和你在一起？,textbook,4799,za,zh
Mwngz dajcaemx mbouj dajcaemx?,你游泳不游泳？,textbook,4800,za,zh
Mwngz naeuz de gik mbouj gik?,你说他懒不懒？,textbook,4801,za,zh
Mwngz gangj riu ba?,你开玩笑吧？,textbook,4802,za,zh
De ngoenzneix youq ranz ba?,他今天在家吧？,textbook,4803,za,zh
Lwg neix lwg de ba?,这孩子是她的吧？,textbook,4804,za,zh
Mwngz daeuj laeng gou gvaq ba?,你来过我家吧？,textbook,4805,za,zh
De dwg daxboh gou.,他是我父亲。,textbook,4806,za,zh
Mwngz dwg vunz gizlawz lo?,你是哪里人呀？,textbook,4807,za,zh
Gou dwg daj Gvangjsih daeuj.,我是从广西来的。,textbook,4808,za,zh
Boux ndwn bakdou dwg daxmeh gou.,站在门口的是我妈妈。,textbook,4809,za,zh
De lwg daxlungz gou.,他是我伯父的孩子。,textbook,4810,za,zh
Daxmeh gou vunz laj mbanj.,我妈是乡下人。,textbook,4811,za,zh
Boux byaij gvaq daeuj dahcej gou.,走过来的是我姐姐。,textbook,4812,za,zh
Duz ndaem duz de.,黑的那头是他的。,textbook,4813,za,zh
Gonjbit gwnz daiz gonj duh gou.,桌子上的笔是我的。,textbook,4814,za,zh
Dawz diuz rap cuengq roengz daeuj.,把担子放下来。,textbook,4815,za,zh
Dawz bonjsaw neix sik bae.,把这本书撕了。,textbook,4816,za,zh
Dawz aendou gven ndei.,把门关好。,textbook,4817,za,zh
Dawz aenmauh duet bae.,把帽子脱掉。,textbook,4818,za,zh
Dawz aenriep saeg seuq bae.,把蚊帐洗干净了。,textbook,4819,za,zh
Dawz bak daej cug hwnjdaeuj.,把袋子口扎起来。,textbook,4820,za,zh
Dawz aen vanj de swiq bae.,把那个碗洗了。,textbook,4821,za,zh
Dawz aen vanj de bae swiq.,拿那个碗去洗了。,textbook,4822,za,zh
Dawz bat raemx de bok bae.,把那盆水倒了。,textbook,4823,za,zh
Dawz bat raemx de daeuj bok.,把那盆水倒了。,textbook,4824,za,zh
Dawz diuz buh de daenj lo.,把那件衣服穿了。,textbook,4825,za,zh
Dawz diuz buh de daeuj daenj lo.,拿那件衣服来穿了。,textbook,4826,za,zh
Ok ndit lo.,出太阳了,textbook,4827,za,zh
Hwnj dangz le.,上课了,textbook,4828,za,zh
Ok rumz lo.,刮风了。,textbook,4829,za,zh
Doek fwn lo.,下雨了,textbook,4830,za,zh
Ndwn dwk!,站着,textbook,4831,za,zh
Re!,注意！,textbook,4832,za,zh
"Dai lo, yuep bae!",天哪，真是惊心动魄！,textbook,4833,za,zh
Heuh de daeuj laeng gou guhcaemz.,请他来我家玩。,textbook,4834,za,zh
Aeu aendaeh daeuj hawj gou.,把袋子拿来给我。,textbook,4835,za,zh
Raemj faexdan ma san aen'gyoi.,砍竹子来编个泥箕。,textbook,4836,za,zh
Itdingh guh hong liux bae!,一定要完成任务！,textbook,4837,za,zh
Yaek roengzrengz doegsaw!,要努力学习！,textbook,4838,za,zh
Ak raixcaix!,很有水平！,textbook,4839,za,zh
Gvai lai lo.,太聪明了。,textbook,4840,za,zh
Ndei dangqmaz!,真好！,textbook,4841,za,zh
Gaej louzsou!,别淘气！,textbook,4842,za,zh
Gyaeu!,漂亮！,textbook,4843,za,zh
Yinx raixcaix bae!,太有意思了！,textbook,4844,za,zh
Bengz lai!,太贵了！,textbook,4845,za,zh
Ndaengq lai!,太咸了！,textbook,4846,za,zh
"Gou gwn haeux sat, couh bae guhcaemz.",我吃完饭，就出去玩。,textbook,4847,za,zh
"Mbouj guh hong liux, couh mbouj ma ranz.",不把活儿做完，决不回家。,textbook,4848,za,zh
"Mwngz yied buet, duzma yied raeuq; mwngz dingh youq, duzma daujfanj soh.",你越跑，狗叫得越凶;你安静，狗反而老实。,textbook,4849,za,zh
"Gwn haeux lau saek'iek, byaij roen lau daemj ndoet.",吃饭怕噎着，走路怕磕碰。,textbook,4850,za,zh
"Danghnaeuz mwngz mbouj guh ndei, gou seizneix couh bae naeuz daxboh nyi.",如果你不好好做，我现在就去告诉爸爸。,textbook,4851,za,zh
"Mwngz siengj hawj gaeqmeh ok gyaeq lai, youh mbouj hawj de gwn haeux.",你要让母鸡多下蛋，又不给它吃的。,textbook,4852,za,zh
"De daej, mwngz caemh daej.",她哭，你也哭。,textbook,4853,za,zh
"Mwngz doeg, roxnaeuz gou doeg?",你读，还是我读？,textbook,4854,za,zh
"Danghnaeuz mwngz bae, gou caemh bae.",如果你去，我也去。,textbook,4855,za,zh
"De gvai raixcaix, hoeng miz di gik.",他很聪明，但有些懒。,textbook,4856,za,zh
"Cijmiz mwngz, cij guh ndaej ndei baenzneix.",只有你，才做得这么好,textbook,4857,za,zh
"Mboujlwnh mwngz roxnaeuz de, cungj mbouj ndaej noix.",无论你还是他，都不能少。,textbook,4858,za,zh
"Couhdwg mbwn laep, gou hix mbouj lau.",就是天黑，我也不怕。,textbook,4859,za,zh
"Gou bae heuh de, mbouj miz vunz han.",我去叫她，没人应答。,textbook,4860,za,zh
"Mbwn laep lo, gou mbouj ma ranz lo.",天黑，我不回家了。,textbook,4861,za,zh
"Hwet naet lo, de hix mbouj yietbaeg.",腰酸背疼的了，他也不休息。,textbook,4862,za,zh
"De doq mbuk haeuj rongzroeg bae, duz de byux mbin ok daeuj lo.",他一摸进鸟窝，一只鸟“扑”地突然飞了出来。,textbook,4863,za,zh
"Rumz dingz lo, fwn caemh ding lo.",风停了，雨也停了。,textbook,4864,za,zh
"De youh guh boh, youh guh meh.",他又当爹，又当娘。,textbook,4865,za,zh
"Gou rox gangj vahCuengh, hix rox gangj vahDe ih.",我会说壮语，也会说泰语。,textbook,4866,za,zh
"Lwgnyez de yaep daej, yaep riu.",她的孩子一会儿哭，一会儿笑。,textbook,4867,za,zh
"Mboujdwg gou hingz, couhdwg gou saw.",不是我赢，就是我输。,textbook,4868,za,zh
"De sam ban, gou haj ban.",她是三班，我是五班。,textbook,4869,za,zh
"Gou vunz Gvangjsih, de vunz Huznamz.",我广西人，她湖南人。,textbook,4870,za,zh
"Gou doxngoenz hwnjdangz, doxhaemh guh hong.",我白天学习，晚上打工。,textbook,4871,za,zh
"Vunz gik mbouj miz gwn, vunz gaenz cix haeux rim ranz.",懒惰的人没有吃的，勤劳的人却粮满仓。,textbook,4872,za,zh
"Raeuz bae, roxnaeuz gyoengqde daeuj?",我们去，还是他们来？,textbook,4873,za,zh
Mwngz youq ndawranz roxnaeuz youq baihrog?,你在家里还是在外边？,textbook,4874,za,zh
"Dwg gwn mandouz, roxnaeuz gwn haeuxndangj?",是吃馒头，还是吃干米饭？,textbook,4875,za,zh
Dwg ndwn aeu roxnaeuz naengh aeu?,是站着还是坐着？,textbook,4876,za,zh
"Ngoenzneix mbouj mwngz uet hwzbanj, couh de uet hwzbanj.",今天不是你擦黑板，就是他擦黑板。,textbook,4877,za,zh
"Mbouj mwngz hingz lo, couh de hingz lo.",不是你赢了，就是他赢了。,textbook,4878,za,zh
"Mbouj gou heuh mwngz, cix mwngz heuh gou.",不是我叫你，就是你叫我。,textbook,4879,za,zh
"Gou ningznyienh dungx iek, hix mbouj gwn gij mwngz.",我宁可饿着肚子，也不能吃你的。,textbook,4880,za,zh
"Ningznyienh gungz di, hix mbouj bae guhcaeg.",宁愿穷点儿，也不去做贼。,textbook,4881,za,zh
"Ndaem faexcoengz, mbouj lumj ndaem faexdan.",与其种松树，不如种竹子。,textbook,4882,za,zh
"Hawj de bae guh, mbouj lumj hawj gou bae guh.",与其让他去办，不如让我去办。,textbook,4883,za,zh
"Gou yawj sat le, couh boiz hawj mwngz nw.",我看完了，就还给你啊。,textbook,4884,za,zh
"Raeuz guh hong haujlai nanz lo, aendaengngoenz cij daj baihdoeng ok daeuj.",我们劳动都好一会儿了，太阳才从东边出来。,textbook,4885,za,zh
"Sou bae laeng degonq, caiq daeuj laeng goudoeklaeng.",你们先去他家，再来我家。,textbook,4886,za,zh
"Gou ngamq haeuj ranz, couh ciep ndaej denva mwngz.",我刚回到家，就接到你的电话。,textbook,4887,za,zh
"Lwg de yied daej, de yied dub.",他的孩子越哭，他越打。,textbook,4888,za,zh
Gou ma ranz aeu bonj saw ndeu.,我回家拿本书。,textbook,4889,za,zh
Gou heuh de daeuj guhcaemz.,我叫他来玩儿。,textbook,4890,za,zh
"Gou ma ranz, aeu bonj saw ndeu.",我刚回家，就拿了本书。,textbook,4891,za,zh
"Gou heuh de, de caeuh daeuj guhcaemx.",我叫他，他就来玩了。,textbook,4892,za,zh
"De miz song boux nuengx, boux ndeu doeg dayoz, boux ndeu doeg gauhcungh.",他有两个弟弟，一个上大学，一个上高中。,textbook,4893,za,zh
"De miz doiq lwg doengzseng ndeu, boux ndeu lwgsai, boux ndeu lwgmbwk.",她有一对双胞胎，一个是男孩，一个是女孩。,textbook,4894,za,zh
"Mbangj boux gvej, mbangj boux cug, boux boux cungj hanh rih hanh roenx.",有的割，有的捆，每个人都汗流浃背。,textbook,4895,za,zh
"Lwg ndeu daenj buhhoengz, lwg ndeu daenj buhhenj, song dah cungjdwg gij lwg de.",一个穿红衣服，一个穿黄衣服，两个女孩都是他的孩子。,textbook,4896,za,zh
"Diuz buh haenx de ngoenzlwenz ngamq cawx, ngoenzneix couh mbouj raen lo.",那件衣服他昨天刚买，今天就不见了。,textbook,4897,za,zh
"Gij byaek de cawj baenzgwn raixcaix, gou gwn lai hix mbouj rox gouq.",他做菜很好吃，我吃得再多也不过瘾。,textbook,4898,za,zh
"De cawx song gonj bit, gonj hoengz, gonj ndaem.",他买了两支笔，一支红色的，一支黑色的。,textbook,4899,za,zh
"Song gonj bit de cawx, gonj hoengz, gonj ndaem.",他买的两支笔，一支红色的，一支黑色的。,textbook,4900,za,zh
"Gou dai cungj mbouj lau, lij lau mwngz dub ndaq?",我连死都不怕，还怕你打骂？,textbook,4901,za,zh
"Rap haeux neix gyoengq vunzpaz cungj rap ndaej hwnj, gangjnaeuz raeuz vunzsai.",这担大米妇女们都能挑得起，更何况我们男人。,textbook,4902,za,zh
"De mboujdan rox gangj vah Daigoz, lij rox gangj vah Yizbwnj, gangj hawj raeuzrwd, caemh sij hawj gyaeugywt.",她不但会说泰语，还会说日语，说得流利，也写得漂亮。,textbook,4903,za,zh
"De maj hung lo, hoeng byom gvaq seizgonq lai lo.",他长大了，但比以前瘦多了。,textbook,4904,za,zh
"De doeg saw roengzrengz raixcaiz, hoeng cungj hag mbouj ndaej ndei geijlai.",他学习很用功，但都学得不怎么好。,textbook,4905,za,zh
"Baihrog nauhsadsad, de cix yawj saw noemz raixcaix.",外边很热闹，他却正津津有味地看着书。,textbook,4906,za,zh
"Gou dawz aen habbau bae hawj de, de dauq ndaq gou dwg gijdoih bouxcaeg.",我把钱包拿去给他，他反而骂我是小偷的同伙。,textbook,4907,za,zh
"Yienznaeuz roenloh ngutngeuj lai, hoeng diuzdiuz cungj ndaej doeng Bwzgingh.",虽然道路很曲折，但是条条都能通达北京。,textbook,4908,za,zh
"Cijaeu mwngz mbouj lau dwgrengz haeujsim doegsaw, couh itdingh hag ndaej ndei.",只要你不怕辛苦，专心学习，就一定能学好。,textbook,4909,za,zh
"Caenh'aeu mwngz gauj ndaej hwnj dayoz, gou couh daiq mwngz bae gukrog youz.",只要你考上大学，我就带你出国旅游。,textbook,4910,za,zh
"Cijmiz mwngz naeuz de, de cij dingq haeuj rwz.",只有你说他，他才肯听。,textbook,4911,za,zh
"Cijmiz ok ndit ndei, cij dawz haeux ok bae dak.",只有阳光好，才把谷子晒出去。,textbook,4912,za,zh
"Mboujguenj hoj geilai, raeuz cungj aeu de roengz.",不管困难多大，我们都要拿下它。,textbook,4913,za,zh
"Mboujlwnh byawz daeuj, raeuz cungj vanhyingz.",无论谁来，我们都欢迎。,textbook,4914,za,zh
"Caih gou baenzlawz guh, de cungj mbouj guenj.",任由我怎么做，他都不管。,textbook,4915,za,zh
"Danghnaeuz baeg lo, couh yiebaeg yaepndeu.",如果累了，就歇一会儿。,textbook,4916,za,zh
"Langhnaeuz fwn doek, gou couh mbouj ok rog.",要是下雨，我就不外出了。,textbook,4917,za,zh
"Danghnaeuz de miz ngaenz, couh soengq dahlwg de bae doeg dayoz lo.",如果他有钱，就送他女儿去上大学。,textbook,4918,za,zh
"Mbouj miz Gungcanjdangj, couh mbouj miz gij saedceij ndei ngoenzneix raeuz.",没有共产党，就没有我们今天的好日子。,textbook,4919,za,zh
"Couhcinj mwngz guh ndaej ndei raixcaix, bouxcawj de hix mbouj ngamj.",即使你做得很好，他的主人也不满意。,textbook,4920,za,zh
"Couhsuenq fwn doek, gou hix yaek bae laeng de.",就算下雨，我也要去他家。,textbook,4921,za,zh
"Couhdwg mbwn loemq, raeuz hix mbouj lau.",就是天塌下来，我们也不怕。,textbook,4922,za,zh
"Vunz caiq noix, raeuz hix yaek guh hong liux bae.",人员再少，我们也要完成工作。,textbook,4923,za,zh
"Aenvih naek lai, sojyij de yaengx mbouj ndaej hwnj.",因为太重了，所以他举不起来。,textbook,4924,za,zh
"Aenvih ngaenz mbouj gouq, sojyij de mbouj siengj cawx buh moq lo.",因为钱不够，所以她不想买新衣服了。,textbook,4925,za,zh
"Gawqyenz mwngz mbouj bae, couh naeuz vunz nyi vaiq di.",既然你不去，就该早点告诉人家。,textbook,4926,za,zh
"Gawqyenz de mbouj naengh, mwngz couh nengh satli.",既然他不坐，那你就坐吧。,textbook,4927,za,zh
"Raeux vunz lai, mbouj lau hoenx mbouj hingz.",我们人多，不用担心打不赢。,textbook,4928,za,zh
"Haemhlwenz oem raixcaix, gou ninz mbouj ndaek.",昨晚闷得很，我睡不着。,textbook,4929,za,zh
"Haeuxceh vanq liux lo, raeux yietbaeg ndaej lo.",稻种播种完了，我们可以休息了。,textbook,4930,za,zh
"Raeuz mbouj bae, dwgvih mbouj dajyauj mwngz.",我们不去，为的是不打扰你。,textbook,4931,za,zh
"Gou hawj de ninz coux di, dwgvih ndangdaej de.",我叫他早点儿睡，为的是他的身体。,textbook,4932,za,zh
"Mwngz daiq aen liengj dwk, hoengjlau fwn doek.",你带着把伞吧，以防下雨。,textbook,4933,za,zh
"Mwngz vaiq daenj buh, hoenglau nguh hwnj ci.",你快点穿衣服，免得误了上车。,textbook,4934,za,zh
"Mwngz ceiqndei daj denva gonq, mbangjbaez de mbouj youq ranz.",你最好先打个电话，也许他不在家。,textbook,4935,za,zh
"Aen'danci mbouj ndaej ciq hawj vunz bw, mbangjbaez gou yaek bae hawj.",自行车不能借给别人了，我可能要去赶集。,textbook,4936,za,zh
"Raeuz itdingh aeu guh ndei, mboujguenj hoj geilai.",我们一定要做好它，不管困难有多大。,textbook,4937,za,zh
"Duzvaiz rouh ndaw raemx mbouj nyienh hwnq, aenvih ndit genq lai lo.",牛浸泡在水里不愿起来，因为阳光太毒辣了。,textbook,4938,za,zh
"Mwngz nyienh bae couh bae, mbouj yungh cam.",你愿意去就去，不用问。,textbook,4939,za,zh
"Mwngz sawq yawj couh rox, mbouj hoj law.",你试试看就知道，不难的。,textbook,4940,za,zh
Gou baez dingq couh ndat heiq raixcaix.,我一听就非常生气。,textbook,4941,za,zh
De yied buet yied vaiq.,他越跑越快。,textbook,4942,za,zh
"Raeuz vunz Cunghgoz, caiq hoj, raeuz hix mbouj lau.",我们是中国人，困难再大，我们也不怕。,textbook,4943,za,zh
