Bahnaric,Vietnamese
sơgiêng 'long,cành cây
blêl,bập
pơgleng,bối rối
gơweng,nặc
jơhẽ,chúm chím
glo,tủy xương
au mă 'noh,áo kia
xeiu,thịt
puhong,ong
in,giống nhau
tơxŭl,lộn xộn 
bơhau,làm nản chí
pơhlah jơ̆ng,kẽ ngắn tay
phôt phông,bầu không khí
bĭ kơnă,rẻ
măt 'năr,mặt trời 
nhong,khoe khoang
ngơngơt,chệnh
tơtơn,vừa đi vừa nhún
tơhia,một loại đó nhỏ
tơgăk han rơ han,rựa bén
hrip,hủi
hơlay,lẻ
Atung,Đang
akâu,chắc
hơbăn,cái váy
kram pơ nŭng,tre non
tơnanh,dệt khăn
kơchŏng,nhăn nheo
brổm,lực lưỡng
hlăm,trầm trọng
ngŏl,cạo trọc
hlĕnh,dối
tơdo,thòng xuống
tơmiẽt,nhận xuống
plẽnh,trời
'ngông,dài thòng
dôp,loại áo tơi đan bằng lá cọ
pơgâr,sứ
kơmăi pơm rơ ngơp,điều hoà
tơ to` kơjung,cao độ
'blach lơliau,đất trống
atung 'yung,lớn lên
bring brih,nhá nhem tối
đak dơxĩ gah hơ le`ch,biển đông
io ̆ k,lĩnh
bơrổm,giết con vật để cúng tế cho người
tơpa,ba ba
rơtăk rơtôp,to và dài
tơhlũm,có hình nón
lơma,mỡ
lơmek,mịn
kơ măng mơ̆t,đêm khuya
yiêu hanh,diễu hành
to biêt tơbiat,mếu máo
hôi,ít khi
bre,chỉ hai người
hơbiai,kiểu nói
chơ'doi,chổng mông
tơlunh,chnằm bất động
kich thươk,kích thước
abah abah,xuôi theo dòng nước
rim pơgê,mỗi buổi sáng
pơgiang,trì hoãn
ƀơm,quan
plĕi su,quả su su
tơguẽng,nhỏ và cong
pơtỡp,huấn luyện
lŭk khŭk,củi chặt khúc
Cuï,Cụ
chơchơ̆ng,chặt đứt
chơng rơng tơyĕn,giàn mướp
ơnglŏ,một thế kỷ
hơ pong lôch,tang lễ
nôm tah ka,giỏ cá
roi rơ đah,phân tích
hnger,không nỡ
hơvăl,bận rộn
sữ,sóc
hnam kê nhơ̆,nhà sàn
jrưt,chôm
kơ'nol,hạch
chơ'lŭt,xô
chroih,rạch thành đường nhỏ
jĕ,cách mặt
đô lơngơp ,độ ẩm
bơblôt,chỉ ánh sáng lớn chiếu tỏa
hơ'nĭ,đằng sau
khôi juăt krao,pháp lệnh
bĭ mai k,còn chị
wĕi vê tơmam,bảo tồn
pơđôh brum phao,nổ đạn
bơhach,nói thầm
rơchak,rõ ràng mạnh lạc
pơhăt,quan trọng hóa
gen,gen
tơsi,cái lược
hyang,lao
rơ'bơch,thói quen
tre`ng,cái cần
ngõr,cụi
kơchap,vảy
kăng dra,chỉ cột giăng hai tay
bơ'nuôl,nóc
pơdrỡng,thông qua
nge,trẻ sơ sinh
bret,buốt mạnh
hẽi,hồi nãy
kle ̆ch,xuyên
tơbrĭnh,chi chít
kơtĕi,tôm
bai tơbĭnh,nôi
hơ chô̆ gia,bó tranh
goch,rọc
kơkioh,soạt đạp
agăl,triều nhiên
dan,để
tơbrơnh,bụng to căng
bơloi,quá đáng
atŏ,bằng nhau
jang đe ̆ch,lao dịch
rơwẽng rơwẽng,xa tít mù khơi
grŭm,tiếng cây lớn đổ ầm ầm
kơdâr,hoài
hơdrôp,rợn
tơbuah,trong nõn
hơtơ̆k,đầm
pơđơng,cuốn trôi
kơnu,con sậy
kơbei,bò tót
hơngla,bờ rẫy
kĭhla,ký
hmơm,ngồi chờ 
hlŭn,làm cho trũng
anam,hạt cườm
kơ jung hloih,cao hơn
găr ba,thóc
bơ'bluih,trơn
tơdra châm pơ đâng,dấu chấm than
duch,mợ
kĕ,chịu đựng được
apoih,rắn độc rất nhỏ giống như da nứa khô
tơgíi tơgrăn,dây trói choàng khắp người
anul,chơi đùa
tơxẽn,xê xích
sĕi,xay
goi'long,ngọn cây
'dong,dái loài vật
hiap,cánh đuôi tên để giữ thăng bằng
siêm rong,săn sóc
plôh,mở
rơyu,le bẻ
krut kret,tiếng mở cửa kọt kẹt hoặc tiếng cưa kèn kẹt
chen ner,cái đẹp làm bằng hai thanh tre
hơdơi hơdơi wă,hòa thuận
plei 'long bri,quả rừng
tơgǔm,bổ sung
vinh son,vĩnh sơn
apung,khu
pơlau,vô sinh
tơh lăk tơhli ̆ n,vướng víu
'dôp kơ'dôp,đi khom lưng
hal,khát
'dop,cụp
cheh,cán
anhrât,ngừng
chua,sãi
kơ'như̆,trên cao
jơbram,râu thưa và dài
adrin,gắng
pơxư̆,lưu truyền
bơjôch,bắt lại
chơ choh chư,đánh máy
kơnon,con rể
hơpi ̆ nh hơdri ̆,van nài
'long kăi,cày
pơnhan grông,bát lớn
liê̆l,lè lưỡi
thoat,thoát
đak măt,lệ
bơluăn,nguyệt
pơyỡng,tiễu tiện
tơhntíinh,nhe răng trợn mắt
pơtẽp,sát gần
hia,lấy di
klơ̆ng,đầm lầy
kơluơng,chỉ nước da trắng
pơplach,nói dối
prih,lẫy
dơbak dơbơn,hai cô gái đẹp
ngo ngŏk,ngồi chực hay trông chờ
xich đu,xích đu
jreng,hẩm
kut kơt,tiếng cột kẹt của cây cọ vào nhau
'bô,bộ
dŏm,đŭ
'jrep,hút
ding dit,chim dù dì
bơngai pơma pơm jang hơlĕnh,cái già
tẽk tốk,bình xông hương
jơhngơi,cười hả hê
bơgre,cãi cọ
khĕi mônh,tháng
bliah,phẳng
gơgĭr gơgăr,xe chạy bon bon
hơyeh,ganh đua
sip,tấm bia
dư̆ dư̆,nói nặng lời
'brêng,trưng
he,lạnh
rơmơn,đuối sức
'dĭ,hết
tơkuăt,kết nhau
gi,nó
tẽch,lạt
kiẽk,cọp
'brit 'brut,rắn trườn nhẹ nhàng
chơbrơ̆p,loại cây gỗ cứng có hoa tím
kơ plah wah,khoảng cách
ml`ăi,cái pháo
iẽr tơhao,gà đạp mái
thuôk,bả
ttfriïk,cây đuốc
char,con cáo
ngơngoh,ngồi chực 
hơmơ̆ng,cựa gà
lŭm lăm,lộn xộn 
oh pôm mĕ 'bă,em ruột
pơpraih,thanh minh
kơphô̆,phố chợ
pơ hla long rung,mùa thu
grong,canh thức
nguan,dễ dạy
'bum dăng,củ khoai lang
rơpeh,que
chơpĭl,bướng bỉnh
chơlŏk,yết
ktô,tô
kơwơ̆ng,cánh đồng rộng
hiê hiê,khúc khích
jtfkhot,cao chót vật
'yvung,đứng dậy
beu,bộ phận sinh dục nam
rõk rõn,một loại cây thường nấu cháu heo
tơhnhêl,vật to phát sáng 
jờl,ngập đầu
rơbũng rơbăng,kênh
bơnơ,con đê
chơpuih,quét
'mong,thù
püng,bất
'ngot,cưa
prf'ngah,làm hòa
hơvir,loạng choạng
'brang,sỡ
pơngar,thổi than cho hừng lên
duat,thẫm
bơdet,chen lên
hơrah,uể
we ̆nh ao,vắt áo
jơdrông,con sâu
bơbuch bơbach,di chuyển đông như kiến
hơ bŏ,giống
krămlơ,nhận
than chơ 'ba,cây thuốc độc
hrĭp hĭp,tiếng mưa rơi lộp độp
blŏng blĕch,nhiều ánh lửa leo lét từ xa
pĭng pŭng,"tiếng nổ lớn ""đùng đùng"""
ơ̆t,không tránh khỏi
âp,nấu
khuen,khâ u
tơvveng,ôm nhau ngủ  
brâm,bầm
hơpêr,đất
bơ̆long,mộc
tơno`ng,cư
hơmre,chỉ cách trang trí đẹp
kông kô̆ng,công cộng
hiah hŏch,rách nát
klen,không sinh sản
pơ'dum,ủ chín
bơđô,ru
bê̆,"tiếng ""bịch"" của vật rơi xuống đất"
chơner,giấc ngủ ngắn
mơnăt,mít
tĩk,đến gần
hŏk hơ len,triết học
pơleu,chim chào mào
ach,bốn đời
khĕi pơnil,rằm
wi,ủy
hơlon,cuộn nhỏ
wai,giớn
jơbrỡp,cây hoa
kơjôr,bùa ngãi đuổi cạp
tơh lăk,vướng
kơnăt,miếng thịt nhỏ
asơl,lượn
teng neng,chuyện
kơpô hơ kăn,trâu cái
hiĕt,bị đứt tay
kơ'muơ̆n,đòng đòng
hlĕng,chang
hơtăng hiơ hiơr,mỏng dính
pơtữl,làm cho tà
kieh kioh,tiếng một soạt
hơnơ̆,thoải
pơ nhơk,giương
hnhum,xít
gŭ,khệnh
kon ngai,ngươi
năm dăr lăng,đi tuần
don,ghề
breh,khỏe
hrum,dễn
bơbĕ,tiếng cảm tháng của sự thất vọng
gẫm,thể
da da,chim đa đa
kuê̆t,quyết
tơdrêp,tàn cây lớn
tăng lă,dây trái tròn
phiơl,nhảy vọt qua
adrung,chuồng
'ju,sấy khô
bap,ạt
ơkơ̆u,tính mạng
anglŏ anglơi,bình thường
chơchă,tìm
rưng,chỗ có toàn
phuh,tung toé
ha'nah,cây non mới mọc
gơgŭk gưgăk,nước chảy ào ạt
kó chơ,chợ
tom gơgo ̆ nh,lần đầu tiên
trong tĩh,đường cái
bơngol,hãi
yua kơdih,tự sử dụng
khĕ khĕ,yếu ớt
rơhrố rơhră,tiếng lửa cháy rào rào
'blŏng,dài
hngŏl hngăt,đứng trơ trơ
kũsum,kho lúa
bổi,cái hũ
akoh,luộc
anau tơđah,mới nảy mầm
kơtơp,bồ câu
tơblẽch,kỳ cục
kơkreh,cào nhẹ bằng ngón tay
chŭm,hôn
hơdôm dak dơxi ̆,viễn dương
hơmrŭk,bộ chiêng
chết,chết
tơyak,lá rừng có vị chua ăn được
bărong,bố dượng
hla kơ gôh,cờ đỏ
grưng,loạng
chơt,chỗ nước cạn cá thường đi ăn đêm
tơoĕi,quán
tuĕnh,quặn
kơ wah pơ xrăm,môn học
suit,thui
kơ'na,vì thế
hơnih tơnơm,cãn cứ cách mạng
boh khan,một loại cò
bơroẹh,hàng cây bắc ngang trên tranh dưới để lót sàn
jöng,gùi lớn
'bitì,cháy
xe kơ pô,xe trâu
pơhyiu,làm trôi
kơlơng,ngái
dơ'ngŭl,ngồi yên không nhúc thích như pho tượng
hngĕnh,muỗi kim
tơkhul,mốc thếch
lưu y,lưu ý
dih bơl,nhau
phiă,có thói quen
tơ'dom,dính kết nhau
vietgap,vietgap
tăng pet,ve chó loại lớn
hapoi,sọ
hơblo jâng păng ti,phù chân tay
drŏk,bị mốc
tơ'mong,đền cho nhau
hnhêl hnhal,điểm sáng lớn
ơ̆ng,mùi hăng
bơ̆n,bọn mình
cheh pơnhan,nói chung các ché bằng sành sứ
kơtau,róc mía
ttf'dah,cây con
gơlăk gơlon,nhìn nhau chờ đợi lo âu
pơm pơlôm,giả vờ
hơ'lih,trao đổi
chơhŭk,sâu hóm
khŭk khŭk,tiếng gâu gâu  sủa
nóng,cố gắng
hiơ hiơh,chỉ lửa dùng cháu
huyên uy,huyện uỷ
kơtơh hai,ngực nở nang
choăn,gác lại
pơdriê̆u,chủ chăn nuôi
trach diêu,trách
abôn,êm
rơxuỡn,thướt tha
amăn g mŏk,cửa sổ
hmông,trông hạt
dơhning,che cản không cho thấy
hol,chán
'nhông,lầy
eriu,thức dây
tơmam alâng bek,dinh dưỡng
dang dar,loại nhái nhỏ
axom,chết lúc mang thai
giêh,mệt
chă,chạy
hngăp,ngóng
toăng,bị đứt
pơji`p,ẳn gian
pơtrok,vá chỗ bị rách
chơkăng,căng
dơdŭich,đi vòng quanh
pơnan,cây dứa rừng 
klŭk klơ̆k,tiếng sóng vỗ ầm âm
đak ngom 'boh,sương muôi
tăk tam,loại cây hoa tím
'brẽl 'brẽch,có hạt nhỏ
bơbrat,miệng xin tay lấy
lăm tŏk bŏk,chính giữa
pơtơl,lên cơn
tăo,tạo
ngrĕo ngrĕo,tiếng nhai rốp rốp
hơchong,trai
pơglĕch,dùng mưu để lừa
grŭp,té nhào
bơbrông,chỉ nhiều tiếng khóc la inh ỏi
kơ ̆ ng,lá lách
lơ̆m tơdrong tơguêm,chính sách hỗ trợ
dĭk dĭk,tiếng ầm ầm
blang pơ kau,nở hoa
hơ băm đôt,quần cụt
mơ mŭh băt,người yêu
oĕi lĕi lăi,nguyên bản
tơklơm,ném nhau
ttf'ntfng,ưỡn ngực về phía trước
pơhiĕm,cho ăn
nâr wă khan,ý nghĩa
klơng dơt,nay đây mai đó
hanhao,phong khách giữa nhà
ăng,máy bay rầm rầm
kơmĭn,bùa mê
todrong ,nội dung
hơkol,sóng 
'bônh,bện
jĭt,chục
bơkŏng,trái dâu đất
tơ lõng b`a,gánh lúa
chơ'bang,bàn
xăo,xáo
chê,chê
krăl,cây độc
hreng,trăm
pơlong wă kơbăt,chuẩn đoán
pơdwal,oai
uĕi akău soh,ở trần
'blek,quét lửa thể sơ
sõk kang,tóc
nông lâm,nông lâm
anih tơm joh suang,sở văn hoá
pơhngiôm,lấy sương
khăt,chận
tơpẽl,thấp bé
nhcsxh,ngân hàng chính sách xã hội
kơnuk,tướng
pam,cái lờ
dơnăng,cây bình linh
'bum chrŏu,củ khoai môn
jơk,màu xanh biển
hơ tong dak,máng xối
hơdrăk hơdrŏl,hai đứa bé to bằng nhau
mai oh pôm mẽ b`ă,chị dâu
'nơ̆n,một loại chuối rừng
seng suk,xẻng
cheleng,vùng đất bằng phẳng
sômôch,ong nhỏ
rơbưn,dây kẽm
hơjơ̆m,rèn
tơrah,chặt sạch
'bre rơhẽm,bé mới sinh
bơlar,lợ
kơ wă,mong
iŏk hơkăn plơ̆ng,tái giá
jo ̆ u,vu
adrơ̆m,cùng một lúc
chơng rơng gơng,bắc cầu
rơnhêng,ánh sáng tỏa rực
bơbrĕ,khẩn trương
^^,việc
goăi,khòe
giăng,cây lấy ra độc để suốt cá
'yŏng,mái
bơxêh,phép lạ
hơlal,sức
chă yâu ka,xúc cá
hngach,dầm
hơdrơk,trút hơi trước khi chết
mơ`k,bọt xà phòng
pơdral,cây lau
kơleh,chiêng thứ
gơlŭng,nghi ngút
'dơk,đu
pơtũch,xúi giục
'nau,mới
pơnung kiẽk,bọ ngựa
plĕi tơdrong mât lĕch,nghĩa phát sinh
tơdrôp,giỏ mồm bồ
bơyong,phân công việc trong gia đình
yă kiơ,cái gì kia
kon tơlăm klak,bào thai
pơle,cây le
yưă tŭn,dự tuyển
hnơr,đồng tuổi
giơ̆ đêl hre,đòi nợ
dơdưng,bụng lớn
wet,vét
juey,con nai
bơngai tơpuh,chân
pơnhrong,một tấm khăn
juer,tránh
bơngai klẽ,người đi cày
pơnglon,trố mắt nhìn giận dữ
achom kruôĭ 'bŏng,múi bưởi
hơhơu,chỉ sự ồn ào vui vẽ
bơngai chep kơ̆l đơng đang,bí thư
tơdrong pơđam,công tác
nơ̆ng,looại rắn trun rất độc
kơdrăt,giật mình
bãt rơđah,biết chính xác
ju je,rổ làm bằng ống tre hay nứa
kơ'nŭn,ngồi canh chừng
sơdrô,rượu
klĭ,dưỡng
adrŏn,chòi
adrỡm,để cho
rơgiẽo,điện thoại
kơtum,bà con
kơnh 'biễ,lúc sau
hnhăi pơdưng mĕt,lườm
adrê̆,bỏ
peng pong,bẹp
"ku thê,",cụ thể
kơ kuh kơ ma,chào chú
kơtăc,nhựa
sek,xét
dơlĕ,loại ốc sên
dơ tao,vua
'bŏh,muối
kăl dang ĕi,đột xuất
grŭn,sốt
lep tơ drĭng,châu chấu
minh pơnuôt ,một nửa
pơwang,chung quanh
tơnai,chỗ khác
juơ̆t,thạo
prăng,phên đan thưa
yuăn,dân tộc kinh
grang tŏng,rỗ xúc cá ở mặt nước
der,chim chìa vôi
meu bri,mèo rừng
hêh,rồi
gur,ăn quen
hơ dang oei,chỗ ở
jang ăn,hầu
diăng,lễ
trung,trung
hơnŏk,bản tỉnh
hdrai,chày
kih,uống đi
pơgĕ,cơ hội
hue,dòm ngó
dơlô̆,ọe
rơxam,phù sa
hla ar tơ'bôh măt pơgang,đơn thuốc
yom,hiếu thảo
amem bơnat,yêu quý
kpô,trâu
tơdẽr,mỏng manh
aleh,rỗi
we ̆nh hơben,vắt quần
dơngưl,cái cọc
pơngang,kiến nhọt
adreh,độn
kơtăp lao,bìu
gơ'mrăm,tằng hắng
gơmreh,nhắy mắt
dơliei,môi trề xuống
hô xuân anh,hồ xuân ánh
oeng,truyền thông
gle ̆k glo ̆ k,viêm khớp
'long arĕn,dâu
tơ'măk,vắt lên
muôĭ,lặn
'bliêng,lác
pơxổn,kiên troì cháu đựng
lal,kiệt
pơja,chồn
đak sach,nước sạch
chŭ,bệnh đậu mùa
chơhngir,cào làm bằng tre
hơbalhơbĕch,nhanh nhẹn
ngoi,ngẩng
bưu,bưu
pơlêng,đặt ngửa
kơchuôĭ,ộc ra
'nhŭ,chua
hơhuek,lo nghĩ về
'dôl,bộ phận sinh dục
bơbu ̆k trôk,xúc bùn
tơmăn tơl trơ trêo tơdong wă,đảm bảo đúng yêu cầu
jual,nhà rông
hơdrô̆i,theo
klơ̆ hơwơ̆,nợ nhưng lâu mới có thể trả được
hanhŭr,chảy mũi nước
pơgơr,làm điệu
rup plĕi tơroi,hình thoi
kơ kuh kơ mĕ,chào mẹ
pơxền,xích lại gần
tơbiăl,lỡ miệng
bei,một loại cà nhỏ  x bai
khŏm,cho bằng được
groch,chim heo
pơgrăng,gắng sức
'blĕng,một loại ghè
kiêm,kiêm
sih,ngăn
pơte,nhát đau
hla ar rơneh,khai sinh
mă minh jĭt 'bal,thứ mười hai
'nao,minh
hnam pơgang,trạm y tế
năm blah,đi đánh giặc
măng,chuyến
jang lơ anăr,dày công
pơ anheng,khoe sự thích
mơkuôi,kỳ nhông
dring drit,chỉ hai người đi sát nhau
kơkơ̆r,hoảng sợ
dak hơ lŭng,giếng
kơchieo,có chữa
chơng guơng,sải bước dài
bơ ngai chih 'byeh um,họa sĩ
pơpik,quét vôi
bĭ ăn,cấm
bơchỡng,hứa gô
chữ yao phu,thấy giảng
lĭk lĭk,ở thế bí
chơhleng,mịt
axuang,múa
rơgôn rơgan,nhiều người đè lên nhau
hơnglong,ngắn tay chân
hơngloh,hất
akuk,bệnh cúm
dung dơng,"tiếng ""tùng tùng"""
đêl rơka,sẹo
an,an
kanh đak dơxĩ,cảnh biển
'nhrơ̆,ngần ngại
rim,các
byiíi byai,bay tứ tán
tơgel,đèo
pơjuŏ pơđep,bắt nạt
rih rih,run lập cập
hơ'brak,nhúc
hik,phát cáu
tơblơu,bự
tôl,bí đỏ
bri xăr,đất bỏ hoang lâu năm cây con đã mọc lên
bư,ngủ
kơchơ̆l,bị bịt kín
nông nghiêp,nông nghiệp
pơnam inh,phủ nhận
grik grik,có răng cưa
'buâ,loại kiếm của người lào
pơtỡng 'dak,chặn nước lại
đĭ,tổng
lo,dương vật
nhung tơ no,heo nọc
'bĕ,be
đak lơngom,sương
jơnuh,cháy rừng
beh,chạm
phach,vừa lúc
chơjuĕk,nhọn hoắt
kơtŭm,dõi
polôh,cái lỗ
pơngăl,cây laá tấm
blah 'long,xẻ
dơnoi,dãy  tài sản tổ tiên để lại
dơhlŭn,lõm xuống
rơhuẽn,lúa gơn sóng trước gió
chơhuh,vực thẳm
grê gra,chết ngổn ngang
pơnhro,triển khai
tơlei tang,cây dây hôi
ktăp iẽr,vải nhuộm đen
kơnhĭng,khăng khăn
tơrak,ngày thứ nhất 
tiổ,hung đỏ
adrơ̆,khó thở
dien,nút thòng lọng
drum,khom lưng
wêng trong,lạc đường
pot,sạch bách
bal jĭt mônh,hai mốt
hnam kơ jung,nhà dài
chơnơr,thức giấc
đi đăng,toàn bộ
tơpìp,mặt ngắn
ưh kơ nĩt,chi phôi
khei minh jĭt,tháng mười
dou,liệu
tơglơ̆m,vật lộn
gơlơ̆m,liều mình
grŏnh,nái
hnam tơ nŏ,nhà cửa
tơmon,nắm
trong rơvơ̆ng,đường vắng vẻ
huăng,rơi
hơmơih,xoa
atoh,tục tĩu
carbendo,carbendo
kơ'măl,phát triển đầy đủ
chô,buộc
ang,ánh sáng
đuk,bực
wăn nge ̆,văn nghệ
rỗ,vỡ gốc cây
akĕ akoih,quắt
'bơ'banh,đúc
bôt,thần số mệnh
hlut,bị lừa
mù,hộ
kơmrôi,cây ăn trái
toan,toán
kiê,kiểm
rũng dũng,tiếng cây to đổ
nhop,chìm xuống
`xi hrôk,chí
tơblỡt,bị lột da
jơhnơr,hoàn
phăi,phái
mwp,mwp
brui,cái cọ
chah pŭng ha hơ̆i,lấy tay đập nước cho kêu
hawin,chiêng của người lào
pơkai,dưa hấu
chĭ,đi đi
pơlăp,làm hai lòng
blơch,ngậy
nghiêp,nghiệp
bơdưng,dựng
angơ̆m,đội khăn
tơƀôh,gợi
'nô̆ kơ'nô̆,khệ nệ đi
pơhrŭ,bắt vạ
ki,thế
ăi,tiếng ái kêu đau
hlư̆,mởn
jơmông,đá thần
chơ'bơ,há học miệng
tong sră,cánh nỏ
kơdô,bồ đập lúa
prôh,láo khoét 
pơwih,lải
juôi,nai
blah aya ̆ t,đánh giặc
đĭch,nô lệ
dơnơ̆ng,cây gỗ hương
dui dai,có vú dài
dong .,đập
hơyăng,xuê
kơwăl,chận quanh đìa bằng phên để bắt cá
pơdra,giàu dây leo
lăm hơioh,lớp mẫu giáo
kiap kiap,tiếng vịt kêu cạp cạp
among,để dành
akơ̆m,thuốc độc 
tơíing,phía ngoài
rơmlốnh,nõn nà
ngăl,toàn là
yoh,đi thẳng
'ngĕl 'ngĕl,lắc đầu từ chối
ka pơ ôh,cá ươn
khuăk khuăk,tiếng gâu gâu  tiếng cú cú
kơ kuh kơ bôl,chào bạn
ttyt,trung tâm y tế
tơrăk tơrong,tơdrŏu
lăp minh đon,thống nhất
kơ'nher,ti hí
'bŏng 'boch,con dã nhân
brunh,tủm tỉm
phu ̆i phu ̆i,xốp
hơleo,toét
'bloh,lam
hrech klo kăn,ly dị
ngơngơ̆k,nhô lên hụp xuống
tơnăr jrăng amăng,mành
kơpô găm,con trâu đen
jơnang 'noh hĕi,lúc nãy
'mơ̆u brư̆,hăng
tơmôch,dìm xuống nước
minh 'biĕ,một tí
nhĕch,rít
lă tuk,nhả
krao iung,gọi phải dậy
ptf'mê,làm nhục
'năr jrang,xế trưa
kơ drei prit,nõn chuôi
hlơ hlư ̆,mơn mởn
Chơđong,ngày nay
chơphe,cà phê
nưih sơngưm,tính tình
pơgiơ̆ng,sinh ra
luơ̆t,luật pháp
hiông,toạc
thŏng,thuyển
pơlu` đe ioh,dụ dỗ trẻ em
plăk piăk,tiếng chó liếm nước
palti,trên kia
hơlŏng,gông cổ
pơ long,thi
pơ'blei,nói phỉnh
kuêng,đi chân chữ bát
tơpơi,cục sáp ong
'bơ'bel,quịt nợ
pơrang chŭ,ghẻ
mir na,ruộng
hiong bơngol,kinh hãi
goi,lẽ
jơp,khắp nơi
pơ'blơm,phỉnh chơi
kơlet,hạt nhỏ màu trắng bóng
soh,châm
wĕi pơ alâng,giữ gìn
krĭnh,bực tức 
krông,heo rừng mẹ và bầy con
khuă,khoá
gơrrang,ngà
hmŏn,điều trị
rơ̆ng kon drŏ kăn,gả con gái
rơnhăk,mỗi người mỗi việc
f,f
chuô,chùa
'blet 'blet,ánh sáng lập lòe
kơ'duh,miếng thiếc 
phân chuông,phân chuồng
'long bri,cây cối
dơhmăn,tha hồ
rơ duk,điên
anih kơdră,chỗ lãnh đạo
'ding,ống tre nứa
'bơ'blĕt,traần trọc
kơjeh,giã gạo cho tróc vỏ
juăr,cầm que 
pơjŏu,phù thuỷ
'yung đưng tep,ngủ dậy
uaih,đau đớn
pơ'dô̆,xiết đồ dẫn nhau
atol,treo
tơmũp,lãnh đạm
klam,kham nổi
'bot,mò
jơmi,cây giã
'bliowh 'bliah,nhẫn
chơgrê chơgra,chỉ nhiều vật lớn
lach,la rầy
muit,cái búa
kơtơih,vấp chân phải cái gì
bơhloh,làm dư ra
tơpu`,đổ vặ
đô san phâm,sản phẩm
dôm kơ măy,máy móc
rơwìn,nhão nhẹt
'iĕ,nho
piôt,thẳng đứng
kơnuăk,khoè
viê,vị
pơgrơ̆m pơgrăm,tiếng cãi vã rầm rầm
pơxrăp,làm cho thỏa mãn
pơ̆n,dám
kơ'dô̆,phồng lên
jơhah,chỉ há to miệng
urê,phân urê
ku le,nấm mọc ở gốc le
huang huang,nhiều người 
hbo,bắp
hiap athĕi lôch,rủa chết
mơnhal ũnh chră,bóng đèn
klăm,đêm tối
hrŏk,rận
chơ lơ la,chỉ mệnh lệnh hay yêu cầu
akĕ,gầy
kơhê,đỏ thắm
kơ'brê,màu đỏ
grak,tiếng gáy
chơnglơng,vật lớn đổ xuống từng măng
klôt,cái quần đùi
hăn,hạn
đơng tơkan,đạt
blon,hình vuông
ưh kơ gơh dĕi yua,không hiệu quả
tơner,một miếng
'bet,diệt
bơgơm,kiêu
plĕch,bầu trời
kiong,nhồng
'nhrơ̆t 'nhrơ̆t,tiếng nhai kêu sừn sựt
'blê̆ 'blă,vật lớn đi đi lại lại
duĕr duĕr,cái quạt máy
'blơch 'blach,vùng nước ngập
ăr,ĭng ơ
pơngan,đồ sứ
axram,mau
thuôk ngoi phau,thuốc súng
huăk,trái xoài
hơvơ̆l,nhầm
pơtăl,thay thế tổng
dơrak,ngày thứ nhất sau khi chôn đất
kơwông,sưng húp
'bloi 'bloi,lên mặt nước thở
bơbrũng,chỉ đàn ong hoặc ruồi nhặng bay vù vù
đăi,đại
jơnŭm teh đak,cộng hoà
'yŭk,dục
si,chấy
ruôh,tháo
jăm,thịt heo rừng
pơ hle,làm cho ai đó vui vẻ
bơjăng,bíu vào
bêl,đời
'dŭi kơ'dŭi,cong lưng chạy
yai,giai
iôk,lấy nhau
pơdriêu jên,trả tiền
chơklĕk,đan dày và kín
plẽi khuă,chìa kho á
hơ rao phe,vo gạo
rơpang,cá xíu
nt,nội
'biap 'biap,nhai nhóp nhép
khôi khôi,nhảy  
pi`k pu`k,bèo
tuh lot,bón lót
hơkok,chiếu
pơhŭm,tắm cho
hut mơ̆u,đánh hơi
hơmăm,kế
chruh đak,tưới
bieh chih un,vẽ
totêk,mồm mép
hmĕch,muỗi
pơhrăn,can
hơbuh,chỗ nước chảy cuồn cuộn
adiĕng,bí tích
gugŭng,kéo đâu theo đó
it,ôm sát
chă jơluk jơlăk,sục sạo
'deh pơ'deh,thao thức suốt đêm
achŭ,va nhẹ đầu vào
jơdrap,cái thuống
pơgăl,xứng đáng
'lơ̆p,còn thơ ấu
thuy,thuỷ
tơbrot,bắt làm không nghỉ
phê̆,diện tích rộng
găch,ngón hay gạch
hơpol,bí đao
'buông,cái thìa
pơxur,thúc đẩy
chơcha,nói lải nhải
tơxững,hướng mặt trời lặn
rơlôk,một loại lồ ô mắt nhặt
pơdô̆,lặng thinh
brơ ̆ m,viên đạn
kơ'duang,sỏi thận
chơhnot,dác gỗ
bleu,trái thận
ã,như ra
hơrôi,thòng
'bok,bok
tằm,tằm
ap,gây khó khăn
nơ̆r ư ang,tiếng tăm
neh,kìa
pơweh,nói cạnh
pơ̆ng kơ đinh,đóng đinh
tơpăl wăl,rối chằng chịt 
sêh,phép
et et,tiếng kêu két két của đàn vẹt
mơlôh,lỡ cờ
rơnhăl,chặt đất từng khúc
pơhrăl,làm mất ngủ
boh gah kon dră kăn,ông ngoại
to păl,cối giã gạo
tơ'mal,ra xem
hơ'nglăk hơ'nglal,trọc lóc
kơdêt,đồ bỏ
'yĕr bri,gà rừng
ưh pă yua,không dùng
băng lăng,cây mằng lăng
pơdêt,một giống lúa
ŭnh hnam chã đon tơ plih,kế hoạch hoá gia đình
hơnung hơnăng,ì ầm
jơhnũl,que rảy
teh liêm,đất màu mỡ
kơdŭn,lui lại
grêh grêh,rè
bơgỡr,cái trị
'brõi 'brỗi,từ từ bò đi
pơhiôk,làm cho dễ dàng
đe ̆i tơdrong,lý do
tẽp 'nhoi,nguýt
bơ ngai gơh hơri,ca sĩ
chơraih,cời
pơxao,hợp
hơmul,cây chặt để che nắng tạm thời
pơduĭnh,quay quanh
tõxẽt xẽn,quá ít 
khla 'longchơ nă,mùa xuân
kơamon,cá lóc
tơhuch,đút cho uống
rơxue,chú tâm
chĕng,ngăn chia
hir,chịu đựng được sự xa cách giữa các người thân
hơnhong,xuôi
liah,liếm
măt mèng par,bướm bay
api`nh,hỏi xin
prao,rắn mào
ro`,diệu
pơn,băng bó
tơ'blak,loáng
pơhăk,làm ói mửa
kơlêu kơlao,mắt mở to
tơdoch,cùng uống
uênh hnam,hộ gia đình
pơ'bĕnh,làm cho đầy
anih vaih tơ wơ̆l,đơn vị đo diện tích
jĭp,vá
prăk,tã
bơdơh,ngừng lại
pơgrông,than khóc
trŏch,vót
'bŭ,chôn
rơret,rùng
dĕnh,nhanh
oĕi hnam akă,ở rể
tơngơk,đỡ ngứa đầu
kơdỡ,e lệ
kơchĕp,một nắm
chơrê,chỉ tư thế nằm ngữa
hơtu,hồn ma
kali,kali
anih kơjung,chỗ cao cấp
hro,bò
tơpôk băn,kết nghĩa cha con
drôih,đi từ sáng tinh sương
pơyua,bo ích
kơtăk,mủ cây
gre bơbi ̆ t,xe máy
hiong,hao
bơngairơgli,tài
ngô,lang
khor kơ đak,khát nước
rơnhong,tong teo
măt anăr,mặt trời 
pơyom,bắt phải để
rơot,cái cưa
tơ'ngoh,cái sọ
pơ'bloh,khổ thân tôi
chơlôih,ăn mặc sang trọng
jung kung,sân
kuweo,tên một loại xoài rừng
tơgỡng,chí cây lồ lộ
rơrĩp,hồi hộp
kơ măng,đêm
ươk,ước
u,cây dừa
thanh tra,thanh tra
bơlĭ,làm đổi công
hơdŭng,mang
ngoh ngoh,cắm cúi đi
pơge brưch,sáng ban mai
adrih (hla 'nhĕt a drih,tươi
chơgong,cái gáo
hơtai,đang thời kỳ
hơkoch,nhột
pũng,hỗn
jyăt,thợ rèn
tơhoch,tuột ra
hmoh hmĕch,ngồi chờ 
rẽ,loại đơm lớn
tơdreh,chặt bớt nhánh
tre,trà
tơ'buh,quẳng vào lửa
aroh,vội và
tơ'bet,đâm nhau
tuôt,nhị
apach,kì cọ
kơ keng hlôm pih 'bơ̆r,kèn môi
'bŏl,cả
tơ lơ̆i 'monh,dây thừng
khôn,hiền
bluh,bước
hơ'nglă,hất xuống
pơxrỡng,gây ồn ào
lêng bêng lang bang,chỉ sụp đổ từng mảng to
pơlôch,án mạng
hiêu,hiệu
chih tơroi,viết phóng sự
khơng,bơ
bơbu ̆k teh,xúc đất
ak chăk,con ác là
jơnỡn,ổn định
bơbrang,nói trôi chảy
ring răk,giúp đỡ dẫn nhau
hanăp,bệnh mày đak
ruyông,phất
kho`,hoi
'brut,chỉ con rắn uốn mình trướn đi
chrêng,ngạc
bơbĭl,con hươu
'brẽl,'brẽch
pơkă,dặn
lop,lớp
bơngai grông,người lớn
krŭi krŭi,tiếng sồn sột khi bò nhai
pơgao gŏ,đá làm chân để bắc nồi
glêng,cùm chân
sâl,bấc
ơ̆l,nài xin
lao,lào
klal,quản
krit krit,tiếng kèn kẹt khi nghiến răng
iôl,ươ trọ
gi`t,giá trị
atĕk,khổ
hơtŭn,đi thụt lùi
kơ đo nhŭng,bì lợn
'băt,mặn
chơhah,chỉ há hóc miệng
'nher,mắt híp
tơbơih,vỗ nhẹ
chuơ ̆ r,vọt
bom,một loại chiêng
bech,lẹ
chơjŏk,phiền
kŭp,lạy
rơmăi,cây me
kơlot,sầy
rơhêm,đỏ rực
prẽch,chặt phứt
tơlul,trùm kín mít 
hum đak krong,tắm sông
lĭ,lý
tơhyiu,thả trôi dòng
pơhiơ̆,giải trí
rơkiổk rơkiăk,tiếng lắc cắc của đồng xu hay cong đeo tay chạm nhau
dơla,tiếng dùng cuối câu trả lời bao hàm ý nghĩa phủ định
ha'lŏ,tuổi hoa niên
chơbơ̆u,vết thương
kŭh,khơme
pơle ̆ i anau,làng mới
tơwŏch,mó
tơhyơi,môi trề
nol,sõng
tơbinh,rối
jơgăn,ngăn phòng
hmôch,con kiến
ĭr ơ,tiếng đàn chim bay vù vù
anăr lĕch,mặt trời mọc
ưh kơ pơm,không làm
bơngai kuê̆,người lạ
teh jang xa,đất đai
kơtơ̆ng,lưới rập dơi
kơ pen hrô̆p 'năr akŏm,khố mặc ngày hội
püp,tròn trịa
gơnuang,cái vành
mai oh pôm mĕ 'bă,chị em ruột
pơver,nói bóng
tơtanh,xoắn lại
sa săi,ăn ít đg
'blơ̆t 'blơ̆t,nháy mắt
chu,sùi
tŭn,khiêng
chăm,chăm
chĭl,trả nợ
kơ'dong,bị kẹt lại
guh,hiì
dơlol hlôl,vật lớn lồi ra
chinh,chính
hnĕng,răng
tơdrong pơm lĕch,tạo ra
hnam man xi măng,nhà xây
dang hah,loại ốc rất nhỏ
pơjrah,tham lam
plaih ti,sải
giây,giây
thê trân,thế trận
pơhrui,đi săn có dẫn theo chó
'biữ 'biữ,từ từ dâng cao 
pơri,ép sát lại gần nhau
kơchen,cán cuốc
krêp,ở lì
anho`ng mai pôm b`ă me`,anh chị
tơhư,làm hư
tơjuă,đạp cho chuyện
rơgổp,hang lớn
'đon,tai
pơhơi,lơ là
blŏk blŏk,nước kêu òng ọc
hăm đunh,bao lâu
jai,gieo
tơklal,hai trán
prêh prêh,chỉ nói miệng mà chẳng làm
chơpik,cầy
rơ'nhăk rtf'nhën,nắm tay nhau
kơtrang,cái trang 
trât tư,trật tự
khoa tơ pôl,tổ trưởng
kuĕnh,con vượn
sơnăm 'nau piêu,sang năm nữa
phê̆ch,dấu phẩy
'biĕr,ăn khít với nhau
cham pơlei,địa phương
pơhau,làm nản lòng
hă,chứ
klor,cây gạo
tơhốl,ngắn cụt
jưdrơng,cái nhẫn
pơđăm,lăm
pet peu,tiếng chim hót ríu rít
pêng rơ 'bâu,ba ngàn
ôp mă goh,rửa sạch
adrĕch,dòng giống
jơk plĕnh,xanh da trời
'bai bơ tho,bài giảng
kep,cặp
dŭm,"tiếng nổ ""đùng"""
hluôi băt,rõ
tơguăt,giao ước
chă along ũnh,kiếm củi
kơglŭng kơglăng,khói nghi ngút
phich,nghị
pơxir,làm cho kín lại
kuang,háng
dŏl,chống đỡ
atŏng plĕi along,cuống quả
pơyưp,che rợp
hlalai,tràn ngập
tơbõ leh ieh,chỉ sự tiếc rẻ
ploi,vượt qua
yơ̆ng,hôm
pơblêh,hay hờn dỗi
tơhnhuơl,mắt kéo mây
lĕn,thận
pơlêh,uống rượu mừng 
rơgăk rơgong,xứng đôi vừa lứa
'bruơh,thẳng băng
hơmrơn,dịu bớt
akok,chiếc chiếu
ơp,lấy hơ
anai ei,tiếng ô chỉ không dám
tơpôch,bị trụi lông
rông jông,rông
tuanh đak,vắt nước
tơ'ro,chìa tay ra
rơhă,vui tính
tơxak,xước da dưới chân
adruh,nữ thanh niên
dăr,lúc
pơtih,pơkao
soh jrênh,hương
chơnơ̆k,cây vào
tơ'măl,thêm
mon,cậu
bram,xồm xoàm
hơbong aơ pên hnam,cái móng
tơtroi,nhiều người đi
pơngôi,dỗ bằng đồ chơi 
pơ'nghol,linh hồn
kơtul yul,chùm
rơhŏi,tĩnh
'bok y,cụ ông
huăt,quất
'nhŭm,búi tóc
rd'ding rd'dang,tiếng rầm vật lớn đổ ngã
pơdư,trốn biệt
'not,thoi
ơu,giờ
jỗ,đếm
hơ ra,vịt
hnŏn,chỉ đám người ngồi hay núp yên một chỗ
mỗ,âm
vê sinh,vệ sinh
tuh pơgang,tủ
boy,mào lông
drong găn,ghé
rơkổp,ngỗn
amoch,suốt
hrĕl hrĕl,khắng khít bên nhau
rơwel,bệt
pơgăr,làm chắc hạt
hlôl,cô̆ng
akol,sóng 
djơ,uớt
hơđăl,xắn
gai adro,góa
krit krut,dáng một vật được vẫn chuyển đi từ từ
chơgrơ chơgra,nhiều người lớn
'ngik,bọ
lip,thả cửa
'bâr,giọng
adan,mục tiên
lơm rim tơdrong,khía cạnh
brĕ pă 'bôh,biệt tăm
brêk,toé
'bloih,tụt
klit,móp méo
tê,ngựa đi nước hiệu
anih jang,nơi làm việc
achơ̆m,đụng nhau
ti ̆ nh,làm toán
gah 'năr mữt,tây
pơ'nhip pơ'nhap,làm sơ sài
'dŭm,loại thuốc lá có lá bầu
kơlŏng,bốc
chơ'bong,mỏ
bri tơdíing,rừng thưa nhiều cây nhỏ có cỏ mọc
bla kuk,giận
lekrang,trổ hoa
pơgao,qua mặt
ĭk,hung
kiŭl kiŭl,cành cây lay động
chơkông,giàu sang phú quý
td'bronh,lôm đốm
'nơ 'nơt,thong thả bước đều
'bơ'bŭl 'bơ'băl,chỉ nhiều người hay vật tập trung một chữ
kơlôm,chỉ lửa bao phủ
pơyũp,kết hợp
ao kơ jung,áo dài
mơnuih tơ oei,ngồi
tơ'dỗ,xiết cổ lẫn nhau
atăr,dây quan gùi
bơdăr,đánh lừa
pơ'nhip,chấp
gro ̆ l along,lăn cây
gruei,thỏa lòng
jay,thắng
prăl,duyên dáng
pơgap,kẹp lại
hlŭng jơma,dạ dầy nhím
pơ nŭk kơ pô,vũng trâu đầm
bơngot,đói
yêr,hiểm
lơ̆k,gợn
rơmư̆,dạ con
'blông 'blang,nước lụt tràn ngập
tơdrong kơdô̆ suang,điệu múa
chơihop,thung lũng này sâu và hẹp
hơdoh,vỗ cánh
glơgleng kơ đon,inh tai
pơkrăm,làm chim
jơ song sa,bữa ăn
dgưm,hỗ trợ
'breh,giận dữ hết sức 
phet,hiu hiu
tôm,bên trong
lơlŭk,làm ồn
khur,chui luồn
brum,nằm sấp
pơglăk pơglôn,chỉ trố mắt nhìn nhau khiếp sợ
'bông,giỏ mồm
bơmơ̆t,hướng tây
'blăng,nước
kơđôp,mớ
tơbleu,nổi mụt
anhŏ,chỉ đủ
ră rĕl,đầu bạc răng long  
kuăl,quấn
chan,nợ
bă mĕ hŏk tro,phụ huynh
@,@
rơtìi,húm chim tủm tỉm
hơmôi,rậm
bem,diều
ang moi,ráng đỏ lúc sáng sớm
klang an,củ rừng 
jĩ sơ nẽnh,đau răng
đo`k,đoc
tơpẽt,thoi bop
lĕch đơ̆ng hŏk,tan học
bơngai chơvong hơkĕ,người gầy
bra,chỉ đám đông giải tấn
tơ-uh sơhngơ̆m,hà hơi
oh dră kăn,em gái
anuh,trấu
rơkiỡk rơkiăk,bẩn thỉu và lếch thếch
tơplih,danh
ka hơ keng,cá trê
Sră tơnŏ tơnăn,Ánh nắng ấm áp
păk,bổ
biêt,bỏ vào
gôr,chim trĩ
dơmŏng,đá thường được xem như thần thành
kiôh kiôh,tiếng động đi trong rừng
năm chop,đi rón rén
kơtu`m,huyết
năm adrol,đi trước
tơluh,vội vàng
bet pam,nơm
ge go,trạng thái đi đứng chưa vững
adra,giàn bếp
kơ'mơ̆l,đông lại thành cục
rơdai,lò
hmơch hmach,vật trăng trắng
mrô,đáp
plei kenh jóng,bắp chân
lĭl,cùn đốt nát
tơrăn,yếu
'lê̆p lê̆p,nhởn nhơ
agăm anho ̆ ng oh,loạn luân
Tơng,Tổng
pơtẽng,một ngọt
chrŭp,"tiếng ""tõm"" của vật nhỏ nhảy xuống nước"
mŭk drăm so,di sản
noh hĕi,nãy
kơthong,bếp lò
jơhoi,ống nứa 
bin,bẹn
jă,giá
rơmơ̆n,yếu sức
'nguk,gật
hơwơ̆l,nhằm
del del,sắp sửa hết
da,điếm
gơxĭ,không phải
dơduei,trẻ em biết đi vững vàng
pơhiăng,làm cực lòng
rơgi,níu kéo dẫn nhau
chơđa,gang tay
along rang theng,sen
wă tep,buôn ngủ
pơliẽng,rê lúa
pơdô,an ủi
chơbre,chim sâu
lcasp,lcasp
dơngơ̆l,cây đã chặt còn để lại gốc
tơngê,lắng tại
bơgring,dìu đi
pũ,địu
h'bo,ngô
'bai,bài
tok,chiều
si so,con bọ chét
kơtonh,rau giớn
pơđep,bắt buộc
năk,gài
kô̆ng san bơngai pơm kăch mang,cộng sản
vâ̆n,vấn
pơmă,một chút xíu
kơdua,cá rói
trâ̆n,trấn
chơgơ̆ng,chỉ vật nhô ra thẳng đứng
pơxrẽng,phơi khô ráo
kơdal,mông khỉ đỏ
gơglŭng,nghe
oĕi thoi so,nguyên hình
tơhling,rót cho nhau
pheng gŭr,cục đất tròn
'buôi,buổi
bop,hóp
bơthoa,khuyên
tơdrong rơgĕi,sự thông minh
gơla,mắt mờ
lăp jơ hngâm,đồng tình
chrăm,bừa bãi
hiơ dui brai,xe đạp
prăm,bỏ mặc
suih,gầm
hơbĕn adaih,cái quần dài
'bơ'but,học đòi
jơnit,dăm bào
'nhrŏn,gọn gàng trên lưng
gre hơ xeh,xe ngựa
wă kơ anhŏng,cần anh
chŭt,lom
chop,rình
dui,kéo
hơ yuh,điện
ư ang alâng,danh tiếng
kơnhom,tập trung sức lực
tôch tăl mă pêng,tốt nghiệp
tơke`ch,kêu
pơanguaih,làm sạch
jơjũm,nén
pôk,bế
glơi đak tơxĭ,bơi biển
pơpơm tep,giả vờ ngủ
hla prit alop,lá chuối
dơ'bêl,đầy ắp
khăp,cắn chặt răng
hanăk,khí giới (dao
năm sriêp,lẩn
kruôĭ 'bŏng,bưởi
chhut tang do ̆,lau ghế
tơhlơm,thâm sũng
anhrong,đoạn cây
tơtõt,chọt cây vào nhau
tơ hơ drung,trưởng họ
đô thi,đô thị
m,m
chơgôih,chỉ người cao to
lê̆ gi,thôi được rồi
bưn,đánh vần từng chữ
hecta,ha
dơ'ngŭk dơ'ngăk,nhiều cục đá lớn hay đống lúa chất lên nhau
glang glơt,đàn tơ rưng
hơlôk,nói liệu
bioseed,bioseed
đech tơplah,chiến đấu
pơxõ,khuyên thích
kiang,gió
akơn,giở lên
kơdĕn,nút
grua,suy nhược
ttf'män,giữa phòng 
hok,cá phá nhỏ
'bĕr,bép
hpoih,đuốc
bơdrăn,đồ ăn
tơprăi,dãn ra
jük,ông cai
tơ'ngẽl tơ'ngõl,td ngak tơ ngõl
pơgot,hồi
kơwơng,công
pơm pơ trŏ,nghị quyết
ư̆ng,ứng
kơthang,thang
hơrap,xếp ngay hàng thẳng lối
tơnăl,rút
proch,phân
bătyă,biết điều
oei lơ̆m teh,ở trong
phêng,toang
chơthơr,chỉ một người nằm chết hay bất tỉnh
'dim,chưa
bơdã,bày ra
'mânh,mềm
kơtah 'măng,cảm thán chỉ sự ngạc nhiên
ba por atâu,đưa cơm nguôi chết
tơchuang,chéo
amãn tơ mam,cất của
khĕi adrol,tháng trước
pơl,hói
brũng brăng,vật nhỏ bay tản mát
pech pech,tiếng chim con kêu chíp chíp
jơmang,mào
hơdrŏng krong,bói
'mâu ôm,thối
cho,bệnh thấp khớp
kơ kuh kơ 'bă,chào bố
tơthăt,lượt
rtfwin,xanh um
bok thây bơllo,thầy giáo
tơ'nhrăng,bất động
jơliu,chỉ mới nhọn chỉa
bơngơt,chỉ cô gái đẹp
grŭp pơhrăm,nhóm học tập
tah măng,trái lại 
tơmăk,đỗ lỗi
aring,sàng
chơdrĕp,đinh ba
kưi,khểnh
'dang,ngữa
tơ'boy mă tơ'boy,xinh đẹp
bet,đâm
brư̆ brich ,xấu xí
rơ'leng,rớt xuống
blă,ràng
'bra,rực
banh,bành voi
gưgư,một loại cá có thể tấn công người
'năr tơman,hôm kìa
jơnu,nước châm
bưk,loại dây rừng được xem là có thần
ngơ̆r,chọc phá
hatŏn,cái nia
tơja tơhlăk tơhlăk,ấp úng
bơvvich,xoáy
'bơ̆l,lại
pơglơi,thả bơi
ruih,lấy ra
rơlă,tra cán
bơlê̆ têt,hay mới lòng
anăr dâng hĕi,ban chiều
khĕ khŏ,tiếng sạch cách lúc làm việc
đei đô xa ger,thức ăn viên
tăng do` hyủ hyủ,ghế mềm
tomgôi,giao họp
chĭch,giằm nát
kơmăt ka,bệnh sưng chân
napa,không đâu
kil tơkôl,chỉ có già đầu bạc
hĭnh chih,tranh
ruih rang,mửa lâm râm
kơ nê̆ dêh,ác quá
kiỡ,hoá
kơka hơdar deh,nhấp nháp
'bih ka,rắn nước
gô rắp,đón
blơng khơng,đàn bơ lơng khơng
tơhrơng,đi hàng ngang
Kŭt,Quyết
pơ ơ̆t,để nhịn đói
buh 'bum 'blang,nướng sắn
tak hơ yô,nước tiểu
bông,to
rơh,chọn
plar,tuột
ranh,căng sữa
dĭk,thịch
jru ̆ m bet pơgang,kim tiêm
hnhŭp,nghe theo
tơbrai,tan máu bầm
rơ’mui,nát bét
kơchah,dăm gỗ hay mảnh chai
giang,dời chỗ cho trâu
khang sinh,kháng sinh
ping pung,tiếng vùng vẫy trong nước
ung,gia
hê thông,hệ thống
tơhiup,biể thổi lò rèn
mŭng,quang
anol tô̆,hàn thử biểu
dang bĭch,chỉ tư thế nằm
dơgal,ghen tị
rơbõk,tơi
reng deng,tiếng làng keng
gut,bẻ
adon,buồng chuối
chơ'mok,chỉ ngồi hay đứng im thin thít
haluơk,núi dây
chep năm,tiến hành
bi ̆ ch đang,nằm ngửa
gơk,gồ
piat,banh ra
kơjăp,vững
bơdrung,chỉ ống nứa
khoa tơm jang,trưởng phòng
'long adê,vầu
al,chặt
bơ̆ jang chŭn,nghề nông
sră kang,nỏ
chĭh,ghi
kơ mlat,chớp
gơgo ̆ nh,lon ton
íik tir gring tik tir grang,tiếng cong chạm vào nhau kêu leng keng
bâk,rựa
suaih,tỉnh to
diên,diễn
chơhoih,khuya mặt hình trái xoan
hapak,cái lao bằng nứa
lơluh,quậy phá
hơmang,đĩa hay mâm gỗ
gring grơng,tiếng kéo lôi xềng xích
lui,nghe lời
dih plơh,mong muốn
kơdŏng,bẫy chuột làm bằng ống nứa đặt mồi bên trong
phar,xui xẻo
pơu brẽk,tung tàn lửa lên
hơ săi ka,câu cá
hơ yŭn jâng,nhún chân
le ̆ch blung,xuất phát
hơ lie ̆ng,lõi
hơtê,nằm mơ
rơhong,chưng cách thủy
hơchôm,quen biết
bao,cái bao
tơdrong ară,tồn dư
plăk,đúng ngay
phuăng,lẩn đi mất
jơm,lưới bắt dơi
atơ̆m,chúc dữ
kŏiĕ,chó con
tem,dân tộc chàm
hơli,ghê
pơkro,làm cho khô
tợjữm,nhanh miệng
de drok,bìm bịp
drong kơ pô,chuồng trâu
phiêng,biến mất một cách đột ngột
khĕk,gập
khôih,xa lắc xa lơ
pơ nhan pham,bát tiết
pợtrêu pơtrao,thưa
gần rơgôn,bẫy sập
plô̆i,buôn làng
haxơ̆ng,chim lượn vòng trên bầu trời
nun,trẻ đang lớn
akơ̆t,lừa bảo
bơbŏ,chỉ trăng sắp tròn
'dŭr,tùng
'mi hơ măi,mưa phùn
gră,nhiều lắm
'longtôh,dùi
hơvơ̆,mẫm
'blôk,quay lại nhìn
tơgle`ch,bong gân
kơnong,khung
rơdơ̆,êm đềm
hơdŏngtuak,bẹ dừa
rơhing,chỉ than hồng
tơplôh,mở toang
'brinh,vần
tơ'môi,giận hờn nhau
tơ'brẽt,tiến triển
mi pơ ler,mưa đá
kơ bang pơ xrăm,bàn học
'brêh,đẩm
kon tây,móng đeo ở chân chó
hawen,hay nổi nóng
akhôl,màu muối tiêu
jơjõ,là phải
pơlum,một loại nấm
kumi,khoai mì
'bôm,bom
kơnŏng,cá đá
'ngoi,ngước mắt lên
tơchêk,loại chồn lớn
wơnh sem,bệnh thần kinh
hơlă,cây thường
gơhăng,đỏ chói
ate,nấu cháo bằng bột gạo với tro
'yung,dậy
lanhư,bao giờ
kyak xơmat,quỉ
tơdỗ,trĩu xuống
chơngăm,khoai chí
oei oei,cuối tiếc
gong xeng,mũi cong như mỏ vẹt
mĕ hơ kăn,mẹ vợ
hơnăn,chính vì
hată,toàn
plư̆,xước
brưm,ten
yua,do
pơdơ̆ng jang tơm kơdi,thường trực bộ chính trị
khang,úa
cha,huống
chơchap,chỉ cá lớn lúc thúc trong giỏ hoặc nước cạn
abe ̆n,vái
wông,anôphen
jơlak,cái lạt
hôp,phủ kín
anum,gùi có nắp
kuĕk,khêu ra
dơ'ngŏl,chỉ một em bé đứng hay ngồi một mình
kiăk,đòn
chơrê chơra,nằm chết ngổn ngang
kơ'dang,bước qua
pơmot,bỏ đói
kơdrot,ong đất
'bom,bị bệnh
chhôk,khoan khoái
mơ nuih hơ xoang,diễn viên múa
hiong hiơt,thất thoát
nhâu,thuốc nhuộm màu đỏ lấy từ rễ cây
pơdăh hnam,đầu hồi nhà
hapaih,đuốc làm bằng tre chẻ
hnam chă pơyâng,nhà xí
'nŏ,mình
pơhleh hloh,đi không gặp nhau
ai brư̆,hoạ
kơnă,ngăn cản
kei,nhắm
khoan,khoản
ekledia,giáo hội
kaoxã phao,cao xạ pháo
'long tŏt,trâm
cham đă 'bŏng lŏng,sân bóng đá
tal,qui đầu
tơwih,nầy
tôk,lộp
thôp,cột hình xoăn ốc
duĭr,quẩn
pho,phó
kung kô,củng cố
jơnet,cây dẻ
bơtruh,gởi
kon minh anu,con một
ngiă,cỏ ống
kiep,chíp
dih tong ka,cái nơm
lơ̆m teh đak,toàn quốc
hla sơbe ̆ i,lá cải
kuh keh,nữ thần dựng nên trời đất
plim,bút máy
'yŏk,bớt
jat,chạp
chă ruih,soát
at kơ por,nhịn đói
pơxre,làm cho mắc nợ
hnhĕch,tâm
gro ̆ l jâng gre,lăn bánh xe
hriêng,một trăm
hơbur,bị thương
tơhmăi,chửi rủa nhau
hơdar,lò dò
pơdruh,vi chuẩn cây bệnh kiết lỵ
khep,cái kẹp để gắp sắt
tơh,đậu xanh
hiôp,nước rút nhanh
'nhriu,mù mịt
'bơ̆I angiêng,tiếng kêu
bôn kơne ti,bắp tay
teng leng,bị vào cổ
klong,củ riềng
rơjei,cỏ mật
tơhnhik,nhe răng trên mắt
nâr trŏ 'blep,ngữ pháp
bơve`nh,cái xoáy
bơngai joh suang,nghệ sĩ
ju ̆ m dar,xung quanh
bơ ngai kơnê̆,biến chất
'ier,gà
tơplu`n,béo tròn
hơchuêng,lệch
kăp hăm 'bar,cấn miệng
pơnil hnam ,vách nhà
chơdro,chỉ em bé nhe răng cười
blŏng blŏng,một ngọn lửa nhỏ leo lét từ xa
gơxeh,hơi đất
pit pơnang,chuối tiêu
pơniet,chen chúc
hyai,thướt
kroch kroch,tiếng uống nước ừng ực
tơbatnar,đám
td'bông,quây quần
dơlŏng hoi,trống hai đầu
hdiu,dàng
ttfngo,cây nhựa nhuộm vải
pơ'bel,cố cho bằng được
hatơt,đánh bằng đầu
rơbổp,ê
ngiăo ngiăo,tiếng chân xào xạc
bơxŭn,túp lều
găi,biệt
bul,bù nhìn
'muôi,rắn mối
¡ă,một ít
rơwah,kẽ hở
hơlu`k,để úp
anhơr,đờ
tơlễ,con sên
hơlap,lá sách bò
hnôi hnal,nổi lềnh bềnh trên mặt nước
tep hlơ̆k,mơ
'dôn,thêm nữa
hngôh hngah,người lớn chực chờ
'brâu,hồng hào
pơxơr,làm ghê tởm
ju`k,gương mẫu
bơla,ngà voi
gơbŏng,cây vậy
bơmeng gŏ,lọ nổi 
minh ró bô̆u,một ngàn
pơche`,bịa
chơlĕ,vỏn vẹn
kuaih,cài
ôi,quả ổi
pơ’nhô,ưu đãi
grĭ gră,mang lỉnh kỉnh đủ thứ
doon,léo
tơtey,run rẩy
tơ luek,tả người mù
gơxa,loại cây thân mềm làm trống
gơglă gơglăk,tiếng cười hớn hở
chơkŭl,có ro
pơdui,kéo co
tơmam,của cải
rơlũm,xum xuê
hơdop,tư thế nghiên trang
rơding rơdang,tiếng chân chạy rầm rầm trên sàn nhà
rtôp,vây
bri atơ̆u,nghĩa địa
tôi blôi,trôi nổi 
gĭt găl ,đặc biệt
pă pơng,nhạc cụ làm bằng ống lồ ô vỗ tay vào đầu ống để phát ra âm thanh
tơpiê,phình
hơpĭnh chă xa,ăn mày
chơngêt,xanh lục đậm
tơchũch,xịt chó
klel klel,tiếng la hét kêu cứu khi gặp bạn
b`lo`k,hững
tong tơ xi,chiếc lược
xa hôi,xã hội
trưk tiêp,trực tiếp
si`t,hiệu nghiệm
hơnhăr,hơnhăr
chơta,rối bù
'jrõk,chim bìm bịp
huĕn,ả
chơkôm,thế ngôi hai tay chống cằm
tơhrổl,khoang trắng đen
bri kông,rừng núi
fiml,phim
put,bị mắc lừa
kơmrơt,cầu vồng
pơring,vừa tầm khoảng cách bằng cầm tay nhau
bong kŏ,bướu
'bel,cố gắng làm nhưng không được
'măng,cửa ra vào
hơbơ̆u,nghìn
gôh,màu hung đỏ
'nap,nằm rạp xuống
sơđiêng đak,khe
'bang,mâm gỗ
tơhlou,trỏ
giăn,nhằn
ngao,vỏ sò
bơdê,coi khinh
pơsel yang yai,én
mơmân,ăm ắp
ha bơ̆h,há to miệng
nhot rơnhot,bay vút lên cao
phao chă hrui,súng săn
dơhiot,lôi kéo nhau đi
to ̆ k hnam hle,về nhà mới
roch,móc ruột
'ngeng 'ngong,chỉ rắn lớn bò ngoằn nghèo
'brĕl,phộng
đô dech,dụng cụ
kiăp,đúng
bơluh,trần
pơxat linh,nghĩa trang liệt sĩ
chơbrơm,râu ria xồm xoàm
gơ lŏng get chai,súc chai
chĕp hĕp,hẹp
anong,gánh
chơhmŏng,chơhmŏk
dang băng,bùa
'blang kua,cây gòn gai đỏ
hơwưch kơ̆l,trời xẫm tối
hơmuơl,mây
hapol,đo
xu,su
pah bŏng lông,chuyền bóng
chơgơi,chim chàng ràng
tơdrong thu,chất lượng
hmông hmang,lốm đốm trắng
xi măng,xi măng
along chơ choh,cái thớt
brăm,tạm
khial,nhẹ nhõm
rơ'nhet,thánh
ŭnh hnam chă đon tơ plih,kế hoạch hóa gia đình
khüch,vụn
năm ba brŏk,đưa đón
bơjỗ,cây rui (nhà
mô̆t,nhập
'bơt,hụt
ruô̆,siết
tơblơih,trượt
'năr sa mŏk,lễ mừng lúa mới
ưu,ưu
hơret kơ jăp,xiết chặt
ưh hơ nỡng,chênh lệch
tơnglổng,già làng
'yoh ai,nhục
klon,một loại rau
klĕ,ăn cắp
jỡl,kẹt
hlĕp,đáo
tang wang,nghe phong nhanh
hiŭt hiăt,di chuyển hàng hóa
jơduih,mông
grôp,ôm
hrŏk,con rận
geh goh,lật mặt linh tinh
rơ'bễ,hay khóc
bơlơh,thay
ac hăng hiơt,bỏ quên
vưng,vừng
rơkhau,ráo
hơnoh,nợ thần
tơnôih,thể địa
rơrẽk,ngón trỏ đưa lến
che dei lôn,váy ống
klĕ hơwĕ,ăn cắp vặt
sem pơsel yang yai,chim én
anhok,thắt cổ
kăp dih băl,cắn nhau
brâu,brau
chok,học
tởr,tấm ván
hơplih,thay đổi
hrơ̆i,con cò có lông màu nâu
tơng mông,ngoảnh mặt làm ngơ
tơgrỗ,trốc lên
hră dip,cung
gơ'nhơn,nhón gót
tơpăi boih,chòi đổ nát
gĕ,tập
mah,thốn
kiah kiah,tiếng chân người một soẹt
thuy san,thuỷ sản
lơlôih,táy máy
ngơnh,e ngại
dơglưm,vật nhau
bơxun,chòi trú ẩn sơ sài
sung,cái rìu
chrêng chrangỉ blư,đột nhiên
rơgẽk,có đuôi dài
jô̆  pơraih,đếm thứ tự
phu ja minh,phụ gia
pơrang,soi sáng
porting,đọ
tơgrang,nghiêng về
Kai kăch,Cải cách
‘bat,bạt
tơpleh,tách rời ra
hô̆t hla pơlô̆u,thuốc lá
ưh kơ đĭ,không hết
kup,cúi
gar,ghen tương
jơ'ngong,cao nghều
hơniê̆,độc
hnĕn hnĕn,cùng nhau khiêng
brẽl brẽỉ,theo sát giót không sa
chơkrê̆,chỉ còn để lại dấu chân
yä,tổ
rup kơlang,hình tam giác
tơbuỡn,cây cốc rừng
tơ ̆r hơbơ ̆l,ván dày
khei,đâng kon
dây,dây
pơgleh,gây mệt nhọc
pơtơ̆p thê jŭk,tập thể dục
geh,huých bằng cùi chỗ
'bruih,bụi
măt găr,mắt
pơhrưng dĩh bơ̆l,nhường nhịn
rơplũm,đóng váng
jrơih,bắn sượt
pd'ngah,cho tới sáng 
bơlơ̆n,nhìn trừng trừng
pap,chết dần
rơnom,lá non cuốn trong bọc
pơm sơ̆i,xây
phim bơngai hơ iă,phim hoạt hình
'dơ̆p,râm ran
puơ̆n,tư
hơ'lơ̆,lật lại
lŭ lă,nằm lăn ra đất
rơrăk,tiếng thả
pơtơnh,hước
pơm ngôi sŏk iĕr,chơi cầu lông
'lơ 'lanh  'lơ 'lanh,khua chân
pơdreu,trả lại
hơră,hình khắc trên gỗ
hơ ra hơ kăn,vịt mái
chơkhông,đẹp
hling,dội
tơlõl,nghẹn tới cổ
'nhrăm,đoán chừng
gru,ma lạc
jơnol,đỉnh cao nhất
bưt đak,đê
xrŭp,ống
phung,ĩ
biêng biang,một vật lớn bung ra
rơyễ,nghiêng xiêu vẹo
kuơch,bậy bạ
'long kosu,cây cao su
tơngũk tơngăk,nhiều cục đá lớn 
pơmun,làm tóc
kŏ grĕnh,chó gầm gừ
adrĭng,cùng
kơhloi,lỏng lẻo
kơlăng,màng
rĭt,côi
dai wai,điện múa trống cơm đẹp mắt
hơvĕng,gây gổ
nhŭm,búi
pơ đĩ tơ drong bơtho,bế giảng
arơ̆ng,con bọ hung
kơ'bâl,mồm
pơhơ̆k,làm vui lòng
tơblôch,vuột
pôtơm,đề
pơyan,khí
hơđơ,yên
chơlong,lông đuôi chim
kiuh kiŭn gring,tiếng leng keng của chùm cong đeo ở cổ tay và chân
jua,hiu quạnh
chap,chim dồng tộc
ngo hnhe,quản lý
'nŏt,quậy
adrũn,nhún
pah klau,hoạn
kơhluak,bùn
adrŭng,gói
sư kiên,sự kiện
hna,xào
kơtoh,giọt nước
pak pak,nói oang oang
khŏng,khó bảo
khuen lơ bâk,khâu rựa
pơ hrôp xa,ăn mặc
'ngok,nhộng
tơnal,éo le
jơba,con vẹt mái
'mok,sổ
jên,tiền
jơrơau,hoà tan
ph,độ ph
beo,eo
nhơ nhêl,rạng lên trong bóng đêm
gơleh,khèo
kơweng,cuộn mình lại
khao,khảo
hoat,hoạt
bơ ̆  jang alâng,làm tốt
tơhong,làm mẻ
krĕk krĕk,lấy lần hồi
'joh 'joh,chảy nước miếng khi thèm ăn gì
bĕn,quần
'nhrơ̆t,dừng lại một cách thình lình
pün,giã nát
bnnptnt,bnnptnt
hơri tơdrong huê`,ca huế
hŭi,sáo
anguôn,giấu
'bliau,trời mênh mông
chơkrŭt,dày cộm
'nhă pơlai,bướm
kơkuh kơ mai,chào chị
grĭ,gom lại bằng tay hay bằng chân
krơ̆p,rầm
rơrôk,mỡ bằng óng tre
văn ‘ban,văn bản
uĕi ha,nhàn
gŭn,kéo trì cần cây xuống
hiêl hial,vật lớn trên cành cây
pơ'nhao,rữa cho
ngơngĕn,run tay 
chih tơ 'bôh,luận án
drăm,ché
bơ ngai git,tài xế
kơ'nhep,bít lại
ngu nguch,chín mùi chín đỏ
truh jing,đến thành công
klưt,người tàng tàng
đak hlak,mật ong ruồi
'nơt 'nơt,đi thong thả bước đều
pơangeh jĩ ako,bạch hầu
bơngai huơ̆r gre par,phi công
klôk klôk,tiếng người lớn vừa khóc vừa la
wimax,wimax
trong pham,mạch máu
kơxeng,lụi
'deh,lách
tơ'nhan,dính vào nhau
krŭk,xì
rẽng,gùi đan thô sơ
khoa wĕi lăng,giám đốc
bơguah,dọn vệ sinh
kơ'laih,thả ra
"pi`t""",dập tắt
tơ'nhẽk,tơ nhăk
gơ'mâu,súc miệng
hơnong,phân
'nit,động
chơnŭp,dúm
bơlơih,chữa bệnh phù phép bằng cách đến tới số bảy
juătyua,thể lệ
apăl yang,con ma nước
hơhŭl,lụt
tơr,quãng thời gian
giau,vễnh
dơdưr dơdar,hang sâu rộng
jơlổm,bị vạ lây
rơchỡk rơchăk,nhiều dấu chân chồng chéo lên nhau
hei,bọt
hơmlôh,bụng to béo phì
hiu,oi bức
dkơdrăng,ông
klăh,rĕ
pơ kau lan,hoa lan
tuk kơso,bỏ dở
abŭt,bão
gruih,nhổm dậy
nhon,mang tiếng
jor,chắn
lang ban,bộ chiêng gồm năm chiếc
khei'bar,tháng hai
tiêng jok,cây phong lan
ưh kơ jĕi,không thắng
ŭng ơ,tiếng gió thổi vù vù
alôh,ồ
pơteo,gắn
hơgăl,triều thiên
hual,xẻo một miếng
'bănh,bánh
păng pa,dang hai tay
pơjĭl,chọi
chĕ,chế
kăt kơ tĕch,cắt đứt
gŏnh,dê khoai bắt đầu mọc râu
tơnieu,vòng eo
klĕp,chụp gọn
'măm,ngậm
kuĕl,vèo
kultăng,đầu gối
hơlŭng,hủy hoại
pơthop khan,đề nghị
lơlơl,nghịch
tơhueh,mẻ
tho ̆ ng nan,xuồng
kơ'dơ,hở
bơbrơ̆ng,nằm thẳng
bri kơlỡng,rừng hoàng có cây lớn
rơhiak,mỏng tanh
plĕi nâr pơma rơđah,trạng từ
hdrung,dòng
krê,cây bình binh 
'nhip,làm việc qua loa
tơnũr,tấm cót
trong dak lĕch,mạch ngầm
jăl,hoàn cảnh
ka'bah,hẹp hòi
net,chỗ eo lại ở cây
amêm kơ eng,yêu mến
pơyăm,giảm bớt
bô ̆i,vại
chơ'nhot,nhăn
brỡk,thầm
hơmĕch,trùng
bơngai wĕi,người bảo vệ
kơdŭng kơđoh kơthơ,bìa thư
hơ'met,lúa chết
bĕ tơ gơ̆,bẻ gãy
chơhoh,trống
'brũch 'brũch,sột soạt
adraih,dụng cụ đuổi chim
arang reh,lỗ nhỏ chừa ở vách
dơnăl,nền tảng
hơdrap,cúm
tơkia,cong lên
hoang grơ̆m,loại ốc nhỏ
'yŏk 'long ŭnh,lấy củi
chơchrô̆,chỉ nước chảy lai sáng
kơnglang,màu trắng
chơkrŭi,khom
tơiung rông,dựng nhà rông
drŏu tơning tơmônh,nay mai
phŏng 'nôm,bọng đái
pơdâng tơiung,kiến thiết bênh
bưh,cũng được
rtf'boch,tụm lại
hơluh,trút ra
pơgĕch,tranh thủ
pơhlôh,chọc thủng
pơmũt,cho vào
'jơjih,bị
hơle ̆nh hơleo,láo toét
gat gah ala,gạch dưới
krăk,trắc
bơlăk,ào
hơdŭ,cái nêm
dơduĕnh,xoay nhanh
tơkăng,ranh giới
yô,tiểu tiện
tơyơ,đâu
tơ yông,nếp
hơ nglah puăn,ngã tư
amrah,giẫy cỏ
'blôp,che kín
blung,chui
anh hương,ảnh hưởng
hơlong,một loại chiêng quý mặt không có năm
tơgiẽp,cái kèn
pơman jĭ,làm cho đau
hơ'dong,bẫy dây xiết cổ hay chân thú
rơxiu,thì thầm
kang dŭr,hàng rào bảo vệ 
đum sưa,chín sữa
mơu giao,mẫu giáo
alưng lơm,thuận lợi
bo pơnal khêng,bọ cánh cứng
chhut kơ 'bang,lau bàn
muih,phát
pơma kơ tul,nói dở
'bơ'blĕk,lạnh ngắt
kăii,phá
an kơ oh,cho em
'nŏn,nệ
alak,nhãi
chơdư,khùng
duk oei tơ đak,tàu thủy
kơwang,vòng
minh 'măng ,một lần
eh hĕm,tiếng tằng hắng
hơlem,may
'luĕl 'luĕl,nghe nguồn đuôi
'yŏk jên ruôt tơmam,tiêu tiền
phu,điều
bơne tap ti,hoan hô
'nhĕt,cỏ
gơnăp,cái cạp
gŭm,giúp đỡ
apŏnl,mày
hlĭm,một loại cây có gỗ rất chắc
măt mêng juang,bướm lượn
kơ hak kơ xoh,khạc nhổ
prỗ,tiếng người
hơdơ̆ng,yên tĩnh
hơnganh,sửng sốt
hơgơng,cây đã chặt còn nằm ngỗn ngang ở đây
tuh piêu,bón thúc
lơnga,mè
bôl hŏk hdoih,bạn học
pơcheh,chế biến
chơbrôi,có râu rậm và dài
brổk,thì
plô̆ plô̆,tiếng chặt cây cạch cạch
chơkep,cái đẹp gấp
hơnglŏng,ngôi sao
pơtuôch,nhọt
jơgơ̆l,cái trống
kuy pham phap luât,quy phạm pháp luật
tơdrong joh,điệu hát
byeh,sĩ
kơlŭn,bị gió cuốn
'bep,mấp
ưh kơbăt alâng,quan liêu
gloh kơ oh,hơn em
lơ̆m minh sơnăm,mỗi năm
pơm anhe ̆ m,làm thịt
bơyao,long lành
mĭ,dì
pơpêt,tiếng chiêng giữ nhịp
krambri,lao ngạnh
khel,tách
klŏng,chổ nước sâu
tơđon,chạy chữa
chơ'noih,năm dài
chiêm,chèn
gruơ̆l,lăn ra
hơnglăk,nuốt trửng
kơ'dĭng,cái đinh
rơnge`i,hoa bình
kơbiô,chày vồ
ang fing năr,bình minh
amăn,trữ
hiên,ho
kel,nữa
hõm,rụi
goch goch,nghẹt
kôn,côn
grik grôk,thở khi khi
it dih bơl,đánh nhau
đang,đảng
pơhon,bịa chuyện
iôp iôp,dang đạc bước đi
'đŏng,thúng
'nhĕ 'nhŏ,nhỏ
tơgluơ tơglua,luồng cỏ
bơdro,buôn bán
tơhnhẽl,vật nhỏ phát sáng
sor,xo
rơngĕnh,say ngà ngà
pĭng păng,thình thịch
hơdra,thuận
bêm byơi,làn tóc đẹp gợn sóng 
kuơ̆t,dấu vết còn lại
atăl,chồng lên nhau
grĕng,càng
kung kơ thang,cầu thang
pleiduak,trái dừa
klơ̆t,bông hoa chuốt 
kit jrang,con chàng hiu
'rang,hoa
tơdrong rong,quá trình
'bliah,thanh
pơgrŏl,sấp mình
tơbrỡt,tranh giành nhau
tơmam sap 'boh,đồ nhạt
puh,lùa
tơ'ba,chúng cây
wĕi mă alâng,tự trọng
pơnunh,cây hoa cà
dơdip,to và bén
gah bơbah gah tu,bắc nam
kơ'mrep,bị đè bẹp
an kơ anhŏng,cho anh
'blŏch 'bom,quệt
'bơ̆l kơkuh,lời chào
kơpla,thường thường
lĕm,thấm nước miếng
'dut,chỉ
kơ'dŭi,lủi
tơ'nhoi,chán chường
minh hriêng 'bal,một trăm lẻ hai
pro pơ nhan,cà bát
bĭ wã sa,chán ăn
giô̆ giă,lõm
rơ'bũch,tập một chỗ
tơjruh,hạ tầm bắn
pơkhô,sấy
paxka,lễ phục sinh
jơwăn,thần sông
kret,hà tiện
grin,tên một loại ghè
jăl trong,kilômét
tơgă,cái rựa
hlŏ hlang,xa Xôi
bơngai jang 'long,thợ mộc
'dơ̆m,choáng váng
jrënh,sáp ong
bơgal,rào
gep,gắp lấy
tơjuh,tính nhăn
gơwẽt,lười
pơhrĕl,diệt sạch
hơ drăng ti,ngón tay
sa 'năr dưng,ăn trưa
grơng,lôi
harunh,rống
chơ khŏ đă 'bŏng lŏng,giày thể thao
tơwer,tránh mặt nhau
jơnei,chiến thắng
mă minh jĭt minh,thứ mười một
tơđah 'ba anỡp,mạ non
rơ neh,đẻ
'boch,nhân
hru hra,cây mọc chi chít
hrêl,một loại chim vẹt
tâl,đầy đủ
'nơ̆u,này
pơchiêt,len
kơkoy,buồn ngủ
jôi,ngay lúc đó
pơdir,dính liền nhau
ket,bóp cổ
hơleh,trảy
kon drõ nglo pơtao,hoàng tử
tỉk pơìik tăk pơlăk,bị vướng mắc
pơhiar,trải ra
kg,kg
'dĭch,người nô lệ
blu,bắp đùi
chơ'mĕ chơ mŏ,dọn trai gái đi gom củi cháu về
lơliu,món thịt hay cá nấu đông
bŏr koy,thằn lằn gai
blŏng bloy,tỉnh trình không giữ được của cải
hil,căm
minh jĭt juh,gấp mười
drăl,cá cọp
tơpũ lum,dính liên nhau
kơglă kơglăk,tiếng cười vui vẻ trỏng treo
pơh hrăm đŏk,tập đọc
dui tơ nơ̆k,kéo vó
klieng,cái trán
chơng brai,trụ
hek,xé
giul,đong
halau,chí vì
pák,ngã xuống
chơ'ngit,đỏ sậm
pơjuang,nói bóng gió
ơi,ơi
krot,con dế
kơdeh,búng
kơloi,không hơn
kơkưch,chóng mặt do ở độ cao
kơkik kơkak,"tiếng chuột kêu ""chít chít"""
tẽk tẽk,ăn ít 
ơchuang,vẩn
hơ drĕng 'boh,rang muối
trôih,giảm
hrach,cây dầu
'biơ̆,hơn
trưk thuôc,trực thuộc
jơ̆n,dân
bơlung,dụ dỗ
'brơh,hãm hại
pơjô,làm héo úa
cak,loang đuôi
kơ',bẹ
ttf'bich,đặt cho nằm
hnom,chưng
chơnglai hơbe ̆ n,lai quần
de de,một loại chim rất nhỏ
pơgỡt,giữ lại
anglơi,thường
lêh lêm,ma quỷ
chơhlang,kềnh
pam rôp ka,cái đó bắt cá
hơ jơ̆m 'long,khắc gỗ
rơjim,mưa bão kéo dài
pơịrot,thi đua
rơ rŏng ti,cánh tay
tơhleh,rời ra
rd'dut rơ'đat,lúc nha lúc nhúc
gokơdŭ,lưng còng
juk jek,biọ rầy ăn vỏ cây
oa,nằm lì
blŏl nhŏp,chỉ người hay vật nhỏ trồi lên hụp xuống
oĕi klo kăn,hôn nhân
nhơ̆i,bên trên
klơ̆l,đầm cho chắc
jên khăm lăng jĭ,bệnh phí
blŏng blêu,ánh sáng tỏa
bol,thử
ưh kơ jăng,không khoẻ
bopŭng,cháo
'brơih,ấu
chrek,khắc
choă,chộp lấy
tơkot,con kỳ đà
'bok kyĕk,hổ
tơhrot,đau lan tới
kŏ hơ kăn,chó cái
u`nh sa ao,cháy áo
ttf'leng,rớt ra khỏi nhánh
phoih,người thân đã chết
pơm glăi,vi phạm
dŏng,cứu
dơdah,sáng sủa
plim măt 'yĕr,quáng gà
a'moch,mò mầm
rơlẽ,bải hoải
khkt,khoa học kỹ thuật
'nŏt 'nŏt,từ từ tiến lên
chol mol,lủi thủi quay về
kơpăt,cây bồ hòn
pơkuh, nằm đầu
hoai muk,hoai mục
tơ pu xut,tổ ong
'bro,khàn khàn
hŏnh atrep,xẹp
iă kơ tau,bã mía
kơk kơk,tiếng chó kêu ăng ẳng
drei,một loại cây
hơnong 'ba kro,rơm khô
hla nhet chít đak,bầu nước
'bĕng,đánh
chư ̆  hơle ̆nh,xảo quệt
'brỡk,chạnh lòng
dơbưk,dao
bep,môi
chăt,mọc
kơweh,thám tử
hnhap,cánh tên giữ thăng bằng
pơsum,hâu
tơ'mơch,bong bung
mu hin tơ nuh,người nghèo
mam pơjing,sắ xây dựng
gõ,hóng
kơnĕt,quá ngắn
khopapinh,cầu nguyện
kơchaih,hắt hơi
blŏl blŏl,người sa mới nói một iung nó đã nói et
gơning,dựa
pơlống,rắn lục
acheh,mảnh
chruơh,cá tràu
hơ'blơy,nói chơi
jăl arih,đời sống
blăl,dăm đãng
hôh,hô
tơ'nhơp,lông lá
bơjot,bon chen
mŭ,âm hộ
'buihxik,men rượu
tơtoch,có dãn
jih bơgal,bờ rào
khơ̆m,doạ trả thù
jăk,di dời
haglam,một lần nữa
tơ'brỡk tơ'brỡl,có khoang đen khoang trắng
pơvvẽch,rẽ sang đường
pơhruh,bắt đền
tô̆,hạ
rơíik,đật
đơn vi,đơn vị
hngâm,lực
tơ̆t,găng
bơbrăm,tàm tạm
toang,giạng chân
pĭng pŭng păng,tiếng súng
aliet,sờ
hơđơr,lờ đờ
kuân sư,quân sự
chơnglak,ới
trôm muh,lỗ mũi
chuêng,hóa ra
chơgơu,con gấu
tơmam tăng 'boh,đồ mặn
Tăi,Tái
chơmo,hên
jang bơbrot,làm liên tục
tơtuh,giữ
rơwẽn,uột
rơhnhăp,nức
tơmo tó neh,đá lửa
phal,cái yết bằng cây
bơ'blui,chỉ nước mạnh chảy ra  đak măng lịch bơbŭk dang thoh nước mạnh chân ra từ lòng đất
pơma mơ̆ng,nói phải nghe
tỗ,nóng
tơmôk,dìm
chuh mŭm,ngã chúi mặt
hơ'măng,lần nữa
'yŏk,dùng
'juah,hết sạch
apăr pêt,lệch một bên  
tên,củ sắc dây
ngo,chờ chực lâu
kluĕch,om
ttfpang,cãi lại
hơnih chă tơdrong,sở khoa học công nghệ
bang kup jok,bàn thờ
juen,dẻo dai
mumih,người mỹ
bĭ yôk,khó chịu
iĕr hơ kăn,gà mái
păk ke,con tắc kè
bơhleng,nghén
kơlei,dây rừng
giư̆ch,ùa
hla lŭng hŭng,rau húng
kuăn,cầm giữ
lơ̆m,dối trá
at,một loại chim
tưk khưk,tắc kè
ptnt,ptnt
pơlăt,cho lội qua
mũ,vật
rơm dỡm,tiếng sấm sét âm ầm
the ̆ ng hreh,lặng im
hơ mon nă,truyện cười
uĕ,liềm
kơdret,nõn
alah,lười biếng
pơdrăm,ở trong kén
cham pah 'bŏng lŏng,sân bóng chuyền
jin,mình ơi
drŭt drăt,làm liều không cần biết đúng hay sai
trong năm bơ ngia,đường mòn
pơnhung tơmam sa,ngộ độc thực phẩm
sơkat,làm phép
minh jit bar,mười hai
kơwơ,sương mai
pơnăr klang kok,cánh cò
prêl,la
hơmar,tăng
anhuk,gục
kơhluêk,vấy
püt pũt,tiếng roi vun vút trong không khí
chơlĭnh,bậy
chơ cho hơbăn,may váy
huâên,huấn
piok piok,tả bước dài của chân
nhŭl tơnhŭl,bóng  trong đêm tối
tôi,vác trên hai
bot,gọn gàng
hiang,càng ngày càng suy yếu
kial,lặng
nưih 'moih,ước mơ
gơ̆nh,nắm chặt
pơblĕnh,liều lĩnh
rơktìỉk rơkhũk,tiếng lộc cộc cây hay đá va chạm nhau
mơmât,từ từ
rơ’muk,mềm mại
anai,khác
lok,bị nữa
pơhrăt,gây trở ngại
chơhuk,thung
kla,con cọp
'bot ti,thò tay
kơnuăn,muống
tơglơm,ném vật qua lại
atăk măt,đặt tên
kian,đuôi
pơhŭt,gió bão
chel,ngoại
chih tơ roi,văn xuôi
hơk,mát
bích,lá
mih,bác
kuê̆,cây quế
rơhơi,lơi lỏng
jtfdrek,miếng thịt mỏng
khuân,khuẩn
brok,loại đàn đây
pơtho khan,thông tin
wơvĕr,quyến luyến
khăi tơ 'bang,trăng khuyết
'brah,ít
hơdơ̆i,đồng đều
pơhư,hư
nhong hnê̆ chan,hàng xóm
pơ ngai lao,người lào
tơjrot,đạp chân nhau
hapoh,răng nanh
duda,bất kỳ cái gì
tơ mam xa,món ăn
rơbư rơbơ,cây lấy lá trị đau răng
kơ'blăk,kiệt sức
ring,bên ngoài
kơchrôl,vệt
bơ ngai sem bri,cầm thú
đĕi tơdrong truh,hoạn nạn
chĕp,bê
bơtôch,mụn cóc
pơ'bĭch,đặt nằm
ăn kơ ĭnh,cho tôi
rơ heng,im
tơchêm,chải phồng tóc
bavistin,bavistin
sơlat,xà lách
chơgŏk,hốc
rợịuan,chịt
tơpraih,xin lỗi
tơnghêt,sốt rét
'bŭ bơngai lôch,an táng
hĭt,cộm
ol,làm khổ tâm
hnam kơjung dêh,cao ốc
jư vei,bảo quản
tơrơ,bận tâm
tơnũk,cái cân
tơ'niang,cân đối
hâu,nhé
rơri ̆ r,xúc động
dơhek,làm cho rách
'bruch,hé môi cười
tơ'ngăk tơ'ngõl,ngồi bệt
chakơ̆,nạy lên
rơtênh,mối đen nhỏ
pơgal 'măng,song cửa
gơxor,lông
hrou hre ̆k,lần lộn
teh dal hnam,vườn
'byỡt,láng bóng
bu,ai
chăn lă,dây tròn
nhêu,đồ nhiễu
kơkit kơkat,tiếng hai vật cọ vào nhau
tơkal,cầu khẩn
hơlâk,luyện
yŭn hơri,theo nhịp hát
tơngiẽng,cục cản 
adrŏ,tiếng động
chơgaih,sạch sẽ
hơdôm,bao nhiêu
'bơ'blet,chỉ ánh sáng bất đầu tỏa rạng
lơh,cho phép
gơnam,thù địch
đak pơ jro`u,hóa chất
hŏch,nát
ada,chậm
bĭ mah,thiếu
sơanhoi,rũ rượi
tơmôh,búa tạ
hơnung,ì
'dao,kiếm
gŏk,chờ đợi lâu
brơng,loại gùi có nắp
lơgah,mồi
jrok,nuốt trong
hơnuak,vũ khí
gah lăm,trong
sư̆ lơ̆m klak,để bụng
hnong,nằm liệt một chỗ
kơtơp,bồ
ting glơng,không cân bằng
grĕng sơke,nanh heo rừng
zan,xuân
chuk,có khoang trắng
chrô̆ chrô̆,nước chảy sối xả
kinh tê,kinh tế
jơmul,cây trâm
ngong,con ngỗng
tanh brai,dệt
ươm,ươm
'long trang,lau
bĭ man,không nổi
dơxĭ,biển
khĕi đưng rŏng,tháng sau
hơkĕ,dẻ
'juơk,vây bẩn
gơngeh,chỉ chờ lâu
so ̆ k ie ̆r,lông gà
jơgrữ,chỉ nằm ngữa
ra jên,góp
tiẽng,trau
bơloh,đâm thức  ngắt lời
sơ nglŏng hla hơ puih,sao chổi
kơloh,trợn mắt
pơtir,và nhíp lại
'bling nhip,nhấp nháy
lơkai,thãi
gơniĕng mam,đinh
khoch,thứ
tơtrẽn,khoác các
pik pil,không lìa xa được
amrẽ,ớt
kiĕk,vò
pơ'leu,chọc tức
anhŭk,rủ
chơ choh ao,may áo
bĭng kơ kial,khuất gió
li,bỏ trốn
bi ̆ ch tơ giăng,nằm lăn lóc
rơmu,rậm rạp
dơră,lịch sử  x tơtăm
ưh kơ chă,không tìm
hơ drĕng hơ 'bo,rang bắp
rup to,hình chữ nhật
tơm minh,chương
tơ'mơng,giận không nhìn nhau
hơnăk,bán chất
pơdiau,dựng đứng tai
tơpăng,lắng nghe nhau
hian,dạy cách làm
bă tơnăi,bố vợ
chơkuĭl,vẹo vọ
găn tơ 'ngoaih,gạt ra
pơm đôi,kết bạn
băk   kravat,đeo
carzate,carzate
chơnưh,phần thịt ực
nhêm,màu
giăm,gần
kơluơl,mắt bị kéo mây
bơng bơh,loại dơi lớn
tơpĕnh,lao vào
pojŏu,thầy mo
taih,sét đánh
thanh phô,thành phố
nưih,dạn
sem kring,chim phượng hoàng
jrống,hình nón
wat,vát
'nĕk,chuyển
rơtíỉl rơứl,lâtn quẩn một chỗ
hơ mon hri,ngâm thơ
nhăo nhăo,tiếng nhai rệu rạo
alê̆,biết
hơgau,gàu sòng
yo,lỗi
chor bong,một loại chim có lông dài trên đầu
'buch,cười
bơnir,xương sườn
chơnih,thủ bản
rơmăt,tự vệ
kơplah,đang khi
rơwẽk,xa tít
pơgơl,chính quyền
gơgŭt gơgrăt,đoàn người lũ lượt đến
chau au,dây hà thủ ô
tơkơn,chồng lên
kreo,ré lên
khơ̆ng,cháy bén
dư,háu
adrăl,bất đắc kỳ tử
moa,mối
gơthon,còng lưng
tơpăt tơpe,thắng tắp
brữ,lễ bỏ mã
ayeh,tự ái  x hơyuh
jơ̆p,khắp
bơnê,cám ơn
pơnuk,bãi sình lầy voi
chơnuh,khoảng rừng bị cháy
kơ'da,cây táo gai
chơwong,ốm tong teo
khu ̆l tơdăm tơring,xã đoàn
iih,uống
pơrỡm,giết vật 
'mi,mưa
gah bơ ngai khin kaon,sử thi
kơchĕng ling lang,lưu luyến
'bruơk,tiếng xoạt
dơ̆,tiếng đánh trên vật mềm
ngơkõt,kì đà
chơ'mlơ̆k,chỉ tư thế đứng thẳng nằm thẳn
tơhli,làm cho sợ
trong kơduing,đường uốn lượn
anĕbơhle,đừng nghịch
gơ'môch,phun ra
'ngah,tảng sáng
chu nhơ̆t,chủ nhật
đe ̆i bơm,liên quan
anhĕm,thị
pơliêu,chào mào
tơ pôl chơt,đông vui
tơnõt,cắt nhỏ
tơmring,ngà ngà say
kơtơ̆k,vớ
jrüm,kim may
ba,chuồn
blak,vạc cây làm dấu đường
tơlõng hoi,rỗng hai đầu
ptf'mëng,làm cho đủ
pụh,rẫy cũ
'lơ̆ng,tốt
chuơt,nỗi vần
'ngol,bất hòa
pik,nhuộm răng
hơvơi,với lấy
tăng kei,ve chó
khei minh jĭt bar,tháng mười hai
giah hnam,đuôi mái tranh
rơdăk,mỗi người một việc
tơguêng,lớn và cong
bơlêk,kỷ niệm
gơrơbơ̆k,món thịt bò bằm
tong măng,nửa đêm
kơchok,khe rãnh
brống,âm thanh
ơ,đằng
iữ,làm khiếp sợ
pơ'nhet,chen lên nhau
to angla wơr thŏng,thu thủy
krâu,suốt cá 
pơgia,làm sơ sài
tơpruch,sứt chỉ
pơjo,làm cho què
chrơu,reo vang
dơ'bŭl,chụm một chỗ
tơ măn xă,đồng bằng
pơnỡt,bờ cát
drăi,gượng
tơxrang,phóng với nhau
hik hôk,cãi nhau lớn tiếng
trương thôn,trưởng thôn
hơgơm,nếu
dơduĕr,xoay tít
jơjet,hỏi thăm
bơlêr,lờ
kõk,mõ
chih hla pơar,viết sách
piup,nhũn
duônh,nhặt
dơyĕn,quả mướp
grê,cái xe
hơgĕi,chủ yếu
wih piêu,trở lại
drơ̆ng,trả lời
bơ jơ rang,chạm trổ
chơgơ̆t,chống mạnh
anăn măt,họ và tên
kơwơt,vết bầm tím
brah,rú
prau,con rồng
pơt,pă
ưh kơ jĭ,không đau
jơgong,gầy ốm
hnam kron,tù
huăt ka,nghề đánh cá
anăr đâng rŏng,ngày sau
glơ̆k,đuối sức vì uống nước khi bị rơi xuống sông
adrơ ̆,xốc
tơra klak,đau quặn bụng
'blip,lóe sáng
keo,keo
pơpray,lăng chạ
chơ'miơm,nằm dài
tiêm lưk,tiềm lực
kơchil,cây có vỏ dày
'yơ̆u,kia
hmrŏ,để sân
kram,bương
bowblông,chỉ lửa cháy phừng phực
td'ngua,chồng chất
jơjê̆,kế cận
kơdrêh,hù nhát
hơ ra tơ mông,vịt trống
jơprê,xoè quat
ataih,xa
pơyẽng,phải làm
trong 'dak trong duk,đường thủy
rah,mổ bụng
chô̆ kêt,cột thật chặt đầu vật
khei tơ pơh,tháng bảy
chă tơdrong rơgĕi,kế hoạch
trơ̆,trớ
hưch driêu,hò reo
'bỡl,lời
bổ`i,hũ
bơlơu,người son sẻ
gơwang,vòng tròn
bloch,tháo vật ra
'bonh,xe dây
hlŏng,vượt lên trước
hlĭch,khác lạ
hiam,cây lấy vỏ để suốt cá
tống,múc
prai tơlum,ren
kơcha,loại cây có gỗ rất chắc
ưh pơ̆n,không tự tin
chơblong,chỉ vật có hình sáng thon dài
chơlŏng,không nghe
grao,gừ
gŏn tơgŏn,vác nặng cồng kềnh
pohiă,dự bị
sŭng,đái
rơhuăk rơhueo,chỉ lổ nhỏ li ti
chôi,không quen
adrih,hỉ mũi
hlơ̆n hlăn,cục trên da
pơ'nguah,trang điểm
kơdang dŭk,hàng rào sơ sài
pơxô,ưh tiên
hơ'blo,phù
'biữ,cao
soh pôi bruih brăm,đốt rác
grŭng grăng,chạy rầm rầm
chơkŭr,lưng
tel tel,tiếng chíp chíp
wĕi bơ be,chăn dê
luôch yol,ngất
bơum rup bơngai,hình ảnh
đah ơkău,nứt nanh
bơdrŏng,giàu
piut,banh
oễi,đang
kơ'neng,tiết kiệm
bơlang,chích
hơmơng,khoát
breng brông,khôi u có nhựa rỉ ra ở vài loại cây
mơhiưch,lơ
brẽl,hạt nhỏ
ok tơ ok,chỉ một vệt dài
'bruơng,da hồng hào
pơm liêm,làm dáng
đau,gươm
rơ uơ khir,cày bừa
kŭng,khờ dại
pơ đum ôi,dấm ổi
bĕp,mép
chrơ̆t,dừng
glưng kher,chim hơn ca
tơdrong diêng diêu,tục lệ
tơdông,to dài
blot,vượt
tơdrong pơm boi,làm theo
pơhrong,giữ gìn nguyên vẹn
sơk jơhngâm,ngẩn
nêm,nêm
ngơi,ngửa
pơdơ̆t,cản trở
pep,tiếng đánh rắm
glŏng glŏng,làn khói bốn lên thấy từ xa
hơmơ̆l,hạnh
krem,kem
đak dơxi` să,biển cả
'yŏu,sành
pơ'dôh,cây bắn
'dêl,dấu vết
tơ'buăn,thề hứa
'monh,thừng
kaka,má
krang krĕl,bệnh táo bón
dŏ tơdŏ,người mang gùi nặng
tơmam choh jang,nông cụ
asĕng asĕng,nghiêng nghiêng
khŏl,cây gỗ
hĭr,khởi
hơ ngơi,mê
hơnuh 'ba yang,bèo tấm
'bok rơih tang măt,đại biểu
kơgrŭng kơgrăng,tiếng leng keng của lục lạc đeo ở cổ ngựa
hơpô̆i,ốc loại tròn vỏ dài và cứng
rtfwet,thai chết trong bụng mẹ
chơnglôk,í
hơng lu`ng prit,buồng chuôi
suai et tơdrô,say rượu
ĕl ŏl,nướng sơ qua
'bũ,chôn cất người chết
tìu,ngắc
sŏk kang,râu
ctíing ring,thiếu niên tuổi
le teh,tốt biết mấy
cheng leng,tiếng cười rộn rã cô gái
truh tơ noh,cặp bến
tơhlam,thâm sáng
sŭp nhem iĕr,phở gà
hơhrah,bực bội
kleng kleng,ngó ngó
bŏk bŏk,tiếng òng ọc múc nước vào bầu
rơhơk,hêch
eĕ,tiếng rủ nhau
boih,nhiên
bô̆i,bể
adrech kon kơng,dân tộc
hơcham,làm dấu chỗ mình sẽ phát rẫy sau này
anung,cái gói
hapu,nơi ở
kơmăl,đậm
bur,nước cơm
kih kôih,bò sát bò đi đầu lắc qua lắc lại
'nhă,bã
bơgă,rất
Pơgơl,Chỉ đạo
hơtŭp hơtơ̆p,đâm nhiều nhát
kơmol,bồ câu xanh
'brư̆m,tên
pơpông,nở ra
kreh,cào nhẹ
jom,kính trọng
bök,phong
nơ̆r pơ ma,tiếng nói
sơ'beng,xà beng
krô,mọi khi
'bau,bảo
bơn,ngựời
rơlat,lụt lội
hlêp,vương
̆i,ổn
răng,chết khô
gam,gam
chĕp tơ'nhơĭ,nhấc
chen,bát
tơmăn tơl,bảo đảm
adrung 'yĕr,chuồng gà
ngơngit,nặng trịch
rơngâu,hạt mè trắng
rũng khũng,tiếng lăn lăn hòm
'yol blai,tuôn
apăng,lóng  lóng tay chân
hơbrŭm,chỉ ria mép xồm xoàm
dơxoh,phổi
tợịing,sinh sự với nhau
ahrẽi,hiện tại
tat,đối diện
rơhnhă,nô
kơ'nhĕt 'dak,núi bầu quấn bằng lá chuối
tơ'nhươ̆i,trở lên
ning,nghỉ
duck,cô
kroih kroih,tiếng cào gãi sồn sột
hnam sơlung atău,nhà mồ
plei hơpõl,trái bí đao
bơvĭnh,quanh quẩn
hơmu`l,chẵn
pơgăp,cắp đôi
ơ khê,sừng trâu chạng
jơlẽch,cây có hạt đỏ cứng 
bơgê,ban mai
chơkrĕch,khắng
pơhlot,bán cho hết
rơbom,đập giập
ĕch,é
ŏŏ,o o
ngăn the ̆ng,lặng yên
dơnŏng,khó dạy
ia kơ,bay sà xuống
dru,khướu
tai wai tuơh đak,trung tiện
hlơ hlông,sáng tỏ vật lớn
'long blang,cây bông gòn
dơnau,hồ lớn
phong sư,phóng sự
rôp ti,bắt tay
long dơnăng,gỗ lim
tơ pên 'dak,sàn nước
sem đơsuk,chim bắt muỗi
nêng,sộ
babơ ̆ t jên,xài tiền
ŏi,chuối cau
dơdiu,dùn
tơklep,dính với nhau
chơ le kơ vang đon,khuyên tai
pơhrơ̆p,mặc cho
iam,bu
bơblel,liu riu
yok ja ,tro tranh
apôxtôlê,tông đồ
pơxữ,di lại của cải thừa kế
jơlit,đen xì
hmĭt,đè xuống
pơnỡk,sào
ưh kơ alơng,không tốt
khung,thiu
tung ngaihg,cái cùm chân voi
harŭt,giật
nhuang,khảnh
kơmrăm,nổi tăm
pơtui,cỏ chửa bệnh
dih tŏng ka,cái vó
đông viên,động viên
rơkit,cây lớn
hơlĭm,bọ rẫy
ling lang,mãi mãi
hiôt,ru bé ngủ bằng cách đu đưa hay nhún
kul,rong
awat ơn,làm gấp rút
chrang,giọng to và rè
tơboy,dựng đứng
chrŭm,tiếng ùm của vật lớn nhảy hay rơi xuống nước
hmă hmeu,măng mới lú kim
găt,siêng năng
h'yoh,đứa bé
'brôk,lôm
hơ bĕn blõng,quần âu
hơdrông hơbâu,bộ lạc jrai 
chong hơnong 'ba,phát rạ
pơ'ngleh,xóa nợ
pơ'dăp,bàn bạc
hơjuăng,chỉ vật có hình sáng thoi dài
lêl,hèn
adrơi,chào giã gạo
pơrơngei,giải phóng
tơgrẽn,gầy còm
rơwứh,dạo
em,ô
minh hĕi,một chốc
chhek,mâu
pơkrỡng,vây giữ con vật ở một chỗ
rơmanh,chướng tai gai mắt
rơmêng,làm nhẹ tay
jơk alơ ̆ ng,xanh lơ
gơdĭm,tỏi
'ngrơ̆i,sực
rơtă,bằng phẳng và cao
jơlỡng,dân tộc phía đông kontum
anih anơ̆m,nhà
pơyêr,gây nguy hiểm
hơdru,lúa đã giã chưa sàng đầy
hơnap,người ăn cùng một bàn
tơ pôl sem,bầy chim
bơlơ̆ng,đần
jü pơliă,gây bất hòa
ame,nấng
'luĭl 'luĭl,ngoe nguẩy đuôi
dơbŏng,chĩa
khŭl nhôn,nhóm chúng tôi
lơm rim drong,trong các
chơ choh anhe`m,băm thịt
hueh,hỏng
mak klĕng rơ mo,bướm trên trán con bò
Kyê tŭk sa,Ký túc xá
nơt,ngơi
'dêl 'dăi,giống như trước
'boh,hiện ra
phe,rạo
ŏm,không muốn
tôn chinh,đánh chiêng
tơhngâm,chào nhau
hamui,đau đầu thoáng váng say rượu hoặc đau ốm
ống nhíing tăng nhrăng,ngà ngà
rơmõl,khúc cây
tơdrong 'blok hơdrơr,duy vật lịch sử
bĭ anhŏng k,còn anh
tơjil,báng lộn
duh lĕi lăi,như vậy
kơjăp dêh,vững mạnh
drỡng,đồng ý
anhur,hạ xuống
tơh lo ̆ u,xác định
'nhŭ,giấm
bơlut,ghè có hoa văn quấn quanh thân
rang rẽl,cây đậu khấn
kieng,chim
ji ̆  hơlo ̆ ng,viêm họng
web,trang web
milimet,milimet
'bưch,tùy hứng
huăi,mặc kệ
'long hơ nong,đòn gánh
rơgĩil rơglăl,nốt nổi trên da
bong,nọc
jơpẽt,thoi bóp
sư̆ ăn,nhường
hơ nah 'long,mầm cây
chraik hơwak,nói bắt quàng
môn,môn
tơtơt,gọi chó về
drŏng sŏk kơ̆l,sợi tóc
juêng,dụng
lơ̆p khơ̆p,tiếng lập cập của mõ giập đuổi chim
wơ ̆l jrok,lầm lối
anĕ,đừng
pơlõng hoh,thấy gì xin nấy
hơ̆m rŏ kơ,nghi ngờ một khả năng
tơ klah tơ klang,toán loạn
kơtŏng,đu dây
hơbăn găm,cái váy đen
wa,trọng
tơnũng,cây vừng
pơdŭk pơdăk,tiếng đánh lộn rầm rầm
pơpôk,phong chức
phô̆,vỡ toác ra
ngui,mọng
kơjol,cây dú dẻ
tơkoh,giao chiến 
tơctìỉ,đuổi chó 
apơ̆n,chăm sóc
blôl,blol
coli,virus e.coli
chruh kơ̆r,ăn tết
klău,ốc sên
bơngai chih tơbăt,nhà báo
hơkô hơkap,các loại bẫy
hawat,chim cút
chơ'ngưi,thấy rõ
kơlai,tái mét
hao kơ pô,cưỡi trâu
hrul,vắng
tơđrah,rừng thưa
ưh pơ ư,khiêm tốn
jiêt,gọt
kơnăm,khuyết
chue,vận
sang glang ,đẹp đẽ
lơlĕp,cầm lỏng lẻo
hloh kơ i`nh,hơn tôi
hơngơ̆t,suyễn
pơtơ̆p,bày
anhơl,giơ cao
hơlih,sụt
ưu điêm,ưu điểm
hoan grŏ,thần kinh tọa
dơgiêng,xum
anhê̆,dễ khóc
tơgrih,danh dự
tơdĭu,u ám
gao,kê
lin,lợi răng
blŏ blŏ,nuốt không trôi
bre hăp,hépl hai đứa
rơ'bỗng,mau bể
rơmal,cây gỗ trắng
bơngai jĭ,bệnh nhân
tơtat,đối điện
lu`t,cắm vào
kơlông,cuộn
hyôk pơtơnh,hài hước
'dom,dính vào
tơblờr,đường trơn
chôh,nở
krăng krăng,tiếng cắt lúa xoàn xoạt
hla ar pơcheh hơri,bản nhạc
hơmơ̆m,sưng phù
'blia,bằng
chrech chroch,chỉ kẻ trước người sau
'măng,lần
tơxĩ,đổ vỡ
rao,thông báo
sưt rŏng,quay lại
grĕnh,gầm gừ
ninh,ninh
tơ tuh khăn,dũ chăn
pơkau 'ba,bông lúa
rơbăn,đường trang trí trên ge
mai noh,ông già
bơjao,giao cho
axơ̆ng,bay lượn
hrơ̆k,găm vào
chơplâu,hô răng  răng nanh lại ra ngoài
nheng rơnheng,chỉ đuốc đang cháy nhỏ
arăk tiu,cứng
rơh rơnh,cầm giác ớn lạnh trước khi đau
kech,người tàu
anu mao gôh pơgloh,khoẻ
kĩlô,kilôgam
sem tơ rong,gia cầm
brơt,cướp giật
pơ'lek,bị sứt da
kơanŏn,ngồi co
hơnăt,hấp tấp
kuh kah,kiến đen to
jơhuat,trang hoang ghè bằng vải màu
pơhĕl,gây buồn phiên
chưn,ham mê
hơtâp,đấm
păng bu kng,với ai
anal,máy in
krĕo rơ mo,thiến bò
hiôm,ẩm
pơđi`,dốc
rang ja,cây sa nhân
pơgring pơgrang,"tiếng ""leng keng"" của lục lạc"
huơ ̆ r gre,lái xe
gruơi,gruei
hua,khỉ có đuôi dài
ca,ca
bơngai jang mir na,làm nông
au,áo
gơdi,phạt vạ
akei,bờ vực thăm
bek tơ pă,béo thật
hiơt đĭ dunh,quên lâu
tong tang dŏ,chiếc ghế
jơgông,lớn và cao
'bok bul,nhân vật hoang đường sống trong rừng
atong,máng lúc vật
rơvơn,rảnh rỗi
pơ'dunh,làm lâu
hiĕr hiĕr,sáng nhấp nháy
hnam wê̆i vê tơniam gĭt,bảo tàng
kơdơ̆l,bông gòn sạch hạt
hroh,giã lần thứ hai
lươ̆ng,lượng
hlŭ hlơ̆,tiếng cách cách chặt cây
plŏk,hé
xah,hăm
xe hơ yuh,xe hơi
tơchă,tìm nhau
jơhngỡm,hơi thở
we ̆nh sôm ao,vắt quần áo
po'lok,móc hoa
le ̆ch đơ ̆ng li ̆ nh,xuất ngũ
hơtŭ,đốt ngắn tay
chrĭ,hôi hám
chơ'bathan,cành
pơnai,đũa bếp
pơtum,khối u dưới da
pơtrăl,làm tỉnh thức
brư,dữ
'nơ̆k  'nơ̆k,đi thong thả đều bước
chã juang tơmang,du lịch
crsd,crsd
chơngưt,nặng tai
ưh sơđơ ̆ng,xao xuyến
chonh,mua
kơtam,con cua
hơbloch so ̆ k,vuốt tóc
lưk lương vu trang,llvt
tơhmơt,quen thói
lề`,chừa
to ̆ t,xâu
duing duơng,cá vẫy đuôi nhẹ nhàng
juăt kơ nê̆,tật xấu
krăt,sượng sùng
pơdua,xui xẻo
kơ tơh,ngực
bơlê̆,bỏ nhau
hơwĕng,nổi nóng
gơxŏng,con tôm
ưh kơ mah,càng thiếu
tơlang hông,trống vách 
pơ'nỡm,ấp trứng
yăl arih,sinh trưởng
phut,phút
hơmal,cây có lõi trắng
kơyôh,hơn hết
'mrơm phao,đạn
geng gong,hình chữ chi
bơbe bram,dê đực đầu đàn
pơnat,sắc bén
ai bĭ mah,không may
rơheng,im lặng
'bơblâu 'bơblĕng,không thấy nước
trong chem chom,đường hẻm
bơngoi,chán nản
ngân,nhôm
kơ pen,khố
ktăp,trứng
'lơ'lĕk,nhức mỏi
khanh,khánh
chôl mơmôl,lại thôi quay về
'blơr,láo
ngar,than hồng
kơchar,đẻ nhánh
sơ đong sem 'brih,bẫy thú rừng
hơru hơra,mọc chi chít
tơngah,trong thời gian
kơxơ̆m,rau răm
minh ’măng gieng,một tuần
bok bơ jâu hơmăt,thầy phù thủy
pơ yan phang,mùa nắng
chơkŏng,giàu sang phụ quý
hơmuơ̆n,cây cốc
ttf'bonh,xoắn
'dăo,đáng kiếp
an ninh,an ninh
kho,chiên
lơlŭt,cẩu thả
pơpi anhui,hun
kơdrưh,uy tín
pơtop,nẹp lại
chep chơ,vận chuyển
alưng,lợi
pơhơ̆t,ngộp thở
yang kông ,thần núi
bơbrêk,chỉ tàn lửa văng ra
pơglơ̆k,gây chết đuối
phân phô̆i,phân phối
huin,nước đứng do có vật cần
ten tơnen,ở yên một chỗ
ngŭr,màu sắt nung đỏ
ha'lơ̆p,trẻ em
kơchit,chiếm đoạt
kăt,cắt
to ̆  dreng,nắng vàng
chư̆,miễn
hĕl hĕl,lửa đỏ rực
tơnglang,giọt
'năp,cái thóp
pluak,rút lấy một cách nhẹ nhàng
ngơngŏk,không chờ đợi
praih ,dàn
lơi,tiền lãi
jrâu,rắc
chă yuô,chuyên dùng
chăr along ŭnh,chẻ củi
klôh,tô lớn
pơwing,làm nước đứng yên
dơmônh,ngày mốt
anô̆ ană,sau này
hê,hệ
Kơtuôih,Cũng
khok kơ ting,hóc xương
huan deh,đanh đaá quá
luôih,cởi
anŭm,chòi lá sơ sài
khưn,bẫy dây
adrăng,cán dài
nơ̆r pơ wih,động từ
hơ'mơt,mò mẫm
hơđa,gang
ao hŏp kơ drăng,áo lửng
ayang,liêng
'brơ̆t,soạt
drăkăn,bà
biơ̆ng,đánh vần
kơtat,cục tác
kơnĭt,đáy
klăng dŭng klăng,rờ
pơpăk,tiết
dăm,thanh niên
sơlah,rẽ
^'mỡt^,thẳng
anglăng,loại lá rừng 
năr tơ ning,ngày mai
ngơ̆n,ngân
bơih,chim tìm kịp
găl,cần thiết
kơ năr dơ̆ng,buổi trưa
adrâu,cái xăm kéo cá
kơkreo,ầm ĩ
tơmuổt,nối dây lại
hơtô,bầu cụt cổ 
dơdơ̆r,ồn
pơđĕch,tranh thŭ
nguôn,nguồn
rơxơng,nhảy vồ
phe 'ba  ,thóc gạo
hơnĭh,cơ
mĭnh dong doi,một dãy
lơ̆ng gơ̆ng,nước chảy làm cây lay động
hơdrơ̆,trúc hơi trước khi chết
hatra hatral,chữ vật rơi
hơdrum,vòm
pơiăp,án
kơmlông,trăng trắng
hnŏng hnŏng,bụng no
hơpêl,một loại dây leo dùng lá nấu tắm để giải vui dẻo
tơtơy,run rẩy vì sợ hay lạnh
chơyep,dép
plĕi boh nul,quả me
hơmol,đầu lòng
rơgeh,sai trái
klang puh,khăn nhỏ làm hiệu trong chiến tranh
bơdrang,dân tộc thăm
'brỡm,mũi tên
jơdrơ̆u,cái vợt
radê,dân tộc ê đê 
lơnŭn,truồng
he hĕr,chảy xăm xắp
pơ yan 'mi,mùa mưa
'năr 'năr,ngày ngày
tơbiông,hình buông
kơk,sam
chek,gạch đường
gơlek,màu sự
anol wơ̆ng,vũ
'bok pơ jou,thầy bói
kơlang ping,con bữa củi
alăk,dừa rừng
sem kơkìít,chim sọc trùn
gong,gáy
chŭr chŭr,chim đáp muỗi
ptftir,liền nhau
mw,mw
ham,tám
ptfxei,thanh mình
tơ'dưk,nhất nặng
lô̆ khô̆,tiếng lạch cạch của gỗ đập vào nhau
pơngok,đổ nước
amông,buồng
beng,chen lấn
‘boh đei,chứng kiến
nil,lềnh
kơn,loại khăn nhỏ
hiĕch,đác
'bơp 'bơp,miệng nói mà không làm
bơtẽm,dán
lơlŭk 'lơlăk,lúc nhúc 
mơliơn,rờn
blĭ,kỳ ghét
đuôn,mũ
hrâp ao,mặc
pơhong,làm sứt mẻ
tơtơl,đối đáp
ưh tơplih,không thay đổi
dă 'biơ̆ bơih,đỡ rồi
gơxĕ,màu xanh lá cây
dơmông,cồ
ngir,sưởi
pơjĕi,giành
apang,cãi vã
tơpai brih,con thỏ rừng
pơgõ,ép buộc
pơ'duih,xả rác bừa bãi
năm tơ 'bôh,cho thấy
ơn,hành động
pơtol,làm cho đui mù
'brăk 'brăl,chỉ khoang đen trắng
gal,ghen
khong,khai
'ngrơ̆t,sừng
klo ba,con chuồn chuồn
hơjăk,nguyên
srok,đơm
tŏk bŏk đak dơxĭ,thái bình dương
kin,nọng cổ
hayâu,loại cây rừng
ũch,một nhóm
trôm,lỗ
'brổk 'brỡl,có khoang đen trắng
tơno`k,gáo
pơdơ̆r,ói
tơ'bong,mõm
pơkrăl,làm đông
pluh,trổ
bơyat,đi đi lại lại
hơkun,cây không được phép đụng tới
'blĭt 'blĭt,ngỡ ngàng
kơtŭn,thụt lùi
tơkual,từ chỉ tính từ
bơgê sruôih ,sáng sớm
pơmăk,thấy kệ
dônh,lượm
pơhiơk,giảm bớt công việc
hơ'ngưk,một loại bọ rầy
atak,ngỡ
ôr tơ ke`ch,gầm thét
bat dih bal,yêu nhau
chiu,có cảm giác
hin,nghèo
mô hinh,mô hình
pơgrak,tiếng nước sôi
gơraxia,hồng ân
tơplõi,tơplong
jơkêp jơkap,ló đầu ra
anhik,cuốc
alăk alal,và số kể
grung grang,chỉ dáng đi uyển chuyển
apuih,dọn
hơmŏt,con rệp
dơhlĕnh,có duyên
bơ ngai iok yên,thuế
jôt,loại hơi lớn
chơdreh,tiếng đất
gŭi,trái gùi
nhẽt yă yôp,mắc cỡ
tơ 'ngiah,móng
hon sơnĕnh,mọc răng
chrĕm,buốt
adrok,da hay vỏ cứng thú vật
adruĕch,thon dần lại
atô̆,hâm nóng
'băk tơnam,đeo hạt cườn
anha,sai bảo
gueu,tối tăm
êp,loại gùi lớn
jơgôk,cá lớn
pơ'bot,đeo cho
anhĕu,nhó
hĕn hrek hrok,ho lao
harei,hiện nay
yok 'long ŭnh,tro củi
hrơ̆p hrăp,tiếng ngựa phi
pơxĕl,hoang vu
chal,vùng đó
'jíing 'jrăng,tiếng chiêng trông hỗn hợp
kĕu,nghéo
mĭ yăng ,mẹ ghẻ
kơlăng hăng,bọ xít
pơng lơng,con bọ rầy
chơ̆m'bai,chấm bài
khoang,khoang
tơhren,ốm giơ xương 
'ngam,ngọt
dang har,cây đặt chéo 
'nah,kẻ thì
klik klang ,ồn ào
mơmaĭ,bọ mạt
hu ̆ i ho ̆,lác đác
bük,chìm
jŏng,ngóc đầu
nơ pơ đă,câu đố
sưa chưa,sửa chữa
blĕng,nhút nhát
jô̆ kơl  bơngai,đếm người
hrui,bắn
'blŭk 'blŭk,tiếng nước chảy ùng ục
rơhai,mác
liên nganh,liên ngành
chư̆k,chức
drăk,dụng có lấy lửa của người dân tộc thuở xưa làm bằng dây mây
bơdŏ năng,so sánh
rơreh,run rẩy
hơdro axi,con ve sầu
chơnơ̆n,chính yếu
phêu,thoả mãn
'buăn,cúng thần
jrung wai brai bôr,đã đính hôn
sơmah sơmat,cúng bái
ha,bì
Gô r̆ap,Quản lý
hmŏm hmĕch,ngồi nghe
pŏm,nụ nấm
pu,trong chuyện cổ tích
hơgơn tang do,kê ghế
nĕn,nhỏ nhất
brei,chỉ hàm răng đều
gơhlâu,kim cương
tơ'jring,tiếng trống
lãm plenh teh,địa lý
sư̆ tơ'boh ăn kơđe,trưng bày
kơmung,màn
pơdơ̆l,nài nỉ
dô̆ song dih băl,chia nhau
'nhek,nhe
chơkeng,xô đẩy
rơbong,mương nước
'bŭh,nướng
kơtet,mồng đóc trong âm đạo
gang,dây cườm đeo ở cổ
'năr dưng,trưa
trât,trật
pơhiang,càng ngày càng suy nhược
glot,tanh
jơ hngâm pran,sức khỏe
booch bôch,tủa ra từng bầy
kó chă druh,chó săn
chang,bận
'bŏk,giản
pơwat,vạch rộng ra
pơ̆drong,tộc
anih vaih kơjung,đơn vị đo độ dài
hah,khích
nhơ,dâm
bơneh,tối đa
kơmak,thanh củi chẻ
lăn,lắng
lui kiơ̆ yang,mê tín dị đoan
'bok kla kơđong,báo
kô̆,hả
kuăk,chụp móc bằng móng
blŭl nhlŭp,chí vật lớn trồng lên hăp xuống
bơdreh,điểm báo
mơ nhal,chói
'lĕp,nhơ
khĕi 'nơ̆u,tháng này
chơmreh,nhánh cây
'leh,mắc bẫy
gơlŭm,chỉ lửa cháy phủ lên
pơmăm,ướt muối cá làm mắm
ttìil,xạ
khĕch,trung quốc
jơmrăng,cây rừng
gleng glăp,tối tăm mù mịt
chup,chồm lên
'năr abri,hôm qua
khŭl tơdăm kong san hô chĭ minh,trung ương đoàn
pơvat,đủ bữa nay
tơdrong ho ̆ k,việc học
tơchơm,tông nhau
pơhlơp,làm kín đáo
krêng,lúa sớm
blơ̆ng,nhỏ nhẹ
hoan,nóng tính
gơgơ̆r,chảy ròng ròng
td'nglel,ngồi chễm chê
hơnhău,xóc
pơmổm,cho bú
jah tơ te`nh,khẩn cấp
cho hmŏk,thìa
'long kơdrưng,cây cổ thụ
ro ̆ l anhe ̆m,xay thịt
bring brông,kẻ ca rô
'brih,râm
rơng rơnga,chó theo cái
ben,thanh nhỏ cột ở đuôi diều
pơgei piêu,duy trì
côt,cốt
pơnguan,tập cho biết vâng lời
adral,đánh dấu
tơntìil,thình lình
gonh,viền
amrĕ,ơt
bơxrei,bệnh sởi
aninh,phòng
tơhyei,ửng hồng
logistics,logistics
chơklô,chỉ lưng còng
jưng kông ,chân núi
kơpŭn,loại dơi nhỏ
rơmôih,vuốt ve
'nu,một
tẽp lẽp,nhiều đứng hay ngồi sát bên nhau
hiưng,rưới
bă hơ kăn,cha vợ
hơmroh,sắp xếp
gơxăi,tát nước
pơgrơ̆m,cãi
hơpok,thăn
ară,còn
'ding but,nhạc cụ 
kơchu,vội vã
'brŏu,vàng
gŏl,bướu của bò đực
pui pul,chỉ làn khói thuốc bay lên
lưk lương,lực lượng
hleh,bẻ bắp
hơngôl,chất thành đống
dũk,nhào
nhôm,có vẻ
jră năng,đánh gia thử
pơkoh,gắt gỏng
yaih,dỡ
heh heh,tiếng gõ cốc cốc của chim gõ kiến
blok,nhớ
hơ na,rán
kleng năm kleng sưt,lắc lư
tơnglăp,hộp
pơxoch,phong phụ
bi ̆ ch tơ glăng,nằm lăn tròn
pơplỡ,bươi
'bum khoai,khoai
kriêm,kriem
chơnin,loại củ rừng
kơp ô tơ no,trâu đực
krôl,thuốc kích thích
plĭk plăk,thọc tay vào đơm hay hốc đá trong nước
nông san,nông sản
priêu,về
go ̆  hlôh,xoong thủng
rơhẽnh kơne xa 'bum 'bỉang,để lại vết cắn  pơhăng kơne xa bum ơlơnga chuột ăn củ mì còn để lại vết răng
kơđin,cây đinh
aguôt,cạp
bơblông,ngùn ngụt
'beng,đường
rơlăng,mừng chiến thắng
bơnga1 luôch,thi hài
cỗ,vợ
hơ jŏm rơ,rèn rựa
chơhai,thác
alăng,khôn
'ngơ'ngă 'ngơ'nghĕch,dáng nhiều người 
krơ'bang,cái bàn
kaly,kaly
tơkiẽn,cái nhẫn
têt nguyên đan,tết nguyên đán
klơng,đội trên đầu
pôt,chim cúc
biữ,cột tạc hình người quanh hàng rào nhà mồ
lơ̆n,đảo
chroch so ̆ ng,vót chông
kiêl klŏng ,vực sâu
riêng hơyô,săn bắn
tơdrong pơm,nhiệm vụ
tơkrao,kêu nhau
'dik,nâng lên
lat,bẹt
lep,châu
lơlêng,thờ ơ
bơbrĭng,san sát
pluơh,lên da non
kơpen găm,cái khố đen
nhăo,thịt bầy nhầy
thôi thôi,nhảy nhót vật lớn
tơ'brônh,lốm đốm
chơmrưh,lọ lem
hmĕng,loại muỗi kim
ba hnông,đòng đòng lúa
rđmet,sửa đoạn
kơpŏng,cây
'blo,tự kiếm
jrok kơ trong,lệch đề
gah rong,sau
kring,chim bồ nông
bră,dây tròng đan bằng mây quấn quanh cổ trâu có
tơ pôl kŏ,bầy chó
gach,gạch
jơjuẽng jơjuăp,khei mù mịt
kơu,khăn
ưh kơ lŭ,không ngả theo chiều
agrĕ,nghiêng
krĕp krĕp,tiếng đi lộp cộp
kat,gặt
chơhoi,ống nứa đặt ở quan tài để nuôi người chết
'bu,chồi non 
'lê̆p,nhởn
hlor,cá lòng tong
huit,cảm thấy chóng mặt
tơdrŏ,khuấy động
kul kil,bị mắc lưới
kơchong,hướng
'brêk,vô
kuich,sừng quặp xuống
rơnŭng,lươn
achep,lang củi để dưới rằm nhà
tăng tep,gùi dẹp có ba ngăn của người yhnang
chre,tỉa
kŏ kiĕk,con tò vò
anglâu,ngón tay chân
dră kăn rơneh,sản phụ
'nhir,dim
tơdũng klũng wôk,rền vang
a,nên thân
pơđôr,phình ra
akar,da
pơglang,chữ thập
rơmăn,dịu
'mem,thương
'bin,pin
drơ̆,xốc lên
rơkâu,chông nhau
thar,chạy đến
ưh kơ măm,không bú
tơtõl,đỡ nhau lên
a kâu 'do lôch,xác chết
krĕm,gầy yếu
lĭch,cuốn lịch
huai,chuộc
kơlâp,vùi
kơxa,cây gỗ dẻ
brăng,đen
kơniêng sâu,nanh sấu
tơngơl,chủ nhà
ar,cây đước
chơprê,đam nhiều nhánh
yôm,thấm
dang dŏ,ghế
jên biêa,vốn ít
bơbroih,khô cứng
'nhĕng,mang theo
kơdơ̆p,che đậy
hral,chưa ngủ
chơmŏp,bĩu môi tỏ ý không đồng tình
hmai,tràn
đĕi jơ hngâm,sảng khoái
ŭnh hnam hiôk chơt,đầm ấm
phap luât,pháp luật
ưh kơ hlôh,không hiểu
pơdŏdđg,bênh nhau
ngưp,âm u
hơnĭh nơr pơma,cơ quan ngôn luận
kơdo,voi đực nghé
jich,dịch
gyăng,kiêng
biư̆k,thực tập
atŭm lŭm lăm,lên lên
tơ tuh hơ ben,dô quần
chôt,trở
tơmum,ở xó
chuyên nganh,chuyên ngành
pŭ yoch,oan
hơgơ̆m,tùy ý
plung duk,thuyền
guah,hoa mít không đậu
năm tơ bri roh,đi vào rừng
khia,khóa
'nhi 'nhĭp,nháy mắt liên tục
rơpông,cá măng
pơhôp,kiêu ngạo
bơtơng,chỉ bụng căng to vì ăn nhiều
lơk,ván
tơdrơl,mốc ranh giới
dak mơ̆k,mực
teb'đak,quốc gia
pơluỡn,bắt nuốt
khŏ khŏ,tiếng cốc cốc
tăk tai,ngồi thả thông chân  
xuyên,xuyên
'bơblut,buồn ñôn
tơga,tấm bảng chiến thắng
thôt,tháp 
anho`ng oh pôm b`ă me`,anh em
grơ̆,chim kên kên
bơlôk,nuông chiều
tơnồ,như là
kưh,thích
kơep,rết
dai mai,loại cây có gỗ đỏ
hnhĕl hnhăp,điểm sáng nhỏ
trum,nước nhuộm
pjo,võ
kă sum,nhà kho
ttf'bit,đầy ngang miệng
bơyôn,chuyển từng đoạn một
pơđêch,cố
rơkhêu rơkhao,chỉ nhánh cây ngỗn ngang
atay,hung dữ
fê,phê
tơ'đưk,vang dội
le,dừ
angơn ako ̆ u,vươn mình
dŭl dăl,chỉ trái lớn tòng teng
adrơu,nay
'băr gõ,xoay
chhơ̆,họa
êê̆ kưu,tiếng hoan hô reh mừng
bơbrĕt,lạnh buốt
'nhui,khói
kơ bơnê,ơn
k’nang,k’nàng
mu dră kăn,đàn bà
trong kơ long,đường lối
yŏng kră sut,ong chúa
'broch,ỉa són
kươ̆k,cước
đak tơ nueng,biển hồ
jương,giường
hơhiu,oi
bơlŏ,cảm
ngih,tưởng
töng,đọng
dơyoch,người hay vật đứng thẳng
yuă,căt
huan,gân
pioh,duỗi tay
pơjin,phát triển
jơmuk,dận
tơnglơ̆p,cái nút
dŏng dŏng,gà trống khoai
'bâu,thơm
tơkơ`l,bị ngã
hơbŭ,đấm bằng nắm tay
dreng akoy,hạt cười nhỏ 
ngơngat,choạch
pơanhang,đổi thừa
hơkat,đọc lời thúc tụng
jeh,dân tộc jeh
vĭt,việt
kơpit,ấn dấu
rơtê,dây leo
pơpỡr,làm bay đi
oĕi ti,ở phía trên
chơlah,ngã ba
sinh hok,sinh học
hlak hla bơ,tờ giấy
pơxa,thanh giật để chỉ khít lại với nhau khi dệt vải
tơtũk,làng phụ
akĕ akĕ blong blong,mảnh mai
hpal,cối
glông glông,ngọn lửa cháu bập dùng
hơô,dứ
hơhơk,rượi
sriêng hŏnh,khô héo
dơno,nơi
tơ amêm băl,thương lượng
'lơ̆p 'bềnh,vơi
'deu,queo
triên,triển
đak ngom boh,sương muối
kơtul kơlang,chùm lá ở đuôi diều
kơwĭm kơwĭp, bặm môi 
bi ̆ ch cheng,nằm nghiêng
tơdỉng,suối thời gian
chih akău,xăm mình
kơkă,nhai
adrêch,nòi
biao,mựơt
kŏp,một đôi
'bươ,bừa
plĕi bơ lău,trái cau
chơkhong,nhô ra
bơnôh dih bal,giận nhau
inghêrô,ngục tổ tông
kơtơch,tức
'lơ'lĕl,phóng đãng
grang grang,tiếng làng keng của cong đồng va chạm vào nhau
pơjơ̆l,làm phiền
gơdơ̆k,sôi
kăl,chặt bằng rìu
jram,cháy hết
tơcheh,thêm
koh,chém
phôm,rắm
gơdơl,tắc
tơtheng,liếc dao cho sắc
'nhôn 'nhôn,kéo dài ra
kơdrei,trước mặt
hn,hn
srŏng,chông
pơhek,xé chia cho nhau
đai ngô̆,đãi ngộ
hrơ kơ kiơ,ngại gì
pơngach,làm nguội
'ngir,diện
trô̆ chơ khŏ,mang giày
rim tơdrong,trường hợp
đinh văn lơm,đinh văn lơm
cho khŏ,giày
'jơ'jih,mưa rỉ ra
kŏch,xíu
hơbông,loại cây sậy
'long kafê,cây cà phê
đak măt lĕch,lệ rơi
klom,vồ môi
tơnôm,góp sức
tơ'lơ̆ pơ̆k tơ kơ̆l,xô ngã
pơhăng,trái ớt
lam jung,lạm dụng
amrĕak,ớt quạ
tơwĕch tơwŏch,méo mó
hơnang,hiện giờ
'juit ' juat,đen khịt
pơm so ̆ k,làm lông
tơluẽnh,co mình lại
lăm pơ srăm,lớp học
hơrnăt,trang bị
kuơ̆l,sủa
chơdram,cây cháu chưa hết
kông groi,đồi
pơtuổl,ổ mối
tơbla măt,hoa mắt
chuơh đak dơxĭ,cát biển
'bok kla pơhum,con hổ
brong,gùi
'long thưk vaih,thước
tơ'nhrăk tơ’nhrăng,chỉ nhiều người đứng thẳng bất động
pơang,hãnh diện
jơỉíp,tối đen
rơmlôh,phì nộn
hơ'bŭk,mau mục
nhĭl,lình
hrai,con giòi
pơ năr sem,cánh chim
rơih,chọn
tơnam yă kiơ,loại gì
grĕng nĕng,lục lạc
bơngai kră,người già
tơnhu,một loại gâu
tơrưh,rảy
choh,chọt
hŏk hơ bu lăm to,triết học duy tâm
bơhnŏng,cố ý
lơ̆p,lập
pơxrep,họp mặt
đak toh mĕ,sữa mẹ
tơm khul hat,nhạc trưởng
khĭn,can đảm
bơlŭ,lẫn
srồk,rân
chĭt kơ̆l,bịt đầu mối
tôlô,dân tộc tôlổ
tang taih,chim chìa với
pơsau,chú rể
plaih,độ
hngiêl tep,giấc ngủ
'duơ̆n,nón lá
tăng ar,sâu nái  
kơdŭn,lui
hơyơ̆l along,rợp bóng cây
hơ'dang,chậm rãi
pơdrơ̆ng,báo tin
ui,uỷ
mă 'nă,cười cười nói nói
kơ di teh đak,chính phủ
pă hiôk klak,não ruột
teh bri,giang sơn
hiou,biết đâu chừng
sơnong,nhiệm
kơ'mŭng,gói trong vạt áo
pơhle,chọc chơi
chưk danh,chức danh
plŭn,con nòng nọc
pơhnhơ̆m,giải tội
dơbŭk dơbăk,nhiều hoa nở rộ
nhôn,chúng ta
chho ̆ ng io ̆ k ka,vớt cá
tơrăk,chăm sóc lẫn nhau
tơlãng,đùm bọc
tơbrẽt,trầy
hơdrok,da hay võ cứng thú vật
pĭm tru,bướu cổ
chơkŭp,chái
hlok,nửa sải
hlom,lỡ
kơ'ngă,rước cổ lên nhìn
pơvvẽch măt,diễn xiếc 
sãr,đất đỏ
juăt kơeng,cưng
pơsĕl,lẻ loi
tơbũch,trốc gốc
nhơ như̆r,phệ
'bon,may mắn
jroh,hình trái xoăn
tơ dra kuĕch mĭnh,dấu ngoặc đơn
leh,chỉ sự đau đớn
gơi,gửi
tơhlôih,mịn màng
khoă,chìa khóa
hla ar pơ tơm,giấy mời
pơdran,biển giới
hơlơ ̆ ba,xới lúa
chơ nglai ao,lai áo
pơxrôp,ăn mặc đẹp
jơjõk,cằn nhằn
hơjâm săng,rèn lại dao
nhưh,kiểm tra
kơjuơl,mình trần đóng khố
rơ'bơh,vụng về
hơtang,giải
pơpơk,làm ngã
pơ'leh,lãy cò
'ba kon drŏ nglo alơ̆p,bố cu
gơgŭ,rung
giơ,đòi
bro long lơ lĕi,đồn điền
'ngĕnh 'ngĕnh kơ̆l,lắc đầu
tơroih,sượt trên mặt đất
tơtar,gằn tấm hay
chuăr,nhảy vọt lên khỏi mặt nước
grăt,ngưỡng ngùng
pơngeh,hứa suông
pơsư̆,kế thừa
kơsaĭ,té
tơđưr tơdar,hang có nhiều ngõ ngách
hum,sàng sảy
hnih hat xoang,sân khấu
ơ̆r ơ̆r,tiếng nói chuyện
ami`n,ăm
ple`i nâr tơ plih,đại từ
chơnĕng,tường
kơmlŭng,vào thời
pơsuât,chắn lại
hnam să kơjung,biệt thự
thơi vu,thời vụ
hnăm,năm
pơtŏ,hâm
tơm jơ hngâm,nguồn lực
tơkong nuh ũnh,khuôn bếp
kơ̆n,lượng sức mình
hơdrah,trưởng thành
pơlìĩt,cúcbâm
uĕt,ngoe
tơdra kră sơ̆,di tích
pơprẽp,bặm môi tỏ ý không hài lòng
pơk lep tơbăt,niêm yết
tơha,vạch
nghiêm,nghiệm
rơriíng,đãi
gơnơ̆m,cái nơm để chúi cá
gai lông,sạch sành sanh
pơne,vừa đủ
kơ'lŭng,lật cối giã gạo
blê̆,xớt
pơxăr,vu oan
drueng bơbŭk,chỉ dậy nhà to đẹp
dơhŭt,người mập mà lùn
drĕng,nanh
pơhach,làm tan
hôi nghi,hội nghị
adrol,kích
pơhoach,phung phí
kơlŭm,kín
kơjŏl,ngắn ngắn
pơglơ̆m,nói et
kơhreh,thương tâm
'biê̆,hiếm
wă jê̆ păt,gần tắt
hănh,teo
kơ dĕm,hành
dang xơng,chân quỳ chân đứng
hlâu,dễ dàng
glĕk,viêm
luĕl,đỉnh
kơdăm,một loại cây lấy lá trị đau răng
'bek,bệnh lở mép
hơnum,một loại gùi có nắp
grang,cái rỗ xúc cá
yang plĕnh ,thần trời
hơ păh pơ nê,khen thưởng
rơngôi,chói vót
rơ̆n,rác
rơwan,đủ chỗ
bơlăng kơk,cây rau sam
trĩu,cừu
thuôi,nghía
dôm anu bơ ngai,mây người
ơxuang,nhảy múa
'long bĭ đơi,đồi trọc
'bơp,há miệng 
apal tơjul,sà
brŏ păng,đài
chêng yông,cồng
kơteh,hoa văn và hạt cười trên khố
mĭnh puăt jơ,nửa tiếng
khop,cầu
lăh,quen
bĭr,chín nŭng
ay ai,tung reo mừng ngại nhiên
ă,ái
pơkân,đô
jrong,đi ngang qua
hơkơt,chóng mặt gây nên do sợ lực thăm hay lên cao
peu,chim tu huýt
'blach lơlia 'blia lơ liau,bằng phẳng mênh mông
tơnglơh,ngăn kéo
hnhăp,đồng
kôpal,nhà nước
dơdăng,tạm thời
jong moch,cây chua
hluôi,khỏi
lơlê,cẩu
ngai,viên
hlăch,lùng
kơcheh get chai,mẻ chai
pơtho,bơtho
rơlach,sảo thai
lơliơ̆n,gợn sóng
tơpung yang,cây tầm gửi lá rất lớn
kó ya,gừng
tơgrẽng,gầy
oncol,oncol
ngơch,hói đầu
hngĕch,hngĕch
anê̆,giữa
chơgra,chỉ một người nằm ngữa
bar tôn,chim non mới nở
pơ'nhan,làm cho dính
trong thoat đak,rãnh
'long wăk,que chòi
roi khan đĕi bơngai lôch,cáo phó
bi ̆ ch kơ 'mu ̆ brum,nằm úp
pơluờk pơluổl,phát âm không rõ
tơmăn 'ba,đồng lúa
asong,chia
hơ̆p tak,hợp tác
mơlơ̆u,ngượng
gling glĭp,trời lúc nắng lúc râm do nhiều mây
ơngoch,cột tóc
vi sinh,vi sinh
kueân,quyền
hla ar hơkă,giấy nhám
hamah,hoa mít không đậu trái
pơdro sem 'bri,buôn thú
hameng,bình an
ayŭ hla sơ'bĕi,dưa cải
hơiă,vui vẻ
dang dŭk,hàng rào sơ soi
rơ'nhut rơ'nhat,vừa kéo vừa giật
kơ'ngang,ưỡn ngực
rữk khũk răk khăk,rũk khũk
'ngĕl 'ngŏl,đầu nghiêng qua nghiêng lại
păr 'bŏng lŏng,bóng chuyền
tơvir,cải trang
hnŏ,cửa
hơ nih tơ têm,lò rèn
tơhuơng,cao đẹp người
dơyan,trái mướp
ki`,cái bè
vien,viện
ga,nghiện
che hơ băn,váy quần
grŭn,ráng sức
hơnĭt,không yên tâm
krŏl,lăn xuống
gơhô,ham ăn
gơgĕr,chỉ mạnh nước chảy đều và nhanh
ngul,nghi
'ngêl ' ngêl,cục cựa
gơ̆p,tớ
ngĕi,bách
chưk năng,chức năng
rơnguẽt,cái roi
pich,duỗi tay chân
rơdja,ngón
chruh kơ̆l đe hơ'yoh,trung thu
chơweu,làm chướng ngại
kăl kơ oh,cần em
chơchral,chỉ hai
bơda,cầu vòng
hơlŭl,đầy nghẹt
tơ'nhrỡng,tơ nhrăng
kơ ne bak hôch,chuột chũi
tợịõnh,lạnh buốt thấu xương
kơsơ̆,buổi chiều
kơnhat,sán sơ mít
ei tht,ấy
kơtăp iẽr,vật trang trí cửa
yo ̆ u areng,xúc cua
'dô̆r,khệ
tơdung,ùm
plĭnh,dị
prach,tung tóe
minh hreng minh jit,một trăm mười
tơ drong xo sơ ki,chuyện cổ tích
bơ bŭng hnam,mái nhà
găng dra,cây chống như chữ y
wang sơ angon,chia buồn
pra hang lơng,hàng hiên
kơmang,ti
hơnơ̆m,ở
pluơk,bước ra
hlêk,say
sơlam teh đak,biên cương
abâu,ốc
blơn,cây bời lời đỏ
hơvơ̆t,vẫy
hơdĕ tơnai,tránh chỗ khác
tụm,con kì nhông đẩy ra
brăi,đủ
mun,cháu
blơ,giật mình thức giấc
kơhlô̆i,nhìn chăm chăm
hrok,cái đơm cá
mơlâu,e thẹn
krĕng,lục
oĕi hơnơ̆ng,còn nguyên vẹn
tơmunh,về sau
chuam,lem
chqs,chqs
minh hnưr,lửa
ake rơ mo,sừng bò
chrach,xoẹt
sir,đào
'blon,thẳng đuột
măt mêng kŏk,bớm trắng
alăk bŏu khôi,rượu khê
bơngai,ảnh
gô adrol,phục kích
driĕt,đẩy
drok,lược
rơ'bũng,da nhiễm trùng
pơnên,cái nhau
tơbrẽl,sát nhau
nai,bạn khác
pơtual,làm hề
jui bơngai,người nằm trong mùng
'yôt,oằn
tơgră,tỉnh
ngiôp ngiôp,dõng dạc bước đi
dro,ở nhà
jit,mươi
lăm cheng găn,trong phòng
chơ chre ̆ng,vang vọng
chă hơvơ̆ ka,mò cá
bŏ,bó
chrih,lạ làng
ke,kè
hrot,cật
sơnăm,sang
wĕi teh đak,quốc phòng
chơnôr,"rượu ghè ""kang"" đầu tiên"
pơ'moih,nhem cho thèm
hŭp,lún xuống sâu
u`nh sa đĩ,cháy trụi
tơlũt khüt,khúc củi tắt chưa cháy hết
so ̆ k sop,lông chân
haglơ̆p,hang thú rừng
gơhê,đỏ thấm
tơliơ,ống sáo
bơyơ̆ng,đi qua lại
'bơ'brŏ,không có đồ ăn
tuh hla bơ ar,tủ sách
lak lai,nhiều vô số
kơjuơng,trên thuồng như nhưng
rơtong,đường viền hoa văn 
chơchrưl,chỉ vật nổi lành bềnh trên mặt nước
ttf'lüt,xô đẩy từ sau
sơmat,bái
kơ'nŏn kơ'năp,chỉ nhiều con vật nhỏ nằm bất động
kơtăk kơtat,tiếng gà cục tác
karen,karen
bơvang,bao vây  
tơgron,nhô
'iok,lấy
tăh,xen
'bơ̆l đon,tính
hlŭt hlăt,chỉ măng đất mập mập
et eng,tiếng kêu ve ve của ve sầu
pơ'blê pơ'bla,vô số kể
b`oh,muoi
do,chậm rì
'biêh,khéo
phong dơt,phòng trừ
bơlom,loại mối trắng
hơtieng,cây lùng
chhut kơ 'bang găm,lau bảng
kơdŭl,một loại chim diệc
dơbưk muih,dao phát
pơgơ`t,bắt giữ
jôigơgỡl,lúc đầu
hoal,lê
ơdrĕ,bị thần giáng hoạ
minh jĭt ,một chục
prăt prũt,phựt
chăr,chẻ
atĭng,ghê răng
blŏk kơ 'bă,nhớ cha
lơi gơi,tóc gợn sóng 
choăng,phóng đi rất nhanh
gơgrông,khóc
'jôr,ốm còi
drơl,vết
kĭ hla ar rôp,ra lệnh bắt
nơ̆r lăn to,nghĩa bóng
we ̆ nh dơve ̆nh,lắt chắt
tơxăr,áo giác
kuet đinh,quyết định
hudrung,dòng họ
chu ̆p,vồ
bơnũng,non
jang hrai pơ nah,nghề săn bắn
tơrõi,bắc ngang
ngar tơ mo,than đá
'do,bến đò
hnam pai por,nhà bếp
nhong rơnhong,chỉ đuốc đang cháy lớn
hur,hơ
'brôm,gầm sàn
rĕk rĕk,róc rách
gleu,xương
dul,cổng
pơ'mrỡ,làm khách
rông,hỏa
blơ ̆ ble ̆ch,lắt léo
jtfjueng,mất bình tĩnh
mê,bẩn
plêr plar,toả
kơ chĕng 'ma 'ngiĕo,ngẫm nghĩ
minh huôi kah,lúc nữa
kơnuh,thế chấp
mă lĕi,nhưng
gơnăp kơ đum,vành nia
găn,cuốn
tơhna,mũi de 
rơngei,tự do
kơlơ̆n,trợn mát nhìn
drŭng drŭng,tiếng chó sủa gâu gâu
hơpuih along 'ba,chổi rơm
hiơ̆p hiơ̆p,tiếng đánh đen đét
kek,chạch
along,bo
thiêu,thiểu
chik,nhe răng
rơhôh,mở to 
sơnguat,kịt
chơrâu,chỉ nằm để chân lòi ra ngoài
mă tơ xĭn,thứ chín
lĭk gĭk,tiếng kẽo kẹt 
tơklũl,mập mập
kuăng,chóng
kơxêng,cỗi
wêl,lẳng
pơnŭng,còn non
'jrăi,chửi thề
bơnờm,bộ lạc sống ở miền đông kontum
krăng krot,con dế mèn
sơ ̆  ki,lịch sử
btc,btc
guang hơguang,cao dong dỏng
sơmăt,ngục
pơđông,thả nổi
apơi,ước mong
angok,óc
ngu,hình
bơbroch,chí lúa
toah,lấy bớt ra
neng,chuông
lơluơ̆ng,quang đãng
chreo,chim sáo
phơlăng,pháp
tơjĕng,bàn cãi
rd'nhêng,mủ
pơnăr sem pu`ng,cánh dơi
bơnhŭl,chết độc
pơnơ̆ đak sĭ,bờ biển
dur,trầm
tơhoăng,thả rớt
chơwơi,chim chèo bẻo
'ngŏi 'ngŏi,dáng đi lững thững một mình
'brữt 'mrũt,pực pực
'lăn,thinh lặng
del,giao cấu
'nhup,qua
gah hơgah,ngoài
pơdã,đặt
klõk đak,đáy.nước
bơmông,lễ tang không hài cốt
rơneh,phụ
kơmĭl,kính
gơdiêp,kèn
yơ̆p,rạp
hơxeng,cái  nong
gông ngung gaih,nơi đi vệ sinh
diĕng,hội
chơ hei đak,thác nước
ưh kơ đunh,không lâu
ptfwin,uốn cong
klŏ,sõi
năm đưng rŏng,đi sau
kuy chuân,quy chuẩn
trinh,trình
prơh,tung
pup,loại ớt tròn
blông drơ̆ng,chỉ ánh sáng tỏ
hŏ,uải
bluch,rữa
kră ră chuăng,chỉ tiếng cười giòn giã của các cô gái
'brũk 'brăk,răng rắc
hiok,xem xét
khôi juăt,luật
sơke,lợn rừng
pơgrăk pơgrep,hai người
brỗ dổng,gần trưa lối  giờ sáng
hnŏp,ngồi sâp xuống sợ người ta thấy
blal,tình
kơxơl,củ hành rừng 
chrŏi,chỉ nước vọt ra ít
pơlah,gạo tấm
bỗ,ươn
la lah,thương tiếc
'yŏk dơ̆ng,vớt
nâr pơma hlôi,trạng ngữ
chơgal,gài theo
chơkŏr,lọm khọm
gố,nồi
bơgỡk,tự ái
rơbũ,cuồng phong
hơben trong,quần kẻ sọc
lun,chứa được
lơliơ̆r,phất phới
bã,thiên
sut kơ'bang găm,chùi bảng
glơi glai,nước mênh mông và trải rộng
pơrtrui,quân
pơ ma 'nă,cười nói
hơon,thơ
kơche ̆ ng truh,liên tưởng
roi đĕi bơngai loch,báo tang
gơhioh,nạt nộ
hnam wê̆ vê tơmam gĭt,bảo tang
tợyõ krong,chim bắt tôm
plư̆ng plưng,mới hơn
dơnor,chiều dài
pơlong,cuộc
hlu`ng,bao tử
tơpin,đưa cho ẩm
kơ,ách
khom,mùi nồng nặc
kơchiê̆,chật
găm,mượt
hnen kơl,gối
bơliêh,lang ben
pơjip,nhũng
hơbăng,thính
phiơl hơ iơch,nhẹ tênh
chăl dang ĕi,thời nay
kroh,gùi cong
tơdõl,xúm nhau đỡ lên
hmĕch,xóa
chơmuk,nhấn xuống
măt teh,mặt đất
grăng,khoắn
kơkai,nhai lại
tơ'jố,cửa tổ chim dồng tộc
proh,dãy
gơl,chuôi
peh,giã
jơhngâm đon alâng,nhân đức
adrol đơng,trước sau
hơdu`,đệm
hơnô,thoai thoải
bơnhah,say mê
td'ngöi tơ'ngẽch,chỉ bọn trẻ nhỏ ở xa
ưh trŏ tơdrong,mơ hồ
juaih,thành thạo
pơeh,sưng
duyêt,duyệt
prôm,một loại hành
pơxẽm,đút cho ăn
chrel,thưa
tep hyơt,ngủ quên
đêl đăi thoi sơ̆,giống như cũ
hngŏl,hngŏ
tơ’dih,đối
tơ pôl axeh,bầy ngựa
pluăk,sút cán
rơkhẽl rơkhôl,chỉ những khúc cây ngắn
pơprơ̆n,cố đi
'nhĕ,nhỏ xíu
dut,dốt
kơtieng,cây lấy mũ
hơwĕl,bật
tơplôt,vừa bé vừa lùn
ao hơayuih djơ djih,áo ướt đẫm
tơ pôl iĕi,bầy gà
giĕng,cữ
đôk,đốc
pơdê,chế nhạo
dră,bề
hlak hla ar,trang vở
gron,nhốt
grah,cho bò
hơdongtuak,buồng dừa
nuir,nông
tơjro,cho nhau
cm,cm
ooresol,thuốc oresol
hơtăr,dây quai gùi
teh đak anguai,nước nhà
'bok gah dră kăn,bà nội
oĕi đĕi,còn tồn tại
rơroh,răm rắp
hơ'moi,theo hướng
gah waih,đơn vị đo chất lỏng
hơpinh,thăm
tơkưu,hú gọi
hơroih,khô cằn
pơdŭ,luân
leng kơ,tất cả đều
ỡi,cầu xin
chôn,ích kỷ
hơdĕ,tránh né
pah pŭng,mùa
đak lâp lah lai,nước triều
usd,usd
'bŏ,có
pơtăng,làm cho đắng
kơ'nah,khoen mây
hnam dơ nŏ,gia đình
kơchôp,móng chân súc vật
kơ'dơ̆m,có uy tín
săp,rấm
tơ'bơch,tập tành
mŏmai,con dâu
tơpôk,đỡ nhau lên cao
pơyoch,làm cho người khác vi phạm
kơdăn,cách khoảng
'bia,mượt mà
loch,kiến có sọc đỏ và đen
hla ar tơbăt,tờ báo
plên,mập ù
kơxom,chết trong lúc mang thai
khua,chỉ đạo
hiop,dần
chơ'ngang,ưởn ngực
'măng năm,chuyến đi
'bak si,báo sĩ
kon dră kăn,con gái
'bơ'blep,sắp lặn
drănglo,nam giới
hwih,nghề
gle,con cù lần
tơhrẽl,ra quả ít
chuơm,lọ
git,lái
hơ kar kla,da hổ
chơhlot,mùng
tôk tồk,tiếng gõ cửa cốc cốc
sân,kiên nhẫn
ơxêng,nia lớn
tơplẽng,văng ra
tơ'mok,đứng một mình
ngâm,ngâm
pơxoai,làm cho mê muội
bơxuổt bơxuat,di di lại lại
chiêu,cái chiếu
chŏi,ném
chơhlung,hầm
chơkĕnh,trê
rơmơt,nhờm
pơ yan tơ nget,mùa đông
dô̆,ở mãi trong nhà
hdrông,sâu
pơnong,bộ lạc pơnong
trong hling pet,đường nhựa
hnam bă yang,nhà thờ
pơhlit,gây hoang mang
bal,hai
pơgŭm,giúp đỡ lẫn nhau
ka pơm măm,cá mắm
mayô,lót
'nơr,tiếng 
riêh,rễ
ato ̆ k lăm gre,lên xe
sơlam,biên giới
jơma,nhím
mŏk,cốm
huơy huay,chất đống không thứ tự
chai phŭng,nhảy xuống đất rồi chạy ngay
gơgŏ,gõ
anhŏng oh pôm yă 'bŏk,anh em thúc bá
kô cho`u,cấu
amăk,mắc
blep,đến
huưch huưch,cảm giác ngồi trên xe
chơneh,gùi nhỏ
gram gram,tiếng vật cứng chạm vào nhau
pă hlot,ế
pơ'nă,trò cười
lŭ lŭm,trùm kín đầu
pơtok,dẫn qua
tơhlũn,lún xuống
tơpe,tắp
gơxơ̆m,cây nghe
nưih tơblah,trận đánh
grŏng,khó tánh
năm ba,dẫn
lang lă,ngủ trần không mùng mền
huk hik,thở hổn hển
chơkrôi,chỉ cách đi đứng hay ăn mặc lôi thôi
'ngik 'ngưk,loại con bọ rầy ăn rễ cây
phau,súng
hơgrep,chỉ nhiều người hay vật ốm ròm
bahnar,dân tộc bana
pơrrnn,đẻ chung một ổ
bŏng 'bŏ,con lọai gùi có nắp
along bơ o,lồ ô
kơna,cho nên
tơkul,cuỗn
pôk xuôn,nâng cấp
nhui,nhùi
chă wă alê̆,tìm hiểu
brix,brix
banh tơyông lôm,bánh chưng
chơnit,vỏ  vót
tơtrũn,giậm xuống
ơnglŏng,cục nến
chhŏk,thuẫn
hoang,cùng làm
gps,gps
bơnăt,cái đập
bơlit,hoa văn trên ghè
kuăng rĕnh ,nhanh chóng
brơ̆t,khiếp vía
kơdĕm,củ hành
tơxut,lau cho nhau
sa uĕi,ăn ở
'blŏ̆k ling lang,thao thức
kiĕt kơ doh,gọt vỏ
hơneh,cầu treo
i`ch,ỉa
tao wao,chim tu hú
jơk kơxe ̆,xanh biếc
kơkrŭk,tục tục
hrơ̆t,kéo lôi
man tơmam ngôi ngơ,nặn đồ chơi
tơpôm,ngồi yên
hơdrăk hơdrăk,cuộc sống lây lất
hơyok,tro tên
pơtrơp,nối
dam dă 'biơ̆,đỡ chưa
bơră,kể chuyện
măi,mại
rơxữt,lê gót
rơhẽl rơhỡl,chặt đứt từng khúc ngắn 
ring rung,chim biồ chào hót báo điểm xấu
‘bơl đon,tham mưu
lỡk,trải
hlong chơna pơda,chồi non 
hram,rỉ ra
'moih dĕk,buồn cười
tơngơih,rên
tơdrong nâr tơm,nghĩa gốc
pleng,chim én lớn
gŭr ă,chim đại bàng
'lâp,niên
jang pơđi ̆,làm hết
bơlun,thức ăn
pơhang,làm đau lòng
'nŭk,mạp
sơ̆k anong 'ba,phơi rơm
grơ̆p grơ̆p,tiếng giàỳ lộp cộp trên sàn nhà
khei'tơhnam,tháng tám
ngơ̆ ngăi,đành chịu vậy
kơwoih,trái soan
'yoh,bé
pơtil,chứng minh
têh rơnổm têh khok,cho quách đi
'buah,tiếc rẻ
năm chă ngôi,đi chơi
chơchoh,băm
leng gong,thời gian lúc gà gáy lần thứ nhất
hơtiguang,đi săn
vinh thanh,vĩnh thạnh
rui ra,anh em thông gia
mir,nương
bơnơng,con vật hoang đường
hmăr,giấc mộng lành
gei,chắc chắn
nhrơnh,nhảy  
cham să,sân vân động
bơlŏ lơngoh,cảm lạnh
abơ̆,quơ
Xak,Xác
tơnŏk hơ trơ̆m đak,bến nước
lup,bán sỉ
'ngưk ich,bọ hung
pơtỗ,làm phấn khởi
klăn pơnga,con trăn hoa
hnôi,bụng phệ
hlơp,che kon
ao kong kơ đeh,áo ngắn tay
sa et,ăn uống
apơn,điểm
pơxuăt,nhịp
đeu,co
yĕng,đặt được
bơjah,cãi lộn
'bêy,cải
hnih xơng đak,bể nước
abŏu dak dơxĭ,ốc biển
pơrìm,chia đủ cho từng người
bơluch,chỉ người lớn trần truồng
jơ’năk jơ'nit,nằm co quắp bên nhau
pơhiă,đề phòng
pơhngăm,làm cho nặng
bãl,chúng
jơma,con nhím
hơlơ ̆,xới
blŏch ti,xoa tay
kăt kôh,dụng có lấy lửa của người xưa
'bơ̆i Bơhnar,tiếng Ba na
hơpĭk,màu sắc
chrek hla ar,rọc giấy
tơtrăp tơtri ̆ n,nặng nề
sơnguĕt,roi
hlôl hlal,cổng kểnh
dơdĕk,linh
klăm,tối
đuô̆i,âu
tơwổt,vật lộn nhau
măng lung măng linh,nhật thực
thi xa,thị xã
bơ jâu xoiyang,thầy cúng
bơ'blơch,chỉ nước ngập mênh mông
glê̆,đãng trí
tơhil,sự
anang,đúng lúc
ngâêm,ngấm
ĭr,tiếng chim vỗ cánh bay
'năr minh jït,ngày mồng mười
wă kiơ ̆,xu thế
tơdrong tơdrỡl,sự việc xảy ra 
kueng kueng ,ầm ầm
kơpôch,khăn khổ nhỏ
chơdruch,út
'jring,ầm
kơpao,vò bằng tay
tơ'ngẽl,td'ngak
enterprise,enterprise
tuên,tuyên
nga ngap,ngáp
phe hơlom,gạo không gãy
hó nglŏng drô̆m xơ̆,sao hôm
băt tơpăt,biết sự thật
lô,tiếc
'dŭk 'dŭk,tiếng mạch nhảy
su`p anhe`m kơ tuăl,bún riêu
ton pơnưng,đánh trống
tơwẽnh,bắt quần áo
bum greu,lạc
'năr dơning,mai
gt,gt
ară tôm,lành
lĭp,dấu
guanh,năng
ưih,không chung thủy
yoanh,doanh nghiệp
hơtrơl,lớn bằng nhau
hơmau,kịp thời
gap,kẹp
khŭi,gạt chân
hnŏng,đấu đông
tẽ,giao hợp
ơh,day
atung,lớn
anhŭ,các loại lá có vị chua ăn được
toih,củ tỏi
rơrê,câu nhắp
phí phoi,no nê
hot,tấp
grơk grơk,tiếng ngáy
tơchruh,chảy nhận vào
'iŭ,sợ
jơni,cha mẹ chồng
rơrữk rơrăk,tiếng rột rột cá quẫy trong ống tre
sring,chuỗi
kơ'nơ̆l,nắp nồi
kơnhêng,nhất quyết
pơpũi,ru ngủ
hnhok,kiểm điểm
ple`i,quả
kĕ chơ̆n,rất bình tĩnh
adrei,chày giã gạo
hlang,bổ đôi
jơnap,hạnh phúc
hơkrop,ốm da học xương
gŏ che,ấm
lan,một chục kinh
pơlõ,bị sốt
tơ mu`k tơmam,gia tài
pơhrơ̆,làm cạn nước
hơ dang tep,chỗ ngủ
gling,đương
hgei,chăm lo
hngoh hgnĕch,trẻ nhỏ đang chờ
bơbuăng,để mă cửa sa
tơxă,phóng đại
bơhăng,đó tươi
gơgleng,quá sức
noh hia,ở đâu đó
jơnu ̆m bal,liên hợp
bơxey,sắt
tơblah wĕi teh đak,kháng chiến
ngak,ngẩng đầu
oĕi băl hrôih,tảo hôn
kiơ̆ng,vững chắc
blonh,loại cây đa thường lấy gỗ làm thuẫn
lơm drong pơm,việc làm
dơxum,diều hâu ăn rắn
jơnăk,chức sắc
rơđăn,lóng tre
bơlum,loại ghè rất nhỏ để cúng thần
plah pơ alâng,giảng hòa
pơgỡm,hối lộ
pơto`l,gò mốì
kơđe`i,hoằn
hơmông,bệnh mày đay
hơnih jang sa,nông trường
hnhăi minh pah măt,liếc
dơlal,chán ngấy
anhĭn,di chuyển
pơxăn,làm cho nát vừa
kơdroh,bã rượu
tơgret,khớp xương
dreng bre ̆ u,vàng rực
lơhông,lẻo
oĕi tŏk bŏk cham,ở giữa sân
jơrông ji ,sâu bệnh
kuĭl,bàn chân có tật đi nghiêng
'nhŏng,anh
tơblôi,tròn vo
dah,hoặc
hơnglan,đất thịt
ting lìỉng,cái đàn bầu
kơ̆l rơ mo,đầu bò
klõk,cái rốn
tơ kŏi ao,cổ áo
chơwa,mạnh
teo,cái xẻng
tơđrong,sự việc
pơtẽ,quan hệ tình dục
pơ'nhăk,hướng dẫn
lel,lung
hach,tan
amlĕng,mực nước xấp xỉ
'lưng liêm,tốt đẹp
hmo ̆ ng hmo ̆ ng,lấp loáng
pơ chah pơ nhan,bể bát
klek klek,tiếng chim cú kêu
tơchỡp,đánh vẫn chữ
bơ lŭk,dại
hlep,đắn
tơjet,hỏi han dẫn nhau
tơpơr,cuốn bay đi
jüng,đường vòng
tơlõ teh hơgơr,dùi trông
'nhik,cuốc nhỏ
kơdih ơkơu,cá nhân
kuli,lao công
suăn,lên cao
len,ngọt gắt
lai,chữa bệnh
'bă mĭ,cha mẹ
pơ'nah,người thì
sap,nhạt
tơ'me,nuôi dưỡng nhau
ưh hơ kĕ,ốm yếu
lŭ,lăn
tök plôk,rau mọc ven bờ suối ăn được
wă kơ hâr,khuyến khích
ĭng ơ,gió thôi vù vù
bơ̆t bơnăt đak,đắp đập
a la kơ hnam,dưới nhà
chơhoa,tiếng thác đổ
hmăng,yêu cầu
dak tơh,sữa
tiê̆p,tiếp
brot,hên tục
hnok,một loại cây rừng giống như cây dừa
hơnhĭr,hơnhơ̆r
khŭl tơdăm char,tỉnh đoàn
bong tơdra,hòm bia chứng ước
amơng,phớt tỉnh
'bưp,rinh
dông,cháu được về trọng lượng
gơhom,có hình trái soan
kŏi lŏi,bấy nhiêu đó
yă yang,tiên
brỉk brũk,nói chuyện thì thầm
hơbang,băng ca
anhŏng oh pôm mĕ 'bă,anh em ruột
tơhle,chỉ vành nhỏ
kruôĭ 'ngam,cam
'băk,chát
sodrô,rưou ghè
bok pơ gang,thầy thuốc
yă kơsŏng,tép
ưh kơ chơt,không vui
rang trol,hoa bằng lăng
bru,tản mát tú phía
chơke,lúa xà cơn
pơwẽ,làm cong
bõng,giống đực
pơcher,chen nhau
tơ'nglêl,ngồi chễm chệ
tơdôl,luủng lẳng
jĩ,đau
gring dinh,tiếng leng keng 
hơnôi,muộn
kơdinh dunh,con vật thần thoại
kơ'nhiêm,cây họ đậu
phong thu,phòng thủ
tơniẽng,cấi
ẽ,một loại thuốc bùa ngãi
rtf,tiếng nhắc êm dịu
kơ'nhĕt,bịt
mum pơ gar,góc vườn
gơgap,xê
ư̆,ừ
haliau,xanh xao
gơgŭr gơgrăr,xe chạy ào ào
tốl pơtốl,trôi lềnh bềnh trên mặt nước
sơhngơ̆m,dạ
akŏm,thu hoạch
chơkrĭm,cầm
lơ như yơ,khi nào
kơ sơ̆ dơning,chiều mai
kơ'mon,cá bột
tơngiĕt gơ gleng,lạnh lĕo
iŏl,lay
grôl,không khéo
vât liêu,vật liệu
hmăi tam mă,đáng chưa
halin,kiến có cánh đầu xanh hay nâu
toh me ̆,vú mẹ
gưm,trợ
bon kơne,bắp thịt ở cánh tay trên
kơlon,chăm chú
pơ’lũt,nài ép
klep hla ar,dán giấy
rơxeh,cạnh
pơnhroh sơnăm,hoạchnăm
pơto`k,bị hỏng
'nhơ,cái ấy
gơhak,khạc
kơting tơ'bong sơnĕnh,hàm răng
pơchi ,hướng dẫn
chêng,lảo
kơnăk,thuốc nhuộm
chhur,đau lòng
pơ'map,làm phiền hà 
gok,con ve
bơbĭn bơbăn,tiếng láy chỉ đám đông lũ lượt tới
thu thanh,thu thanh
chŏng,cho cào xanh và to
rơbông rơbang,hào
adeh,rãi
jră,chống lại
gô mâng kơgâp,ỷ lại
dĭp,ấn xuống
gloh luôi,vượt quá
lêm,quỷ
hơguat,lêu nghêu
chi wi cha wa,vùng vằng
tơkang,sửa đoạn rượu (nhận lá
tơthă,cúng gieo trồng
kơli,mức
kơdŭng,túi
brich,xí
kơdrưng,cổ thụ
tiu,cứng ngắn
akô,bẫy chim
tơ pên hnam,nền nhà
bơnhol,con tê tê
tham dư,tham dự
‘năr,ngày
kơdrep,đòng ba lưỡi
na ưh lei,tất nhiên
druă,cỏ gấu
pơngơi,du dương
kŭch,sừng quặp
tơjõm,túm lại
yă yai,con yểng
hơlăk,hỏi vặn
jrŭ,cái vực
gơh chhơ̆,mỹ
tah lăm kơdung,bỏ túi
tăr huang,con rắn roi
êng,mênh
kơtir,đan thanh
rơtĕn,tăn
tơlah,chia tay
Phŏ,Phó
hơngo,cây thông
hla long arih,phân xanh
ubnd,ubnd
jul adrêch,gieo trồng
bơlach,nói xấu
pơbŏk,đánh máy chữ
h'mon,sử
hơ'doh,nẩy nở
rơxỡt,kéo giật lại
gơlaih,dài lóng
ty lê,tỷ lệ
hơbăn pơkao,cái váy hoa
'dup 'dêp,bật lên bật xuống
bơbŭk bơbăh,nước mạch phun lên
gôl,hai cột phía trước hiện nhà
along kơtonh,cây dương xỉ
chơgrŏn,chỉ trói quặt tay sau lưng
hiu hiâu,nhìn láo lên trong lòng hoảng hốt
atŏk,tiếp nước
bơnge,các loại thuốc độc
thong nan,đò
tơtổ,hát rung giọng
dơngỡl,gốc
gan,hoàn toàn
'duih,rác rến
hơngơ̆p,đớp mồi
kơlơ̆ng,lừng
bơdung,con thỏ
hmăk hmŭm,hai vật lớn ngồi kề bên nhau
tơpỗ 'băn,kết nghĩa anh em
hơmơ,ngủ mớ
'mem truh luôch,chung thủy
hơnom,một cuốn cá
hngŏ hngĕch,người trời đầu lên mặt nước
bar jĭt,hai mươi sáu
hơjo,cây dâu tằm
ttfrüng,làm cho rụng
hiau,cá siêu
kronh kronh,khóc inh ỏi
phĭn,chup
nak,dốc đứng
chơikrôi,bẩn thỉu và lôi thôi lếch thếch
arih minh hơnih,định cư
mai oh,chị em
tơnhôi,lỗi hẹn
bŏuroi,phao tin
mang,mạng
[pơ'dik,lên
hơnâng,bình đẳng
chêng klêng chang klang,đổ xuống từng mãng
lĕk lŏk,thay đổi bất thường
'ngơn,ngóc
tơ'mơn,đưa cho nhau
kơchi`k,cà chít
klẽ,ẳn
tíơxôm,bùi nhùi
hơ'mô,như nhau
'bit,bênh
tơgong,cẳng chân
dŏ,hứng lấy
atơ̆p,thọc
bơ bôl,thấy mờ mờ
ier,thiến
chơcheh,cời than cho hồng
luâk,hác
hơ'nhĭp,nhắm mắt
lơkah,dư
pơxổng,cây mầm
abơ̆u,một nghìn
tăk,thắc
'blong,đũa
piơn,nhẹ như lông hồng
chơnglom,dụng có đào lỗ làm bằng tre
ler,dế cơm
sơlŭng đak kơamê̆,ao tù
pơprổn,làm cho dạn dĩ
pơdông,nhịn nhục
rơkop,chuối kép
kơnuih,đá mài
achao,cái võng
hơlôl,đây ắp
chơbrai,chỉ râu dài lưa thưa
ưh kơ ană,không mừng
juô jot,buồn bã
klai,bàng
pơgăn,chẹn
li`ng,khư
ră rël,đầu bạc răng long  
aploh,xuôi dòng
kue ,què tần tật
tơkloh,phải màu
kơlih ki kiơ,tại sao
tơgrop,ghép thành đôi
khôch,tiêu xài
wir,biến hoá
rơleh,sụp đổ
hơhưt,gió nhè nhẹ
dõng bơngai ji`,cấp cứu
khăi kơ đĕi,hiếm có
phŭr phăr,tiếng chim vỗ cánh bay phành phạch
nĕ la,đừng làm như vậy
sem kơwơng ,chim công
atrep,ướt sũng
tâm vông,tầm vông
'long unh,củi
hơmih tơ nam jang mir ba,sở nông nghiệp
pla,cắm mốc 
jêp jêp,khập khà khập khễnh
luh,chạy tán loạn
rơrơk,trôi chảy
tơb`ôh,chỉ cho thấy
phep,lễ phép
hlŏ hlŏ to,thấp thoáng
atău,ma
nhai,cây gai
rơlõn,cá bông
ah,khó
ah ha,chỉ sự vui mừng
tơgir,chuyên cần
iĕr tơchoh bă,chọi gà
kơango ̆ enh,nằm khèo
kơ xô̆ jô̆,số đếm
hiĕm nhŭng,cho heo ăn
blong,cào
pă tơđuk,tha thứ
tơxẽr dẽr,trẻ em chơi trò cầu trướt
apă,cá sặc
hơmơy,mày đay
b`ri,cánh rừng
'nhich 'nhuch,nhún lên nhún xuống
tơlôl,chỉ vật lổn lồi ra
kơpŭng,dưa gang
'nhrăng,săn
jên pơm,kinh phí
hling 'bơt đak,chắt nước
dơdring,rừng
drơ̆p,rập chim
đing lem,ông thị muối
kơxôl,bông hoa chuối ở thân le
băyang,thờ
ngal,than
khuyên,khuyến
hu ̆t lê ̆,vứt bỏ
tơxỉ,đổ tháo
'ngŏl,gật đầu
mơ nuih năm kêng,người đi kiện
tơpơk,quật ngã
'bơ,bờ
blĕi,chửi
tin,aăn tin
lomo,đuôi trâu
pơgang rơngơp,thuốc giảm đau
hơlah,bú dừ
kơjing,cây cói
gơmrĭ,dựa vào
blet,ánh sáng yếu lóe ra
tơhlâu,chỉ trỏ
brư̆ kơnĕ ,hung ác
kơrơ̆ng,mùi nồng nặc khó chịu
je,tre
Tơm,thực hiện
tơdêl,rất xa
hơngie`ng,bả vai
pơnhah,say mă
dơbŏm,má đẹp hồng hào
'nhaih,quả ngựa dính
tơm a la chă,nguyên thủy  
tep hlêk,ngủ say
pơglao,mắt dớn dát sợ
'bung,kôn
tơgo ̆ n,lom khom
klăn,ngực bất đầu phát triển
năr dơmuônh kơnh,ngày kia
'nông,bềnh bồng
chu đông,chủ động
kơkưi kơkai,nhiều súc vật
pôl,chói loà
teh chuah ,đất cát
kơ hloi hăt,rộng nhất
rơrơch,thưa thớt
bơdriu,đánh thức
tơdang,tương tự
brang chăm,cây gai lây sợi
nhem,ngắm nghía
'boi,bắt
hmot,im thin thít
dong doi hnam,dãy nhà
Pơnhroh ni,Đặc biệt
bĭ sư kơ trêch,không để bị động
hơlẽnh,dốì
pơjĭp,ăn gian
blŭng,chỉ ánh trăng sáng tỏ
hngĕl,hngĕk
plâu,răng mọc chìa ra
ngôr,ong ruồi
lơm tơdrong pơm,hình thức
kram yai,trúc
kơxô,cái xô đựng nước
go ̆,xoong
'nŭng,gói lại
'nhŏ,vừa
get đak mư ̆ c,lọ mực
kăn hăp,chúng nó
păng,loạn
hơnưal,quá sớm
a xĕch nhŭng,thịt heo
tơwơih,khểu
kơmar,sinh đôi
phŏng,bọng
bâu,có mùi
tơweng,phang
tơnũl,cây sào
mŏch,vụng
tơ 'bôh khan,chỉ thị
hơmrah,dễ dãi
pơgơ̆n,trưởng
chơ gâu,gấu
dung ak,nách
hrĕ,cảm giác ngứa
rơdang,phới
hơ tŏng kau,bẹ cau
tơxoch,số ra
tram,tràm
hơtãng hiơ hiơr,mỏnh dính
achom,múi
'băn,thanh gỗ dệt vải
sơmĕch,con muỗi
đon johngâm mĕ,nghĩa mẹ
ương,ương
amiyô,áo lót
gơh bắt,hiểu
nhar,còn nguyên
brẽch brach,nhiều hàng thẳng tập
jek,nhồi
rơhuỡk,dành dàng
hnhĭp,quên bẵng
pơlôih,cho sạch
tơchro,chìa bắt tay nhau
pơtuah,gièm pha
lă,nhè
tơklă,trúng đích
erih,sống
dang dơ̆ng,tư thế đứng
kieng kiong,tiếng chim nhồng kêu
tơ drơl,mốc
gơni,bình tĩnh
blang,cây gần gai
chơpĕt,thoa bóp
tiêu kưk,tiêu cực
pơnga,một kiểu hoa văn
pơ koih,ngứa
simel,nhòm
tơlang,tỏa
kơ'bŏng,cây sậy
blơ̆n,cây cà hoang
chơgrŏi,chơgrăk chơgra
chơchui,nóng hổi
hgơ̆m,có thể
dôi,tô lớn bằng gỗ hay đất sét
pơlôm hlĕnh,giả dối
khim,bạch
brêm brai,xù
kơso,đở
rơnop,tàu
bữk,tiếng trái cây rơi xuống bịch
tơkeh,hắt bằng cây
pơ'don,phòng bị
tơ'lêp,to bản
'năr adrơu,hôm nay
hau,cưỡi
thũi,ước gì
abrĕn,tê
mir kông,rẫy
găr dăn,một loại song mây
tơhieo,thả trôi
atôi,một vác
karate,karate
score,score
ka hơpă,cá rô phi
hơu hơu,tiếng ồn ào vui vẽ
jĩ kơ ting,đau khớp
dui jơhngâm lap,hì hục
pơguĕl,đòi cho bằng được
jrah hnam tơ̆r hnam,sàn nhà
grê̆,choạng
gơnam dih băl,thù nhau
tơnĕi,cha mẹ phái chồng vợ
hơder,la hét
kioh kioh,tiếng động  đi trong rừng
kơtôm,kỳ đà nhỏ màu xanh
bowgrữ,làm bộ
akăl,lát cá
lăt,lội nước
pük pũk,tiếng tập thuốc
leu,léc
kơmrơ̆ng,rừng già
mâm toh me`,bú mẹ
huyêt du,huyết dụ
hla ja,cỏ gianh
hơgăk hơbong,hai cô gái đẹp và giống nhau
bơgrong,gây mất ngủ
gŏbŭng,nồi đồng
hơgăk hơgr,một đàn
chĕng sơlam,chia ranh giới
'dă hiĕp,sách giáo lý
rơngơi,dịu mát
anglŏ,bình
oe ̆i blo ̆ k,vấn vương
pơ'mổl,món măng chua 
jơnu`m măt trâ`n,đai hội mặt trận
chắ,lằn
ngô̆,ngộ
bơhngir,mùi hôi
kurt ơdrõk,cóc
kó mưt,nghệ
sŭp nhem rơmo,phở   bò
yung,dung
iẽm,các bạn
dỡng,ngay
ngơ̆ng,dốt nát
krop,tiều tuỵ
dôm hla ar,tạp chí
piep piop,méo
agâu,rau
kôih hoh,loại mới nhỏ màu đen
glŭng,bụi bay
ĭ,hoa màu
angiêng,gào
hơyon,cây đon đông xe bò
prut,tiếng dây đứt phựt
pơlĕi pơla,bản làng
jru ̆ m,kim khâu
tơlĕch tơdrong jang,đuổi việc
'dŏng,cong
tơjră,phản đối
trôm sơ lu`ng,đường hầm
kŭ sum,kho
'nôk,bắt đầu biết yêu
chơkreh,khô trụi lá
'jom,bu vào
tơrum,chung một chỗ
Kuyê,Quý
dơdrăp,lại lần nữa
dơjuech,chân tay và mông teo lại
mach,uế
rơpuơn,cây kè
hơdom,nhại
tơtap,cùng nhau vỗ
'ngi,sồn
bum rơ boa,khoai môn
drăm dro,ru rú trong nhà
pơro,ủ cho lên đen 
lĕch tơ a gah,ra ngoài
hơkrôp,khô kéo
jofjö krong,chim ăn cá
chơđeh,miếng
dầu,"""đak dâu ủnh"
tơphă,tai họa
diêng diêu sơmah ơmat,phong tục tập quán
akôih sõk hang,cạo râu
hnam đe mam,nhà trệt
c,c
pơpiăk,lội
phay,con rái cá
tuên kuân,tuyển quân
wi 'ban sa,ŭy ban xă
măr,nhát
jăn,chữa bênh
bŏbah,bắc
tơgăng,chỉ cây lồ lộ
ăn tơdrong pơm,cơ sở cho việc
tham mưu trương,tham mưu trưởng
reu,không con đối
pơkroch,ốm teo
kơnhông,ngọn
chuên,chuyên
hơkôm,hạch hầu
'brăng,con sò
ân,ân
tơnang,áp
glêh glang ,mệt mỏi
klôi,củ rừng 
kơ thơ,thư
hamlen,dẹp lép
anŭl,đùa
hơde,một loại lồ ô nhỏ
kõ,chó
giam,giám
pơhuit,làm chóng mặt
chã,du
dôm ơ̆i,bấy nhiêu
hreng rĕl,cây đậu thấn
hơ tõk ăn,đề cao
kơwêu,chỉ vật cong dài
tơpah,nứt làm đôi
ngoar ngoar,dong dỏng cao
tẽnh,hối thúc
pŭ,cõng
chơnok,rảnh khoét dọc theo thân ná để đặt mũi tên
hôch,bul
ngi ngu,bóng người hay vật trong đêm tối
chrau,cái đơm bằng gai mây cá chui vào mà không ra được
hơnô̆,khoe mạnh
jtf,cây bần
khoa đam iĕng,phó ct
Rĭng,Riêng
rang jơdah,sáng rực
khơ̆i,biến mất
prũm,tiếng tõm
dẽng,đung
kle,loại sóc nhỏ
ret hla ar,căt giấy
ăn tơdrong pơm hơgei,cơ bản
dơmleng,mãi tới
juang,vây quanh
huŏk pơ ŏ,quả xoài
tơdrong hơ amon,huyền thoại
hơbol,đơn vị đo
hơkăngoi,vợ lẽ
Ŭh hnam,Gia đình
pơchrơ ̆ m,làm đại
hơlơ ̆ mơh,xới cơm
awa,cây có hạt làm thuốc ói mửa của dân tộc hla kông và tơlô
kiĕl,nhức nhối
pơđăng,kéo dài
kơdrong,hàng rào 
hâr,háo hức
tơkua,gác chân
'blơ̆n,đẫm
pơkrơt,làm mắc cỡ
rơhô,sún răng
tiêu chuân,tiêu chuẩn
toh,tháo ra
chang keng,cây nẹp hai bên mái nhà tranh
hơmrôi,bọ mắt
bơngoh,phỉnh
chroh,bị tiên chảy
đak hlăng,nước trong vắt
tơglĕ,láy
gu ̆ t,vịn
pơ jôk 'de lôch,đám ma
tiêm,tiêm
pah til,mái nhà rông
drun,bụi rậm
ngơngao,trong veo
bơbe,dê
pơgơng,các chức sắc trong làng
chơ'brơ̆ chơ'bră,vật lớn để bừa bãi trên đất
ơxong,phân công
oĕi tơblang,đang giải thích
'yŏk adrol,mượn
bơlă,lộn
hơnhok,làm ngay
alâng ro ̆,lộng lẫy
apôm,tròn
dang dăk,loại cào cào màu vàng
loan,loan
hyôi,lướt
kne,chuột
kơmŏ,cáu ghét
pơdro tơdrong kâm,buôn lậu
anăn tơngăng,tên thuốc độc
rơ mo tơ no,bò đực
chrôch chrach,rĩ nước
xơh,đốt
adrap,cảm cúm
dreng dơ̆l,hạt cườm có nhiều màu
pơyah,ghê tởm
chơleng geng gong khă ră dă,tiếng cười rộn rã của cô gái
kiêl,vực
sêp hla 'nhem,hái rau
atơ̆l,mức độ
kơ lơ̆p ao,gấu áo
lilia,bằng phảng
prüt prũt,tiếng sột soạt bò ăn cỏ
mililit,mi
along pơ,cây lồ ô
rơwai,đường đánh dấu không cho đi
kênh,kiện tung
bơjay,tranh giành
rơgơi,thông minh
hơngok,uống một hơi
dŭ,trong lòng
gŏ 'dal tih,chảo
thŭ,thuê
pơdung,níu
hrat pơmat tat,khắc nghiệt
klŭk,xịch
nâu,nâu
ăn kơ e,cho mày
mai hông sơn,mai hồng sơn
anăr brĕi,ngày hôm qua
tơkổp,họp mặt gặp nhau
rơđah,nghĩa
tơlăng,tỉnh lại
tơbôp,trang trí sừng trâu
chơgăn,ngăn chia phòng
gral,có hỏi đá
gin,ging
nhŭng hơ kăn,heo nái
chơmăng,ngăm đen
bơ tho khan,bảo ban
'blanh tơhioy,da trắng nõn
hrâng,àm
'yŭ,hoảng hốt
hrŏm,mảnh khảnh
lak,bệnh lác
jăm kơ nê̆,chê xấu
kte,kte
chêr,óng ánh
kơmăt,mật
pơkrôp,ôm nhau
kơhning,khuất
hađĕn,kiễng
hơnhaih,tách ra
pd'mêm,hy sinh
sem klang ,chim diều hâu
dơdeng,keng
mơtơ̆ng ,nếu như
bơnŭng,bánh tẻ
tơbok,một loại nứa
dơduh,rộng
chơng rơng tôl,giàn bí
klĩk,dập
kơxơng,xông vào
'nhit 'nhit,dẻo
hơbŏu,con ốc
tơkhơr,chọc ghẹo nhau
rơlũng,đổ nát
luôch,tử vong
'bu'bũl,tập trung một chỗ
rơm,rừng âm u
pơhơ̆l,nóng nực
hling tra,pha chè
mơ̆r,màu mỡ
axĕn,điều độ
tơ'nhak,lạnh nổi da gà
kuar,xoi lỗ cho rộng thêm
tơnglâp,vung
pơjăng,chống đối
h'mon pơ dơ̆k,tục ngữ
'nôm,tiểu
'bich,nằm
bơbrăng,thẳng n băng
rẽp,con xén tóc
hĭ,ăn đi
hơja,vỗ vào bờ
gro ̆ l tơmo,lăn đá
huăr,cây nẹp hàng rào
kơ lâp,at
'blet nhĕp,ánh sáng nhấp nháy
jung jăng xang răk ra,sa xuống
kơchuĕ,lem luốc
khẽo,khiễng
kơchop hop,khe núi hẹp và sâu
pơhrĕng,phơi khô
tơ'nông,chình ình
'bat,lây bệnh
răm 'băm,khổ thân  ƀôh
bổ,rờ mó
găn gŏ,con cuốn chiếu
adrak,chì
to anguơ̆ hơri,vè
jơ'ngang,ưỡn ngữa
ngach,nguội
bơdia,gọi là
mơnglŏk,đom đóm
khuơ̆ng,trống rỗng
hdang xe hyuh,bến xe
jơhoih,khuôn mặt trái xoan
khơ khâu khơ khau,vóc dáng đẹp
kơ'nơp,ở tạm
pơgơ ̆ r,lãnh đạo
tơ mam gĭt,bảo vật
pơhrŏk,làm tăng sức mạnh
chơkoai,chơkoi
mô,mô
klang kok,cò
năng đe rơ neh,bà đỡ
kơnang,bệ
poh đak dơxĭ,sóng biển
io`k,hốt
plet,nói lảng qua chuyện khác
chă jơluk jơlăk,Sục sạo
ôxi,ôxy
jcfling,bất lịch sự
dum,chín
nơ̆r yan ŏu,nghĩa đen
blơ̆p,lạt lẽo
hlum,bói cá
lôi gôi,làn tóc đẹp gợn sóng của phụ nữ
trao,trào
đăk bơngai tơlăm,cài người
brai tơ yaih,tua
bơbru bơbra,túa ra tứ phía
pơgiơ̆,chia của
pong pong,tiếng gõ vào cây cạch cạch
dô dô,dài thòng lòng
dơ'mơ̆m,chôn xuống một nửa
pơsâu,ốc suối
krơh krơh,cảm giác đau nhói khi lấy giằm gai ra
hrũ,bồi thường
chơ'duh,tấm gỗ dựa
j`ơ dãr,đồng hồ quay
kôm,chờ chực
akơn bơ tho,bục giảng
hơchô̆ 'ba iĕ,lượm lúa
rơbiín,kẽm gai
sơnăm ơ̆u,năm nay
bơgah krong,cửa sông
tợịên,dẫn nhau đi
môch hrơ hrĕng,chìm nghỉm
atơ̆p mã,cho tới khi
tong anễ,ở chính giữa
tăp trôm,chọc lỗ
kơ'bâu,một loại kê
tơ dra kĕch 'bar,dấu ngoặc kép
hăk,mửa
choh jang,sản xuất
chŏng hŏp,hẹp và sâu
hiêm,nhiễm
hơtĭ hơdroi,kẻ trước người sau
tơhriính,vỗ cây me sù sì
pơkeh,nốt
rơngiau,bên họ ngoại
pơkep,ép
pơpi anhui kơne,hun chuột
bơ'blơh bơ'blơh,chỉ tài ăn nói rành rọt
kơpi`t,bấm
'brông 'brang,sặc sỡ
sdđg,lâu dài
oĕi nge,còn thơ dại
phoi,nhét bùi nhùi 
kơlŭp,khăn đội đầu
hơbiu,chỗ lồi ra
tơ'ngõl,tơ'ngõl
ngi,nộm
cheh dŏk,một loại ché
pôk băn,mơ thấy người bệnh hoạn
chơwei,có hình thoi
khul tơm plông,phái đoàn
tơkă tơkôl,bạc phụ  
ging,cắm hoặc chặt cây làm dấu
bơbuỡng,để mở
'brư̆,xấu
chơ'rĕ,cầm trong tay
hơdrom along ŭnh,chất củi
pơlui,phỉnh gạt
brăp,tím
jop,gùi đan mắt cáo để gùi nước hay củi
dyong,phụ nữ
tơkieh,nhỏ con và rách dưới
pơhrơ̆ng,làm ồn ào
'brơ̆u 'brơt,vàng khè
mơhiưch mơhiach,lơ lửng
tơhrổng,bò ăn lúa chỉ còn trơ gốc
rơngŏu,mè trắng
kĭ,kilo
pơma pơ dĭ,cạn lời
ching,cái chiêng
ngang,ngang
đăp,nghiêm trọng
phŭch,dự
chơhnong,rạ
pơth nưih ,mạnh dạn
chro,chìa tay
hnhôk,bài toán dễ
hốt,lừa
'jôp,chạm nút
pơsiêm,bón
bơdrăng,chống
chrah,nhúng
bơbrŏng,chiỉ ánh lửa leo lét
lơlu ̆t,lấn
hmăch,hàng
mă như,nào
hơgăm,ngăn trở
pơdrang,bộ lạc chàm
bơhiao,long lanh
dôm tŏ lăm,mấy phòng
'lak,lột
bơdơi,nghỉ ngơi
li`nh,bộ đội
bĭ trŏ,sai
hung,huýt
kret tơ xen,keo kiệt
gõ mơh,nồi com ị
blep kơ đon,vừa ý
chuăn,gác lại sau
anih waih hngăm,đơn vị đo trọng lượng
hơdai plĕi nâr,đồng nghĩa
dơnol,cây chống
chơdraih,cào làm bằng tre có răng để cào rác rến
lĕch blung,ra đầu tiên
prai bơlah,bún
dŏk,bú
kơsŏ,xó
hrêl hral,nhiều và số kể
hlao,um
đuôi loi,cao bằng
ktam,cua
kuh,cúi đầu chào
aguõt,bọ cạp
amol,trái bói
hrŏng,dứt cơn sốt
đĭkđam,đầy tớ
long jra,nạng
chuơ̆r,nhảy với lên khỏi mặt nước
lăm kơvăl,trong phạm vi
rơwăk,ngôi
ot hơ 'bo,xay ngô
ake krŭ,sừng bò tót
wăng,cái liềm
gơglăp,phức
hơnhuơ̆l,lưới đánh cá
'juat,nghề mộc
anăn,họ
drâng,nhất trí
nu,con người
kơleo,lén
'nhing,sình
pơhrăp,làm thoả mãn
pet,sáp ong màu đen
lơm pơlok,tổ chức
tơnoh,chỗ đó
tơpey,một cục
gơnom,tấm phên phủ trên nóc nhà
pơgĭt,coi trọng
jăi,tràn lan
hao,leo trèo
'biĕt,tía chớp
gơng,cầu nhỏ làm bằng cây bắc qua mương
nhep,từ từ biến mất
ưh kơ năm,không đi
kuơ,băt
hlung đak,dòng nước
apǔng,địa bàn
'brẽk,tiến
drơ̆ng pơm,đồng ý làm
hngĕk hngŏk,vật đứng trơ trơ
pơtoi,tiếp tục
'bay,bảy gang
ưh kơ 'mêm,không thương
pơlêch,cho ra
pơ hrăm ho`k chư,học bổ túc
phơk,bột
hrơ̆ng tơdrăng,cây lúa còn trở gốc rạ
pơxin,làm cho chín
klaih jĭ jăn,khỏi bệnh
ong ong,tiếng sáo điều vi vu
hroi,hroi
'nhrong,luôn
bền,bền
sa mŏk,cúng nhập kho
dơnŏk,bến cảng
ruôih,voi
'năr yơ ơ̆u,hôm nọ
pơre,bất và
heo,lành lạnh
kơtol,đeo vào
hơđŏng atău,cúng ma
'bă rong,bố nuôi
ebiang,phúc âm
kơwŏ,chim cú vọ
aih,chảy nước miếng
lông,cuồn
dơnơ̆r,nấm mồ
roih,chọe
chuih,trui
pơblĕp,huyên thuyên
chơdroi,khác sông có đá
rơiư,cây lá chửa đau răng 
pak,trả lời bốp chát
pơhram,làm rỉ nước
gih,hục
khok,bị mắc cổ
chơkre,chỉ nhánh tỏa ra
glơ̆l,chới với
tuk mŏm,cai sữa
rơtah,đĩa
tơtak,lật lên
chuăl,quấn dây
quy,quy
dơhia,thường ngày
băm,cần uống rượu ngắn và thẳng
dru ̆k,xám
kâm tơrông,cúng nhà rông
ct,ct
breh grăng,khỏe khoắn
'nut,đậy
gơxŏk,đục
minh 'nu ,cô đơn
gơ'nhĕk,uốn éo
'bôt,cồn cát
'bunh 'bơ̆k,khoai lang
ngoy tơngĕch,một đám trẻ nhỏ thấy từ xa
tơkhop,lễ đính hôn
brẽk brök,nói chuyện to nhỏ thân mật
'nguôn akău,núp
tơdrăng,về hướng
pơnuổt,tả lót
prok,con sóc
biêk,cứ
ơxŭng,bệnh thủng
kher,có vị the
bơlai,con bướm
jơne,chiến
'man xe,đỗ
pơwỡr,làm cho quay
arach,cây dầu rái
gơdơ̆m,cây trĩ cột ngang để trét vách nhà
đak dâu ŭnh,dầu hoả
'lơnh,giãy
kơjip,cây thuốc
rơbăng,cái cũi nhốt tù binh
hrĕch,bứt đứt
luôch,cheat
minh jit một,mười một
gô rắp tơmoi,đón khách
tơcheng,duy
kơjôch,trần truồng như nhuộng
biak,vạt đất
kơyoi,đuôi chim
đak pơluk,vũng nước
chuat,nỗi vân
chok dih băl,đấm nhau
ho`nh,hon
tơp lih ao,đổi áo
kơtruh,cái trũ
hayang,nhảy qua
thanh,thành
po'lit,làm cho áy náy
rơyah,thoáng đãng
rơn,đề cập
agrop,ghép đôi
yŭn,theo nhịp
'năk,cắm
mẽ,mẹ
đŏng đeu,quanh co
kơlang tar,váy màu xanh láng
tam mă đĕi,chưa có
'dal,cạn
'lơ̆p 'lang,trẻ măng
abĕn,váy
gơtrah,chảo rang
hling 'bơt,chắt
'dơh hă,không sao đâu
rak,tái
tơjui,chùm lông đuôi xòe ra
bơlŭk,liên
kơđông linh,doanh trại quân đội
atâng brai,khung dệt vải
dơhiar,căng ra
ngơngăi,cũng muốn
kơtih,dở dang
axĭn,nấu ăn
kơmăng,ban đêm
chơklŏm,nhỏ và lõm xuống
anah,cây
tơdrong bơ̆ jang,công trình
thâu,thầu
gô,chờ
anơn,giơ lên
bơbâp,lập cập
'mik,bôi
brỗ,sấm
mŏk lol,tò vò
tơhỉk,giận nhau
'nơ̆k,chèo ngược dòng
dôm tơdra nâr pơma,các dấu câu
'brui,chẳng có gì cả
kiêl tel,chim dòng dọc
pơ'blơ̆ng,nói nhỏ nhẹ
hil hol,nắng chang chang
dơhah,chỉ há nhỏ miệng
'brach,cười duyên
hmang,hay
krơt,ngượng ngịu
mĕ kơ drăng,mẹ chồng
ka tơ ngia,cá rô
kial bơhu`t,dông
kup kơ̆i ,cúi đầu
jün,nhịn
'ba,mạ
pơgrep,chỉ một người hay vật ốm yếu
bâu phu dêh,thơm quá
bôm,mù
rĭh kơ pơma,không nói
kơđunh,chốc
tơ'but,sừng sững
'mi rah rah,mưa rào
kơxơ̆,ban tối
pơtơ̆p pơtho ,bày vẽ
găn tơ drong jĭ,phòng bệnh
jơwing,ngọn tre
hơ'brĕn,nhỏ đều và đẹp
'bơ'bruih,bụi bặm
ưh kơ ai,hèn mọn
sŭp nhem nhũng,phở heo
'dih,trước
sĕch,bắp thịt
pơkơ̆p,kết đôi
kơmlo,câm
jãk,di
gơnhêr,ràn rụa
'binh đinh,bình định
tơhíil,vướng mắc
ding dơng,tiếng cồng chiêng
'băr 'nghieu,dây rừng
pữlpăl,rối chằng chịt 
kơsĕ,màu xanh
pơ yan tô̆,mùa hạ
oĕi sa alơ̆ng,trung hậu
tơjôi,dài thòng  (khi dài
gơhmin,ham
'juơt,vết dơ 
huam,đình
puan,bốn
hseh,ngựa
lưu,lưu
gơp trôm kông,hang động
tơhrơk,bậc
hrôih,ban sớm
dak yâu xăng,xăng
lăm kơche ̆ng,ý
ec,ec
mỡng,thám
nơi,tại chỗ
khul mu reh,nhạc công
pơlĕi,bản
erel,cây đậu khấu
gruơk gruơk,tiếng sôi bụng ột ột
tơgrel,gần đứt
niang,uyển
kơbyich,cái đụt
hmă,canh
kâu,tôi
ai,em ơi
kach,gãi
pơluờ,nịnh hót
ngĕng,cứng đầu
tơvvat,bẹt ra
atăm,thêm vào
bĭ oh k,còn em
kơmuh đak,bọt nước
pơkrê,làm sợ hãi
chi tơbăt ăn,đăng kí
kơxă,chà xát
rơnăk,khí giới
bơling,bịch
anel,đầu nguồn
agăm,thuốc độc 
kơchơ̆t,chỗ bắt đầu lên
luil,dầu nhớt
krem dak toh,kem sữa
tivi,ti vi
tơ drong haioh,chuyện thơ
drŏng,chiếc
kơtĕk,đi vào
hke kpô đe hlôm,tù và
đon tơche ̆ng,ý nghĩ
glah,xòe ra
blôl blôl,thình lình nổi lên trên mặt nước
blôl nhô̆p,chỉ vật lớn trong lên hăp xuống
đak pum dơ,nước thải
grei,bặm ngựa
gơbư,cá phá
kơ'dă,cục
kơtual,bướu cây
bôch,một loại mới nhỏ màu đen hoặc màu trắng
nhơ̆t,nhất
dơduir,loanh quanh
tơrũng,ngồii
tơmo pơgâu,đầu rau
bơ ̆  jang,làm việc
gmp,gmp
pôh hơ'nah,hình tượng kì dị 
along kôr hnam,đòn nóc
tơtrĭn,nề
po’lö,cảm sốt
bơ'dăp,tháo luận
hơhơch,quen mùi
kơkơ,ngập ngừng
Rim sơbăn,Hàng năm
lơmơ̆n,nhão
tơwang,vòng quanh
pơ ten lăng,nhận xét
klĕnh,trốn tránh
krônh krônh,khóc ồ ồ
thong,khe suối
pơlĕnh,khí hậu
gơxuơ̆n,củ từ
kơjap,dặc
bơlô,tĩu
phĕt,phảy
jô̆,rù
brül,chồn lớn
kơblô,phùng
hơnih tơ nơm jang mir 'ba,sở nông ngiệp
bơngaí pơma pơm jang hơle`nh,cáo già
agră,khạng
chro đi,lo toan
rơhui,dềnh
chơkăl,gài then
kơpuah,trái không đậu
dak jâu dak yâu,dầu
kơdră kră teh đak,chủ tịch nước
pơxă,làm cho rộng thêm
hơdruh,đuổi bắt nhau
khôm,còng
oaih,chỉ sự nuối tiếc
mât đô,mật độ
lơm tơring,trên địa bàng
brố,sấp
'biơp 'biơp,nhai ngấu nghiến
rơnŭk,bình yên
hơdrôi,suy giảm
hơ iuh,ướt
tar,chẽn
tơgit,quí trọng nhau
blach,cục xương lòi ra ở cổ
lŭng lăng,hư thân 
rơgôn,cột dính lại với nhau
'leng,rụng
atuch,cuối cùng
chơnglôk chơnglak,íới
hrôp,đôi
kơ đŏng pŭng,cái thúng
rơ̆ng ăn drŏ nglo,gả chồng
'bih,con rắn
it tơ,sát
brõk,đi
buch,nhổ
bơdô̆,trú
khĕi tơ pơxat,cúng tháng
chuar,loại cây có gai
pơrô,trang hoang
sơđơ̆ng,xuyến
hiah hiông,rách toạc
'jơ'jah,dột
huôi,giun
gỗ ngoh,nồi com  nồi canh
chrup,lặn xuống
huoh huĕch,những bầu nước không có nắp
amem,yêu
chơkhot,cao chót vót
ngŏnh,thèm
ting gling^,bộ nhạc tre chuyển động bằng nước
chruơt,thành hàng
gât,cai
khin,gan
đang ‘bô,đảng bộ
hơdrăng,mổ
chuai,hình dáng
bơbrŏk,đi đây đó  đi lang thang
rơ pao,vo
pơnũng,cái đục
hek he ̆ch,xé nát
tam mă pơngot,chưa đói
gơxep,vào
tơglẽch,trật xương
'năr chruh kơ̆l,ngày tết
dơdrău,sáu
kroa,rùa
'bơ̆l krau,tiếng gọi
tơgang,cong đuôi
gơdăp,giẫm
'long tŭl,sào chống bè
dang dŏt,quỳ
gơhlô̆i,ngồi nhìn chăm chăm
anay hâu,cái thán chỉ sự tránh móc
kơ'nhrơ̆ng,đứng nghiêm
hôh hô,tiếng cười ha hả
hatưl,cây rừng có quả chua
oai ah yơ,ở đâu
aneh,số mệnh
kong krot,dế
brõ,đàn dây
hơwưi,vồ lấy
pơnge,nhỏng nhẽo
tôch kơ,xong
'yĕr pdơ̆n kơtăp,gà ấp
Kâp,Cấp
alik,nhễ
meo,mèo
pơlong choh jang,thi đua lao động
rơchũk rơchăk,chen lấn nhau giành
hơ'nhơp,chỉ người lông lá đầy mình
lŭ khŭ,tiếng lạch cạch của gỗ
pơdi,nuôi nấng
ngơp,hoà
tơbô,đáng lẽ
dơhlu,thổi
hơmrơ̆ng,chú ý
nâr pơma keh kong,câu hoàn chỉnh
dơgal 'yŏk,chiếm
hdrom,bành
tơmo,cục đá
huong huĕch,nhiều vật dài và cong
pơdăng,vặt
chêng êng chang ang,khêng khạng
pơtõ na chu`n,đo ruộng
khăm lăng ji`,khám bệnh
tău hoa,tàu hỏa
nhi,chúng tôi
chơgăm,chăm chỉ
ayoi,tịch
gơhêm,ngàu
druai,ngại
khŏ kơpơm,trở ngại
Tơmo,Hòn đá
hiĕng,lo lắng
hyot kơtĕch,rứt
'miêu,bên trái
đon gah ama,tai phải
kom,gom lại một chỗ
tơ'nglel,đâu trần
'blê 'bla,người
thuân,thuần
phat,cây nứa
blông blông,chỉ ngọn lửa cháu tập dùng
khưi khai,nhiều món ăn ngon bầy trên bàn
dơheng,hơ lửa
kơdok,giấu diếm
'bleh,dây loại dây rừng có củ trên dây
pơphoih,làm cho luông công
btftö,ngu dốt
bing,hòn
tơbũk,dìm xuống
nor,cây lúa
tơhao,trèo lên nhau
pru,chụm củi
bŏk,đẽo khoét cây
bơ'blôm,tăng bỗ
meng,g
chơhmŏk,cái muỗng
det,vắt
pruh,phun nước 
tơproch,bị rách te
pơlih,ngữ
pơ'ngơm,ngâm trong nước
chơ'net,nằm có quắp
'jrông,tinh
lơ̆m rim tơdrong,trong các lĩnh vực
bơ'dông,bay bóng
hơpơi,van xin
td'ngam,răng hàm
dôm yơ,mấy
chôih,thử xem
lia,chìa ra
chơchrŭk,chỉ nước đổ xuống ào ào
gôp,tấm vấn giống như chiếc sõng để che mộ
pơya,dưa leo
phươc,phước
lĕk,cù
gơlŭng gơlăng,người đông đảo
brŏ,đan
rơlôh,lở dở
phơu phơu,tiếng hò reo
pơ'lăng pơ'lăi,may mắn một cách tình cờ
alô,a lô
oĕi tŏk bŏk,ớ giữa
hanhŭk,xum xuê tủa xuống
brai trăm pơgăm,vật trang trí cừa
hưch,hò
hơ'ngưi,choáng
gugul,một loại cây có nhựa thơm
drô̆,một mình
'bŏu,giác
guga,thanh long
tuôi,vác
kră pơlĕi,trưởng bản
tơtrok,tham gia
hư,bị hư
bah,sứt
'blonh,táy
giaĭ,có hại
mơmăp,tích
bek đak toh alâng,bụ sữa
pơdơ kla,hoà n trá
hơklŭp,úp xuống
jring,cột cửa
bôn,bắp thịt ở cánh cánh gà
tơplih anih jang sa,du canh
bo,chim nhồi trấu
pơgey,làm chứng
kơdông yang,cây rau trai
chơdeh,món thịt bò băm
kơsep,bứt
brôch,một loại chim như đa đa
tơji,đáng
tợịoh,mổ nhau 
tẽnh lơluẽnh,ngã chổng vó lên trời
rơkuk,chim quốc
hre`p,bí mật
grop,cạn hết
tơ grôn tơgram,gồ ghề
'bar,ba
kơhne,vó cá
tơhũt,mập lùn
chơloh,chọc
blŏl,thình lình xuất hiện
hơpĭng,nọc độc
jĭ bŏ,bệnh quai bị
phơih,theo kịp
hanhŭ hơdang,cây me đất
pơgang kơting đõk,cao khỉ
gơngar,ong ruồi nhỏ
hlŭt,lún xuống
bĕ,hái
pơlẽngjep,chảng hảng
hơngong,tha mồi
lương,lương
atơ̆t,giáp
'ră tơ'ră,rớt
pơhoăng,thả xuống
bơbo`ng,cái bình bầu
'bum,đậu
gơlĕng,cây có hạt nhỏ màu trắng
pơ tơm ăn pơ đĭ,quyết toán
bơ̆,cất
kơmoh,cán cày
gơnĕt,nhét kín lại
lơlok,càu nhàu
hơnglah,ngã
pơlăk,cằn
pơjĭldih,húc
bơdô̆ 'mi,trú mưa
rơlek,mưu tính
pơh'ngial,thoắt
hơ an hao,khung cửi
chu chi,cố gắng hết sức
fir fir,tiếng thanh gỗ đập vào vải phành phạch khi dệt
dân kuân tư vê,dân quân tự vệ
'juơh,thẳng tắp
rơbẽk,tả
rơhău,xui
'dŏr 'dŏr,mạch máu chảy
thiê nghiêm,thí nghiệm
pơranh,ỏng
gơlăr,bộ lạc ở liền đông nam pleiku
mă minh jĭt,thứ mười
'năr brư,ngày xấu
blŏng xễ,ỉ sao hôm
bi ̆ ch tep,nằm ngu ̆
bơyỡng,đi tiểu tiện
tech bơdro,kinh doanh
đe yoh,nít
pơ tŏ hơyuh,nhiệt độ
giông,cây sao
pơnâr măt mêng,cánh bướm
pơgrŭn,lên cơn
hơ'môi,chỉ thoi độ lạnh lùng
akŏi,loại kê địa phương
jĭ chin,cùi
bar ró bô̆u,hai ngàn
'lơ̆t,không biết xấu hổ
kơnhah kơnhơch,thấy thoáng qua
bơnhau bơnhăp,chỉ tung người la ó
jơdri,hoa mai
adruk,nhảy xuống
po'tơn oă plei,kết trái
jap,liên lạc viên
hrah,ben
pơ ma to`xe`,bớt lời
lỡn,đất sét
nhŭnh nhĕnh,vò quần áo
'bleng,ngập nước
pơlao,bãi cát
pơblep,quá tải
jơnglơng,cọc
tơbôl,vật tròn nhỏ
'brẽk 'brẽk,tiếng cây sắp rẫy kêu răng rắc
tơ'long,nâng tầm bắn
yang đak ,thần nước
hơnĭl,trinh nguyên
kâl,tai người
chah,giữ bớt phần dơ của lá tranh
'brữ kơnĕ,xấu xa
anhơi,khoe
sibo ̆ ng,xà phòng
chơlă,không
pơlỡng,cải thiện
kiêng,kiện
bôk bôk,màu xám xám
hŏnh hep,tóp
thư năng kah,nếm
suât,xuất
kơtăp klao bơbe,dái dê
rơhel,làm mãi không xong
hơkap,bầy
chơwê̆,sưng vù
jơnôt,cây ngành ngạnh xanh
pơ'bet,đâm chém nhau
anăk,bay thò
pơjăm,không có bao nhiêu
mơnăk,lao dệt vải
'nhĭk,nhơn
pơgrŭk pơgrăk,tiếng rầm rầm
tyê,tý
lei,làng
nơnŭng,con lươn
'nol,cỡn
rơga,đối đá
kơ'nơl,gót chân
hnam tĕch bơgang,nhà thuốc
kơching dung,bùa nghĩa làm tê liệt kẻ trộm
'blil blol,trò chơi trẻ em
tơvvẽch,chệch hướng
hơ `ngiăng,vai
nơ̆,thoai
kơđoh kram,cái nan tre
lĕi,vậy
an toan,an toàn
ger adrêch,hạt giống
tơdrep,tàn cây nhỏ
thô̆ng,thống
hŭl,đứt
mu pơ xrăm,học sinh
dơxôm,bùi nhùi
hơkŏu,vạt
măt mêng dreng,bướm vàng
phăt,tức bụng
lang tang,mênh mông
'ngen 'ngon,lắc cổ qua lại
'dik 'dôk,lên xuống
lau,bệnh lâu
chơ'ba,cháng cây
Yua noh,Vì vậy
blam,vết bầm
ngut,ngọn núi phía đông
kơđeh tơteh,thấp
'na,chớ
so nglŏng tung yă,ngân hà
mơh ăn bơngai lôch,cơm cúng
niê̆m,niệm
trôm hlŏng đak,cống
sp,sp
hop,họp
păk jang,cây đã chặt đứt gốc
kơpen,cái khố
kơpaih,bông
'bĕp,bép xép
pĭng,biết đâu
pơ lô ch pơđĩ,diệt vong
kơsơ̆ hyưm hyưm,xế chiều
pơ tăm,cấy
tõng,xúc
bơ nuôi hnam,nóc nhà
'lang,măng
nhân iŏk yŏng,nhận chức
bônh,dễ
'blĕk 'blŏk,đổi ý bất thường
chroah,lóc
hơyăt,kẻ địch
chơkho` along,guốc
pôk hla ar,bầu cử
harôt,cơn sốt do bệnh khác gây nên
chơđong,bẫy lớn
'bêl,bộ phận sinh dục nữ
hlơr,trẻo
adrang,đuổi đi
che sut cơ'bang găm,giẻ lau bảng
pơlat,làm mỏng lại
ngơ̆p,ngập
eng,bằng lòng
biay,nói
geh geh goh goh,đủ thứ việc
piơng,lé
druĕi,ngán
pơmil,làm cho giận
rơjơy,qur dùi
hơwih,đi kiếm ăn
hnam pơ nă,nhà tù
püt,vun
chŭp,vốc
wă mă tôm,mãn nguyện
jăr jô,cây hà thủ ô
'bơ'bot,rờ rẫm
bơnăt đak,cái đập nước
gơweu,vểnh môi
pơ nhan mơh,bát cơm
pơ ma hơ lĕnh,bốc phét
'bur,cháy ngầm
prek prẹk,tiếng ỉa chảy
rơmlunh,mập phì
kơpô kŏk,con trâu trắng
kơchom,khe núi hẹp
rơbâu,ngàn
jơblan,đẹp trai
keh ,dê rừng
chơchơ̆t,chơchoh
anhĕng,tị
kơdơ̆u hli,chạy trốn
'bok gah kơdrăng,ông nội
tỉk tõk,tiếng tích tắc của đồng hồ
kơxong,cao và rộng
ĭch kơ pô,phân trâu
rơcứng,sườn đồi
kiel,đít
khen,khèn
to ̆ k io ̆ k,vay
dơgơ̆,gẫy
hla kơ,cờ
abai,ghè có miệng rộng
chom,hóc
thuât,thuật
hơ jŏm 'nhik,rèn cuốc
anhă,cái vó bắt cá
pơ'nglơh,xóa nợ
rơhlơk,phâ't
pơm 'beng 'bŏng,đánh bạc
gơ̆k,rào chung quanh mồ mả
phuk,ôi
ưh kơ ameh,ngao ngán
duit,xanh
pơyuh,nấu sôi
tơlũm wang,bao vây  
đu,ngớ ngẩn
tơ`p li hle,cải tiến
'blep,khít
tơkuăr,ôm vai nhau
ha'nih,thịt đạc
nhaih,rút củi 
hiot,ngay lập tức
kơpăng wang wơch,âm vang
kĭ hla ar tơdrong,ký sắc lệnh
minh 'mang ghih,một lúc
hơnŭk,sung sướng
ktfjül,phịch
gơ̆ng,cột trâu vào cây nêu để giết thịt
'yŏk chơtŭ,vờn
gơnŏm,bùa giải trừ bùa ếm
hơhuel,không có gì hết
chăl,chặt thành khúc ngắn
thơi yan,thời gian
kơjăt,liên hệ tình dục ngoài hôn nhân
chăn,bẫy tập để bắt cá
'dă,đố
plĕi tơneh,quả đu đủ
dơnong,chiều cao
pơtăp,dặn dò
hơleng,loại cây rừng có lá chua ăn được
kơtăp klao,dái
kuan,cái quét
hơkum,đoàn
jang rong,nghề chăn nuôi
rơhrũk rơhrăk,tiếng người hay vật chạy thình thịch
bơngai nưih sơhngơ̆m,dũng sĩ
hanh,mừng
hơpă,cá sắc
nâr tơangla kơdih,chủ ngữ
pơyẽ,làm nhỏ lại
tơhning,che khuất
chơchưi,chỉ mức nước dâng lên
khôn kheŭ,hiền lành
ưh kơrtam băt,bất ngờ
nguyên vât liêu,nguyên vật liệu
hrŭm,rau dền
pưnhôm tơmưt,tập trung vào
song,cho
'biên chi sô̆ gre,biển số xe
chuơ̆k,nhảy vật lên khỏi mặt nước
kotum,tập thể
blŏch,vuốt
hơ ar chih thư,bức thư
deh,bức
ưh kơ trŏ,không đúng
kueng,chặn quanh
pơpơm loeh,giả vờ chết
rơdô rơda,thõng xuống
ken đĕch ,bé nhỏ
rơhõi,lộ hàm răng đẹp
kơtrol,chàng hiu
bro ̆ k tơ hnam,về nhà
guăi,khèo lấy bằng móc
aglăk,nói khích bác
pêng kôt,lễ hiện xuống
chăng hơ,mặc kệ nó
tơxep,ngắt véo nhau
btíxỗ,rủ nhau
kơkŭn,chỉ xếp chân lại
long hơ bo,cây ngô
pơ'de,ung
krôp,bộc
khan,cáo
bling,bùng
pơjrak,chặn lại
chrơp,lạ
towng jơ hngơ̆m,lượng sức
bô̆k klă jal,đi chài
blơ̆t,lì lợm
ka'bâp,giập
ke ̆ t keng,la liệt
pơat,đám hỏi
'băng,bùa ngải
tơrôp,rượt nhau
pơp,tiếng bốp bốp
năm arŏng arong,lùi
hơpo,chiêm bao
nghiên,nghiên
chăt lom,kéo da non
tơ'bă,vừa khi
'mi prăng măng sơđah,mưa thuận gió hòa
tơhlõng,gông mang gông
plai nuih,tim
giâm,giâm
kơ thơ hla ar bơnê,thư chúc mừng
kơ'dum,cái nong
kơ'dơh,bẩy lên
'mĕt,bóp
abŏu,ôc
hơchŭ,đụng phải
klăm klu,tối mịt
bơrơng,dìu dắt
anih wĕi tơdrong bơtho,phòng giáo dục đào tạo
jơûaú dêh,đẩy mạnh
pơhôch,nhân vật hoang đường
bok tho bơr bŏyong,sư sãi
klung,chao
kơlap,mối có cánh
tơbơrtơbăr,vương vãi
tơangot,xát
'blop,liêm
dăn,khụ
phŏng ka,bong bóng cá
kơkŭl,quấn lại
hul,mồ
nơ̆r pơma pơrŏ,ca dao
chơng,dẫn dắt
rơlah,xẻ thịt
rơmuổn,rơmỡn
prăn,đặt bẫy bằng cách đặt mồi
kơ'nĕk,nấc
blah along u`nh,bổ củi
rơpa rơpu,gây phiền phức
bün,đặt ân
pit muh,khẩu trang
bơngai pơm iông,đại ca
hiep,mút
sư̆ anhơl,biết ơn
thơthữt,thơm phức
kơkel,suýt nữa
pơle ̆ i so,làng cu ̆
klang kơt,bù nhìn đuổi chim
tơlur,quyết tâm 
kơbah,thiếu thốn
blar,giải thích
yuô lơnhư,vì sao
kơmlen,tẹt
'long,cái
chơnơng,của gà
pơngo,bắt ai đứng chờ 
wing măt,ngợp
kơ̆i sô̆,cây số
hơwơ̆t,trổ bông
gơ̆t,giữ chặt
kơdren,khoác lác
ayuh,gió lạnh
băch,chặt xiên
trôl,hoả
hmŭm hmăm,ngồi quây quần bên nhau
bơ'joi,nối tiếp
kuăt,ghi tạc
hnih'yok,bưu điện
mơkoh,khó tính
pơjil,húc nhau
bơngai juăt,người quen
tơkơĭ,ghếnh
dơi wơi,dụng cụ cuốn chỉ
tơ hlê,bông hoa
âr,xôn
'ngial,thoăn
lut,tràn vào
pơ'dom,dính bẩn
atô,bầu cắt bớt để đựng mồi câu cá hay đựng gạo
kơjơ̆,sườn núi
tơ'buah,khiến cho tiếc rẻ
rơrữm,tiếng cây lớn ngã 
bĭ lah 'boh,xa lạ
tram xa ,trạm xá
ưh kơ ngeh,hoài nghi
cau,cau
hơwing,bệnh kinh phong
rùk khũk,chan
to'wer tơwei,chăm sóc dẫn nhau
tơlõ,cái dùi
adrach,chăn nuôi
tơm gơgŏnh,lần đầu ticn
tơbroch,rơi vãi
ataih kơ hnam,xa nhà
kơtao,cây mía
rơdố,đi đôi
tơchang,mong mỏi
gơdơ̆u,ẩn
pral,liệt
răm,hư hại
dyŏng,nữ
tơbẽnh,uốn tóc
tơ hưch dih băl,ái an
rơyuh teng neng,rung chuông
hơnuh ŭnh,tro
tak mặt,gọi tên tộc
gieng,nhật
kơtuơ̆l,cục đất
mương,mương
Lơmjơ yâu,Thời gian qua
ade,một loại lồ ô
tơ'yung sŏk,xù lông
'nhăm,heo rừng
đưng rŏng 'nơ̆u,sau đây
Mơu,Nấm
akon,thót
hum đak tơxĭ,tắm biển
hom,hom
tah tai,ngồi thả thông chân  
pŭn,mắn
hơdơ̆r,nhớ lại
kơmôl,mắc cở
'bơ̆t,nắn
chŭng,cùng nhau
pơđăp 'bai pơhrăm,dàn bài
hơtơ̆p,đâm thọc
so ̆ k sop tơ hăng,lông măng
tah rang,san sa chút ít
hơtơih,vấp
pơxuỡt pơxuăt,đi đi lại lại
pel,kiên trì
greh,cào nhẹ để ra hiệu
reh tơ dru,tấu nhạc
jơdroi,chặn khúc sông cạn 
kieo,giắt vào thắt lưng
cheo,khoét
jre`nh,nến
kơ măng mô̆t,buổi tối
kơhuơl,trắng xám
kơluang,trắng bốc
tơja bơluk bơluk,nói lảm nhảm
jŏ,dành
gial,đưa
tơnglăng,tố cáo gian
mingpah,một phần
kơchuh mŭm,ngã chúi mặt xuống đất
kơchuei,xoáy trên đầu
danh muk,danh mục
kông khai,công khai
trom,cái vòi
blĕp,khăng
kơkuĕl,vòi vĩnh
anhang,vang
klang grở ă,đai bàns
trep iõk pham,hút máu
'brơt,khè
anăng,lốì
jang mir minh tơmâng,định canh
jơro,giơ
tơkah,tôn trọng nhau
pơkut,giỗ đan bằng tre
kơnieo,eo lưng
hơyơ̆l,bị rôp
boh boh,bò bò
dôl,cái phao
bơ'blĕnh,con chừng
kơ pen hrô̆p 'năr 'dek,khố mặc ngày thường
đunh đunh,thỉnh thoảng
hiĕp,nuôi
bơĭ lơĭ,đót
tơnut,chấu
'ngơ̆i 'ngơ̆i,dáng đi lững thững
hruôch,dẹt
'nglơch,trọc đầu
blŭeg blong,chỉ bụng ỏng
chĕng iŏk bri,lấy rừng
rơgah,mỗi
kuêh kuêl,nói to tiếng
phăk,giam
phô,phổ
ple ̆i nâr pơma tơ til,liên từ
kơ'ngong,cao khều
plŭt,xuất hiện thình lình
ât,lưỡng
hapha,loại chuối giống chuối lên
goh,một loại chim sẽ đầu có lông đen
blôm,núi (mít
gĭn găr,tiếng chim vỗ cánh vù vù
yan tơ tŏ,ôn đới
hơplăng,cây sả
'brau,lành bẹnh
pơ pơm tep,sự ngủ
lơla,con dán
jơhơih,dốc thẳng đứng
hua huăi,nghe loáng thoáng
suang rơmuăn,múa mềm mại
oĕi pơma dih băl,đàm thoại
thôn,thôn
kôih,cạo
chêng klŏng,chiêng cải tiến
hnhơ,xúm
hơpluch,lời lãi
rak muh măt,tái mặt
sơangol,tang
blưnhip,lấp bóng
jăp,túm
cươm,cườm
jơmech,dọn dẹp
ka đak tơxi`,cá biển
hơkăl,huyệt
pơtôch,kết thúc
grih,nhiều
hơnihjangtih,điền
hmĕk,lại mặt
khoa hnam trưng,hiệu trưởng
‘long pơtăm,cây trồng
bă kơ drăng,cha chồng
kli,môn rùng
bơng,máng gỗ
hơmray,chỉ ăn mặc rách rưới
hla du,dù
'nŏk,cụt
buluch,một bãi nhỏ
chrĕ,võn vẹn
adoi,cũng
gơlơ̆p,lấp đầy
bơlang kai,chích chòe
tơmoi,khách
joy,hươu
tơpeng,xo nhau
bơngai kră ŭnh,người chủ
chem,bò húc đất
iĕr bri,con gà rừng
hơnglao,nấc thang
¡,ba đời
pơm sa,làm ăn
gơ'dươ̆ng,sạn thận
kol,thất nút dây
pdơnang,tiêu
hiak,chụp lấy
lit,hốt hoảng khiếp đảm
rơngăt,chết lúc mới lọt lòng
gơgoh,trợn mắt nhìn
phanh,cướp cò
pơtit,bị chai
klan,sên nước
chrâu,hoa ra
hiơh,bén lửa nhanh
hơwin,cứng lòng tin
bơbeh,làm cho quen
hiơ,dụng có kéo sợi
pơxẽnh,gây chuyện
tơhlu,hà
axxong pơm 'bar,chia đôi
kơnơn,nền
lơluĕnh,không còn gì trong nhà
phôrn,đánh rắm
kơtuah,quát
rang reh,lỗ nhỏ chưa ở vách
chĕp lơ̆m 'don,thuộc lòng
groak,tiếng sôi bụng
hroĕk tơhrĕk,xếp hàng nối đuôi nhau
hơ'brưt,chỉ trộn lẫn
hayơnh,đói lả
bơhoai,giải thoát
hno`ng,khuôn
angŏi,bổ hóng
thâi,dược
hơnel,đầu tiên
lĕl,âm vật
jơjỡng,rước kiệu
chrĕng,vọng
rơhal,niềm nở
chĕn,cái ly
đak dơxĭ ân đô,ấn độ dương
ploh tơ 'yung,lệnh
hơ jŏm săng,rèn dao
giaih,sét
brol,nghẹn
mơnuih mu cham,người khơme
hơlŭng,hố
anih kơdră bơtho pơjing,bộ giáo dục
chơbĭ,túi xách
duch pơ tho,cô giáo
kơdrâu,lá suốt cá
tơhut,lõm vào
hơkâu,đầu tiên đầu mùa
diê̆,vẹt
sem kơtơp ,chim cu
kơtiêng,hè
kơni,đàn dân tộc
'nhrui,tùm
guam,cảm giác hơi tê tê ở hàm
pơjô̆,cây rui
sơmaih,cầu cứu
tơ lĕi tân,dây lưng
pha jrai,một loại chuối chua
hơhul,cáu gắt
drău,bảy
'biêu,biểu
tơkangõ,đầu rau
kơlơ̆ng hơ̆ng,ong vò vẽ
toi thiêu,tối thiểu
'bạ,lúa
drakan'ie,cô bé
gơglŏng,chỉ lửa nhỏ
jueng,tránh đường
black,yết hầu
huek,nhớ nhung
an toan đô xa,attp
chơ'beh,khêu
thuôk kơ'ne,bả chuột
dui dih bơl,dìu nhau
lôl,bềnh
mơyang,thiên thần
'brĕng,cảm giác
por tơyông,xôi
hlong,tỏ
dơbeh,gạt
brâk,mủi lòng
'joi,liên tiếp
thơĭ,thời
gơnar,con sùng
kơrĕt,ghẻ lở
brẽk,mới lú kim ơleia
lŭk lĭk,chưa biết cách sử dụng
hơ anơ̆r praih,thức tỉnh
gơleng,liếc mắt nhìn
chui,phì
pơ'blep,làm vừa lòng
gung geng,hất hay xô đẩy bằng cùi chỏ
glơi,bơi
doan,người có uy
pơhŏnh,làm héo
rôm,gầm nhà sần
dơ dui ̆ nh,loay hoay
poh yă tih,sóng thần
pơxruh,cắt bớt
bum blang,mì
pŏp,nấm hạt mít
pơtổt,chắn lại đi
'dung,lâu
aă,cho uống
đak toh rơmo,sữa bò
povat,đŭ bữa nay
bơplênh,nguy hiểm
tơngăm,quan trọng
hơlen,chi li
lu ayăt,kẻ thù
wơvit,vùn vụt
tơnăng xa,bắt cá
lơ̆m tơring tinh,trên địa bàn tỉnh
jal,chài
bowling,muốn
pơdoh,cái nôi
tơnỗ,gan dạ
kơ kuh kơ mih,chào bác
tap,tát
cham ngôi sok iĕr,sân cầu lông
chiêng,chiêng
wĕi tơ to,ở kia
jơnuat,joaih
'brônh,ri
apih,đổi
ao do dui ti tai,áo thun tay dài
ak,ác
'nhŭ hla kai,dưa
'nhon,khoeo
achăm,giòn
'bak,làm dấu
tơgai,đính hôn
bui,nhộn
hơmŏl,khúc củi
pơgit,dạy dỗ
bơhnar,ba na
hơmanh,tức giùm
'dŏk,gì
pơchẽ,giả tạo
vât tư,vật tư
bơxữ,di lại của cải thưa kơ
jơdrap,cái thuổng
lŏk,con đom đóm
Yam Đôk,Giám Đốc
hyôk,hài
liêm,dáng
phĭ,phí
kơjach,lấy đà nhảy
hơkă,cái gùi
kơnhrao,cao lêu đêu
tơrăi,bung ra
drĭ,xê dịch
pơtĕp,lồng ghép
hoăi,đáng kiếm
hơtư̆,nhận làm
tơglăng,nằm lăn lộn
chĕch,chỉ mực nước bất đầu dâng lên
kơkuh hưch hanh,chào mừng
mon dră kăn,cháu gái
bơlăm,bàn tán
hâ̆u,hậu
hrŭm jĕl,rau đền không gai
gơ'ngŏnh,cúi gầm mặt
kon kông,dân tộc thiểu số
ei,như
tơhoah,sứt mẻ  
hẽng,loét
tơting,thúc
sư̆ amăn,tích trữ
hơbĕr,mách lẻo
kơchôp rơ mo,móng bò
tơpu,ổ
'bunh,đơn
rd'mei,rách rưới
chơ choh kơ ting,băm xương
chơnoi,ống đựng lúa trỉa
pŏk,chân móng
hrih chrang,cao giọng hát
hiar,trải sa
bơ̆ng hơ gơ̆r,dùi trống
ưh kơ klaih,không thoát
'dông,nổi
năr kiơ̆ kơkhĕi,âm lịch
yak,bước đi
kŏ jong,mai mối
kơ pơ̆ng,trên
kơtua,cây cầu
'bơr,miệng
pơu pao,tiếng nổ lốp đốp của lồ ô
ple ̆ i tơdăm,làng thanh niên
'brơk,đấy
khẽi,mặt trăng
tơglơh,sụp đổ  đi 
chă druh,đuổi
gơ'nhrơ̆ng,đứng thẳng trong tư thế nghiên
dră drang,bề bộn
tem kơthơ,tem
gơ̆l,choai
pơrơih,kén ăn
khu`l tơdăm apung,huyện đoàn
kơ dô̆ xoang,biểu diễn nghệ thuật
đe hơ 'yoh,con nít
thơ thŭt thơ thăt,nườm nượp
ngôi ngơ ̆r,vui đùa
tê̆,quái
kơbơ̆p,giập bễ
yuh,hơi nóng
anong măng,khuya
hơret,xiết
bơblĕnh,chừng
kơpal,bề mặt
dă,khá
ttf'mlêk,vết sẹo
ttfchrâ,rọi đèn vào nhau
rơđõ rơđặch,tiếng rộn rang
tơjot,đua
mãk,đắt
pơtơng,viễn thị
lăp jơhngơ ̆ m,vừa lòng
'ngưk,rầy
thũng,đại bác
hatăl,chồng chất lên nhau
pray,quan hệ tình dục bất chính
pơra,đóng góp
ahơ̆m,được
rơhau,xong xuôi
'bloy 'bloy,khói thuốc phì phà
ao khŏublŏng,áo dài tay
'lŭp 'lăp,tiếng vỗ cánh phành phạch
ơi piêu,chủ trương
ĕnh,tự chủ
chuĕch,chớp lấy
jơrông keo,sâu keo
rd'nhai,tươm
muh,cằm
tơhlap,kẽ tay chân
phĭ tơ nŏ,ấm no
têm brêm,thùng thình nhiều tua
pơjĕ,làm cho gần lại
kơ̆ch,hớt
prôk,chua lòm
jơgrôn,u lên
păng păng,tiếng súng nổ đì đùng
hơnih bơ tho,sở giáo dục đào tạo
tđhlũp,tóc ngắn
hnhŭm,tụ tập lại
hmŭm,quây
tơ'ngăk tơ'ngũl,chỉ hai người lớn đứng hay ngồi bệt
wă jê ̆,xấp xỉ
hniê̆,chen
‘lỡng,phẩm
anguaih,dọn sạch
dơyô,mau lớn
tơ'bat,lây nhiễm
gơ'bal,ắp
to bluch kơting,rục xương
konkon,nàonào
huăì,moi ruột
ahrai,bây giờ
hrăt hrot dêh,bận lam
le ̆ch đơ ̆ ng kho,xuất kho
tanh tơmar,phên
tơngih,tơngeh
krĕo kơ pô,thiến trâu
ngŏ,ngước
hlôh hlăk,khôn lớn
pỡr yỡr,chạy một mạch
tơprẽl,rụng hạt
phao kơ tuang,súng ống
phaih,công điện
bơngai kơpal the,nhân gian
prẽ,lênh
gơ'dơ̆m,có tài thuyết phục
arŏ,cỏi
pül,bệnh sưng tử cung
dôm,bao
hla plăng,sả
grô̆,vỡ gốc
kơbiok,cuốc chim
'jồ krong,chim bói cá
dơhlŭp,búp
kai,chòe
pơkưh,giao phó hết của cải 
brẽch,hoang dại
tơ̆k bơ̆k krong,lòng sông
teh brữ,đất cằn
kâuvah,lưỡi câu
tơ'blêk,loang
pă gơh jing,đồi bại
bla,tấm tranh gấp đôi
lơgâu,me
gu,tụi
phiang,mau lẹ
kuek,diêm
prêh,bể nát
ŭnh xa măt,địa ngục
kõt,mèn
pơdrưh,điềm báo
tơphẽch,bẻ nhỏ
d krang mang yang,đèo mang yang
hơmoh,chỗ đặt đơm
ptfwing,gây chóng mặt
kiep kiep,tiếng chíp chíp gà
blô,lô
kơteu,có chửa
jut,cây le
tơket,bóp cổ nhau
kơlor,nhợt nhạt
hla ar ăn bơngai lôch,khai tử
'brỡt,xù xì
phương,phương
rơmo kon păng rơrno yõng,bò cho con bú
hiâu,lớp mỡ nổi trên bề mặt
hatơ̆m,nguyền của
krơ̆u,khô cuốn lại
rơkak rơkẽch,tiếng chó cắn nhau ăng ẳng
pơwao,giải thích rõ
trŏk,quyển
trĩn,ạch
pơxe,mỉa mai
pơ'nep,bốc lột 
pơgrŏng,mất dạy
chŭn,chỗ sông uốn khúc
gơhôih,thở dài
pơnăt,cánh mũi tên
tra,chè
phỗ`i,phôi
chơ'ngăk chơ'ngưt,nhiều vật nổi rõ trên bề mặt
phuih,phục suống
'bap,máy
chŭ chă,con thần lần
ơpă,tận mắt
ngôi dang tŏ,sưởi nắng
gre pi ̆ t u ̆nh,xe cứu hoả
hia hyôi,dài thồng lòng
pơngũr,nung đỏ bắt
hat,hát
pơxỗ,làm cho sạch
nôp pang,loại rắn có đầu nâu
phiê̆u,phiếu
chră,soi
jơhnai,đà
pơgo`u,cái kiềng
kơchă,luốc
pit,chuối
rd'müt,bậm
drŏ nglo drŏ kăn,nam nữ
grang grach,cào cào xanh hay nâu
rơkhũk,lởm
kiok kiok,tiếng gà kêu quang quác
'nhĕl,thọt
gơxar,ảo giác
bơkuh,bệnh lỡ loét lưỡi
gơdung,xuống
pơham,cây chay
nhơ̆k,ma nước
blel blel,ngọn lửa nhỏ
hih,tiếng trả lời
pơnhuôi,con trút
aseh,con ngựa
'dŭr 'dŭr,tiếng chân chạy rầm rần trên sàn
gŭt hră,lên dây ná
doh,đan long mốt
sơngah,thề
mâu,mẫu
kơhôp,cái hộp
gưp gưp,càng ngày càng
glăn,mỏi
tơguam,phục vụ
năm chă ,tìm kiếm
pơnổ,vàng nguyên chất
ah kơ xơ,hoàng hôn
axŏm,quen nhau
wưch,loáng thoáng
hrul hnam,vắng nhà
gơnum,vành bẻ gập
gơlong,lon
'năr kơnă kơnơ̆l,ngày hội
charchuơh,sa mạc
jrnh,sàn
tơbleh,toét ra
tacak,dừa
rơgep,gắp cho nhau
hơyol,chót vót
ưh kơ mơ̆t,khuât phục
rai ie` ie`ch,càng ít
sa pơ ghe,ăn sáng
chơlau,buồn rầu
nơ̆r tơblang,từ giải nghĩa
hơlôh,lối
dơ'ngôl,chỉ người lớn đang ngồi chờ một mình
iĕm, các anh
gơgrĭk,tiếng ù ù trong tai
râng,gã
pơtôk,phỏng
pơm tơjul,hạn chế
'nâu,đây
'nhăk,đem theo
toi noh,Đồng thời
ưh kơ đah,không mọc
hiak hiak,bị lao
duĭnh,quay
apinh sa ,ăn xin
tơprang,đuổi con vật đi xa
rơblễ,rơblă
ĭn ĭn,ỉn
plŏng kơ jung,nhảy cao
nhek,nghe thấu đáo
tơdũl,lủng lẳng 
prốm,rơi tõm
rơtêh,cây rừng
ake mĭm,sừng tê giác
pơgloh la,nhất là
tơgrên,gầy đét (vật lớn
'dot 'dot,chỉ thở thoi thóp
hiơp,liệm dần
krong,con sông
pơlom,loại mốì trắng
glĕch,cây có hạt nhỏ màu trắng  dùng để trang điểm trên liền khi
brơu brơt,vàng thẫm
truh tơ pơlĕi,đến làng
ttf'ngül,không nhúc nhích
rơyông,cao và đẹp
blôt,lửa phừng phực
kuôt,chuyên môn
'bao,bào
jơk bli ̆ k,xanh ngát
găm hloh,đen hơn cả
gong gong,bầu xanh xắn
rơdũk rơdăk,tiếng trái cây rơi bịch
'dơ̆r,đạp
pơal,vịn cớ
vai,nhện
pơlăm,chim rau rất
ư ang rơgĕi,anh minh
dren,con lậy
tui,cộ
duk,bến
pơm adrung,thiết kế
tơtĭnh,luận ra
hơdrông,dâng cao
bơxat,mả
tơnglèp,giẻ lau
chãl,hiện
tơ angla wơr thŏng iŏk hơmet,thu thuỷ
kông lôk tih bât đak dơxĭ,quần đảo
ki kơ jăp,ki kết
brơ̆k,thương hại
lơmek,mà
rơhuẽ,tuyệt
đơt,đợt
rơxũt,hoàn lại
pre,chuẩn
akâo,bỏng
tơdrong kơnê ̆,lêu lổng
ih hih,tiếng dùng ở mệnh lệnh
đĕi anat,có trở lại
Pơtho khan,Hướng dẫn
lẽnh,trá
tơkol,bao phơ
bơtho,dạy
ttfjang^ttöhläk^,bận bịu
pơloih,cho trọc
arônh,bừng
khơ̆p,cập
'ngĭl 'ngŭl,ngủ gà ngủ gật
tep 'lep,lược qua lược lại
sring srung,chuồn chuồn
joaih,khôn ngoan
chơ'mronh,e dè
ttfrot,đau lan
pơrĕng,dọc
achơ̆t,dứt
hơtŏk,chuyền
kơ'nhăm xơ̆k,cái búi tóc
kơyak kơyoi,đuôi dài
chơdŭ,loại chuối có trái kép
teh đak,đất nước
đak xăng gre,xăng xe
tơbiơm ah yong,nằm xoài trên dường
tơtông,cướp
kơchŏ,người quá cố
chrĭk chrŭk,tiếng chày giã gạo thình thịch
chơvơ,láng cháng
kâl kon bơngai,dân số
tơtơng,chuyền cho nhau
ông rơ,khóc hu hu
chrông,khâu
khâu,khẩu
tơgleh,chơi kéo ngắn tay
