Bahnaric,Vietnamese
huĕn,ả
'ba,mạ
alô,a lô
ak,ác
'bah jơhah,mệt hết hơi
'bak,làm dấu
kơ,ách
gŏ che,ấm
'bang,mâm gỗ
'bao,bào
'bap 'bap,mấp máy môi
'bar,ba
'bat,lây bệnh
'bau,bảo
'bay,bảy gang
'beh,làm quen
'bel,cố gắng làm nhưng không được
'ben,kỹ lượng
'bep,mấp
'ber,đặc
'bet,diệt
'bia,mượt mà
'biah,bằng phẳng
'biap 'biap,nhai nhóp nhép
'biau,không để lại vết sẹo
'bich,nằm
'bich 'buch,tủm tỉm cười
'biep,đúng mọc
'bih,con rắn
'bih klan,trăn
'bit,bênh
'bitì,cháy
'biêh,khéo
'biêt,bĩu môi
'biê̆,hiếm
'biê̆ loi,kém
'biĕr,ăn khít với nhau
'biĕt,tía chớp
'biơp 'biơp,nhai ngấu nghiến
'biơ̆,hơn
'biữ,cao
'biữ 'biữ,từ từ dâng cao 
'blach lơlia 'blia lơ liau,bằng phẳng mênh mông
'blach lơliau,đất trống
'blang kua,cây gòn gai đỏ
'blanh,trắng
'blanh tơhioy,da trắng nõn
'bleh,dây loại dây rừng có củ trên dây
'blek,quét lửa thể sơ
'bleng,ngập nước
hiôm,ẩm
'blep,khít
'blet 'blet,ánh sáng lập lòe
'blet nhĕp,ánh sáng nhấp nháy
'blia,bằng
'bliah,thanh
'bliau,trời mênh mông
'blil blol,trò chơi trẻ em
'bling,nhấp
'blip,lóe sáng
'blit 'blat,ánh sáng lớn lóe lên
'bliêng,lác
'blo,tự kiếm
'bloi 'bloi,lên mặt nước thở
'bloih,tụt
'blon,thẳng đuột
'blong hơ'blong,vật thon dài
'blonh,táy
'blop,liêm
'bloy 'bloy,khói thuốc phì phà
'bluich,trốn việc
'blut,buồn
'blêt,mở mắt
'blêu 'blao,cỏ nhiều này đặc
'blê̆ 'blă,vật lớn đi đi lại lại
'blôk,quay lại nhìn
'blông 'blang,nước lụt tràn ngập
'blôp,che kín
'blăn,bỡn
'blĕk,mãi
'blĕk 'blŏk,đổi ý bất thường
'blĕng,một loại ghè
'blĕt,nháy
'blĭt 'blĭt,ngỡ ngàng
'blŏch 'bom,quệt
'blŏk,nhắc nhớ
'blŏng,dài
năr kiơ̆ kơkhĕi,âm lịch
'blŏ̆k ling lang,thao thức
'blŭk 'blŭk,tiếng nước chảy ùng ục
'blơch 'blach,vùng nước ngập
'blơr,láo
brống,âm thanh
'blơ̆n,đẫm
'blơ̆t 'blơ̆t,nháy mắt
kơpăng wang wơch,âm vang
'bo,thôi
'boch,nhân
'boh,hiện ra
lĕl,âm vật
'boi,bắt
an,an
'bok,bok
'bok bul,nhân vật hoang đường sống trong rừng
'bok kla kơđong,báo
'bok kla pơhum,con hổ
'bom,bị bệnh
'bon,may mắn
pơiăp,án
'bot,mò
'bra,rực
'brach,cười duyên
'brah,ít
'brak,lắm
pơlôch,án mạng
an ninh,an ninh
'brang,sỡ
'brau,lành bẹnh
'bre rơhẽm,bé mới sinh
'breh,giận dữ hết sức 
'brenh 'bronh,rằn ri nhiều màu
'nhŏng,anh
'bri,đỏ
'brih,râm
'brinh,vần
'brit 'brut,rắn trườn nhẹ nhàng
'bro,khàn khàn
'broch,ỉa són
'bruch,hé môi cười
'brui,chẳng có gì cả
'brut,chỉ con rắn uốn mình trướn đi
'bruơh,thẳng băng
'bruơk,tiếng xoạt
'bruơng,da hồng hào
'brâu,hồng hào
'brêh,đẩm
'brêk,vô
'brôk,lôm
'brôk 'brôl,lan ben
'brôm,gầm sàn
'brông,sặc
'brônh,ri
'brõi 'brỗi,từ từ bò đi
'brüh ’brah,vết nổi
'brăk 'brăl,chỉ khoang đen trắng
'brĕl,phộng
'brũch 'brũch,sột soạt
'brũk 'brăk,răng rắc
'brũng 'brăng,ánh sáng hồng
'brơh,hãm hại
'brơk,đấy
'brơt,khè
'brơ̆u,màu vàng
'brư̆,xấu
'brẽk,tiến
'brẽk 'brẽk,tiếng cây sắp rẫy kêu răng rắc
'brẽl,'brẽch
'brẽl 'brẽch,có hạt nhỏ
'brẽt,tiến bộ 
'brổk 'brỡl,có khoang đen trắng
'brỡk,chạnh lòng
'brỡm,mũi tên
'brỡt,xù xì
'brữt 'mrũt,pực pực
'bu,chồi non 
'bu'bũl,tập trung một chỗ
'buah,tiếc rẻ
'buch,cười
'buh,nung
'bui,bùi
'buih,men
'buihxik,men rượu
'bum,đậu
brêng,ánh
'bum hla 'bơi,bắp cải
'bung,kôn
'bur,cháy ngầm
'but,bắt chước
'buâ,loại kiếm của người lào
'buăn,cúng thần
'byỡt,láng bóng
'bâu,thơm
'bêl,bộ phận sinh dục nữ
'bêt,mếu mó  
'bêy,cải
'bíỉk 'brăk 'brũk,gãy
'bông,giỏ mồm
'bônh,bện
'bônh tơlăi,bện dây thừng
'bôt,cồn cát
bơngai,ảnh
'bă,sực nhớ
'băi,ra
'băk,chát
'băn,thanh gỗ dệt vải
'băng,bùa ngải
'băr,lá mồng tơi
'băr 'nghieu,dây rừng
'băr gõ,xoay
'băt,mặn
anho`ng mai pôm b`ă me`,anh chị
'bĕ,be
'bĕ 'bĕ,be be
'bĕng,đánh
'bĕnh,đầy
'bĕp,bép xép
'bĕr,bép
'bŏ,có
anho`ng oh pôm b`ă me`,anh em
'bŏk,giản
'bŏl,cả
'bŏng,dã
'bŏng 'boch,con dã nhân
'bũ,chôn cất người chết
'bŭ,chôn
'bơ'banh,đúc
'bơ'bel,quịt nợ
'bơ'blep,sắp lặn
'bơ'blet,chỉ ánh sáng bất đầu tỏa rạng
'bơ'blut,lớn nhanh
'bơ'blĕk,lạnh ngắt
'bơ'blĕt,traần trọc
'bơ'bot,rờ rẫm
gop 'băn,anh em cọc chèo
'bơ'breh 'bơ'brĕk,nhiều bọ nhỏ bò trên mình
'bơ'broy,chỉ trâu
'bơ'brui,chẳng có thứ gì
'bơ'brêk 'bơ'brak,nhiều vô số kể
'bơ'brŏ,không có đồ ăn
'bơ'bŭl 'bơ'băl,chỉ nhiều người hay vật tập trung một chữ
'bơ'bôh,thấy
'bơ'bơnh,đông
'bơblut,buồn ñôn
'bơblâu 'bơblĕng,không thấy nước
'bơi,bời
anhŏng oh pôm yă 'bŏk,anh em thúc bá
'bơm,lây
'bơp,há miệng 
'bơp 'bơp,miệng nói mà không làm
'bơt,hụt
mơng kơtang,anh hùng
mi,anh nuôi
'bơ̆i bơhnar,tiếng ba na
'bơ̆l,lại
ang,ánh sáng
'bău,ao
'bơ̆l đon,tính
'bơ̆t,nắn
bơ̆t,uốn
'bưch,tùy hứng
'bưi,ngầm
'bưp,rinh
'bươ,bừa
'dah,nảy mầm
'dal,cạn
'dam,chính xác
'dang,ngữa
'dao,kiếm
'dar,thanh ngang chận 
'dat 'dat,người hay đi lại
'deh,lách
'deh pơ'deh,thao thức suốt đêm
'deu,queo
'dih,trước
'dik,nâng lên
'dik 'dôk,lên xuống
'dim,chưa
'ding,ống tre nứa
'ding but,nhạc cụ 
'doh,nổ
'dom,dính vào
'don,lòng trí
au,áo
'dong,dái loài vật
'dop,cụp
'dot 'dot,chỉ thở thoi thóp
'dung,lâu
'dup,cụp xuống
'dup 'dêp,bật lên bật xuống
'dut,chỉ
'duơ̆t,nhổ lên
ao kơ jung,áo dài
'dêl 'dăi,giống như trước
'dôl,bộ phận sinh dục
'dôn,thêm nữa
'dông,nổi
'dôp kơ'dôp,đi khom lưng
'dô̆,xin thường 
'dô̆r,khệ
gơxar,ảo giác
'dă,đố
'dă hiĕp,sách giáo lý
'dăo,đáng kiếp
'dĭ,hết
'dĭ 'dĭ,cùng có nhau
'dĭch,người nô lệ
amiyô,áo lót
'dŏk,gì
'dŏl,nhô lên
'dŏng,cong
'dŏr 'dŏr,mạch máu chảy
'dŏt,nhổ ra
'dŭi kơ'dŭi,cong lưng chạy
'dŭk,thình
'dŭk 'dŭk,tiếng mạch nhảy
'dŭm,loại thuốc lá có lá bầu
'dŭr,tùng
'dŭr 'dŭr,tiếng chân chạy rầm rần trên sàn
'dơh hă,không sao đâu
'dơk,đu
'dơ̆m,choáng váng
'dơ̆ng,đứng
'dơ̆p,râm ran
'dơ̆r,đạp
'dơ̆t,bít lỗ
'hnhoi,nhìn
ao hơgăh,áo sơ mi
'iok,lấy
'iĕ,nho
'iŭ,sợ
'jih 'jih,mưa rỉ rả
'joh 'joh,chảy nước miếng khi thèm ăn gì
'joi,liên tiếp
'jom,bu vào
'jrang,ỏi
'jrep,hút
'jring,ầm
'jrõk,chim bìm bịp
'jrüng,nghiện rượu
'jrăi,chửi thề
'jrỡch 'jrăch,chỉ nhiều hàng thẳng tắp
'ju,sấy khô
'juah,hết sạch
'juat,nghề mộc
'jue,thật thà
'juit ' juat,đen khịt
'jul 'jal,nhảy thoăn thoắt
'juơh,thẳng tắp
'juơk,vây bẩn
'juơt,vết dơ 
'jíing 'jrăng,tiếng chiêng trông hỗn hợp
'jôp,chạm nút
'jôr,ốm còi
'jơ'jah,dột
'jơ'jih,mưa rỉ ra
'jơjih,bị
'jồ krong,chim bói cá
'la,bị oan
'lak,lột
sơlŭng đak kơamê̆,ao tù
'leh,mắc bẫy
'leng,rụng
'nơ̆m,ấp
'long,cái
'long adê,vầu
b,b
'long blang,cây bông gòn
drăkăn,bà
'long kafê,cây cà phê
'long kosu,cây cao su
'long kăi,cày
'long trang,lau
'long tŏt,trâm
'long tŭl,sào chống bè
'nhă,bã
'longtôh,dùi
'luih,lọi
'luĕl 'luĕl,nghe nguồn đuôi
'luĭl 'luĭl,ngoe nguẩy đuôi
'lêp 'lêp,dáng chim vỗ cánh bay
'lêu 'lêu,chỉ khi nói kèm theo điệu bộ
'lôi,ngủi
'lăn,thinh lặng
'lĕl 'lĕl,dáng chim vỗ cánh nhẹ
'lĕp,nhơ
'lĕp 'lĕp,dáng chim vỗ cánh
'lŭp 'lăp,tiếng vỗ cánh phành phạch
'lơ 'lanh  'lơ 'lanh,khua chân
'lơ'lĕk,nhức mỏi
'lơ'lĕl,phóng đãng
'lơ'lĕp,nhanh tay
'lơnh,giãy
'lơ̆ng,tốt
'lơ̆p,còn thơ ấu
'lơ̆p 'bềnh,vơi
'lơ̆p loi adrol,trẻ ra
'lơ̆t,không biết xấu hổ
'ma,phải
'man xe,đỗ
'mem,thương
'mem bơnat,mến
'mem truh luôch,chung thủy
'mi,mưa
thuôk,bả
'mik,bôi
'miêu,bên trái
'mong,thù
tơpa,ba ba
thuôk kơ'ne,bả chuột
kơtum,bà con
yă dră kăn,bà ngoại
'muôi,rắn mối
'mânh,mềm
'mâu ôm,thối
'măm,ngậm
'măng,cửa ra vào
'mĕt,bóp
'mơn,với
'mơ̆u,hôi
'mơ̆u brư̆,hăng
'mơ̆u hnong 'ba,nấm rơm
'na,chớ
'nah,kẻ thì
'bok gah dră kăn,bà nội
'nao,minh
'nap,nằm rạp xuống
'nau,mới
'ne 'năi,nhắc
'ngah,tảng sáng
'ngam,ngọt
'ngen 'ngon,lắc cổ qua lại
'ngeng 'ngong,chỉ rắn lớn bò ngoằn nghèo
'ngi,sồn
'ngial,thoăn
'ngik 'ngưk,loại con bọ rầy ăn rễ cây
kơdroh,bã rượu
mih,bác
'ngiĕn,trái
'nglal,đầu trần
'nglơch,trọc đầu
'ngoi,ngước mắt lên
'ngok,nhộng
'ngol,bất hòa
'ngot,cưa
'ngrơ̆i,sực
'nguk,gật
'ngul 'ngơl,đầu lắc qua lắc lại
'nguôn,bí
'nguôn akău,núp
'ngông,dài thòng
'ngĕl 'ngĕl,lắc đầu từ chối
'ngĕl 'ngŏl,đầu nghiêng qua nghiêng lại
'ngĕnh 'ngĕnh,lắc
'ngĕnh 'ngĕnh kơ̆l,lắc đầu
'ngĭl 'ngŭl,ngủ gà ngủ gật
'ngŏi 'ngŏi,dáng đi lững thững một mình
'ngŏl,gật đầu
'ngŭk ngăk,bổ củi xanh
'ngơ'ngă 'ngơ'nghĕch,dáng nhiều người 
'ngơn,ngóc
'ngơ̆i 'ngơ̆i,dáng đi lững thững
bŏbah,bắc
'ngưk,rầy
'nhaih,quả ngựa dính
'nhan,dính
'nhao,rửa
'nhe 'nho,cực chẳng đã
'nhek,nhe
'nhem,thức
'nher,mắt híp
'nhet 'nhet,bệnh kiết lỵ
'nheu,nheo
'nhi 'nhĭp,nháy mắt liên tục
'nhich 'nhuch,nhún lên nhún xuống
'nhik,cuốc nhỏ
'nhip,làm việc qua loa
glang,bạc
'nhit 'nhit,dẻo
'nhiu,làm
'nhoi,lim dim
'nhriu,mù mịt
'nhrong,luôn
'nhrui,tùm
'nhră,chỉ định
'nhrăm,đoán chừng
'nhrăng,săn
'nhrŏn,gọn gàng trên lưng
'nhrŭ,nhuộm
'nhrơ̆,ngần ngại
'nhrơ̆t,dừng lại một cách thình lình
'nhrơ̆t 'nhrơ̆t,tiếng nhai kêu sừn sựt
'nhueng,nhọn
'nhuin,chậm chạp
'nhup,qua
'nhut,kéo rồi thả như cá mắc câu
'nhôn 'nhôn,kéo dài ra
'nhăk,đem theo
'nhăm,heo rừng
'nhĕ,nhỏ xíu
'nhĕ 'nhŏ,nhỏ
'nhĕk,bỗng nhiên
'nhĕl,thọt
'nhĕm,nếm thử
'nhĕng,mang theo
'nhĭk,nhơn
'nhĭp,bắt đầu lên da non
'nhŏ,vừa
'nhŏi,nhái giọng
'nhŭ,chua
tơhrơk,bậc
'bok bơgang,bác sĩ
chơng rơng kung,bắc thang
ngĕi,bách
'nhŭk,cái lảy
'nhŭm,búi tóc
'nhơ,cái ấy
'nhơy,cắn xé
'noch,vót nhọn
khim,bạch
'noh,đó
'nol,cỡn
'not,thoi
'nu,một
'nut,đậy
'nâu,đây
'nôk,bắt đầu biết yêu
'nôm,tiểu
'nông,bềnh bồng
'nô̆ kơ'nô̆,khệ nệ đi
'năk,cắm
pơangeh jĩ ako,bạch hầu
'năp,cái thóp
mong,bạch tạng
sơmat,bái
'bai,bài
'năr minh,ngày mồng một
'năr sa mŏk,lễ mừng lúa mới
'nĕk,chuyển
'nĕt,từ
chơ'bră,bãi
'nŏ,mình
'nŏk,cụt
'nŏn,nệ
'nŏt,quậy
'nŏt 'nŏt,từ từ tiến lên
'nŭk,mạp
'nŭng,gói lại
'nơ 'nơt,thong thả bước đều
'nơt 'nơt,đi thong thả bước đều
'nơ̆k,chèo ngược dòng
'nơ̆k  'nơ̆k,đi thong thả đều bước
'nơ̆n,một loại chuối rừng
'nơ̆u,này
'ră tơ'ră,rớt
'yem,chúng mày
'yoh ai,nhục
'yol,chảy
'yol blai,tuôn
'yung,dậy
'yung đưng tep,ngủ dậy
'yôt,oằn
'bai bơ tho,bài giảng
'yŏk,bớt
'yŏk 'long ŭnh,lấy củi
'yŏk adrol,mượn
'yŏk chơtŭ,vờn
'yŏk dơ̆ng,vớt
'yŏk jên ruôt tơmam,tiêu tiền
'yŭ,hoảng hốt
'yŭk,dục
'yơ̆u,kia
'ban,ban
@,@
[pơ'dik,lên
^'mỡt^,thẳng
a,nên thân
a kâu 'do lôch,xác chết
a'jă,trong trắng
a'moch,mò mầm
a'nhur,hạ giá
aah,thế đấy
aaih,á
abah abah,xuôi theo dòng nước
abai,ghè có miệng rộng
abak,kẽ ở ngắn tay
abrĕn,tê
abôn,êm
abĕn,váy
abŏt,đọt mây non ăn được
abơ̆,quơ
abơ̆u,một nghìn
ach,bốn đời
acham,làm dấu 
acheh,mảnh
achep,lang củi để dưới rằm nhà
achom,múi
achom kruôĭ 'bŏng,múi bưởi
achon,hòn đảo
achoôm,thân thiết
achô̆,một ôm
achăm,giòn
achĕp,bó nhỏ
achŭ,va nhẹ đầu vào
achŭt,đẩy củi vào bếp
achơ,khinh chê
achơ̆m,đụng nhau
achơ̆t,dứt
ada,chậm
chơ'bang,bàn
adal,cẩn
adan,mục tiên
ade,một loại lồ ô
adeh,rãi
adiĕng,bí tích
adoi,cũng
adon,buồng chuối
adraih,dụng cụ đuổi chim
adral,đánh dấu
adrang,đuổi đi
adrap,cảm cúm
adreh,độn
adrei,chày giã gạo
adrih,hỉ mũi
adrih (hla 'nhĕt a drih,tươi
adrin,gắng
adro,con ve ve
adrok,da hay vỏ cứng thú vật
adrol,kích
adruh,nữ thanh niên
adruk,nhảy xuống
adruĕch,thon dần lại
adrâu,cái xăm kéo cá
adrêch,nòi
adrê̆,bỏ
adrăl,bất đắc kỳ tử
adrăng,cán dài
adrĕag,bớt lửa
adrĕch,dòng giống
adrĕl,ngay tập tức
adrĭng,cùng
adrĭng adrĭng,rập ràng
adrŏn,chòi
adrŏng,cây đót
adrũn,nhún
adrŭng,gói
adrơi,chào giã gạo
adrơu,nay
adrơ̆,khó thở
adrơ̆i,chúc
adrơ̆l,đều nhau
adrơ̆m,cùng một lúc
agah,gọn
aglăk,nói khích bác
agong,gàng
agrop,ghép đôi
agră,khạng
agrĕ,nghiêng
aguôt,cạp
agăl,triều nhiên
agăm,thuốc độc 
agĕi,giỏi
pơlĕi,bản
ah,khó
ah ha,chỉ sự vui mừng
ah wa,tiếng khóc oa oa
ah yó,tại
ahrai,bây giờ
ahrĕi,bây
ahơ̆m,được
ai,em ơi
ai brư̆,hoạ
ai bĭ mah,không may
aih,chảy nước miếng
ak chăk,con ác là
bôl,bạn
akap,bẫy bẫy
akei,bờ vực thăm
akhôl,màu muối tiêu
akoh,luộc
akok,chiếc chiếu
akol,sóng 
akon,thót
akŏm,gom lại
akuk,bệnh cúm
akâo,bỏng
akâu,chắc
'brôih,bàn chải
akô,bẫy chim
akăl,lát cá
kơ pang chĭng,bàn chân
akĕ,gầy
akĕ akoih,quắt
akŏi,loại kê địa phương
akŏl,đốt ngón tay
akŏm,thu hoạch
akŏp,cộng lại
akơn,giở lên
anăr dâng hĕi,ban chiều
akơ̆t,lừa bảo
al,chặt
ala,bĭ để cho đều nhau
alah,lười biếng
kơmăng,ban đêm
alak,nhãi
aleh,rỗi
aliet,sờ
alik,nhễ
aliĕng,lõi cây
along,bo
bôl hŏk hdoih,bạn học
along hơn go,thông
pơlĕi pơla,bản làng
along rang theng,sen
aluh,trúc ra
aluôh,ngoan
alê̆,biết
alôh,ồ
alăk,dừa rừng
alăk alal,và số kể
alăng,khôn
alĕch,hướng đông
bơgê,ban mai
amem,yêu
amlĕng,mực nước xấp xỉ
amlĭn,ngồi xếp bằng
amoch,suốt
amoh,chỗ đặt đôm
amol,trái bói
among,để dành
amra,con công
amrah,giẫy cỏ
amrĕ,cay
'noh hĕi ,ban nãy
amrĕl,lộng ngôn
kơ'năr,ban ngày
amăk,mắc
amăn,trữ
amŏl,bó lúa
amơng,phớt tỉnh
hla ar pơcheh hơri,bản nhạc
hrôih,ban sớm
kơ pang ti,bàn tay
anai,khác
anai ei,tiếng ô chỉ không dám
anam,hạt cườm
anang,đúng lúc
anay hâu,cái thán chỉ sự tránh móc
bang kup jok,bàn thờ
anel,đầu nguồn
kơxơ̆,ban tối
jĭl,báng
ang moi,ráng đỏ lúc sáng sớm
angiêng,gào
anglong,cây đến
anglâu,ngón tay chân
anglă,vỗ bờ
anglăng,loại lá rừng 
klai,bàng
anglơi,thường
anguôn,giấu
angŏi,bổ hóng
angơ̆m,đội khăn
anha,sai bảo
anhaih,tránh xa
anhang,vang
‘băng,băng
anhok,thắt cổ
anhuk,gục
anhul,ghẹo
anhur,hạ xuống
anhôm,tập trung
anhông,hát dân ca
anhă,cái vó bắt cá
anhĭn,di chuyển
anhŏ,chỉ đủ
anhŭ,các loại lá có vị chua ăn được
anhŭk,rủ
anhơi,khoe
anhơl,giơ cao
kơ bang chinh,bảng
anih vaih kơjung,đơn vị đo độ dài
anih vaih tơ wơ̆l,đơn vị đo diện tích
anih waih hngăm,đơn vị đo trọng lượng
anol tô̆,hàn thử biểu
anol wơ̆ng,vũ
anong,gánh
anot,cực
anu,ăn
anuh,trấu
anul,chơi đùa
anum,gùi có nắp
anung,cái gói
anăk,bay thò
anăn,họ
anăn tơngăng,tên thuốc độc
anăp,bệnh nổi mày đay do bị mắc hơi người khác
hơbang,băng ca
lôch,băng hà
anŭl,đùa
anŭm,chòi lá sơ sài
anŭng,gói nhỏ
anơn,giơ lên
anơ̆ng,theo như
piut,banh
ao hŏp kơ drăng,áo lửng
ao khŏublŏng,áo dài tay
ao kong kơ đeh,áo ngắn tay
'bănh,bánh
ap,gây khó khăn
apach,kì cọ
apah,thưởng
apal,bay
apal tơjul,sà
apang,cãi vã
apih,đổi
apinh,hỏi
aploh,xuôi dòng
apoch,vịn theo một vật để đi
apoih,rắn độc rất nhỏ giống như da nứa khô
apreng,xiêu
apuih,dọn
apôm,tròn
apôxtôlê,tông đồ
apă,cá sặc
apăl yang,con ma nước
apăng,lóng  lóng tay chân
apăr pêt,lệch một bên  
apŏnl,mày
apơi,ước mong
apơ̆n,chăm sóc
ar,cây đước
ara,con vịt
banh tơyông lôm,bánh chưng
arach,cây dầu rái
arah,rệp
arang reh,lỗ nhỏ chừa ở vách
areh,ghét
aren,cây dầu lai
arih,chưa chín
aring,sàng
aroh,vội và
dôm,bao
arônh,bừng
ară,còn
ară tôm,lành
arăk,cất giữ
arăk tiu,cứng
arŏ,cỏi
arơ̆ng,con bọ hung
asai,câu
aseh,con ngựa
asiu asău,rúc ra rúc rích
asong,chia
asu,đắp
asơl,lượn
at,một loại chim
ataih,xa
atak,ngỡ
atay,hung dữ
ate,nấu cháo bằng bột gạo với tro
athu,che
atoh,tục tĩu
atol,treo
atol hla,ngày mới đầu làm một công việc
atong,máng lúc vật
atrep,ướt sũng
atuch,cuối cùng
atung,lớn
atêh,chào
atô,bầu cắt bớt để đựng mồi câu cá hay đựng gạo
atôch,mục đích  
atôi,một vác
atô̆,hâm nóng
ată,đổ lỗi
atăk,lợp
atăl,chồng lên nhau
atăm,thêm vào
atăng,mỏng
atăr,dây quan gùi
atĕk,khổ
atĭng,ghê răng
atŏ,bằng nhau
atŏk,tiếp nước
atŏng,cuống lá
atŏp,cho đến khi
atŭ,đốt ngón
atŭm,chung
atŭm lŭm lăm,lên lên
atơ̆m,chúc dữ
atơ̆p,thọc
atơ̆p mã,cho tới khi
atơ̆t,giáp
abŭt,bão
au mă 'noh,áo kia
awa,cây có hạt làm thuốc ói mửa của dân tộc hla kông và tơlô
awah,hét
awat ơn,làm gấp rút
aweh,một loại ghè chế tạo tại bình định
axi,hót
axom,chết lúc mang thai
axram,mau
axuang,múa
axuat,choàng
axĕn,điều độ
axĭn,nấu ăn
axŏm,quen nhau
axŭng,bệnh phù thủng
axơ̆ng,bay lượn
ay ai,tung reo mừng ngại nhiên
ayang,liêng
ayeh,tự ái  x hơyuh
ayuh,gió lạnh
aă,cho uống
ba,chuồn
ba hnông,đòng đòng lúa
bah,sứt
bah hah,tức giận
bahnar,dân tộc bana
bahăng,trời ớt
tơchăl,báo đền
bal,hai
bal jĭt mônh,hai mốt
hnam wê̆i vê tơniam gĭt,bảo tàng
ami hơhŭt tih,bão táp
kon tơlăm klak,bào thai
banh,bành voi
tơ mam gĭt,bảo vật
bap,ạt
hbo,bắp
bar ró bô̆u,hai ngàn
bar tôn,chim non mới nở
bat,dẹp mỏng
bat dih bal,yêu nhau
beh,chạm
bei,một loại cà nhỏ  x bai
bek,béo
ben,thanh nhỏ cột ở đuôi diều
beng,chen lấn
beo,eo
bet,đâm
beu,bộ phận sinh dục nam
bi jơ năi,bại
biak,vạt đất
biay,nói
bieh chih un,vẽ
bin,bẹn
biwong,vuông
biêh,khéo léo
biêk,cứ
biêng biang,một vật lớn bung ra
biêt,bỏ vào
biŏng,mất
biơ̆ng,đánh vần
biư̆k,thực tập
biữ,cột tạc hình người quanh hàng rào nhà mồ
bla,tấm tranh gấp đôi
bla kuk,giận
blach,cục xương lòi ra ở cổ
blah 'long,xẻ
plei kenh jóng,bắp chân
blak,vạc cây làm dấu đường
blak kuk,gián
rok,bắp chuối
blang,cây gần gai
blar,giải thích
blat,dẹp
blech,xanh lợt
blel blel,ngọn lửa nhỏ
blep,đến
blet,ánh sáng yếu lóe ra
bleu,trái thận
blil,blil
bling,bùng
blir,trét kín
blo,cây sổ
blo chom,chỉ bụng to
bloch,tháo vật ra
blok,nhớ
sĕch,bắp thịt
blol nhŏp, trồi lên hụp xuống
chen,bát
blong,cào
blonh,loại cây đa thường lấy gỗ làm thuẫn
blot,vượt
bloy,của một người buôn bán
blu,bắp đùi
bluah,nhô đầu lên
bluch,rữa
bluh,bước
blung,chui
blŭng,chỉ ánh trăng sáng tỏ
blêl,bập
blên,lờ lợ
blôch,tháo ra khỏi tay
blôk,hăng say
blôl,blol
blôl blôl,thình lình nổi lên trên mặt nước
blôl nhô̆p,chỉ vật lớn trong lên hăp xuống
blôm,núi (mít
phôt phông,bầu không khí
blông blông,chỉ ngọn lửa cháu tập dùng
blông drơ̆ng,chỉ ánh sáng tỏ
blôt,lửa phừng phực
blă,ràng
blăl,dăm đãng
plĕch,bầu trời
blĕch,vặn
blĕng,nhút nhát
blĭ,kỳ ghét
blŏ blŏ,nuốt không trôi
blŏch,vuốt
blŏk blŏk,nước kêu òng ọc
blŏl,thình lình xuất hiện
blŏl blŏl,người sa mới nói một iung nó đã nói et
blŏl nhŏp,chỉ người hay vật nhỏ trồi lên hụp xuống
blŏng bloy,tỉnh trình không giữ được của cải
blŏng blêu,ánh sáng tỏa
blŏng blĕch,nhiều ánh lửa leo lét từ xa
blŏng blŏng,một ngọn lửa nhỏ leo lét từ xa
blŏng xễ,ỉ sao hôm
blŭ,rộn
blŭeg blong,chỉ bụng ỏng
blŭk,lửa cháu phực lên
blŭk blŭk,sôi sùng sục
blŭl nhlŭp,chí vật lớn trồng lên hăp xuống
blŭt,vọt ra
blơ,giật mình thức giấc
blơn,cây bời lời đỏ
blơ̆n,cây cà hoang
blơ̆ng,nhỏ nhẹ
blơ̆p,lạt lẽo
blơ̆r,xuyên qua
blơ̆t,lì lợm
blưk,nải
bo,chim nhồi trấu
boch 'boch,mút vú mạnh
hơkap,bầy
boh boh,bò bò
boh khan,một loại cò
boih,nhiên
bet hơkap,bẫy
bok bơ jâu hơmăt,thầy phù thủy
bok tho bơr bŏyong,sư sãi
poh,bẫy chông
gần rơgôn,bẫy sập
bol,thử
bom,một loại chiêng
bon kơne,bắp thịt ở cánh tay trên
bong,nọc
tơ pôl hơ ioh,bầy trẻ
bong kŏ,bướu
'yoh,bé
bong tơdra,hòm bia chứng ước
booch bôch,tủa ra từng bầy
bop,hóp
bor,chữa
bot,gọn gàng
bowblông,chỉ lửa cháy phừng phực
bowgrữ,làm bộ
bowling,muốn
bra,chỉ đám đông giải tấn
brah,rú
brai trăm pơgăm,vật trang trí cừa
brai tơ yaih,tua
brak,tóe
bral,chừa bỏ
bram,xồm xoàm
brang,cây trẩm hương
brang brih,nhe nhóm tối
brang chăm,cây gai lây sợi
bre,chỉ hai người
bre hăp,hépl hai đứa
breh,khỏe
brei,chỉ hàm răng đều
breng,cây sao cát
breng brông,khôi u có nhựa rỉ ra ở vài loại cây
breo,bắp hạt nhỏ màu hung đỏ
bret,buốt mạnh
diĕp,bè
bri kơlỡng,rừng hoàng có cây lớn
bri tơdíing,rừng thưa nhiều cây nhỏ có cỏ mọc
bri xăr,đất bỏ hoang lâu năm cây con đã mọc lên
brich,xí
bring,rằn
bring brih,nhá nhem tối
briu,tẩu nhỏ bằng đồng
bro long lơ lĕi,đồn điền
broah,một loại cây rừng (gỗ dùng làm cung
broh,xưng hô thiếu lịch sự
broi,tẻ
brok,loại đàn đây
brol,nghẹn
brong,gùi
brot,hên tục
bru,tản mát tú phía
brua,bru
bruah,một loại cây rừng
bruh,cần
brum,nằm sấp
bruơh bruah,set soạt
bruơng bruang,nhiều đường kẽ
brâm,bầm
brâu,brau
brêk,toé
brêm brai,xù
chĕp,bê
brêu,có lỗ thưa
brôch,một loại chim như đa đa
brôch brach,nhiều người hay vật luôn ra
brôch brôch,đổ vãi ra từng hồi
brôn,ghi ngứa
brõk,đi
brüh,thình lỉnh
brül,chồn lớn
bră,dây tròng đan bằng mây quấn quanh cổ trâu có
brăi,đủ
brăm,tạm
brăng,đen
brăp,tím
brăt,hết hơi
brŏ,đan
brŏ đơ̆i tơ lơ̆i,đàn có giây
brũng brăng,vật nhỏ bay tản mát
brơih,sượt qua
brơl,hứng khởi
brơm,ten ná
brơng,loại gùi có nắp
brơt,cướp giật
brư,dữ
brẽ,cẩn thận
brẽch,hoang dại
brẽch brach,nhiều hàng thẳng tập
brẽk,mới lú kim ơleia
brẽk brök,nói chuyện to nhỏ thân mật
brẽl,hạt nhỏ
brẽl brẽỉ,theo sát giót không sa
brỉk brũk,nói chuyện thì thầm
brố,sấp
brổk,thì
brổm,lực lưỡng
dră,bề
brỗ dổng,gần trưa lối  giờ sáng
brỡk,thầm
brỡp,màu tím
brữ,lễ bỏ mã
btftö,ngu dốt
btíxỗ,rủ nhau
bu,ai
hơjâm,bễ
kơnang,bệ
pơ,bẹ chuối
buch,nhổ
kơpal,bề mặt
bui,nhộn
buk,chăn
hrah,ben
bul,bù nhìn
buluch,một bãi nhỏ
'ni,bên
bum greu,lạc
bum tên,mài
bung,dạ này
duk,bến
bur,nước cơm
byeh,sĩ
byiíi byai,bay tứ tán
bàn,bơlăm tay
bã,thiên
bãl,chúng
bêm byơi,làn tóc đẹp gợn sóng 
bê̆,"tiếng ""bịch"" của vật rơi xuống đất"
bô,nhà cháng
bôch,một loại mới nhỏ màu đen hoặc màu trắng
bôdih prah ba,cái bồ
bôk bôk,màu xám xám
bôm,mù
bôn,bắp thịt ở cánh cánh gà
bông,to
bônh,dễ
dơnŏk,bến cảng
bôt,thần số mệnh
gah agah,bên cạnh
bô̆,lồi
bô̆i,bể
'do,bến đò
bô̆k klă jal,đi chài
bök,phong
büi,sợi
bük,chìm
bün,đặt ân
ring,bên ngoài
büt,thủng
tơnŏk hơ trơ̆m đak,bến nước
bă hơ kăn,cha vợ
bă kơ drăng,cha chồng
băch,chặt xiên
băk   kravat,đeo
bălôh,dơ
bălônh,dang
băm,cần uống rượu ngắn và thẳng
tơ nok duk,bến tàu
băng lăng,cây mằng lăng
nhơ̆i,bên trên
băr,thằn
bărkŭng,thằn lằn
tôm,bên trong
hdang xe hyuh,bến xe
băyang,thờ
bĕ,hái
bĕ tơ gơ̆,bẻ gãy
bĭ kơnă,rẻ
bĭ lah 'boh,xa lạ
bĭ mah,thiếu
bĭ thê̆,dở
bĭ trŏ,sai
bĭ wã sa,chán ăn
bĭ ăn,cấm
hnam,bệnh
bĭng bŭng,tiếng súng đại bác
bĭr,chín nŭng
bĭt bing,một loại ghè lớn
bŏ,bó
bŏ 'long ŭnh,bó củi
bŏi bŏi,nói liên tục
bŏk,đẽo khoét cây
bŏk bŏk,tiếng òng ọc múc nước vào bầu
bŏng 'bŏ,con lọai gùi có nắp
bŏr koy,thằn lằn gai
bơ jơ rang,chạm trổ
'bek,bệnh lở mép
jĭ jua tơdrong jang,bệnh nghề nghiệp
bơ'blel,nói đùa
bơ'bloh,khan
bơ'blui,chỉ nước mạnh chảy ra  đak măng lịch bơbŭk dang thoh nước mạnh chân ra từ lòng đất
bơ'bluih,trơn
bơ'blôm,tăng bỗ
bơ'blĕnh,con chừng
bơ'blơch,chỉ nước ngập mênh mông
bơ'blơh bơ'blơh,chỉ tài ăn nói rành rọt
bơ'dông,bay bóng
bơ'dăp,tháo luận
bơ'joi,nối tiếp
bơ'ngiĕng,ganh tị
bơngai jĭ,bệnh nhân
hnam bơgang,bệnh viện
'bleo,bèo lục bình
bơbeh,làm cho quen
bơblel,liu riu
bơblôt,chỉ ánh sáng lớn chiếu tỏa
bêp,bếp
bơbra,chỉ nằm ngủ trần
bơbrang,nói trôi chảy
bơbrat,miệng xin tay lấy
bơbroch,chí lúa
bơbroih,khô cứng
bơbrot,blek
bơbru bơbra,túa ra tứ phía
bơbrêk,chỉ tàn lửa văng ra
bơbrông,chỉ nhiều tiếng khóc la inh ỏi
bơbrăm,tàm tạm
bơbrăng,thẳng n băng
bơbrĕ,khẩn trương
bơbrĕt,lạnh buốt
bơbrŏk,đi đây đó  đi lang thang
bơbrŏng,chiỉ ánh lửa leo lét
bơbrũng,chỉ đàn ong hoặc ruồi nhặng bay vù vù
bơbrŭk 'bơbrăk,tiếng động cá trong hang
bơbrŭk bơbrăk,ồn ào lộn xộn
bơbuch bơbach,di chuyển đông như kiến
bơbueng,huých vai nhau
bơbuăng,để mă cửa sa
bơbŭk,chỉ lửa cháu phừng phực
bơbŭk bơblăk,lửa cháu rực khắp nơi
bơbŭk bơblă̆k,người lặn làm nước sủi tăm lên
bơbŭk bơbăh,nước mạch phun lên
bơbuỡng,để mở
bơbôch,chỉ di chuyển đông như kiến
bơbông,cửa để mở
bơbô̆k,đi đây đó
bơbăk,không biết chắc chắn  anh hiơt ao ah đak krong
bơbĕ,tiếng cảm tháng của sự thất vọng
bơbĭl,con hươu
bơbĭn bơbăn,tiếng láy chỉ đám đông lũ lượt tới
bơbŏ,chỉ trăng sắp tròn
dơnuh ŭnh ga,bếp ga
bơch,ham muốn
bơchỡng,hứa gô
bơda,cầu vòng
kơthong,bếp lò
bơdet,chen lên
bơdia,gọi là
bơdiêu,trả
tôl,bí đỏ
bơdra,chòi canh trên cây
bơdrah,tráng
bơdrang,dân tộc thăm
bơdreh,điểm báo
bơdriu,đánh thức
bơdro,buôn bán
bơdrong,một loại cú mèo
bơdruh,vi khuẩn gây bệnh  hơdruh chữ  bình đậu mùa
bơdrung,chỉ ống nứa
bơdrông bơdrang,chỉ rất nhiều côn trùng
bơngai chep kơ̆l đơng đang,bí thư
bơdrăng,chống
bơdrŏng,giàu
bơdung,con thỏ
kơ dŭng thơ,bì thư
bơdã,bày ra
bơdê,coi khinh
bơdông,cưng chiều
bơdô̆,trú
bơdăr,đánh lừa
bơdơh,ngừng lại
bơdơi,nghỉ ngơi
bơdơr,buồn nôn
bơdưng,dựng
bơga,vườn nhỏ có rào xung quanh
bơgah,riêng rẽ
dơnan,bia
bơgre,cãi cọ
bơgring,dìu đi
bơgring bơgrang,làng keng
bơgrong,gây mất ngủ
bơgruơk,"tiếng sôi bụng ""ột ột"""
bơgrĭ,dơ bẩn
bơguah,dọn vệ sinh
bơling,bịch
biên,biên
dơxĭ,biển
bơgă,rất
bơgơm,kiêu
bơgỡk,tự ái
bơgỡm,chim gầm ghì
bơgỡr,cái trị
bơha,huống chi
bơhach,nói thầm
bơhar,sắc
bơhau,làm nản chí
bơhiao,long lanh
bơhiar,chim xòe cánh
bơhil,đánh vô cớ cho bớt giận
bơhloh,làm dư ra
bơhmoi,làm cho kêu la
bơhnar,ba na
bơhnŏng,cố ý
bơhoai,giải thoát
bơhoh,mở rộng ra
bơhăng,đó tươi
bơih,chim tìm kịp
bơja,con chồn
bơjah,cãi lộn
bơjan,từ chối
bơjao,giao cho
bơjay,tranh giành
bơjot,bon chen
bơjôch,bắt lại
bơjăng,bíu vào
bơjỗ,cây rui (nhà
bơkuh,bệnh lỡ loét lưỡi
bơkôl,gò mối
bơkŏng,trái dâu đất
bơkơ̆ng,giữ ở lại
bơla,ngà voi
bơlach,nói xấu
bơlah,dai
bơlai,con bướm
bơlang,chích
bơlar,lợ
bơlit,hoa văn trên ghè
bơloh,đâm thức  ngắt lời
bơloi,quá đáng
bơlom,loại mối trắng
bơluch,chỉ người lớn trần truồng
bơluh,trần
bơluk,lảm
bơlum,loại ghè rất nhỏ để cúng thần
bơlung,dụ dỗ
bơlut,ghè có hoa văn quấn quanh thân
đak dơxi` să,biển cả
bơlêr,lờ
bơlê̆,bỏ nhau
bơlê̆ têt,hay mới lòng
bơlô,tĩu
bơlôih,cho trọc đầu
bơlôk,nuông chiều
bơlông,một loại gheè
bơlă,lộn
bơlăk,ào
bơlăng kơk,cây rau sam
bơlĭ,làm đổi công
bơlŏ,cảm
bơlŭ,lẫn
sơlam teh đak,biên cương
bơlŭk,liên
bơlơh,thay
bơlơih,chữa bệnh phù phép bằng cách đến tới số bảy
sơlam,biên giới
đak tơ nueng,biển hồ
bơlơu,người son sẻ
bơlơ̆m,gian dối (nói
bơlơ̆n,nhìn trừng trừng
bơlơ̆ng,đần
bơmeng gŏ,lọ nổi 
hnam să kơjung,biệt thự
bơn,ngựời
'biêu,biểu
bơne,cảm ơn
bơne tap ti,hoan hô
bơng,máng gỗ
bơng bơh,loại dơi lớn
bơng tơbơng,chỉ đầu tóc xõa
khul,binh
bơngai bich lăm kơ mùng,người xem ti vi
bơngai klẽ,người đi cày
bơngang,kiến ngọt
bơnge,các loại thuốc độc
bơngoh,phỉnh
bơngoi,chán nản
bơngol,hãi
bơngot,đói
bơngơt,chỉ cô gái đẹp
bơnhah,say mê
bơnhau bơnhăp,chỉ tung người la ó
bơnhol,con tê tê
anglŏ,bình
bơnhŭl,chết độc
bơnôh dih bal,giận nhau
bơnăt đak,cái đập nước
bơnũng,non
bơnơng,con vật hoang đường
bơnơ̆l,miếu thờ
bơnờm,bộ lạc sống ở miền đông kontum
bơplênh,nguy hiểm
bơroẹh,hàng cây bắc ngang trên tranh dưới để lót sàn
bơră,kể chuyện
bơrăm,làm hại
bơrơlun,trần truồng
bơrổm,giết con vật để cúng tế cho người
bơthi,lễ uống rượu bỏ mã
bơtho,dạy
bơthoa,khuyên
bơthokhan,khuyên bảo
bơti,mồ côi
bơtruh,gởi
bơtrô,hòa hợp
bơtuih,rẫy chưa đốt
bơtâu,cái mông
bơtă,che áp mía
bơtơng,chỉ bụng căng to vì ăn nhiều
bơtẽm,dán
bơvvich,xoáy
bơwôi,tiếng tượng thanh chỉ đau đớn
bơwẽnh,bốn tóc
bơxem,một loại cây dùng lá giã nhỏ đẹp vào vết rắn độc
bơxrei,bệnh sởi
bơxuh,tấn công
bơxun,chòi trú ẩn sơ sài
bơxuổt bơxuat,di di lại lại
bơxữ,di lại của cải thưa kơ
bơyao,long lành
bơyat,đi đi lại lại
bơyong,phân công việc trong gia đình
bơyôn,chuyển từng đoạn một
bơ̆,cất
bơ̆'nhĕt,làm cỏ
jing ti pơtao,binh lính
bơ̆m,ta
bơ̆n,bọn mình
bơ̆ng hơ gơ̆r,dùi trống
ang fing năr,bình minh
bơ̆t bơnăt đak,đắp đập
bư,ngủ
bưh,cũng được
bưk,loại dây rừng được xem là có thần
bưn,đánh vần từng chữ
bưu,bưu
bếng,khoác
bổ,rờ mó
bổt,)
bỗ,ươn
bỡl,ớn
bữk,tiếng trái cây rơi xuống bịch
hro,bò
cha,huống
chah,giữ bớt phần dơ của lá tranh
chah pŭng ha hơ̆i,lấy tay đập nước cho kêu
chai,bù xù
chai phŭng,nhảy xuống đất rồi chạy ngay
chak,rõ ràng
chakơ̆,nạy lên
chal,vùng đó
chan,nợ
chang,bận
chang keng,cây nẹp hai bên mái nhà tranh
chanh,chanh
chap,chim dồng tộc
char,con cáo
chau au,dây hà thủ ô
che dei lôn,váy ống
che hrăp bơ̆jang,váy mặc lao động
che hơ băn,váy quần
cheh,cán
cheh dŏk,một loại ché
cheh pơnhan,nói chung các ché bằng sành sứ
chek,gạch đường
cheleng,vùng đất bằng phẳng
chem,bò húc đất
bă,bố
chen ner,cái đẹp làm bằng hai thanh tre
cheng leng,tiếng cười rộn rã cô gái
cheo,khoét
chep,chép
cher,dày
chi wi cha wa,vùng vằng
chik,nhe răng
ching,cái chiêng
kơtơp,bồ
chinh,chính
chiu,có cảm giác
chiêm,chèn
chiêu,cái chiếu
chiêŭ,chiếu phim
cho,bệnh thấp khớp
choai,quấn dây chéo qua chào lại
choang,chuông nhỏ
choch,loại cá bống nhỏ
choh,chọt
choh wong,nhảy chồm lên
chohom,chơhoih
choi,chọt trỉa
chok,học
chok teb,kinh
chol mol,lủi thủi quay về
'ngik,bọ
chong,phát dọn
chonh,mua
chop,rình
chor,mòn
chor bong,một loại chim có lông dài trên đầu
choă,chộp lấy
choăn,gác lại
choăng,phóng đi rất nhanh
choơikoi,con cheo
chrach,xoẹt
chrah,nhúng
chraik hơwak,nói bắt quàng
chral,lánh
chrang,giọng to và rè
chrau,cái đơm bằng gai mây cá chui vào mà không ra được
chre,tỉa
chrech chroch,chỉ kẻ trước người sau
chrek,khắc
chrel,thưa
chreo,chim sáo
chrih,lạ làng
chro,chìa tay
chro pơlang,tiếng chim bồ chao hót
chro đon,nghĩ
chroah,lóc
chroh,bị tiên chảy
chroih,rạch thành đường nhỏ
chrok,hóa
chrot,thành luồng
chruh đak,tưới
chrup,lặn xuống
'bơ,bờ
chruơt,thành hàng
chrâu,hoa ra
chrêl,lấp
chrôch chrach,rĩ nước
chrông,khâu
chrô̆ chrô̆,nước chảy sối xả
chră,soi
chrăm,bừa bãi
chrĕ,võn vẹn
chrĭ,hôi hám
chrĭk chrŭk,tiếng chày giã gạo thình thịch
chrŏi,chỉ nước vọt ra ít
chrŏm,"tiếng ""tõm"" của vật nhỏ rơi xuống nước"
chrŭk chrŭk,tiếng róc rách
chrŭm,tiếng ùm của vật lớn nhảy hay rơi xuống nước
chrŭp,"tiếng ""tõm"" của vật nhỏ nhảy xuống nước"
chrơu,reo vang
chrơ̆ch chrăng,rừng có nhiều cây lớn và thẳng tắp
chrưl chrưl,nổi lành bềnh
chu,sùi
chu chi,cố gắng hết sức
chua,sãi
chuak,rút ra một cách nhẹ nhàng
chuam,lem
chuar,loại cây có gai
chuat,nỗi vân
chuet,uốn vành giỏ
chuh mŭm,ngã chúi mặt
chuih,trui
chuk,có khoang trắng
chup,chồm lên
chuêng,hóa ra
chuăk,móc
chuăl,quấn dây
chuăn,gác lại sau
chuăr,nhảy vọt lên khỏi mặt nước
chuĕch,chớp lấy
'bô,bộ
chuơt,nỗi vần
chuơ̆k,nhảy vật lên khỏi mặt nước
chuơ̆r,nhảy với lên khỏi mặt nước
châm,chấm
chê,chê
chê rơwêk,sinh sắc nhiều
chêk,chồn lớn có lông vằn
chêng,lảo
chêng grêng chê grê̆,lảo đảo
chêng klêng chang klang,đổ xuống từng mãng
chêng tơ bŭ,mã la
chêng êng chang ang,khêng khạng
chêr,óng ánh
chô,buộc
chôh,nở
chôh krôh,tiếng sột soạt
chôi,không quen
chôih,thử xem
chôk,hiện nhà
chôk chak,bướm trán khoang chân
chôl mơmôl,lại thôi quay về
chông,chèo
chôt,trở
chô̆ klêng,cột thật chặt chân vật
chô̆ kêt,cột thật chặt đầu vật
chă,chạy
chă druh,đuổi
chă jơluk jơlăk,sục sạo
chă ruih,soát
chă wă alê̆,tìm hiểu
chăk,là
chăl,chặt thành khúc ngắn
chăm,chăm
pơnơ̆ đak sĭ,bờ biển
chăn,bẫy tập để bắt cá
chăn be,loại bọ có nước đái làm phỏng da
chăn lă,dây tròn
chăng,kệ
aguõt,bọ cạp
chăng hơ,mặc kệ nó
chăr,chẻ
chăt,mọc
chăt lom,kéo da non
chĕch,chỉ mực nước bất đầu dâng lên
chĕk,thọc léc
chĕk lĕk,gần thóc khỏi gạo
kơtơp ,bồ câu
'bă tơnăi,bố chồng
chĕl,ngoại tình
chĕn,cái ly
chĕng,ngăn chia
chĕng chĕp,khoảng trống dưới đồng dông nhà
li`nh,bộ đội
chĕp hĕp,hẹp
chĕp lơ̆m 'don,thuộc lòng
chĕp tơ'nhơĭ,nhấc
chĭ,đi đi
chĭch,giằm nát
chĭl,trả nợ
chĭn,bệnh phong
bărong,bố dượng
chĭng klơk,đần tơ rưng
chĭng kri,lai
chŏi,ném
chŏng,cho cào xanh và to
chŏng hŏp,hẹp và sâu
chŭ,bệnh đậu mùa
klanh,bọ gậy
chŭ chă,con thần lần
chŭm,hôn
chŭn,chỗ sông uốn khúc
chŭng,cùng nhau
chŭp,vốc
chŭr chŭr,chim đáp muỗi
chŭt,lom
chơ,chở
'ngưk ich,bọ hung
kơ'doih kơ'doih,bò la bò lết
jrai,bộ lạc
mơmaĭ,bọ mạt
jâu,bọ ngựa
chơ le kơ vang đon,khuyên tai
chơ lơ la,chỉ mệnh lệnh hay yêu cầu
jih bơgal,bờ rào
chơ'ba,cháng cây
jih krong ( hang krong,bờ sông
chơ'beh,khêu
chơ'beng,chồi
chơ'brơ̆ chơ'bră,vật lớn để bừa bãi trên đất
bă tơnăi,bố vợ
chơ'bơ,há học miệng
chơ'doi,chổng mông
chơ'duh,tấm gỗ dựa
chơ'dŏ,sừng tơ giác
chơ'dŏk,gắt
chơ'lŭt,xô
chơ'miơm,nằm dài
chơ'mlơ̆k,chỉ tư thế đứng thẳng nằm thẳn
chơ'mok,chỉ ngồi hay đứng im thin thít
chơ'mronh,e dè
chơ'mĕ chơ mŏ,dọn trai gái đi gom củi cháu về
chơ'net,nằm có quắp
chơ'ngang,ưởn ngực
chơ'ngit,đỏ sậm
chơ'ngăk chơ'ngưt,nhiều vật nổi rõ trên bề mặt
chơ'ngơ̆r,chỉ cá đứng một chỗ
chơ'ngưi,thấy rõ
chơ'nhot,nhăn
kơlăng hăng,bọ xít
chơ'noih,năm dài
chơ'năk chơ'nôih,hai người  nằm dài trên mặt đất
chơ'rĕ,cầm trong tay
chơban,một loại ghề
chơblong,chỉ vật có hình sáng thon dài
hlum,bói cá
chơbrai,chỉ râu dài lưa thưa
chơbroi,có chòm râu thưa
'bôm,bom
chơbrôi,có râu rậm và dài
chơbrơm,râu ria xồm xoàm
chơbrơ̆p,loại cây gỗ cứng có hoa tím
chơbăp,và vào mồm
chơbŭ,một nắm tay
chơcha,nói lải nhải
chơchap,chỉ cá lớn lúc thúc trong giỏ hoặc nước cạn
chơcheh,cời than cho hồng
chơchoh,băm
chơchral,chỉ hai
chơchrô̆,chỉ nước chảy lai sáng
chơchrŭk,chỉ nước đổ xuống ào ào
chơchrưl,chỉ vật nổi lành bềnh trên mặt nước
chơchui,nóng hổi
chơchur,chui rúc
chơchă,tìm
chơchŏk,nhữ môi
chơchơng,dắt đi từ từ
chơchơ̆ng,chặt đứt
chơchơ̆t,chơchoh
chơchưi,chỉ mức nước dâng lên
chơdah,gần sáng
chơdeh,món thịt bò băm
chơdraih,cào làm bằng tre có răng để cào rác rến
chơdram,cây cháu chưa hết
chơdreh,tiếng đất
chơdro,chỉ em bé nhe răng cười
chơdroi,khác sông có đá
chơdruch,út
chơdrô,chỉ người lớn nhe răng cười
chơdrăng 'nhaih,que nhựa dính để bẫy chim
chơdŭ,loại chuối có trái kép
chơdư,khùng
chơgaih,sạch sẽ
chơgal,gài theo
chơgong,cái gáo
chơgra,chỉ một người nằm ngữa
chơgrê chơgra,chỉ nhiều vật lớn
chơgrŏi,chơgrăk chơgra
chơgrŏn,chỉ trói quặt tay sau lưng
chơgrơ,chỉ người
chơgrơ chơgra,nhiều người lớn
chơgôih,chỉ người cao to
tuh lot,bón lót
chơgăn,ngăn chia phòng
bống lõng,bóng
chơgŏng,cứng đơ
chơgơi,chim chàng ràng
chơgơu,con gấu
chơgơ̆ng,chỉ vật nhô ra thẳng đứng
chơgơ̆t,chống mạnh
chơhah,chỉ há hóc miệng
chơhai,thác
chơhlang,kềnh
chơhleng,mịt
chơhmŏk,cái muỗng
chơhmŏng,chơhmŏk
chơhngir,cào làm bằng tre
chơhnot,dác gỗ
chơhoa,tiếng thác đổ
chơhoh,trống
chơhoi,ống nứa đặt ở quan tài để nuôi người chết
chơhoih,khuya mặt hình trái xoan
chơhŭk,sâu hóm
chơhĕng,bực mình
chơihop,thung lũng này sâu và hẹp
chơikrôi,bẩn thỉu và lôi thôi lếch thếch
chơjuĕk,nhọn hoắt
chơjŭnh,đầy lông lá
chơjĕng,vắng tanh
chơjŏk,phiền
chơkang,sửa soạn chè rượu để uống
chơke,lúa xà cơn
chơkeh,hất bằng cây
chơkem,gói ghém trộn chung
chơkeng,xô đẩy
chơkep,cái đẹp gấp
chơkhong,nhô ra
chơkhot,cao chót vót
chơkhông,đẹp
chơkhŏng,trống không
chơklô,chỉ lưng còng
chơklĕk,đan dày và kín
chơklŏm,nhỏ và lõm xuống
chơkoai,chơkoi
chơkrau,khô
chơkre,chỉ nhánh tỏa ra
chơkreh,khô trụi lá
chơkrŭ,vứt
chơkrŭ chơkră,vứt bỏ nhiều vật không dùng đến
chơkrŭi,khom
chơkrŭt,dày cộm
chơkrêh chơkrah,còn để lại dấu chân
chơkrêu,lều khều
chơkrê̆,chỉ còn để lại dấu chân
chơkrôi,chỉ cách đi đứng hay ăn mặc lôi thôi
chơkrĕch,khắng
chơkrĭm,cầm
chơkrŏ,chỉ đồ vật để một chỗ không dùng đến
chơkrơ̆ng,chỉ tóc
chơkŭl,có ro
chơkŭr,khọm
chơkôm,thế ngôi hai tay chống cằm
chơkông,giàu sang phú quý
chơkăl,gài then
chơkăng,căng
chơkăt 'bơ̆l,hứa
chơkĕnh,trê
chơkŏng,giàu sang phụ quý
chơkŏr,lọm khọm
kơpaih,bông
chơkơ̆,bẩn lên
phŏng,bọng
chơlau,buồn rầu
păr 'bŏng lŏng,bóng chuyền
chơleng geng gong khă ră dă,tiếng cười rộn rã của cô gái
chơloh,chọc
chơlong,lông đuôi chim
chơlôih,ăn mặc sang trọng
chơlă,không
chơlăt,cây cà na
chơlĕ,vỏn vẹn
chơlĭnh,bậy
chơlŏng,không nghe
chơlơih,thử lần đầu tên
chơlơ̆m,bị vạ cây
chơlưng,hất bằng mõm
đa` b`o`ng lo`ng,bóng đá
chơmah,rộng rãi
chơmlang,san bằng
chơmo,hên
chơmreh,nhánh cây
chơmrơ̆p,mập mạp
chơmrưh,lọ lem
chơmuk,nhấn xuống
chơmô̆m,mu bàn tay
chơmăng,ngăm đen
chơmŏp,bĩu môi tỏ ý không đồng tình
phŏng 'nôm,bọng đái
chơneh,gùi nhỏ
mơnhal ũnh chră,bóng đèn
chơner,giấc ngủ ngắn
chơng,dẫn dắt
chơng brai,trụ
chơng guơng,sải bước dài
chơngang,một loại cây lấy mũ làm nhựa dính để bẫy chim
chơnglah,ngã đường
chơnglak,ới
chơnglom,dụng có đào lỗ làm bằng tre
chơnglơng,vật lớn đổ xuống từng măng
chơngêt,xanh lục đậm
chơngăm,khoai chí
chơngĕnh,loại muỗi rim
chơngơi,cười ha hả
chơnih,thủ bản
chơnin,loại củ rừng
chơnit,vỏ  vót
chơnoi,ống đựng lúa trỉa
chơnok,rảnh khoét dọc theo thân ná để đặt mũi tên
chele,bông tai
chơnuh,khoảng rừng bị cháy
chơnôr,"rượu ghè ""kang"" đầu tiên"
chơnĕch,vân vê
hei,bọt
chơnŭp,dúm
chơnơng,của gà
chơnơr,thức giấc
chơnơ̆k,cây vào
chơnơ̆n,chính yếu
chơnưh,phần thịt ực
chơpleu,hô răng
chơplâu,hô răng  răng nanh lại ra ngoài
chơprê,đam nhiều nhánh
chơpuih,quét
chơpĕt,thoa bóp
chơpĭl,bướng bỉnh
chơrâu,chỉ nằm để chân lòi ra ngoài
chơrê,chỉ tư thế nằm ngữa
chơrê chơra,nằm chết ngổn ngang
chơt,chỗ nước cạn cá thường đi ăn đêm
chơta,rối bù
chơthơr,chỉ một người nằm chết hay bất tỉnh
chơtuang,thanh kiếm
chơwa,mạnh
chơwei,có hình thoi
chơweu,làm chướng ngại
chơwong,ốm tong teo
chơwê̆,sưng vù
chơwơi,chim chèo bẻo
chơđah,nứt
chơđang,nẻ
chơđeh,miếng
chơđong,bẫy lớn
chơ̆k,bay bỏng
phơk,bột
chơ̆m'bai,chấm bài
chơ̆n,chịu đựng
chơ̆ng krơ̆ng,đi không vững
chư,viết
chưk,hất đổ bằng mõm
chưn,ham mê
chương,vòng đeo cổ
chư̆,miễn
chởp,gấp
chữ yao phu,thấy giảng
ctíing ring,thiếu niên tuổi
c̆hơc̆hŭl,vào và
da,điếm
da da,chim đa đa
dah,hoặc
dai mai,loại cây có gỗ đỏ
dai wai,điện múa trống cơm đẹp mắt
tơmuh,búa
dang băng,bùa
dam,dây dàm cột vào đầu bò để dắt
dan,để
jơ,bữa
dang bĭch,chỉ tư thế nằm
dang dar,loại nhái nhỏ
dang dăk,loại cào cào màu vàng
dang dŏt,quỳ
dang dŭk,hàng rào sơ soi
dang dơ̆ng,tư thế đứng
dang hah,loại ốc rất nhỏ
dang har,cây đặt chéo 
dang xơng,chân quỳ chân đứng
de de,một loại chim rất nhỏ
de drok,bìm bịp
deh,bức
del,giao cấu
del del,sắp sửa hết
jơ song sa,bữa ăn
der,chim chìa vôi
det,vắt
dĕk dơ̆k,nói chuyện chơi
dien,nút thòng lọng
kơmĭn,bùa mê
dih tong ka,cái nơm
dih tŏng ka,cái vó
'bruih,bụi
ding,"tiếng ""ầm"" đạn nổ"
ding dit,chim dù dì
ding dơng,tiếng cồng chiêng
ding et xik,cần trúc
diong,chước
diên,diễn
diê̆,vẹt
diĕn,lâu hết
diĕng,cấm kỵ
djăl,ngắn
do,chậm rì
do tơdo,dài lòng thòng
doa,vị anh hùng dân tộc bana
doan,người có uy
doh,đan long mốt
don,ghề
'bơ'bruih,bụi bặm
drun,bụi rậm
doon,léo
prai bơlah,bún
drap,sát mặt đất
drei,một loại cây
dren,con lậy
kơhluak,bùn
dreng akoy,hạt cười nhỏ 
dreng dơ̆l,hạt cườm có nhiều màu
dreo,reo
dring drit,chỉ hai người đi sát nhau
driĕt,đẩy
dro,ở nhà
drok,lược
dru,khướu
druai,ngại
drueng bơbŭk,chỉ dậy nhà to đẹp
drum,khom lưng
su`p anhe`m kơ tuăl,bún riêu
drôih,đi từ sáng tinh sương
drôl,cuồn cuộn
drô̆,một mình
drô̆i,hùa
bơdũk,bụng
drăk,dụng có lấy lửa của người dân tộc thuở xưa làm bằng dây mây
drăl,cá cọp
drăm,ché
bơranh,bụng ỏng
drăm dro,ru rú trong nhà
drăng,cái que
hnôi,bụng phệ
yak,bước đi
drău,bảy
drĭ,xê dịch
drŏk,bị mốc
drŏng,chiếc
'buôi,buổi
drŏng sŏk kơ̆l,sợi tóc
drŭng drŭng,tiếng chó sủa gâu gâu
drŭt drăt,làm liều không cần biết đúng hay sai
drơh,sàn nhà bằng tre
drơih,chạm nhẹ
drơl hơdrơl,chỉ hai người lớn bằng nhau
drơng,đón tiếp
drơ̆ng,trả lời
drơ̆p,rập chim
drỡng,đồng ý
duat,thẫm
duch,mợ
dui,kéo
dui dai,có vú dài
dui dih bơl,dìu nhau
dui jơ hngâm,thở
dui tơ nơ̆k,kéo vó
duing duơng,cá vẫy đuôi nhẹ nhàng
duit,xanh
kruôĭ 'bŏng,bưởi
dum,chín
dun,thụt
dung dơng,"tiếng ""tùng tùng"""
dur,trầm
dut,dốt
kơsơ̆,buổi chiều
duônh,nhặt
duĕr,quạt
duĕr duĕr,cái quạt máy
duĭnh,quay
duĭr,quẩn
dê,bị nhục
ah pơ gê,buổi sáng
dêk,bưng
dô dô,dài thòng lòng
dôi,tô lớn bằng gỗ hay đất sét
dôl,cái phao
dôm yơ,mấy
dông,cháu được về trọng lượng
dônh,lượm
dôp,loại áo tơi đan bằng lá cọ
dô̆,ở mãi trong nhà
kơ măng mô̆t,buổi tối
dă,khá
dăm,dăm
dăng,giống dây
kơ năr dơ̆ng,buổi trưa
dĕng,chân quanh đìa bằng phên để bắt cá
dĕnh,nhanh
dĭk dĭk,tiếng ầm ầm
dĭp,ấn xuống
'nhă pơlai,bướm
dŏ,hứng lấy
dŏ tơdŏ,người mang gùi nặng
dŏk,bú
dŏl,chống đỡ
dŏn,chỗ đất cao
dŏng,cứu
dŏng dŏng,gà trống khoai
dũk,nhào
dŭ,trong lòng
dŭl dăl,chỉ trái lớn tòng teng
dŭm,"tiếng nổ ""đùng"""
dŭn,lùi lại
dŭng,bá
dơ,chuyển đi
dơ'bêl,đầy ắp
dơ'bông,ngồi vây quanh
dơ'bŭl,chụm một chỗ
dơ'dưk,tiếng nổ rền vang
dơ'mơ̆m,chôn xuống một nửa
dơ'ngôl,chỉ người lớn đang ngồi chờ một mình
dơ'ngŏl,chỉ một em bé đứng hay ngồi một mình
dơ'ngŭk dơ'ngăk,nhiều cục đá lớn hay đống lúa chất lên nhau
dơ'ngŭl,ngồi yên không nhúc thích như pho tượng
dơbak dơbơn,hai cô gái đẹp
dơbeh,gạt
dơbŏm,má đẹp hồng hào
dơbŏng,chĩa
dơbŭk dơbăk,nhiều hoa nở rộ
dơbŭl,chỉ người hay vật nằm bất động
koei,bướm trắng
dơch dach,một vùng mênh mông bằng phẳng
plô̆i,buôn làng
dơdak,một loại cây thân gỗ mềm
dơdap,cây vông
dơdeh,chảy xiết
dơdeng,keng
dơding dơdang,cây rậm rạp
dơdip,to và bén
dơdit,chim dù dì cùng họ với cú
dơdiu,dùn
dơdrah,rừng thưa
dơdrêp,tán cây
dơdrô,rượu ghè
amông,buồng
dơdrăp,lại lần nữa
dơdrău,sáu
dơduei,trẻ em biết đi vững vàng
dơduh,rộng
dơdui,co kéo
dơdung tơdung,tiếng súng nổ ầm ầm khắp nơi
dơduă,người cùng một xứ
dơduĕnh,xoay nhanh
dơduĕr,xoay tít
dơdă,nói cà lăm
dơdăk dơdŏl,vật treo lủng lẳng
dơdăng,tạm thời
dơdĕk,linh
dơdŭich,đi vòng quanh
dơdơ̆r,ồn
dơdưng,bụng lớn
dơdưr dơdar,hang sâu rộng
dơgal,ghen tị
dơgal 'yŏk,chiếm
dơgiêng,xum
dơglưm,vật nhau
dơgu,chất đống
dơgơ̆,gẫy
dơhah,chỉ há nhỏ miệng
dơhek,làm cho rách
dơheng,hơ lửa
dơhia,thường ngày
dơhiar,căng ra
dơhiot,lôi kéo nhau đi
dơhle,chỉ tai dựng đứng
dơhlu,thổi
dơhlông,thanh ngang cổngg
dơhlĕnh,có duyên
dơhlŭn,lõm xuống
dơhlŭp,búp
dơhmăn,tha hồ
dơhnhôk,chỉ vật sáng
dơhning,che cản không cho thấy
dơhroi,chỉ trẻ nhỏ sắp hàng dọc
dơhôh,lỗ to và sâu
dơhŭt,người mập mà lùn
dơi wơi,dụng cụ cuốn chỉ
dơjuech,chân tay và mông teo lại
dơkhŏl,cục đá nhỏ
dơla,tiếng dùng cuối câu trả lời bao hàm ý nghĩa phủ định
dơlal,chán ngấy
dơliei,môi trề xuống
dơlol,chỉ vật nhỏ lồi ra
dơlol hlôl,vật lớn lồi ra
dơlôl,lồi ra
dơlô̆,ọe
dơlĕ,loại ốc sên
dơlĭl,cùn
dơlŏng hoi,trống hai đầu
dơlŭl,lòi ra
dơlơ̆l,bầm tím
dơmleng,mãi tới
dơmônh,ngày mốt
dơmŏng,đá thường được xem như thần thành
dơnau,hồ lớn
dơngơ̆l,cây đã chặt còn để lại gốc
dơngưl,cái cọc
dơnhŭm,cây cẩm lai
dơnoi,dãy  tài sản tổ tiên để lại
dơnol,cây chống
kram,bương
dơnăng,cây bình linh
dơnĭl,cứng lòng
dơnŏng,khó dạy
dơnơh,phần thịt ức
dơnơ̆ng,cây gỗ hương
dơrak,ngày thứ nhất sau khi chôn đất
dơrang,thổi bay
dơră,lịch sử  x tơtăm
dơwêng,chim lượn quanh
'long chih,bút
dơxum,diều hâu ăn rắn
dơxôm,bùi nhùi
dơyan,trái mướp
dơyoch,người hay vật đứng thẳng
dơyô,mau lớn
dơ̆,tiếng đánh trên vật mềm
dơ̆k,ran
plim,bút máy
dư,háu
along chih đak mư`k,bút mực
dư̆,chơi
dư̆ dư̆,nói nặng lời
hnih'yok,bưu điện
eh,rặn
eh hĕm,tiếng tằng hắng
ei,như
ei ăi,cũng cái hồi này
eng,bằng lòng
eng ong,cứa
ep,nhìn qua
erel,cây đậu khấu
erih,sống
eriu,thức dây
erĕnh,núi liền đông nam kontum
c,c
et eng,tiếng kêu ve ve của ve sầu
et et,tiếng kêu két két của đàn vẹt
ca,ca
et phep sơdrô,nhấp rượu
eĕ,tiếng rủ nhau
fing,kết
fir,tiếng dạn pháo nổ ầm
fir fir,tiếng thanh gỗ đập vào vải phành phạch khi dệt
ga,nghiện
gah 'năr lĕch,phía đông
gah 'năr mư̆t,phía tây
gah ala,dưới
gah lăm,trong
gah waih,đơn vị đo chất lỏng
gai adro,góa
gai lông,sạch sành sanh
gak,canh gác
gal,ghen
gan,hoàn toàn
gang,dây cườm đeo ở cổ
gao,kê
gap,kẹp
gar,ghen tương
ge go,trạng thái đi đứng chưa vững
geh,huých bằng cùi chỗ
geh geh goh goh,đủ thứ việc
geh goh,lật mặt linh tinh
gei,chắc chắn
gel,bà gần
geng,chỉ voi có một ngà
geng gong,hình chữ chi
gep,gắp lấy
get,trái bầu
gi,nó
gi gring,tiếng leng keng của nhạc ngựa
giah hnam,đuôi mái tranh
gial,đưa
giang,dời chỗ cho trâu
giao,giao
giau,vễnh
giaĭ,có hại
gih,hục
gin,ging
ging,cắm hoặc chặt cây làm dấu
giong,theo dõi
git,lái
giul,đong
asĕch,cá
giêh,mệt
giê̆ng,kiêng cữ
giông,cây sao
giô̆ giă,lõm
giăm,gần
giăng,cây lấy ra độc để suốt cá
giăr,sao
giơ̆ng,có thành quả tối
giư̆ch,ùa
glah,xòe ra
glai,lỏng
glang glơt,đàn tơ rưng
glat,xắt lát
gle,con cù lần
gleng glăp,tối tăm mù mịt
glet,cây có hạt nhỏ đầu trắng
gling,đương
gling glĭp,trời lúc nắng lúc râm do nhiều mây
glip,thoáng
glo,tủy xương
glot,tanh
glu gle,mắt cá chân
gluk glơk,nhìn láo liên
glêng,cùm chân
glêu glêu,trố mắt vì sợ hãi
glê̆,đãng trí
glôk,biết yêu
glông glông,ngọn lửa cháu bập dùng
glă,rẻ cỏ   để sạch lại đi
glăi,nguy
glăn,mỏi
glĕch,cây có hạt nhỏ màu trắng  dùng để trang điểm trên liền khi
glŏng glŏng,làn khói bốn lên thấy từ xa
glŭng,bụi bay
glŭt,bị lúa bùn
glơi,bơi
glơi glai,nước mênh mông và trải rộng
glơ̆k,đuối sức vì uống nước khi bị rơi xuống sông
glưh,chỉ một lần là hết
glưng,bao việc
glưng kher,chim hơn ca
goch,rọc
goch goch,nghẹt
goh,một loại chim sẽ đầu có lông đen
goi'long,ngọn cây
gok,con ve
"""jol",cà
gong,gáy
gong gong,bầu xanh xắn
gong xeng,mũi cong như mỏ vẹt
goăi,khòe
grach,cào cào
grah,cho bò
grai,rồng
grak,tiếng gáy
gral,có hỏi đá
gram gram,tiếng vật cứng chạm vào nhau
grang,cái rỗ xúc cá
grang grach,cào cào xanh hay nâu
grang grang,tiếng làng keng của cong đồng va chạm vào nhau
grang tŏng,rỗ xúc cá ở mặt nước
granh,la rầy to tiếng
grao,gừ
grau grau,vật cứng ngắc
gre,đẹt
gre tang wang,xe ôtô
greh,cào nhẹ để ra hiệu
grei,bặm ngựa
greng grĕp,đi đứng không vững
greu greu,tiếng lục lạc kêu leng keng
grih,nhiều
grik grik,có răng cưa
grik grôk,thở khi khi
grin,tên một loại ghè
gring dinh,tiếng leng keng 
gring grơng,tiếng kéo lôi xềng xích
groak,tiếng sôi bụng
groch,chim heo
groh,ốm ròm
groi,bờm ngựa
ka đak tơxi`,cá biển
gron,nhốt
grong,canh thức
grop,cạn hết
gru,ma lạc
grua,suy nhược
gruei,thỏa lòng
gruih,nhổm dậy
grung grang,chỉ dáng đi uyển chuyển
gruơi,gruei
gruơk gruơk,tiếng sôi bụng ột ột
gruơ̆l,lăn ra
grŭm,tiếng cây lớn đổ ầm ầm
grŭn,ráng sức
grŭng grăng,chạy rầm rầm
grŭp,té nhào
halŏn,cá bống
grê,cái xe
grê gra,chết ngổn ngang
grêh grêh,rè
grê̆,choạng
grôl,không khéo
grông grông,nhiều tiếng cười ầm ĩ
grôp,ôm
grô̆,vỡ gốc
gră,nhiều lắm
grăng,khoắn
grăt,ngưỡng ngùng
grĕng,càng
grĕnh,gầm gừ
grĭ,gom lại bằng tay hay bằng chân
grĭ gră,mang lỉnh kỉnh đủ thứ
grĭk grăk,người đánh nhau bình bịch
grŏ,heo rừng cái và bầy con
grŏk grŏk,sùng
grŏng,khó tánh
grŭn,sốt
grơk grơk,tiếng ngáy
grơl,hàn the
kơ'mon,cá bột
nơ̆r pơma pơrŏ,ca dao
grơng,lôi
grơ̆,chim kên kên
grơ̆n,chỉ người lãnh đạo
grơ̆p grơ̆p,tiếng giàỳ lộp cộp trên sàn nhà
grưng,loạng
gu,tụi
guah,hoa mít không đậu
guam,cảm giác hơi tê tê ở hàm
guang hơguang,cao dong dỏng
guanh,năng
gueu,tối tăm
hơri tơdrong huê`,ca huế
guga,thanh long
gugul,một loại cây có nhựa thơm
gugŭng,kéo đâu theo đó
guh,hiì
gung geng,hất hay xô đẩy bằng cùi chỏ
gur,ăn quen
gut,bẻ
guêng,cong như sừng trâu
guăi,khèo lấy bằng móc
gŭm,giúp đỡ
kơamon,cá lóc
gyăng,kiêng
hlor,cá lòng tong
gênh,khập
gô,chờ
gô gỡ,bẻ thành từng khác ngắn
gô rắp,đón
gô rắp tơmoi,đón khách
gôh,màu hung đỏ
gôl,hai cột phía trước hiện nhà
gôm,tô lớn
gôn rơgôn,người này đè lên người kia
gông ngung gaih,nơi đi vệ sinh
gôp,tấm vấn giống như chiếc sõng để che mộ
gôr,chim trĩ
gõ,hóng
ka pơm măm,cá mắm
rơpông,cá măng
kơdih ơkơu,cá nhân
gõ mơh,nồi com ị
găch,ngón hay gạch
găi,biệt
găl,cần thiết
găm,mượt
găm hloh,đen hơn cả
chơphe,cà phê
găn,cuốn
găn gŏ,con cuốn chiếu
găng,lạnh cóng
găng dra,cây chống như chữ y
ka tơ ngia,cá rô
găr dăn,một loại song mây
găt,siêng năng
gĕ,tập
ka hơpă,cá rô phi
gĕng chơgĕng,chỉ vác một cây nhỏ
bơ ngai gơh hơri,ca sĩ
gĕr gĕr,chạy bon bon
gĭn găr,tiếng chim vỗ cánh vù vù
gĭng hơgĭng,vác cây đi một mạnh
gĭt,quý chuộng
chruơh,cá tràu
ka hơ keng,cá trê
khă,cạch
kikiơ,cái gì
gŏbŭng,nồi đồng
gŏk,chờ đợi lâu
gŏl,bướu của bò đực
gŏlơn,nồi đất
gŏm,ngải
gŏn tơgŏn,vác nặng cồng kềnh
gŏnh,dê khoai bắt đầu mọc râu
gŭ,khệnh
gŭn,kéo trì cần cây xuống
gŭr ă,chim đại bàng
gơ'bal,ắp
gơ'dơ̆m,có tài thuyết phục
gơ'dươ̆ng,sạn thận
gơ'mrăm,tằng hắng
gơ'mâu,súc miệng
gơ'môch,phun ra
kruôĭ 'ngam,cam
gơ'ngŏnh,cúi gầm mặt
gơ'nhrơ̆ng,đứng thẳng trong tư thế nghiên
gơ'nhĕk,uốn éo
gơ'nhơn,nhón gót
gơbŏng,cây vậy
gơbư,cá phá
gơdah,đá
gơdai,tán
gơdi,phạt vạ
gơdung,xuống
gơdăp,giẫm
gơdĕng,cái kệ
gơdơl,tắc
gơdơ̆k,sôi
gơdơ̆m,cây trĩ cột ngang để trét vách nhà
gơdơ̆u,ẩn
gơgleng,quá sức
gơglă gơglăk,tiếng cười hớn hở
gơglăp,phức
gơglŏng,chỉ lửa nhỏ
gơglŭng,nghe
gơgoch,chỉ mạch nước chảy đều và nhanh
gơgoh,trợn mắt nhìn
gơgreng,tiếng chuông reo
gơgring,tiếng lục lạc
gơgrông,khóc
gơgrĭk,tiếng ù ù trong tai
gơgrĭk gơgrăk,gơgrĭk
gơgrŏk,tiếng bụng sôi khi đói
gơgŭ,rung
gơgŭk gưgăk,nước chảy ào ạt
gơgŭl,nang của vi chuẩn
gơgŭr gơgrăr,xe chạy ào ào
gơgŭt gơgrăt,đoàn người lũ lượt đến
gơgĕr,chỉ mạnh nước chảy đều và nhanh
gơgĭk gơgăk,tiếng tộc các của ngựa phụ nước đại
gơgĭr gơgăr,xe chạy bon bon
gơgŏ,gõ
gơgơ̆r,chảy ròng ròng
gơh,biết cách
gơh bắt,hiểu
gơhak,khạc
gơhiet,cột chặt
gơhioh,nạt nộ
gơhlô̆i,ngồi nhìn chăm chăm
gơhmin,ham
gơhning,che khuất
gơhom,có hình trái soan
gơhê,đỏ thấm
gơhô,ham ăn
gơhôih,thở dài
gơhăng,đỏ chói
gơi,gửi
gơk,gồ
gơl,chuôi
gơla,mắt mờ
gơlaih,dài lóng
gơlang,rực rỡ
'dơ̆k,cám
gơleh,khèo
gơlek,màu sự
gơleng,liếc mắt nhìn
gơlon,nhìn chăm chú
gơlut,cột lửa
gơlŭm,chỉ lửa cháy phủ lên
gơlŭng,nghi ngút
gơlŭng gơlăng,người đông đảo
gơlŭp,khăn trùm đầu của nữ tu
gơlôn gơlan,mở to mắt nhìn
gơlăk gơlon,nhìn nhau chờ đợi lo âu
gơlăr,bộ lạc ở liền đông nam pleiku
gơlĕng,cây có hạt nhỏ màu trắng
gơlŏk,một loại nứa mắt nhặt
gơlŏng,súc
gơlơ̆m,liều mình
gơlơ̆p,lấp đầy
gơmrach,la to
gơmreh,nhắy mắt
gơmrĭ,dựa vào
gơn,thêm cho nhiều
gơnap,một kẹp
gơnar,con sùng
gơng,cầu nhỏ làm bằng cây bắc qua mương
gơngar,ong ruồi nhỏ
gơngeh,chỉ chờ lâu
gơnhoh,vô phép
gơnhêr,ràn rụa
gơni,bình tĩnh
gơning,dựa
gơnom,tấm phên phủ trên nóc nhà
gơnop,hợp nhau
gơnum,vành bẻ gập
gơnur măt,đường chân mày
gơnăl,nhận ra
gơnĕt,nhét kín lại
gơnŏm,bùa giải trừ bùa ếm
gơnŭk 'long ŭnh,đống củi
gơnơm,nhờ
gơnơ̆m,cái nơm để chúi cá
gơnơ̆ng,lang củi
gơp,khe đá
gơrah,bệnh đẹn
gơrăn,đường gờ
gơrơbơ̆k,món thịt bò bằm
gơtrah,chảo rang
muh,cằm
gơweh,vẫy tay
gơweng,nặc
gơweu,vểnh môi
gơwẽt,lười
'brĕng,cảm giác
gơxa,loại cây thân mềm làm trống
gơxang,nước phèn
gơxeh,hơi đất
gơxep,vào
kơdik,cặn bã
tơgong,cẳng chân
gơxăi,tát nước
gơxĕ,màu xanh lá cây
gơxĭ,không phải
gơxĭn,nấu nướng
gơxŏk,đục
gơxŏng,con tôm
gơxơng,khàn
gơxơ̆m,cây nghe
kŏng,cánh
gơ̆k,rào chung quanh mồ mả
gơ̆l,choai
gơ̆n,cản
gơ̆ng,cột trâu vào cây nêu để giết thịt
gơ̆nh,nắm chặt
gơ̆p,tớ
gơ̆t,giữ chặt
gưgư,một loại cá có thể tấn công người
gưp,dần dần
gưp gưp,càng ngày càng
gưu,đực
gẫm,thể
gỗ ngoh,nồi com  nồi canh
h'mon,sử
h'yol iĕ,trẻ
ha,bì
ha'lŏ,tuổi hoa niên
ha'nah,cây non mới mọc
ha'nih,thịt đạc
hach,tan
haglam,một lần nữa
haglơ̆p,hang thú rừng
hah,khích
hah ha,tiếng cười vui vẽ
hakŭl,hấp
hal,khát
halau,chí vì
haliau,xanh xao
halin,kiến có cánh đầu xanh hay nâu
haluơk,núi dây
ham,tám
hamah,hoa mít không đậu trái
hameng,bình an
hamlen,dẹp lép
hamui,đau đầu thoáng váng say rượu hoặc đau ốm
chơ'bathan,cành
hangao,phong khách
hangoi,bồ hóng
hanh,mừng
hanhao,phong khách giữa nhà
hanhŭ hơdang,cây me đất
hanhŭk,xum xuê tủa xuống
hanhŭr,chảy mũi nước
hanăk,khí giới (dao
hanăp,bệnh mày đak
hao,leo trèo
hapaih,đuốc làm bằng tre chẻ
hapak,cái lao bằng nứa
haper,nơi thường thả lúc vật
hapha,loại chuối giống chuối lên
hapoh,răng nanh
hapol,đo
harunh,rống
harôt,cơn sốt do bệnh khác gây nên
harŭt,giật
hat,hát
hatieng,cây lung
hatra hatral,chữ vật rơi
hată,toàn
hatăl,chồng chất lên nhau
hatŏn,cái nia
hatơl,cây rừng có quả ăn rất chua
hatơt,đánh bằng đầu
hatơ̆m,nguyền của
hatưl,cây rừng có quả chua
hau,cưỡi
hawen,hay nổi nóng
hawin,chiêng của người lào
haxơ̆ng,chim lượn vòng trên bầu trời
hayang,nhảy qua
hayâu,loại cây rừng
hayơnh,đói lả
hađĕn,kiễng
hbech,nhẹn
hcm,hồ chí minh
hdiu,dàng
hdrom,bành
hdrông,sâu
kanh,cảnh
he,lạnh
he hel,nắng oi bức
he hĕr,chảy xăm xắp
heh heh,tiếng gõ cốc cốc của chim gõ kiến
hek,xé
heo,lành lạnh
hgơ̆m,có thể
hia,lấy di
hia hyôi,dài thồng lòng
hia tơ âu,lại đây
hiah,rách
hiak,chụp lấy
hiak hiak,bị lao
hiam,cây lấy vỏ để suốt cá
hian,dạy cách làm
hiang,càng ngày càng suy yếu
hiao,chỉ đàn chim kêu thất thanh
hiap,cánh đuôi tên để giữ thăng bằng
hiar,trải sa
hiau,cá siêu
hiel,tòng teng
hieo,trôi (theo dòng
hiep,mút
hiĕng,lo lắng
hiĕr hiĕr,sáng nhấp nháy
hiĕt,bị đứt tay
hih,tiếng trả lời
hik,phát cáu
hik hôk,cãi nhau lớn tiếng
hil,căm
hil hol,nắng chang chang
hin,nghèo
rơxeh,cạnh
hing,thèm muốn
hioch,giải bớt công việc
hiok,xem xét
hiong,hao
hiop,dần
hiot,ngay lập tức
hiou,biết đâu chừng
hir,chịu đựng được sự xa cách giữa các người thân
hiu,oi bức
hiu hiâu,nhìn láo lên trong lòng hoảng hốt
hiâu,lớp mỡ nổi trên bề mặt
hiêl hial,vật lớn trên cành cây
hiên,ho
hiông,toạc
hiôp,nước rút nhanh
hiôt,ru bé ngủ bằng cách đu đưa hay nhún
hiă,cảm thấy đói
pơnăr sem pu`ng,cánh dơi
hiĕch,đác
hiĕp,nuôi
hiĕr,nập
hiŭt hiăt,di chuyển hàng hóa
hiơ,dụng có kéo sợi
hiơ hiơh,chỉ lửa dùng cháu
hiơh,bén lửa nhanh
hiơp,liệm dần
hiơt,quên
hiơ̆,lo
hiơ̆p hiơ̆p,tiếng đánh đen đét
hiưng,rưới
b`ri,cánh rừng
rơ rŏng ti,cánh tay
khan,cáo
cao điêm,cao điểm
tơ to` kơjung,cao độ
groi kông,cao nguyên
kep,cặp
truh tơ noh,cặp bến
choah,cát
cau,cau
hla du,dù
hla irôt,nhám
hla nhet chít đak,bầu nước
khop,cầu
hla prit alop,lá chuối
hlak hla bơ,tờ giấy
hlalai,tràn ngập
hlang,bổ đôi
hlao,um
hleh,bẻ bắp
hlih,lở
hling,dội
hling 'bơt đak,chắt nước
hloin hlan,mở mắt to nhìn
hlok,nửa sải
hlom,lỡ
hlong,tỏ
hlong chơna pơda,chồi non
hlot,bán chạy
hlup,lún
hlut,bị lừa
hluôi,khỏi
hluôi băt,rõ
hlâu,trỏ tay
hlêk,say
hlôl,cô̆ng
hlăm,trầm trọng
hlĕnh,dối
hlĭch,khác lạ
hlĭm,một loại cây có gỗ rất chắc
hlŏ hlŏ to,thấp thoáng
hlŏng,vượt lên trước
hlŭ hlơ̆,tiếng cách cách chặt cây
hlŭn,làm cho trũng
hlŭng khong git,hầm mỏ
hlŭp,cục xuống
hlŭt,lún xuống
hlŭt hlăt,chỉ măng đất mập mập
hlơ hlông,sáng tỏ vật lớn
hlơ hlôp,lá to bản
hlơ hlĕch,láng
hlơn hlơn,nằm giãy giụa
hlơp,che kon
hlơ̆ hlơ̆,tiếng chặt cây cách cách
hlơ̆n hlăn,cục trên da
hmai,tràn
hmang,hay
hmar,bẫy sập cá ở bờ ao
hmĕch,xóa
hmĕk,lại mặt
hmĕng,loại muỗi kim
hmĕt,nhận cho chặt
hmoh hmĕch,ngồi chờ 
hmok,thái
mon,cậu
hmong,trộng
hmot,im thin thít
hmrŏ,để sân
hmôch,con kiến
hơhil,cau có
nơ pơ đă,câu đố
hmông,trông hạt
hmông hmang,lốm đốm trắng
hmă,canh
hmă hmeu,măng mới lú kim
hmăk hmŏm,hai vật nhỏ ngồi kề bên nhau
hmăk hmŭm,hai vật lớn ngồi kề bên nhau
hmăr,giấc mộng lành
tơnh,cầu kỳ
hmĭt,đè xuống
hmŏ,dự phong
hmŏm hmĕch,ngồi nghe
hmŏn,điều trị
hmŭm,quây
hmŭm hmăm,ngồi quây quần bên nhau
hmơch hmach,vật trăng trắng
hmơm,ngồi chờ
bang bay,cầu lông
hna,xào
rơrê,câu nhắp
kung kơ thang,cầu thang
hơneh,cầu treo
anah,cây
hnam kron,tù
hnam kơ jung,nhà dài
hnao,dao bằng nứa
hnger,không nỡ
hngil hngôl,ngồi băt
hngoh,trông
hngoh hgnĕch,trẻ nhỏ đang chờ
hngôh hngah,người lớn chực chờ
hngăk hngŏn,cột
hngăm,nặng
hngăp,ngóng
hngĕch,hngĕch
hngĕk hngŏk,vật đứng trơ trơ
hngĕl,hngĕk
hngĕnh,muỗi kim
hngŏ hngĕch,người trời đầu lên mặt nước
hngŏl,hngŏ
hngŏl hngăt,đứng trơ trơ
hngơr,ngáy
hnha,chẳng hạn
hnhap,cánh tên giữ thăng bằng
hnheng,bất tỉnh
hnhok,kiểm điểm
hnhŭm,tụ tập lại
hnhŭp,nghe theo
hnhêl hnhal,điểm sáng lớn
hnhôk,bài toán dễ
hnhăi,ngó
hnhăi minh pah măt,liếc
hnhăi pơdưng mĕt,lườm
hnhĕl hnhăp,điểm sáng nhỏ
hnhĭp,quên bẵng
hnhŭk,mời
hnia,lọai bẫy treo bắt chim
hnih xơng đak,bể nước
hning hla 'long,rợp bóng
hniê̆,chen
hnoch,chuối nhọn
hnok,một loại cây rừng giống như cây dừa
hnom,chưng
hnong,nằm liệt một chỗ
hnuk,hòa
hnêu,cái  đe
hnôi hnal,nổi lềnh bềnh trên mặt nước
chơpik,cầy
kơmrôi,cây ăn trái
hnĕn hnĕn,cùng nhau khiêng
hnĭn hnăp,nằm bất động
'long kơdrưng,cây cổ thụ
hnŏn,chỉ đám người ngồi hay núp yên một chỗ
hnŏn hnŏn,khom lưng gùi
hnŏng,đấu đông
hnŏng hnŏng,bụng no
hnŏp,ngồi sâp xuống sợ người ta thấy
hnơr,đồng tuổi
hoach,hoạch
hoal,lê
'long bri,cây cối
hoan,nóng tính
hoan grŏ,thần kinh tọa
hoang,cùng làm
hoang grơ̆m,loại ốc nhỏ
ttf'dah,cây con
hok,cá phá nhỏ
hol,chán
nhai,cây gai
klor,cây gạo
honh,héo
hop,họp
khŏl,cây gỗ
hoăi,đáng kiếm
pơxổng,cây mầm
hpinh,nguyện
hra,cây sung
halŭk,cây nêu
hrach,cây dầu
hrai,con giòi
hral,chưa ngủ
hram,rỉ ra
hrang,phóng
kơ̆i sô̆,cây số
hre,hrê
hreng,trăm
hreng rĕl,cây đậu thấn
hrep,kín đáo
kơjip,cây thuốc
‘long pơtăm,cây trồng
hrip,hủi
hriêng,một trăm
hroh,giã lần thứ hai
hroi,hroi
hroi tơhroi,đi nối đuôi nhau
hrok,cái đơm cá
hrot,cật
hroĕk tơhrĕk,xếp hàng nối đuôi nhau
hrŏk,con rận
hru hra,cây mọc chi chít
hrui,bắn
hrul,vắng
hrum,dễn
hruôch,dẹt
hrâp ao,mặc
hrâu,ngã ngửa
hrêl,một loại chim vẹt
hrêl hral,nhiều và số kể
ƀă,cha
hrôp,đôi
hră,ná
hră dip,cung
hrĕ,cảm giác ngứa
hrĕch,bứt đứt
hrĕl hrĕl,khắng khít bên nhau
hrĭ hră,cảm thấy rát hay nhám
hrĭp hĭp,tiếng mưa rơi lộp độp
hrŏl,một loại cây giống như cây trứng cá
hrŏm,mảnh khảnh
hrŏng,dứt cơn sốt
hrŭ,đền bù
'bă mĭ,cha mẹ
hrŭm jĕl,rau đền không gai
hrơ hrŭk hrơ hrăk,chỉ các tác động liên tiếp
hrơu,ngã chỏng gọng
hrơ̆i,con cò có lông màu nâu
hrơ̆k,găm vào
kơchai,chai
hrơ̆ng tơdrăng,cây lúa còn trở gốc rạ
hrơ̆p hrăp,tiếng ngựa phi
hrơ̆t,kéo lôi
hsêng,cái sàng
chơkŭp,chái
hua,khỉ có đuôi dài
hua huăi,nghe loáng thoáng
hual,xẻo một miếng
huang huang,nhiều người 
huat,quẳng
huch,húp
hue,dòm ngó
bơngai tơpuh,chân
huek,nhớ nhung
hui,hú to để báo hiệu
hui hai,loại chỉ mắt đỏ
huich,hoàng
huih,tiếng đuổi hay thúc bò
huin,nước đứng do có vật cần
huit,cảm thấy chóng mặt
huk hik,thở hổn hển
hum,sàng sảy
hung,huýt
huoh,bầu
huoh huĕch,những bầu nước không có nắp
huong huĕch,nhiều vật dài và cong
hur,hơ
huê,ngoái
huêu huao,chỉ sừng trâu
huôh huah,chỉ nhiều hang lổ
huăi,mặc kệ
huăk,trái xoài
huăng,rơi
huăr,cây nẹp hàng rào
huăt,quất
huăt ka,nghề đánh cá
huăì,moi ruột
huơy huay,chất đống không thứ tự
huưch huưch,cảm giác ngồi trên xe
hyiu,trôi theo dòng
hyot kơtĕch,rứt
hyôk,hài
hâu,nhé
hêh,rồi
hó nglõng ngạh,sao mai
hó nglŏng drô̆m xơ̆,sao hôm
hô,đắng
hôch,bul
hôh,hô
hôh hô,tiếng cười ha hả
hôi,ít khi
hôih,chỉ luyến tiếc
hôn,thán phục
hôp,phủ kín
hõm,rụi
hă,chứ
hăk,mửa
hănh,teo
hăp,bắt đầu
hĕl hĕl,lửa đỏ rực
hĭ,ăn đi
hĭnh chih,tranh
hĭr,khởi
jưng kông ,chân núi
hĭt,cộm
hŏ,uải
hŏch,nát
jưng plĕnh ,chân trời
hŏnh atrep,xẹp
hŏnh hep,tóp
hŭi,sáo
hŭl,đứt
hŭm,tấm
hŭng,ngửi
hŭp,lún xuống sâu
bopŭng,cháo
hơ an hao,khung cửi
gŏ 'dal tih,chảo
hơ bĕn hrô̆p nar hơkăm,váy mặc ngày hội
hơ bĕn hơ bĕn ao ao,quần quần áo áo
hơ dang tep,chỗ ngủ
hơ dong kau,buồng cau
hơ drai ao,vạt áo
huơy,chất
hơ iuh,ướt
hơ kar kla,da hổ
hling 'bơt,chắt
hơ mon hri,ngâm thơ
hơ mon nă,truyện cười
pơnhũl,chất độc
hơ na,rán
hơ nah 'long,mầm cây
tơdrong thu,chất lượng
mun,cháu
lep,châu
hơ ra hơ kăn,vịt mái
hơ ra kon,vịt con
hơ ra tơ mông,vịt trống
hơ săi ka,câu cá
hơ tŏng kau,bẹ cau
hơ xi prit,nải chuối
tơnut,chấu
hơ'blong,chỉ vật có hình dáng thoi dài
hơ'blông,chỉ người có thân hình thoi và đẹp
hơ'blơy,nói chơi
lep tơ drĭng,châu chấu
hơ'brak,nhúc
hơ'brĕn,nhỏ đều và đẹp
hơ'bruh,rỗ chằng rỗ chịt
hơ'brưt,chỉ trộn lẫn
hơ'bĭch,tư thế nằm
hơ'bŭk,mau mục
hơ'dang,chậm rãi
hơ'doh,nẩy nở
hơ'dong,bẫy dây xiết cổ hay chân thú
hơ'dong yang,dây rừng 
hơ'dăng,nứt nẻ
hơ'iơch,nhẹ
hơ'lam,ở giữa
hơ'lih,trao đổi
pơkao,cháu rể
hơ'lơ̆,lật lại
hơ'met,lúa chết
hơ'moi,theo hướng
hơ'mol,cây dùng để chọt trỉa
hơ'mrơ̆n,ê ẩm
hơ'mô,như nhau
hơ'môi,chỉ thoi độ lạnh lùng
hơ'măng,lần nữa
hơ'mơt,mò mẫm
hơ'ngai,váng
hơ'nglal,trọc
hơ'nglă,hất xuống
hơ'nglăk hơ'nglal,trọc lóc
hơ'ngưi,choáng
hơ'ngưk,một loại bọ rầy
hơ'nhĭp,nhắm mắt
hơ'nhơp,chỉ người lông lá đầy mình
hdrai,chày
hơ'nĭng,e  ngại
hơbaih,lanh lợi
hơbalhơbĕch,nhanh nhẹn
hơbĕr,mách lẻo
hơbiai,kiểu nói
hơbiu,chỗ lồi ra
hơblŏm,chẳng
hơbol,đơn vị đo
hơbong aơ pên hnam,cái móng
hơbrŭm,chỉ ria mép xồm xoàm
hơbuh,chỗ nước chảy cuồn cuộn
hơbâu,bươu
hơbông,loại cây sậy
si,chấy
hơbĕch,lanh lẹ
tra,chè
hơbŭ,đấm bằng nắm tay
hơbơ,chái bếp
hơbơ̆u,nghìn
hơbưi,vội
hơcham,làm dấu chỗ mình sẽ phát rẫy sau này
hơchuêng,lệch
hơchôm,quen biết
hơchô̆,một bó
hơchĕng,nghiêng một bên
hơchŭ,đụng phải
hơchŭt,đẩy củi vào cho cháy
chen ,chén
`xi hrôk,chí
hơde,một loại lồ ô nhỏ
hơder,la hét
hơdoh,vỗ cánh
hơdom,nhại
hơdongtuak,buồng dừa
hơdop,tư thế nghiên trang
hơdra,thuận
hơdrah,trưởng thành
adrak,chì
hơdral,duốc soi làm bằng tre nhỏ bó lại
hơdrang,bớt lửa khi cơm cạn nước
hơdren,chỉ trẻ em nhe răng cười
mai,chị
hơdrok,da hay võ cứng thú vật
hơdrong,một loại cây lấy vỏ xe dây
hơdru,lúa đã giã chưa sàng đầy
hơdruh,đuổi bắt nhau
hơdrôi,suy giảm
hơdrông,dâng cao
hơdrông hơbâu,bộ lạc jrai 
hơdrô̆i,theo
hơdră hơdră,lảo đảo sắp té
hơdrăk hơdrăk,cuộc sống lây lất
hơdrăk hơdrŏl,hai đứa bé to bằng nhau
hơdrăk hơdrŭl,hai vật to bằng nhau
hơdrăng,mổ
chi ‘bô,chi bộ
chi cuc,chi cục
hơdrĕ,bị thần giáng họa
hơdrĕng,rang
mai oh pôm mẽ b`ă,chị dâu
hơdrŏng krong,bói
hơdrơk,trút hơi trước khi chết
hơdrơ̆,trúc hơi trước khi chết
hơdê hơda,đi thành từng đoàn
hơdôm,bao nhiêu
mai oh,chị em
mai pôm mĕ 'bă,chị gái
hơdĕng,ngón út
hơdŏngtuak,bẹ dừa
hơdŭng,mang
hơdơi hơdơi wă,hòa thuận
hơga,sỏi đá
khoă,chìa khóa
hơgau,gàu sòng
hơgrep,chỉ nhiều người hay vật ốm ròm
hơgrêp,chỉ người lớn gầy còm
hơgrĭ hơgră,mang tỉnh tỉnh đủ thứ
hơgu,bộ lạc hơgu vùng bắc pleiku
hơguat,lêu nghêu
hơgăk hơbong,hai cô gái đẹp và giống nhau
hơgăk hơgr,một đàn
hơgăl,triều thiên
hơgăm,ngăn trở
hơgăt,chiều dài khoảng cách bằng từ khuya tay đến mút đầu ngắn tay giữa
hơgơm,nếu
hơgơng,cây đã chặt còn nằm ngỗn ngang ở đây
hơgơ̆m,tùy ý
phang,chiêm
hơhel,chang chang
hơheo,lạnh giá
hơhiu,oi
hơhiă,cầm giác đói
hơhiơ̆r,thất kinh
hơpo,chiêm bao
hơhrơ̆k,bản rộn
hơhuek,lo nghĩ về
hơhuel,không có gì hết
linh,chiến sĩ
hơhĕr,chỉ nước xăm xắp
hơhŭl,lụt
hơhơu,chỉ sự ồn ào vui vẽ
hơhơ̆ng,nóng lực
hơhưt,gió nhè nhẹ
gah tơ blah,chiến tranh
hơja,vỗ vào bờ
hơjing,một loại chũm chọe
hơjo,cây dâu tằm
hơjuăng,chỉ vật có hình sáng thoi dài
hơjâu,vẹn
hơjơ̆m,rèn
hơk,mát
chiêng,chiêng
hơkat,đọc lời thúc tụng
hơklŭp,úp xuống
hơkoch,nhột
hơkrop,ốm da học xương
hơkrôp,khô kéo
hơkră,xin
hơkuh,cây móc
hơkul,hấp chín
hơkun,cây không được phép đụng tới
hơkâu,đầu tiên đầu mùa
hơkô hơkap,các loại bẫy
hơkô hơkĕng,dọa trả thù
hơkôm,hạch hầu
hơkă,cái gùi
hơkăngoi,vợ lẽ
hơkăntơm,vợ cả
hơkơi,mép hiện nhà
hơkơt,chóng mặt gây nên do sợ lực thăm hay lên cao
hơkơ̆t,nuốt chửng
hơlah,bú dừ
hơlang,chuối rừng
hơlap,lá sách bò
hơlay,lẻ
hơle,chú hề
hơleh,trảy
hơlem,may
hơleng,loại cây rừng có lá chua ăn được
hơkok,chiếu
hơlĕnh,gian dối
hơlih,sụt
hơling,bền vững
hơlon,cuộn nhỏ
hơlong,một loại chiêng quý mặt không có năm
hơluh,trút ra
hơluăng,bộ lạc phía tây kontum
hơlŭng,hủy hoại
hơlôk,nói liệu
hơlôl,đây ắp
hơlă,cây thường
hơlăk,hỏi vặn
hơlăng,thông mình
hơlĭm,bọ rẫy
hơlŏng,gông cổ
tok,chiều
hơlŭl,đầy nghẹt
hơlơk,một loại lỗ ô mắt dày
hơmal,cây có lõi trắng
hơmang,đĩa hay mâm gỗ
hơmanh,tức giùm
hơmau,kịp thời
hơmlĕn,ngậm không nhả
hơmlôh,bụng to béo phì
hơmoh,chỗ đặt đơm
hơmol,đầu lòng
hơmŏl,khúc củi
hơmŏt,con rệp
hơmray,chỉ ăn mặc rách rưới
hơmre,chỉ cách trang trí đẹp
hơmreh,nhánh tre
dơnong,chiều cao
hơmroh,sắp xếp
hơmrok,không mời cũng đi
hơmrôi,bọ mắt
hơmrŭk,bộ chiêng
hơmrơn,dịu bớt
hơmrơ̆ng,chú ý
hơmu,trái nho
hơmui,bướm nhỏ màu trắng
hơmul,cây chặt để che nắng tạm thời
dơnor,chiều dài
hơmuơ̆n,cây cốc
hơmông,bệnh mày đay
hơmăi,phùn
hơmăm,kế
hơmăt,cảnh giác
kơ sơ̆ dơning,chiều mai
hơmĕch,trùng
hơmŏng,lộc
hơmơ,ngủ mớ
hơmơih,xoa
hơmơng,khoát
dơwơ̆l,chiều rộng
hơmơ̆l,hạnh
hơmơ̆m,sưng phù
hơmơ̆ng,cựa gà
hơnap,người ăn cùng một bàn
hơnar,chim con mới nở
hơnel,đầu tiên
kieng,chim
hơngla,bờ rẫy
hơnglah,ngã
hơnglang,gió lúc
hơnglao,nấc thang
hơngloh,hất
hơnglong,ngắn tay chân
hơnglăk,nuốt trửng
hơnglăng,loại lá rừng ăn được
hơngo,cây thông
hơngok,uống một hơi
hơngong,tha mồi
hơnguang,kiếm đồ ăn
hơngui,vĩnh viễn
hơnguăk,móc vào
hơngôl,chất thành đống
hơngơn,kê lên
hơngơ̆,bộ điện
hơngơ̆p,đớp mồi
sem kơtơp ,chim cu
hơnhaih,tách ra
hơnhok,làm ngay
hơnhong,xuôi
hơnhuơ̆l,lưới đánh cá
hawat,chim cút
hơnhăr,hơnhăr
hơnhău,xóc
hơnhĭr,hơnhơ̆r
tăr yang,chim đầu rìu
sem pơsel yang yai,chim én
hơnihjangtih,điền
chơbre,chim sâu
hơniê̆,độc
hơnoh,nợ thần
hơnoi,ống đựng lúa giống trỉa
hơnom,một cuốn cá
đum sưa,chín sữa
hơnong,phân
kơ di teh đak,chính phủ
pơgơl,chính quyền
hơnuh 'ba yang,bèo tấm
hơnul,đùa giỡn
hơnum,một loại gùi có nắp
hơnung,ì
hơnŭk,sung sướng
chinh tri,chính trị
hơnô,thoai thoải
hơnôi,muộn
hơnôm,lá non còn trong học
hơnô̆,khoe mạnh
hơnăk,bán chất
kiep,chíp
hơnăn,chính vì
kõ,chó
hơnăt,hấp tấp
hơnĭl,trinh nguyên
hơnĭt,không yên tâm
hơnŏk,bản tỉnh
hơnơ̆,thoải
hơnơ̆m,ở
hơnơ̆ng,đặn
hơnơ̆p,kín gió
hơnưal,quá sớm
hơpaih,bó đuốc bằng nan tre
hơpei,nọc ong
hơplih,thay đổi
hơplăng,cây sả
hơpoih,đuốc làm bằng nan tre
hơpol,bí đao
hơprĭp,vô liên sỉ
hơpêl,một loại dây leo dùng lá nấu tắm để giải vui dẻo
hnih,chỗ
hơpô̆i,ốc loại tròn vỏ dài và cứng
hơpă,cá sắc
hơpĭnh chă xa,ăn mày
hơpŭ,bân phận
hơpơi,van xin
kó chơ,chợ
hơrah,uể
hơrap,xếp ngay hàng thẳng lối
hơrau,cơn sốt do vết thương gây nên
hơroih,khô cằn
hơru hơra,mọc chi chít
hơrôi,thòng
hơră,hình khắc trên gỗ
hơrơnh,oải
hơrưng,nong
hơtai,đang thời kỳ
kŏ hơ kăn,chó cái
hơtat,dộng mạnh xuống đất
hơteng,măng nanh
hơtieng,cây lùng
hơtol,khoa trương
hơtral hơtral,vật rơi
hơtrơl,lớn bằng nhau
hơtu,hồn ma
hơtuh,bệnh lở loét lưỡi
hơ dang oei,chỗ ở
hơtê,nằm mơ
hơtêng,thêu
hơtô,bầu cụt cổ 
hơtăk,xếp chồng lên nhau
hơtăk hatŭl,nhiều xác chết
hơtăk hơtơ̆r,nhiều người
hơtăr,dây quai gùi
hơtŏk,chuyền
kó chă druh,chó săn
hơtŭ,đốt ngắn tay
hơtŭn,đi thụt lùi
hơtŭp hơtơ̆p,đâm nhiều nhát
hơtơ̆p,đâm thọc
hơtư̆,nhận làm
hơu hơu,tiếng ồn ào vui vẽ
hơwa,mái chào
hơwaih,đo đạc
hơwan,dạo này
hơwih,đi kiếm ăn
hơwin,cứng lòng tin
hơwing,bệnh kinh phong
hơwĕl,bật
hơwĕng,nổi nóng
hơwơ̆l,nhằm
hơwơ̆t,trổ bông
hơwưch kơ̆l,trời xẫm tối
hơwưi,vồ lấy
kơđunh,chốc
hơxeng,cái  nong
jơdruih,chổi
hơyeh,ganh đua
hơyok,tro tên
hơyol,chót vót
hơyon,cây đon đông xe bò
pơja,chồn
srŏng,chông
hơyêm,cây che nắng 
hơyăng,xuê
hơyĭng,đum
hơyơ̆l,bị rôp
hơđŏ̆ng,cúng
hơ̆m rŏ kơ,nghi ngờ một khả năng
hơ̆ng,bờ rừng
hơ̆p,nín thở
klo,chồng
hơ̆t hla,cây thuốc lá
hư,bị hư
hưch,hò
hưt,hiu
hẽng,loét
hốt,lừa
hơlep,chớp mắt
ia kơ,bay sà xuống
iam,bu
ich,cứt
ier,thiến
mat,chú
ih hih,tiếng dùng ở mệnh lệnh
iih,uống
il,gặp
im,chiều chuộng
in,giống nhau
'nar,chủ
inghêrô,ngục tổ tông
it,ôm sát
it dih bơl,đánh nhau
it tơ,sát
iêl,sạch
iôk,lấy nhau
iôl,ươ trọ
iôp iôp,dang đạc bước đi
iĕl,quá
iĕm, các anh
iĕr,con gà
iŏl,lay
iẽr,cối chày
iẽr tơhao,gà đạp mái
iữ,làm khiếp sợ
jai,gieo
nâr tơangla kơdih,chủ ngữ
jal,chài
tơngơl,chủ nhà
chu nhơ̆t,chủ nhật
pơsau,chú rể
khoa tơ nơm,chủ tịch
ơi piêu,chủ trương
jang hrai pơ nah,nghề săn bắn
jang ley,dây keo có trái
jang rong,nghề chăn nuôi
jap,liên lạc viên
jat,chạp
jay,thắng
jcfling,bất lịch sự
bă yang,chúa
jeh,dân tộc jeh
jep,lép
jeu,ghè nhỏ
jich,dịch
chuô,chùa
jih jang,hàng rào 
jin,mình ơi
pre,chuẩn
jit,mươi
jiêt,gọt
jjn,cây đa
jjo,tự
jo,què
joaih,khôn ngoan
chư̆k,chức
jofjö krong,chim ăn cá
jofmaih,đơn độc
chưk danh,chức danh
chưk năng,chức năng
jom,kính trọng
jon,khoèo chân
jong,chim nhồng
jơnăk,chức sắc
jong moch,cây chua
jop,gùi đan mắt cáo để gùi nước hay củi
jor,chắn
ting gring tang grang,chuệnh choạng
jotjoh,gõ nhẹ bằng đầu ngón tay
kơtul yul,chùm
jơhẽ,chúm chím
pơgang,chủng
bơblĕnh,chừng
jram,cháy hết
jrang,cây nhãn
jre,giã thóc con hót
jreh,ria mồi
jreng,hẩm
jring,cột cửa
jring jrơng,giọng cao thấp
jroh,hình trái xoăn
jrok,nuốt trong
jrong,đi ngang qua
jrung wai brai bôr,đã đính hôn
jrâu,rắc
jräng,cây cột
jrêng,cách
jrënh,sáp ong
jrôt,chùi
jrüm,kim may
jrüng,cái gùi nhỏ
jră,chống lại
jrăng 'nhaih,quả có nhựa dính
jrăng hnam,côt nhà 
pơwang,chung quanh
jrŭ,cái vực
pit,chuối
jrơi,bướng
jrơih,bắn sượt
jrơ̆u,trộn
jrễ,khing chê
jrổk,ròng
jrổp,giã gạo
jtf,cây bần
jtfdrek,miếng thịt mỏng
jtfdrô,chỉ môi hở
jtfjueng,mất bình tĩnh
jtfkhot,cao chót vật
ju je,rổ làm bằng ống tre hay nứa
sring,chuỗi
juang,vây quanh
juei,hưoai
jueng,tránh đường
juer,tránh
juey,con nai
ŏi,chuối cau
jui bơngai,người nằm trong mùng
juk jek,biọ rầy ăn vỏ cây
jule,loại kỳ nhông
jung jăng xang răk ra,sa xuống
sring srung,chuồn chuồn
jut,cây le
juăr,cầm que 
neng,chuông
adrung,chuồng
juăt kơ têm,nghề rèn
juơ̆t,thạo
jên,dẫn đi
jêp jêp,khập khà khập khễnh
jêu,ngây thơ
jôch,kể công
jôi,ngay lúc đó
jôigơgỡl,lúc đầu
tơm minh,chương
jôt,loại hơi lớn
jô̆,rù
jö,phải không
jöl kợjôk,nhảy tung tăng
jöng,gùi lớn
jü pơliă,gây bất hòa
jük,ông cai
jül,phục
jün,nhịn
jüt,ống hút 
rơmanh,chướng tai gai mắt
jăk,bỏ đi
dơhiok,chương trình
jăm,thịt heo rừng
kne,chuột
jăp,túm
jăr,nhựa cây
jăr jô,cây hà thủ ô
jĕ,cách mặt
kơhôch,chuột chù
jĩ,đau
kơ ne bak hôch,chuột chũi
măng,chuyến
jĭp,vá
jĭt,chục
jŏ,dành
teng neng,chuyện
jơ'ngang,ưỡn ngữa
jơ'ngong,cao nghều
jơ'nong,nằm sõng sượt
jơba,con vẹt mái
jơblan,đẹp trai
jơbram,râu thưa và dài
jơbrỡp,cây hoa
jơbữ,đánh bằng nắm tay
jơdrap,cái thuổng
kuôt,chuyên môn
jơdroi,chặn khúc sông cạn 
chuyên nganh,chuyên ngành
jơdrông,con sâu
clorua,clorua
jơdrơng,chiếc nhẫn
klang kok,cò
jơdrơ̆u,cái vợt
jơdu,êm dịu
jơgong,gầy ốm
jơgrôn,u lên
jơgrõn,trói tay sau lưng
jơgrữ,chỉ nằm ngữa
jơgôk,cá lớn
jơgông,lớn và cao
jơgăn,ngăn phòng
jơgơ̆l,cái trống
jơhah,chỉ há to miệng
jơhngơi,cười hả hê
duck,cô
jơhnũl,que rảy
jơhoi,ống nứa 
jơhoih,khuôn mặt trái xoan
jơhuat,trang hoang ghè bằng vải màu
jơhơih,dốc thẳng đứng
jơjet,hỏi thăm
jơjuẽng jơjuăp,khei mù mịt
jơjõ,là phải
jơjõk,cằn nhằn
jơjă,xộn
jơjũm,nén
jơjỡng,rước kiệu
jơk,màu xanh biển
jơkap,dẹp (mỏ vịt
jơkêp jơkap,ló đầu ra
jơleng,mù tịt không hiểu
jơlit,đen xì
jơliu,chỉ mới nhọn chỉa
jơlôih,xinh xắn
jơlẽch,cây có hạt đỏ cứng 
jơlổm,bị vạ lây
jơlỡng,dân tộc phía đông kontum
dơmông,cồ
jơm,lưới bắt dơi
jơma,con nhím
'nhĕt,cỏ
jơman,ngon
jơmech,dọn dẹp
jơmi,cây giã
jơmlek,đốm trắng
jơmrăng,cây rừng
jơmuk,dận
jơmul,cây trâm
jơmông,đá thần
jơnang adrol sơ̆,lúc trước
jơne,chiến
jơnei,chiến thắng
jơnet,cây dẻ
jơng kro,một loại chim giống bìm bịp
jơngong,tha
jơngoy,dáng người thấp 
jơngêt,màu xanh đậm
jơni,cha mẹ chồng
jơnin,củ huyết
jơnit,dăm bào
jơnol,đỉnh cao nhất
jơnu,nước châm
jơnuat,joaih
jơnuh,cháy rừng
jơnôr,"rượu ghè ""kang"" "
jơnôt,cây ngành ngạnh xanh
jơnũk,luật lẹ
jơnỡn,ổn định
jơnứh,ức
jơpẽt,thoi bóp
jơro,giơ
jơwing,ngọn tre
jơwăn,thần sông
jơđrăng,daây nịt
jơ̆p,khắp
jơ’năk jơ'nit,nằm co quắp bên nhau
jư,bảo vệ
jưdrơng,cái nhẫn
hơnĭh,cơ
jỗ,đếm
jờl,ngập đầu
jỡl,kẹt
'bơ̆r,cổ
kach,gãi
kai,chòe
kang dŭr,hàng rào bảo vệ 
kat,gặt
et ot,cọ
ke,kè
kech,người tàu
hla kơ,cờ
kei,nhắm
kel,nữa
tui,cộ
ket,bóp cổ
khach,cá có mùi tanh
drakan'ie,cô bé
khaih,hú
kham,khám
khang,úa
khat hat kơ soang,đoàn văn công
druă,cỏ gấu
khei,đâng kon
hla ja,cỏ gianh
duch pơ tho,cô giáo
pơgĕ,cơ hội
kơ kuan,cơ quan
khel,tách
khen,khèn
khep,cái kẹp để gắp sắt
kher,có vị the
khet,khét
hơnĭh nơr pơma,cơ quan ngôn luận
khial,nhẹ nhõm
khik kơ nong,cái cuốc
kơdrưng,cổ thụ
kră xơ̆,cổ tích
khing khơ̆p,tiếng của vật lớn chạm vào nhau
kho,chiên
kurt ơdrõk,cóc
khoh khoh,tiếng ho ằng ặc
khok,bị mắc cổ
khol,cái u
khom,mùi nồng nặc
khong,khai
klơ̆k,cốc
khong pơtui,vật hiến sinh
jơnglơng,cọc
khopapinh,cầu nguyện
khuc hat,diễn viên hát
hpal,cối
khung,thiu
khur,chui luồn
khuăk khuăk,tiếng gâu gâu  tiếng cú cú
khuơ̆ng,trống rỗng
khêl,cái khiên
khôch,tiêu xài
khôi khôi,nhảy  
khôih,xa lắc xa lơ
khôl,mốc trắng
khôm,còng
khôn,hiền
không,chín vàng
khüch,vụn
gơxen,cổi
chơraih,cời
mŏk,cốm
dẽl,cơm
khăi tơ 'bang,trăng khuyết
khăm,chặt khấc
khăp,cắn chặt răng
khăt,chận
khĕ khŏ,tiếng sạch cách lúc làm việc
mơh ăn bơngai lôch,cơm cúng
pung,cơm rượu
bưt,con
khĕi đưng rŏng,tháng sau
khĕk,gập
khĭn,can đảm
khĭp,sập tiết chặt lại
khŏ,gỏng
khŏ khŏ,tiếng cốc cốc
khŏk,ghềnh
khŏm,cho bằng được
khŏng,khó bảo
khŏnh,giận hờn 
khŭ,bốp
khŭi,gạt chân
khŭk khŭk,tiếng gâu gâu  sủa
khơ khâu khơ khau,vóc dáng đẹp
khơng,bơ
khơ̆m,doạ trả thù
khơ̆ng,cháy bén
khơ̆p,cập
khưi,không bao giờ
khưi khai,nhiều món ăn ngon bầy trên bàn
khưn,bẫy dây
khẽo,khiễng
ki,thế
ki hơdrông,núi hàm rồng
kiah kiah,tiếng chân người một soẹt
kial,lặng
kiap kiap,tiếng vịt kêu cạp cạp
kieh kioh,tiếng một soạt
kiel,đít
kieng kiong,tiếng chim nhồng kêu
kieo,giắt vào thắt lưng
kiep kiep,tiếng chíp chíp gà
kih,uống đi
kih kôih,bò sát bò đi đầu lắc qua lắc lại
kik kik,tiếng kêu chít chít của chuột
kil tơkôl,chỉ có già đầu bạc
kim,cái kìm
kin,nọng cổ
kin kin,đi đều bước
kioh kioh,tiếng động  đi trong rừng
kiok kiok,tiếng gà kêu quang quác
kiong,nhồng
kit kat kơt,tiếng cây cọ vào nhau khi gió thổi
kiuh kiŭn gring,tiếng leng keng của chùm cong đeo ở cổ tay và chân
kiêl,vực
kiêl tel,chim dòng dọc
kiêng,kiện
kiôh kiôh,tiếng động đi trong rừng
kiăp,đúng
kiăr,dầy
kiĕk,vò
kiĕl,nhức nhối
kiĕn,giắt vào
kiŏl kiŏl,nhánh cây lay động
kiŭl kiŭl,cành cây lay động
kiơ̆,dọc theo
kiơ̆ng,vững chắc
kiẽk,cọp
kla,con cọp
klah,loá
klaih jĭ jăn,khỏi bệnh
klam,kham nổi
klan,sên nước
klang an,củ rừng 
klang grở ă,đai bàns
klang kơt,bù nhìn đuổi chim
klang lep,hoa văn đan tre
klang pah,giống như
klang puh,khăn nhỏ làm hiệu trong chiến tranh
klao,tinh hoàn
klap,nẹp
kle,loại sóc nhỏ
klek klek,tiếng chim cú kêu
klel klel,tiếng la hét kêu cứu khi gặp bạn
klen,không sinh sản
kôn,côn
kleng năm kleng sưt,lắc lư
klep,dính chặt
kli,môn rùng
côn,cồn
klieng,cái trán
klil klil,chỉ tiếng là hét kêu cứu khi gặp bạn
klit,móp méo
kon hơ 'lâp,con cái
kơthŏ,con hoang
klo ba,con chuồn chuồn
klom,vồ môi
klon,một loại rau
klong,củ riềng
kon minh anu,con một
klung,chao
kluĕch,om
klêl,lang thang
nu,con người
klênh,trốn
klôh,tô lớn 
klôi,củ rừng
nhar,còn nguyên
klôk klôk,tiếng người lớn vừa khóc vừa la
klôp,miếng vải thêu hoa văn
đe hơ 'yoh,con nít
klăm dŭ klăm dơ̆l,kín mít
klăn,ngực bất đầu phát triển
klăng dŭng klăng,rờ
klăp,táp
kơnon,con rể
klĕ,ăn cắp
klĕ hơwĕ,ăn cắp vặt
klĕng,đóng
klĕnh,trốn tránh
klĕp,chụp gọn
klĭ,dưỡng
klĭk,xục
klĭk klŭk,tiếng ọc ọc trong bình không đầy nước khi lắc qua lắc lại
klŏng,chổ nước sâu
klŭk,xịch
klŭk klơ̆k,tiếng sóng vỗ ầm âm
klŭt,lẻn đi
kon kơdruch,con út
klơng,đội trên đầu
klơng dơt,nay đây mai đó
klơ̆ hơwơ̆,nợ nhưng lâu mới có thể trả được
klơ̆k klơ̆k,tiếng nước sôi ùng ục
klơ̆l,đầm cho chắc
klơ̆m,liệng
klơ̆r,nhát đảm
klơ̆t,bông hoa chuốt 
klưt,người tàng tàng
klẽng,âm hô 
kơwơng,công
koai kơi,thằn lằn cổ màu xanh hay đỏ thường ở trên cây
koh,chém
koh ko,nhảy lò cò
kol,thất nút dây
kom,gom lại một chỗ
kon dră kăn,con gái
kon ngai,ngươi
kon tây,móng đeo ở chân chó
trôm hlŏng đak,cống
chêng yông,cồng
konkon,nàonào
konpơlei,buôn
kop,con rùa
kor,chải
dul,cổng
kon drŏ kăn pơtao,công chúa
krambri,lao ngạnh
phaih,công điện
krang krĕl,bệnh táo bón
krap,dính sát vào
kreh,cào nhẹ
jơnŭm teh đak,cộng hoà
gơthon,còng lưng
kreo,ré lên
kret,hà tiện
krin,tham
kring,chim bồ nông
krit krit,tiếng kèn kẹt khi nghiến răng
krit krut,dáng một vật được vẫn chuyển đi từ từ
kroch kroch,tiếng uống nước ừng ực
kroh,gùi cong
kroih kroih,tiếng cào gãi sồn sột
krong,con sông
kronh kronh,khóc inh ỏi
krop,tiều tuỵ
krot,con dế
bơngaijang,công nhân
kruh kreh,tiếng lạch cạch của các vật chạm nhau
krum,ấp ủ
krut kret,tiếng mở cửa kọt kẹt hoặc tiếng cưa kèn kẹt
kô̆ng san bơngai pơm kăch mang,cộng sản
tơdrong bơ̆ jang,công trình
krŭk,xì
krŭk krŭk,tiếng gà gọi tục tục
krŭn,ở mãi một chỗ
krâu,suốt cá 
krê,cây bình binh 
krêng,lúa sớm
krêp,ở lì
cty,công ty
hơnĭh bơ̆ jang,công xưởng
krôih krôih,uống cào gãi sồn sột
krôk,phế quản
krôl,thuốc kích thích
krông,heo rừng mẹ và bầy con
krônh krônh,khóc ồ ồ
krôp,bộc
jrăng tơm,cột cái
kô̆t khĭ,cốt khí
sem kơtơp,cu
kră ră chuăng,chỉ tiếng cười giòn giã của các cô gái
krăl,cây độc
lĕk,cù
krămlơ,nhận
krăng krot,con dế mèn
krăng krăng,tiếng cắt lúa xoàn xoạt
krăt,sượng sùng
krĕk krĕk,lấy lần hồi
krĕm,gầy yếu
krĕng,lục
krĕo krĕo,tiếng rốp rốp khi nhai thức ăn giòn
krĕp krĕp,tiếng đi lộp cộp
krĭnh,bực tức 
krŏk krŏk,"""ừng ực"" tiếng uống nước ừng ực"
krŏl,lăn xuống
krŭ,con tê giác
cu,cụ
krŭch krŭch,gặm
krŭi krŭi,tiếng sồn sột khi bò nhai
krơh krơh,cảm giác đau nhói khi lấy giằm gai ra
krơt,ngượng ngịu
krơ̆k krơ̆k,xốn
krơ̆p,rầm
krơ̆p krơ̆p,tiếng chân đi cồm cộp
krơ̆u,khô cuốn lại
krưp,ghê sợ
ktam,cua
kte,kte
ktfjül,phịch
ktô,tô
ktăp iẽr,vải nhuộm đen
ku,cá lóc nhỏ
ku le,nấm mọc ở gốc le
kuaih,cài
kuan,cái quét
kuang,háng
kuanh,cột nhiều lòng
kuar,xoi lỗ cho rộng thêm
giĕng,cữ
kueng,chặn quanh
yă ư ,cụ bà
dơdrŏ,cử động
kuer,khoan
kuh,cúi đầu chào
kuh kah,kiến đen to
kuh keh,nữ thần dựng nên trời đất
kuich,sừng quặp xuống
kul,rong
kul kil,bị mắc lưới
kul kơ kơl,thức dậy
kơdĕm,củ hành
gơglet,cù léc
'bum bri,củ mài
'bok y,cụ ông
toih,củ tỏi
gơxuơ̆n,củ từ
kup,cúi
kur,bị nhiễm trùng
kut kơt,tiếng cột kẹt của cây cọ vào nhau
kuweo,tên một loại xoài rừng
kuêh kuêl,nói to tiếng
kuêng,đi chân chữ bát
kuê̆,cây quế
kuôl,quàng
kuăk,chụp móc bằng móng
kuăl,quấn
kuăn,cầm giữ
kuăng,chóng
kuănh,quẹo
kuăt,ghi tạc
kuĕk,khêu ra
kuĕnh,con vượn
kuĭl,bàn chân có tật đi nghiêng
kuơ,băt
kuơch,bậy bạ
kuơ̆l,sủa
kuơ̆m,chỉ chó táp
kuơ̆n,cái quần
hnŏ,cửa
kuơ̆t,dấu vết còn lại
kyoh,cái giỏ
areng đak dơxĭ,cua biển
kâl,tai người
kâu,tôi
kêch,tuốt
kênh,kiện tung
tơmam,của cải
kó ya,gừng
kóđơnlông,vỏ cây
kôih,cạo
kôih hoh,loại mới nhỏ màu đen
kôm,chờ chực
amăn g mŏk,cửa sổ
bơgah krong,cửa sông
kơ'dă,cục
kôr,cây đồng dông
kô̆,hả
kõ tỡ hyot băl,chó lẹo nhau
'ngêl ' ngêl,cục cựa
kăii,phá
tơmo,cục đá
kăl,chặt bằng rìu
jĭ chin,cùi
kăng,đường kẽ ô
'long unh,củi
kăng dra,chỉ cột giăng hai tay
kăp,cắn
kăp 'biê̆ biê̆,nhấm
kăp dih băl,cắn nhau
kăt,cắt
kăt kôh,dụng có lấy lửa của người xưa
kĕ,chịu đựng được
kĭ,kilo
kŏ ha,bù nhìn có hình chó há miệng
kŏ kiĕk,con tò vò
kŏ tơ no,chó đực
kŏch,xíu
kŏi lŏi,bấy nhiêu đó
hơdrap,cúm
cŭm,cụm
kŏp,một đôi
kũsum,kho lúa
anhik,cuốc
kŭch,sừng quặp
kŭh,khơme
kŭk,chởm
kŭn,ở iì
kŭng,khờ dại
kŭnh,cúi xuống
kŭp,lạy
pơlong,cuộc
kươ̆k,cước
kơbiok,cuốc chim
măng hŏp,cuộc họp
kơpŭch,cuối
kơ bang lơ moi,bàn khách
kơ bang pơ xrăm,bàn học
kơ bơnê,ơn
kơ dang kau,tàu cau
kơ dĕm,hành
kơ hloi hăt,rộng nhất
kơ hloi jăt,rất rộng
kơ jruh,vài
pach,cuống
axeh,cương
kơ lơ̆p ao,gấu áo
kơ mlat,chớp
rơbũ,cuồng phong
trĩu,cừu
akar,da
jơhnai,đà
rơmư̆,dạ con
kơtăp klao,dái
kơ pen hrô̆p 'năr 'dek,khố mặc ngày thường
kơ pen hrô̆p 'năr akŏm,khố mặc ngày hội
kơ pơ̆ng,trên
tơklah,đai
kơ thung dro đak,thùng tưới nước
brŏ păng,đài
kơ',bẹ
thũng,đại bác
'bok rơih tang măt,đại biểu
kơ'blăk,kiệt sức
kơ'brê,màu đỏ
kơ'bâu,một loại kê
kơ'bŏng,cây sậy
bơngai pơm iông,đại ca
kơ'bŭp,cây sú
kơ'bơ̆p,mím môi lại
kơ'da,cây táo gai
kơ'dah,chia phần
kơ'dang,bước qua
jơnu`m,đại hội
kơ'dong,bị kẹt lại
kơ'duang,sỏi thận
kơ'duh,miếng thiếc 
anih rơgiĕo,đài phát thanh
kơ'dum,cái nong
kơ'dup,té sấp mặt xuống đất
kơ'duăr,loại sóc dơi
kơ'dŭi,lủi
tinh jô` lơ,đại số
kơ'dô̆,phồng lên
ple`i nâr tơ plih,đại từ
kơ'dĭng,cái đinh
kơ'dŏng,cái mủng
nhơ,dâm
kơ'dơ,hở
kơ'dơh,bẩy lên
kơ'dơ̆m,có uy tín
kơ'dơ̆p,đập nước
kơ'laih,thả ra
kơ'lŭng,lật cối giã gạo
kơ'man,v khuẩn
kơ'mleh,nháy mất
kơ'mrep,bị đè bẹp
kơ'môl,lừ đừ
kơ'măl,phát triển đầy đủ
hơtơ̆k,đầm
kơ'mĭn,ẵm
kơ'mŭng,gói trong vạt áo
kơ'mơ̆l,đông lại thành cục
kơ'na,vì thế
kơ'nah,khoen mây
kơ'neng,tiết kiệm
kơ'ngang,ưỡn ngực
kơ'nglơ̆p,nắp hòm
kơ'ngong,cao khều
kơ'ngă,rước cổ lên nhìn
kơ'ngŏ,ngoảnh mặt
kơ'ngŭnh,cúi gầm
kơ'nhep,bít lại
kơ'nhrơ̆ng,đứng nghiêm
kơ'nhăm xơ̆k,cái búi tóc
kơ'nhĕt,bịt
kơ'nhĕt 'dak,núi bầu quấn bằng lá chuối
kơ'nhĭm,ôm chặt
kơ'nhŏng,bắn chỉ thiên
kơ'như̆,trên cao
kơ'nol,hạch
kơ'nô̆,co ro
kơ'nĕch,ngắt
kơ'nĕk,nấc
kơ'nĕl,cái nắp
kơ'nŏn kơ'năp,chỉ nhiều con vật nhỏ nằm bất động
kơ'nŭn,ngồi canh chừng
kơ'nơp,ở tạm
kơ'nơ̆l,nắp nồi
kơbach,quào mạnh
pơkong,đám cưới
kơbei,bò tót
kơbiô,chày vồ
kơblô,phùng
kơbua,chảy vồ
kơbyich,cái đụt
kơbơ̆p,giập bễ
kơcha,loại cây có gỗ rất chắc
kơchah,dăm gỗ hay mảnh chai
'blal,dâm dật
kơchaih,hắt hơi
klơ̆ng,đầm lầy
pơ jôk 'de lôch,đám ma
kơchap,vảy
kơchar,đẻ nhánh
kơchau,vồ bằng móng
kơchen,cán cuốc
kơcheng leng,bằng phẳng và rộng
kơchieo,có chữa
kơchil,cây có vỏ dày
kơching dung,bùa nghĩa làm tê liệt kẻ trộm
kơchit,chiếm đoạt
kơchiê̆,chật
kơchok,khe rãnh
kơchom,khe núi hẹp
kơchop hop,khe núi hẹp và sâu
kơchrôl,vệt
kơchu,vội vã
kơchua,không phải đâu
kơchuei,xoáy trên đầu
kơchuh mŭm,ngã chúi mặt xuống đất
kơchuê,nhễ nhãi
kơchuôĭ,ộc ra
kơchuĕ,lem luốc
kơchuơk,bị dính bẩn
kơchôp,móng chân súc vật
kơchôt,xếp
kơchă,luốc
kơchăn,bấm chân
kơchĕp,một nắm
kơchĭt,cây cà chít
kơchŏ,người quá cố
kơchŏn,bám chân
kơchŏng,nhăn nheo
kơchŭt lŭt,ngã chói mặt xuống đất
jơ̆n,dân
kơchơ̆l,bị bịt kín
kơchơ̆t,chỗ bắt đầu lên
kơchưng ge,hình trang trí trên ghi
kơdal,mông khỉ đỏ
kơdang,giữ sáng
kơdang dŭk,hàng rào sơ sài
kơdangtuak,tàu dừa
kơdeh,búng
kơdinh dunh,con vật thần thoại
kơdiu,đen kịt
kơdo,voi đực nghé
kơdok,giấu diếm
kơdom,một bụm
kơdong,cường tráng
kơdrei,trước mặt
kơdren,khoác lác
kơdrep,đòng ba lưỡi
kơdruh,chà
kơdrâu,lá suốt cá
kơdrêh,hù nhát
kơdrăk,cây trắc
kơdrăt,giật mình
kơdrŏng,chó tru
nưih,dạn
kơdrơ̆m,đông đúc
blơng,đàn
kơdua,cá rói
kơduơl,bít kín
kơdŭl,một loại chim diệc
kơdŭn,lui lại
kơdŭt,đọt tranh rất nhọn
kơdô,bồ đập lúa
kơdông yang,cây rau trai
kơdăm,một loại cây lấy lá trị đau răng
kơdăn,cách khoảng
kơdŏng,bẫy chuột làm bằng ống nứa đặt mồi bên trong
kơdŭ,sai trĩu quả
kơdŭng kơđoh kơthơ,bìa thư
kơdơ̆l,bông gòn sạch hạt
kơdơ̆p,che đậy
kơep,rết
kơglă kơglăk,tiếng cười vui vẻ trỏng treo
kơglŭng kơglăng,khói nghi ngút
kơgrŭng kơgrăng,tiếng leng keng của lục lạc đeo ở cổ ngựa
kơhieng,cái eo
kơhloi,lỏng lẻo
kơhluêk,vấy
kơhluăk,hoắm
kơhlô̆i,nhìn chăm chăm
kơhlŏng,sâu hoắm
kơhne,vó cá
kơhning,khuất
kơhnong,không thuần hóa
kơhuơl,trắng xám
kơhê,đỏ thắm
kơhôp,cái hộp
kơhơ̆nh,tức giận la ó
kơjach,lấy đà nhảy
kơjal,chặt từng khác
kơjeh,giã gạo cho tróc vỏ
kơjing,cây cói
kơjol,cây dú dẻ
kơjuơl,mình trần đóng khố
kơjuơng,trên thuồng như nhưng
kơjôch,trần truồng như nhuộng
kơjôr,bùa ngãi đuổi cạp
kơjă,đi bấm chân cho khỏi trượt
kơjăp,vững
kơjăt,liên hệ tình dục ngoài hôn nhân
kơjŏl,ngắn ngắn
kơjơ̆,sườn núi
kơk,sam
kơk kơk,tiếng chó kêu ăng ẳng
kơkai,nhai lại
kơkal,gắng gượng
kơkik kơkak,"tiếng chuột kêu ""chít chít"""
kơkioh,soạt đạp
kơkit kơkat,tiếng hai vật cọ vào nhau
kơkoh,chặt phá
kơkoy,buồn ngủ
kơkreh,cào nhẹ bằng ngón tay
kơkreo,ầm ĩ
kơkrit,nghiến răng
kơkroh,xào xạc
kơkrui,run cầm cập
kơkrŭk,tục tục
kơkuer,tìm mọi phương kế
kơkuh hưch hanh,chào mừng
kơkuĕl,vòi vĩnh
kơkuơn,củ nghiền
kơkă,nhai
kơkŏk,cái mõ
kơkŭl,quấn lại
kơkŭn,chỉ xếp chân lại
kơkơ,ngập ngừng
kơkơ̆r,hoảng sợ
kơkưch,chóng mặt do ở độ cao
kơkưi kơkai,nhiều súc vật
kơla,vết sẹo
'mrơm phao,đạn
kơlai,tái mét
kơlang ping,con bữa củi
kơlang tar,váy màu xanh láng
kơlap,mối có cánh
kơleh,chiêng thứ
kơlei, dây rừng
kơlenh,nhẵn
kơleo,lén
kơlet,hạt nhỏ màu trắng bóng
kơli krôi,mức độ trung bình
kơlih,bởi
kơlih ki kiơ,tại sao
kơloh,trợn mắt
kơloi,không hơn
kơlon,chăm chú
kơlor,nhợt nhạt
kơlot,sầy
kơlŏi,tệ
kơlŏng,bốc
kơluang,trắng bốc
kơlui,khố đen trơn không có viền hoa văn
kơluơk,xám tro
kơluơl,mắt bị kéo mây
kơluơng,chỉ nước da trắng
kơlêu kơlao,mắt mở to
kơlôm,chỉ lửa bao phủ
kơlông,cuộn
kơlă,bù lại
kơlăm,chén nhỏ bằng đồng nhau
kơlăng,màng
kơlăr,cây sặc
kơlŭm,kín
kơlŭn,bị gió cuốn
kơlŭp,khăn đội đầu
kơlơch,mờ
kơlơng,ngái
kơlơ̆m,nói át
kơlơ̆n,trợn mát nhìn
kơlơ̆ng,lừng
kơlơ̆ng hơ̆ng,ong vò vẽ
kơmak,thanh củi chẻ
kơmang,ti
kơmar,sinh đôi
mu dră kăn,đàn bà
kơmlen,tẹt
kơmlo,câm
kơmlông,trăng trắng
kơmlĕng,nhút nhát 
kơmlŭng,vào thời
kơmoh,cán cày
kơmol,bồ câu xanh
pơđăp 'bai pơhrăm,dàn bài
kơmŏ,cáu ghét
kơmring,nương tựa
kơmrăm,nổi tăm
kơmrơt,cầu vồng
hri hat tơ ring hrang,dân ca
kơmôl,mắc cở
khŭl kon pơlĕi,dân chúng
brõ,đàn dây
bơngai pơle,dân làng
mu kơ drăng,đàn ông
kơmăt ka,bệnh sưng chân
kơmŏ̆ng,bóc
dân kuân tư vê,dân quân tự vệ
kơmŭng,cái mùng
kâl kon bơngai,dân số
adrech kon kơng,dân tộc
kơmơ̆k,phì nhiêu
kon kông,dân tộc thiểu số
kơn,loại khăn nhỏ
kơna,cho nên
liêm,dáng
ơ,đằng
kơnglang,màu trắng
kơnh,lát nữa
đang,đảng
kơnhah kơnhơch,thấy thoáng qua
kơnhal,chói mắt
kơnhar,chảy nước mất
kơnhat,sán sơ mít
kơnhom,tập trung sức lực
kơnhêng,nhất quyết
đang ‘bô,đảng bộ
kơnhĭng,khăng khăn
kơnhŏng,nguồn nước
hơ'nĭ,đằng sau
đang uy,đảng uỷ
tơplih,danh
kơni,đàn dân tộc
kơnieo,eo lưng
tơgrih,danh dự
danh muk,danh mục
hla ar chih măt,danh sách
kơnom,tấm phên
ư ang alâng,danh tiếng
a năn plei nâr,danh từ
anăn pơđi,danh từ chung
kơnu,con sậy
kơnuh,thế chấp
kơnuih,đá mài
kơnuăk,khoè
kơnêm,cái nệm
anăn kơdih,danh từ riêng
dơbưk,dao
kơnă,ngăn cản
kơnăm,khuyết
kơnăng,cây đa có lá nhỏ
kơnăp,bất chấp
kơnăt,miếng thịt nhỏ
kơnĕt,quá ngắn
kơnĭl,bù ngãi
kơnŏng,cá đá
kơnŭi,dây cột bò
kơnơm,cái nơm chụp cá
hŏl,đao
kơp ô tơ no,trâu đực
kơpah,nửa
kơpal kông bơbŭng kông,đỉnh núi
kơpao,vò bằng tay
lơ̆n,đảo
kơpen,cái khố
kơphô̆,phố chợ
kơpit,ấn dấu
kơplah,đang khi
kơpu,gié
kơpuah,trái không đậu
kơpung,con dơi
kơpŭn,loại dơi nhỏ
kơpô hơ kăn,trâu cái
jơhngâm,đạo
kơpôch,khăn khổ nhỏ
kơpăt,cây bồ hòn
dơbưk muih,dao phát
kơpŏng,cây 
kơpŭ,sai hạt
kơrôl,lốm đốm màu trắng nhạt
kơrăi,riêng
kơrơ̆ng,mùi nồng nặc khó chịu
kơrơ̆t kơrăt,mụt ghẻ 
kơsaĭ,té
kơsep,bứt
kơso,đở
kơsô,cái xô
kơsĕ,màu xanh
hơpêr,đất
kơsŏ,xó
kơsơ̆ hyưm hyưm,xế chiều
kơtah 'măng,cảm thán chỉ sự ngạc nhiên
kơtam,con cua
kơtao,cây mía
kơtat,cục tác
kơtau,róc mía
kơteh,hoa văn và hạt cười trên khố
teh chuah ,đất cát
kơter,mối càng
kơtet,mồng đóc trong âm đạo
kơteu,có chửa
teh jang xa,đất đai
kơthao,cái thau
kơthap,cái thạp bằng đất
kơthua,con vu
sãr,đất đỏ
kơthŭng,cái thùng
teh đak,đất nước
kơtieng,cây lấy mũ
kơtir,đan thanh
kơtit,đè lên
lỡn,đất sét
hơnglan,đất thịt
'long arĕn,dâu
kơtoh,giọt nước
kơtol,đeo vào
kơtonh,rau giớn
kơtrang,cái trang 
kơtrol,chàng hiu
kơtruh,cái trũ
kơtrănh,cái trạnh để hất đất cày
kơtu,cũ
kơtua,cây cầu
kơtuah,quát
kơtual,bướu cây
kơtuh,ống bể lò rèn
kơtul kơlang,chùm lá ở đuôi diều
kơtuơ̆l,cục đất
kơtŭn,thụt lùi
kơtŭng,níu kéo
kơtô,ke
kơtôm,kỳ đà nhỏ màu xanh
lĭp,dấu
kơtăk,mủ cây
kơtăk kơtat,tiếng gà cục tác
kơtăn,trái mới bắt đầu tượng hình
kơtăp iẽr,vật trang trí cửa
kơtăp lao,bìu
dak jâu dak yâu,dầu
kơtĕk,đi vào
kơtŏng,đu dây
kơtŏng yôt,ván đánh đu
kơtŭm,dõi
kơtơch,tức
kơtơih,vấp chân phải cái gì
kơtơr mơk,ấu trùng 
kơtơ̆,lược thô làm bằng tre để chải chí
kơtơ̆k,vớ
kơtơ̆ng,lưới rập dơi
kơweng,cuộn mình lại
kơwim,voi hoảng sợ
kơwoih,trái soan
kơwêu,chỉ vật cong dài
kơwôch,mặt dài
kơwôh,loại khèn bằng tre
kơwông,sưng húp
kơwăl,chận quanh đìa bằng phên để bắt cá
kơwĭm kơwĭp, bặm môi 
kơwŏ,chim cú vọ
kơwơt,vết bầm tím
kơwơ̆ng,cánh đồng rộng
kơxa,cây gỗ dẻ
hơ'nglăk,đầu
kơxom,chết trong lúc mang thai
kơxong,cao và rộng
kơxêng,cỗi
kơxô,cái xô đựng nước
kơxôl,bông hoa chuối ở thân le
kơxô̆,cây dẻ mang
kơxă,chà xát
kơxĕ,còn xanh
kơxơl,củ hành rừng 
kơxơng,xông vào
kơxơr,chặn nước bằng cát hay đá
kơyak kơyoi,đuôi dài
kơyoi,đuôi chim
kơyôh,hơn hết
kơđeh tơteh,thấp
kơđin,cây đinh
kơđoh kram,cái nan tre
kơđrơng,già
kơđôp hla 'nhem,mớ rau
kơ̆ch,hớt
kơ̆m,kiêng cử
kơ̆n,lượng sức mình
kưh,thích
kưi,khểnh
kơ̆l rơ mo,đầu bò
tơdra châm pơ đâng,dấu chấm than
lơh 'long đuơh,đậu đũa
la lah,thương tiếc
lach,la rầy
lah,lan tràn
lai,chữa bệnh
kultăng,đầu gối
lak,bệnh lác
lak lai,nhiều vô số
lal,kiệt
lalăk,cười vui vẻ
lan,một chục kinh
lang ban,bộ chiêng gồm năm chiếc
lang lă,ngủ trần không mùng mền
lanh,loang ra
lanhư,bao giờ
lao,lào
lat,bẹt
lau,bệnh lâu
le,dừ
đak dâu ŭnh,dầu hoả
le teh,tốt biết mấy
leh,chỉ sự đau đớn
leh loh,không gặp nhau
lekrang,trổ hoa
lel,lung
len,ngọt gắt
tơ dra kuĕch mĭnh,dấu ngoặc đơn
leng,kể
tơ dra kĕch 'bar,dấu ngoặc kép
leng gong,thời gian lúc gà gáy lần thứ nhất
leng kung,nón che mưa
luil,dầu nhớt
tơkangõ,đầu rau
ler,dế cơm
leu,léc
li,bỏ trốn
lia,chìa ra
liah,liếm
liĕng,trên  sạch  lõi
lilia,bằng phảng
liliơ,thế nào
lin,lợi răng
'dêl,dấu vết
lip,thả cửa
lit,hốt hoảng khiếp đảm
liê̆l,lè lưỡi
tơh,đậu xanh
ơh,day
loch,kiến có sọc đỏ và đen
lok,bị nữa
dây,dây
lomo,đuôi trâu
lon,từng cơn
long hơ bo,cây ngô
long pơ choh,cái cày
loăn,nuốt
luah,lông nhím
luh,chạy tán loạn
lui,nghe lời
lun,chứa được
lup,bán sỉ
lut,tràn vào
luôch,cheat
luôch yol,ngất
luôih,cởi
proh,dãy
lêch hluôi,rời
lêl,hèn
kơnĭt,đáy
lêng bêng lang bang,chỉ sụp đổ từng mảng to
lêt,không biết hổ thẹn
lê̆ gi,thôi được rồi
lê̆ pơxat,lễ bỏ mả
lô,tiếc
lôi gôi,làn tóc đẹp gợn sóng của phụ nữ
lôl,bềnh
lông,cuồn
lôr,sớm
lô̆ khô̆,tiếng lạch cạch của gỗ đập vào nhau
tơ lêi 'băk,dây chuyền
lă,nhè
lă tuk,nhả
lăh,quen
lăl,phóng túng
dơhiĕng,dây cung
rơbưn,dây kẽm
lăn,lắng
rơtê,dây leo
chrăn,dây nịt
lăr,tuột cò
lăt,lội nước
lĕch tơ a gah,ra ngoài
lĕi,vậy
lĕk lŏk,thay đổi bất thường
lĕm,thấm nước miếng
bơbe,dê
lĕng,chòng
lĕng lĕr,chỉ mặt nước xấp xỉ
lĭch,cuốn lịch
lĭk gĭk,tiếng kẽo kẹt 
lĭk lĭk,ở thế bí
lĭl,cùn đốt nát
lŏk,con đom đóm
lŏm,nà
lŭ,lăn
lŭ khŭ,tiếng lạch cạch của gỗ
lŭ lă,nằm lăn ra đất
lŭ lŭm,trùm kín đầu
kong krot,dế
lŭk khŭk,củi chặt khúc
lŭk lăk,mưa nặng hạt
lŭk lĭk,chưa biết cách sử dụng
lŭk lơ̆k 'brơ̆k 'brơ̆l,thập cẩm
lŭm lăm,lộn xộn 
lŭng khŭt,khúc củi hay gỗ tạp nhạp
lŭng lăng,hư thân 
lơ mơ,thế nào cũng
lơh,cho phép
lơhuêch,huýt sáo
lơhông,lẻo
lơi,tiền lãi
lơi gơi,tóc gợn sóng 
hơkĕ,dẻ
lơkah,dư
lơkai,thãi
lơla,con dán
lơleh,róc
lơleu,nhìn trộm
lơliu,món thịt hay cá nấu đông
lơliơ̆n,gợn sóng
lơliơ̆r,phất phới
lơlok,càu nhàu
lơlu,nấu đông
lơluh,quậy phá
lơlup,ngoan ngoãn
lơluĕnh,không còn gì trong nhà
lơluĭnh,thiếu trí khôn
lơluơ̆l,ồ ồ
nên,đe
lơlê,cẩu
lơlêng,thờ ơ
lơlôch,tưởng đã chết
lơlôih,táy máy
lơlĕp,cầm lỏng lẻo
lơlŏk,lạo
lơlŭk,làm ồn
lơlŭk 'lơlăk,lúc nhúc 
lơlŭn,bị nhốt
lơlŭt,cẩu thả
lơlơl,nghịch
bưt đak,đê
lơmek,mà
keh ,dê rừng
lơmơt,mềm nhũn
lơmơ̆n,nhão
kơ măng,đêm
lơnŭn,truồng
kơ măng mơ̆t,đêm khuya
lơ̆k,gợn
lơ̆m,dối trá
klăm,đêm tối
kơđen,đèn
lơ̆ng gơ̆ng,nước chảy làm cây lay động
lơ̆p,lập
lơ̆p khơ̆p,tiếng lập cập của mõ giập đuổi chim
lơ̆r,đan trơn 
lưu,lưu
lỡk,trải
mah,thốn
mam,xích
tơgel,đèo
mayô,lót
chơyep,dép
mĭ,dì
plĭnh,dị
min kơ drăng,cháu trai
mingpah,một phần
minh 'mang ghih,một lúc
mŭk drăm so,di sản
minh hreng minh jit,một trăm mười
minh hriêng 'bal,một trăm lẻ hai
minh hriêng minh,một trăm lẻ một
minh huôi kah,lúc nữa
minh ji,mười
minh jit bar,mười hai
minh jit một,mười một
minh jit pêng,mười ba
minh jĭt juh,gấp mười
minh ró bô̆u,một ngàn
năm đưng rŏng,đi sau
ktiĕp,dị tật
mir,nương
tơdra kră sơ̆,di tích
bơyỡng,đi tiểu tiện
rơtah,đĩa
mon dră kăn,cháu gái
mrơ̆t,vồng
atơ̆u,địa
mu hin tơ nuh,người nghèo
apǔng,địa bàn
lãm plenh teh,địa lý
muih,phát
muit,cái búa
ŭnh xa măt,địa ngục
mumih,người mỹ
cham pơlei,địa phương
muôĭ,lặn
mê,bẩn
atruh,đích
kuek,diêm
mă 'nă,cười cười nói nói
mă gơ gơ̆l,thứ nhất
mă lĕi,nhưng
mă minh jĭt 'bal,thứ mười hai
mă minh jĭt minh,thứ mười một
mă như,nào
mă tơ xĭn,thứ chín
apơn,điểm
măng lung măng linh,nhật thực
'ngir,diện
măt anăr,mặt trời 
hơ yuh,điện
mŏch,vụng
mũ,vật
mŭ,âm hộ
mơ nuih hơ xoang,diễn viên múa
mơ nuih năm kêng,người đi kiện
mơhiach,lửng
mơkai,dưa sọc
mơlơ̆u,ngượng
rơgiẽo,điện thoại
chđeh teh,diện tích
mơmât,từ từ
mơmăp,tích
bem,diều
mơn'iĕ,cậu bé
mơnglŏk,đom đóm
phu,điều
mơnuch tơlang,người xử kiện
mơnuih mu cham,người khơme
mơnuih phơ lăng,người pháp
mơnuih tơ oei,ngồi
mơnăk,lao dệt vải
klang pơsum,diều hâu
ơ̆i tơdrong wă,điều kiện
'nhir,dim
yinh,dinh
gơniĕng mam,đinh
mỗ,âm
nai,bạn khác
nam,hiến
nap,cây điều chỉnh lưỡi cày
napa,không đâu
huam,đình
neh,kìa
net,chỗ eo lại ở cây
ney,thật
nga ngap,ngáp
ngach,nguội
ngai,viên
ngak,ngẩng đầu
ngang,ngang
ngar,than hồng
nge,trẻ sơ sinh
ngeh,hy vọng
ngek,lẩm
luĕl,đỉnh
chơdrĕp,đinh ba
ngi,nộm
ngi ngu,bóng người hay vật trong đêm tối
ngih,tưởng
jang mir minh tơmâng,định canh
ngir,sưởi
ngiôp ngiôp,dõng dạc bước đi
ngiă,cỏ ống
ngiăo ngiăo,tiếng chân xào xạc
nglăk, hụp thình lình
ngo,chờ chực lâu
ngo ngŏk,ngồi chực hay trông chờ
ngoar ngoar,dong dỏng cao
tơmam alâng bek,dinh dưỡng
ngoh ngoh,cắm cúi đi
ngoi,ngẩng
ngok,cẩm
ngong,con ngỗng
ngop,thiu thỉu
ngoy tơngĕch,một đám trẻ nhỏ thấy từ xa
ngoy tơngoy,ở khoảng cách nhìn không rõ
ngrĕo ngrĕo,tiếng nhai rốp rốp
đinh ky,định kỳ
wd băt nơ̆r,định ngữ
ngu nguch,chín mùi chín đỏ
ngua,vâng lời
nguan,dễ dạy
ngul,nghi
ngut,ngọn núi phía đông
thong nan,đò
pơkân,đô
ngôr,ong ruồi
ngă,liều
kơniêng,đồ
ngăl,toàn là
ngĕng,cứng đầu
ngŏ,ngước
ngŏl,cạo trọc
ngŏnh,thèm
ngŭr,màu sắt nung đỏ
ngơch,hói đầu
ngơi,ngửa
ngơngao,trong veo
ngơngat,choạch
ngơngit,nặng trịch
ngơngiơt,đu đưa
ngơngoh,ngồi chực 
ngơngŏk,không chờ đợi
ngơngă,liều mạng
ngơngăi,cũng muốn
ngơngĕn,run tay 
ngơngơh ngơngah,nhớn nha nhớn nhác
ngơngơp,trời có mây che phủ
ngơngơt,chệnh
ngơngơ̆k,nhô lên hụp xuống
ngơnh,e ngại
ngơ̆ ngăi,đành chịu vậy
ngơ̆n,ngân
ngơ̆ng,dốt nát
ngơ̆p,ngập
ngơ̆r,chọc phá
ngưp,âm u
nha,khiến
nhaih,rút củi 
nhek,nghe thấu đáo
nhem,ngắm nghía
nheng rơnheng,chỉ đuốc đang cháy nhỏ
nhep,từ từ biến mất
plaih,độ
nhi,chúng tôi
đô lơngơp ,độ ẩm
nhon,mang tiếng
bơdrăn,đồ ăn
nhong,khoe khoang
nhong rơnhong,chỉ đuốc đang cháy lớn
nhop,chìm xuống
nhot rơnhot,bay vút lên cao
nhoy nhoy,đi theo sát gót
nhrơnh,nhảy
kơdêt,đồ bỏ
nhui,nhùi
tơdrong sơmĕnh,đồ chơi
nhâu,thuốc nhuộm màu đỏ lấy từ rễ cây
ph,độ ph
nhêng rơnhêng,cháy lớn
nhêu,đồ nhiễu
pơngan,đồ sứ
nhôm,có vẻ
nhôn,chúng ta
đô thi,đô thị
nhông rơnhông,cháy sáng
nhăo,thịt bầy nhầy
nhăo nhăo,tiếng nhai rệu rạo
nhĕch,rít
nhĕk,nôn
nhĕp  nhĕp,lửa dùng lên sắp tất
hơkum,đoàn
nhĭl,lình
nhĭm kơsơk,khóc nức nở
nhŭl tơnhŭl,bóng  trong đêm tối
nhŭm,búi
khuk,đoạn
nhŭng hơ kăn,heo nái
yoanh,doanh nghiệp
nhŭnh nhĕnh,vò quần áo
kơđông,doanh trại
pơđi`,dốc
nhơ nhêl,rạng lên trong bóng đêm
nhơ nhơr,toả ánh sáng mờ
nhơng,mái nhà công
nhơ̆k,ma nước
nhơ̆t,nhất
nhưng,nhân bánh
nhẽt yă yôp,mắc cỡ
niang,uyển
nil,lềnh
nak,dốc đứng
ning,nghỉ
to angla kơdih,độc lập
noh hia,ở đâu đó
nol,sõng
nor,cây lúa
kpũng,dơi
nun,trẻ đang lớn
nut,cúc
kông groi,đồi
nâu,nâu
nêm,nêm
nêng,sộ
nóng,cố gắng
bêl,đời
nôp pang,loại rắn có đầu nâu
năk,gài
năm 'bŭ atơ̆u,đưa ma
năm arŏng arong,lùi
năm chop,đi rón rén
năm sriêp,lẩn
năng đe rơ neh,bà đỡ
but,đội
nĕ jô̆,ĩ xin lại
nĕ la,đừng làm như vậy
nĕn,nhỏ nhất
nĕng,loại hành rừng ăn được
nơnoch,có quả dài
nơnŭng,con lươn
nơnơh,chòi tạm
nơr kơ tar,tiếng đàn
nơt,ngơi
nơ̆,thoai
jăl arih,đời sống
nơ̆ng,looại rắn trun rất độc
'long bĭ đơi,đồi trọc
oa,nằm lì
oai ah yơ,ở đâu
oaih,chỉ sự nuối tiếc
oe,ơ
oei oei,cuối tiếc
đom,đốm
kiăk,đòn
ok tơ ok,chỉ một vệt dài
ol,làm khổ tâm
ong ong,tiếng sáo điều vi vu
ooresol,thuốc oresol
ot hơ nĕng,cà răng
'bunh,đơn
pah pŭng hă hơ̆i,tiếng tạt nước đùa giỡn dưới nước
pah til,mái nhà rông
pak,trả lời bốp chát
pak pak,nói oang oang
pam,cái lờ
pam rôp ka,cái đó bắt cá
pao,chỉ thần hay ma bắt
pap,chết dần
pơdrŭt,đôn đốc
'long hơ nong,đòn gánh
pd'mêm,hy sinh
pd'ngah,cho tới sáng 
pd'ngam,làm cho ngọt
pd'nhui,làm bốn khói
pdơnang,tiêu
pech pech,tiếng chim con kêu chíp chíp
peh,giã
pel,kiên trì
pep,tiếng đánh rắm
pet,sáp ong màu đen
pet peu,tiếng chim hót ríu rít
peu,chim tu huýt
along kôr hnam,đòn nóc
pha jrai,một loại chuối chua
phach,vừa lúc
phah,cúng hồn ma
phai,phái đi
phal,cái yết bằng cây
hla ar tơ'bôh măt pơgang,đơn thuốc
đơn vi,đơn vị
phanh,cướp cò
hdrung,dòng
phar,xui xẻo
phat,cây nứa
phay,con rái cá
phe,rạo
pheng gŭr,cục đất tròn
phep,lễ phép
phet,hiu hiu
phi,phi
phiang,mau lẹ
phich,nghị
phih phing,tiếng chày giã gạo thịch thình
kial bơhu`t,dông
phing glĭp,tranh tối tranh sáng
phing ring ding,tiếng sấm ầm ầm
phip phip,tiếng chó khịt khịt đánh hơi
phit phit,tiếng thổi lửa phù phù
phiêng,biến mất một cách đột ngột
phiă,có thói quen
phiơl,nhảy vọt qua
phoi,nhét bùi nhùi 
phoih,người thân đã chết
gơnŭk,đống
phuh,tung toé
phuk,ôi
phung,ĩ
phuăng,lẩn đi mất
phêu,thoả mãn
phê̆,diện tích rộng
phê̆ phê̆,lỡ từng mảng
phê̆ch,dấu phẩy
phôk,bộng trong thân cây
phôm,rắm
phô̆,vỡ toác ra
phă blah 'long,cái đe
phă pơgơ̆m,cây trâm bưu
phăl,sẵn lòng giúp đỡ
phăt,tức bụng
phĕch,bẻ từng miếng nhỏ
hnhăp,đồng
phŏng ka,bong bóng cá
phŭch,dự
phŭr,chim vụt cánh bay
phŭr phăr,tiếng chim vỗ cánh bay phành phạch
phŭt,dứt khoát
phơih,theo kịp
phơu phơu,tiếng hò reo
phơ̆t,chặt đứt một nhát
pia,dưa nước
piat,banh ra
pich,duỗi tay chân
piep piop,méo
pih,giặt
pik,nhuộm răng
pik pil,không lìa xa được
ping pung,tiếng vùng vẫy trong nước
pioh,duỗi tay
piok piok,tả bước dài của chân
pip,lên dây cung
piup,nhũn
piôt,thẳng đứng
piơn,nhẹ như lông hồng
pla,cắm mốc 
pla gao,lời nói hai ý
'nit,động
plang,dâng
plar,tuột
pleh,gỡ ra
plei hơpõl,trái bí đao
pleiduak,trái dừa
pleng,chim én lớn
plet,nói lảng qua chuyện khác
plor,thò tay ăn cắp
pluak,rút lấy một cách nhẹ nhàng
pluh,trổ
pluk 'yung,nhỏm
pluăk,sút cán
pluơh,lên da non
plâu,răng mọc chìa ra
plêk,ngủ mê
plên,mập ù
plêr,lấp lánh
plôh,mở
plôk,lớn trước tuổi
plông,giữa sông
plô̆ plô̆,tiếng chặt cây cạch cạch
plăk,đúng ngay
plăk piăk,tiếng chó liếm nước
plĭk plăk,thọc tay vào đơm hay hốc đá trong nước
tơ măn xă,đồng bằng
plŏk,hé
plŭn,con nòng nọc
plŭt,xuất hiện thình lình
plơm,con vắt
hơdơ̆i,đồng đều
po,chính mình
po'lit,làm cho áy náy
po'lok,móc hoa
po'tơn oă plei,kết trái
pok,cây mè đóng trên rui
kơ'muơ̆n,đòng đòng
polôh,cái lỗ
pong pong,tiếng gõ vào cây cạch cạch
poíir,nhập vào
po’lö,cảm sốt
pra,hiên nhà
hudrung,dòng họ
prach,tung tóe
prai tông,gà con mới nở
prai tơlum,ren
pral,liệt
prao,rắn mào
prau,con rồng
pray,quan hệ tình dục bất chính
prek prẹk,tiếng ỉa chảy
pôm jơ hngâm,động lực
prf'ngah,làm hòa
prih,lẫy
pring,che chở
priêu,về
proch,phân 
nơ̆r pơ wih,động từ
prok,con sóc
prol,gội
prop,chép miệng chê bai
prot oih,xử
pru,chụm củi
pruch,gà lôi
pruh,phun nước 
prum,sẻ
đơt,đợt
prut,tiếng dây đứt phựt
pruơh pruah,"tiếng ""sột soạt"""
pruơh pruơh,tiếng phát bụi cây ào ào 
rơhŭng,đu đủ
prêh,bể nát
prêh prêh,chỉ nói miệng mà chẳng làm
prêl,la
prìk tơ íik,chua loét
prôh,láo khoét 
prôi,lênh láng
prôk,chua lòm
prôm,một loại hành
prüt prũt,tiếng sột soạt bò ăn cỏ
prăi,quần áo rách dưới
prăk,tã
prăl,duyên dáng
prăm,bỏ mặc
prăn,đặt bẫy bằng cách đặt mồi
prăng,phên đan thưa
prăt prũt,phựt
prđng,chặt đứt một phát
prũm,tiếng tõm
prơh,tung
pơngơi,du dương
prơng tep,chõng
prẽ,lênh
prẽch,chặt phứt
prẽl,lảy hạt
prốm,rơi tõm
prỗ,tiếng người
prỡm mỡm,bị bỏ rơi 
ptf'mê,làm nhục
ptf'mëng,làm cho đủ
rơbeh,dư thừa
ptftir,liền nhau
ptfwin,uốn cong
ptfwing,gây chóng mặt
ptfwir,nhải
ptfxei,thanh mình
ptfxot,làm cho lâu dài
pu,trong chuyện cổ tích
puan,bốn
puh,lùa
pui pul,chỉ làn khói thuốc bay lên
'nhŭ hla kai,dưa
puih,thu
pup,loại ớt tròn
pur,giữ lửa cháy ngầm
put,bị mắc lừa
puơ̆n,tư
pŭn,may mấắn
pák,ngã xuống
chĭk,dứa
pêng kôt,lễ hiện xuống
pêr,nơi thường lui tới
pêt,chim đồng dộc
tacak,dừa
pô đak,đồ đuổi chim
pôh hơ'nah,hình tượng kì dị 
pôk,bế
pôk băn,mơ thấy người bệnh hoạn
pôl,chói loà
'blong,đũa
pôt,chim cúc
pô̆ băn,anh em kết nghĩa
pô̆kong,cưới
pü,chịu
pük,nạc
pük pũk,tiếng tập thuốc
pül,bệnh sưng tử cung
pün,giã nát
püng,bất
püng puch,dây trái ăn
püp,tròn trịa
püt,vun
püt pũt,tiếng roi vun vút trong không khí
pă pơng,nhạc cụ làm bằng ống lồ ô vỗ tay vào đầu ống để phát ra âm thanh
păk,bổ
păk 'ngăk,con bổ củi
păk jang,cây đã chặt đứt gốc
păk ke,con tắc kè
păk kra,một loại chim giống gà gô
păng,loạn
păng pa,dang hai tay
păng păng,tiếng súng nổ đì đùng
păt,tắt
pĭng,biết đâu
pĭng pŭng,"tiếng nổ lớn ""đùng đùng"""
pĭng pŭng păng,tiếng súng
pŏk,chân móng
pŏm,nụ nấm
pŏp,nấm hạt mít
pũ,địu
pũng,hỗn
pŭ,cõng
pŭn,mắn
ayŭ hla sơ'bĕi,dưa cải
pia kơ'ne,dưa chuột
kơpŭng,dưa gang
pơkai,dưa hấu
pơ hle,làm cho ai đó vui vẻ
pơ hrôp xa,ăn mặc
kơ taih,đùi
pơ koih,ngứa
pơ long,thi
pơ ma 'nă,cười nói
đô dech,dụng cụ
bơngai nưih sơhngơ̆m,dũng sĩ
pơ nŭk kơ pô,vũng trâu đầm
pơ pơm tep,sự ngủ
pơ tăm,cấy
thâi,dược
pơ ub trĭ,phong thấp
pơ yan 'mi,mùa mưa
pơ yan phang,mùa nắng
hpoih,đuốc
pơ'bel,cố cho bằng được
pơ'ben,kỹ lưỡng
pơ'bet,đâm chém nhau
pơ'blei,nói phỉnh
pơ'blep,làm vừa lòng
pơ'bloh,khổ thân tôi
pơ'blê pơ'bla,vô số kể
pơ'blĭk,chọc ghẹo
pơ'blơm,phỉnh chơi
pơ'blơ̆ng,nói nhỏ nhẹ
pơ'bot,đeo cho
pơ'băr,vặn ốc
pơ'bĕnh,làm cho đầy
pơ'bĭch,đặt nằm
pơ'de,ung
pơ'dom,dính bẩn
pơ'don,phòng bị
pơ'duih,xả rác bừa bãi
pơ'dum,ủ chín
pơ'dunh,làm lâu
pơ'dôh,cây bắn
pơ'dông,nổi trên mặt nước
pơ'dô̆,xiết đồ dẫn nhau
pơ'dăp,bàn bạc
pơ'leh,lãy cò
pơ'lek,bị sứt da
pơ'leu,chọc tức
pơ'lêu pơ'lao,ra điệu bộ khi nói
pơ'lăng pơ'lăi,may mắn một cách tình cờ
pơ'map,làm phiền hà 
pơ'mat,hành hạ
pơ'moih,nhem cho thèm
pơ'mrỡ,làm khách
pơ'mẽng,kỹ
pơ'mổl,món măng chua 
pơ'nah,người thì
pơ'nap,hạ mình
pơ'nep,bốc lột 
pơ'nglaih,thả
pơ'ngleh,xóa nợ
pơ'nglơh,xóa nợ 
pơ'nguah,trang điểm
pơ'ngơm,ngâm trong nước
pơ'nhan,làm cho dính
pơ'nhao,rữa cho
pơ'nhek,nhuộm đen
pơ'nhen,sợ bẩn
pơ'nhet,chen lên nhau
pơ'nhip,chấp
pơ'nhip pơ'nhap,làm sơ sài
pơ'nhong,trang điểm thái quá
pơ'nhăk,hướng dẫn
kian,đuôi
pơ'nă,trò cười
pơ'nũk,thúc giục
pơ'nỡm,ấp trứng
pơ'yŭ,dọa
pơat,đám hỏi
pơblep,quá tải
pơblêh,hay hờn dỗi
pơblĕnh,liều lĩnh
pơblĕp,huyên thuyên
pơbral,hối cải
pơbrăm,trong nhiều ngày
pơbăt,yêu thương
pơbŏk,đánh máy chữ
pơchah,vỡ
pơchiêt,len
pơde,làm biếng
pơdeh,loại song mây
pơdeng pơdăp,ồn ào náo nhiệt
pơdi,nuôi nấng
pơdiau,dựng đứng tai
pơdir,dính liền nhau
pơdoh,cái nôi
pơdong,lì
pơdra,giàu dây leo
pơdral,cây lau
pơdran,biển giới
pơdrang,bộ lạc chàm
pơdreh,trảy lá trên cây
pơdrek,ruột đắng thú vật
pơdreng,nhuộm vàng
pơdreu,trả lại
pơdruh,vi chuẩn cây bệnh kiết lỵ
pơdrun,gây lộn xộn
pơdrung,ống nứa
pơdrup,cố gắng dạn dĩ
pơdrăm,ở trong kén
pơdrĕch,miếng thịt cắt nhỏ khoảng
pơdrĭk pơdăk,tiếng thình thịch 
pơdrơ̆ng,báo tin
pơdrưh,điềm báo
pơdua,xui xẻo 
pơdui,kéo co
pơduĕnh,làm quay tròn
pơduĭnh,quay quanh
pơdwal,oai
pơdê,chế nhạo
pơdêt,một giống lúa
pơdô,an ủi
pơdông,nhịn nhục
pơdô̆,lặng thinh
pơdăh hnam,đầu hồi nhà
pơdăng,vặt
kơtăp,dương
pơdŏl,đỡ lên
pơdŭk pơdăk,tiếng đánh lộn rầm rầm
pơdŭng,kéo căng
pơdơ̆l,nài nỉ
pơdơ̆ng,đựng lên
pơdơ̆r,ói
pơdơ̆t,cản trở
pơdư,trốn biệt
pơeh,sưng
pơga,vườn nhỏ
pơgal,song
pơgao gŏ,đá làm chân để bắc nồi
pơgap,kẹp lại
pơgey,làm chứng
pơgia,làm sơ sài 
'bă 'băn,dượng
pơgiang,trì hoãn
pơgit,dạy dỗ
pơgiơ̆ng,sinh ra
pơglang,chữ thập
pơglao,mắt dớn dát sợ
pơgleh,gây mệt nhọc
pơgleng,bối rối
pơgloh,làm cho hết sạch
pơglăk pơglôn,chỉ trố mắt nhìn nhau khiếp sợ
pơglĕch,dùng mưu để lừa
pơglơh,sâp đổ
pơglơi,thả bơi
pơglơ̆k,gây chết đuối
pơglơ̆m,nói et
pơgrak,tiếng nước sôi
pơgrep,chỉ một người hay vật ốm yếu
pơgring pơgrang,"tiếng ""leng keng"" của lục lạc"
pơgrop,ghép lại
pơgrông,than khóc
pơgrăk pơgrep,hai người
pơgrăm,vã
pơgrăng,gắng sức
pơgrăt,làm sượng sùng
pơgrŏl,sấp mình
pơgrŏng,mất dạy
pơgrŭk pơgrăk,tiếng rầm rầm
pơgrŭn,lên cơn
pơgrơ̆m,cãi
pơgrơ̆m pơgrăm,tiếng cãi vã rầm rầm
pơguĕl,đòi cho bằng được
pơgăl,xứng đáng
pơgăm,chuột đen
pơgăn,chẹn
pơgăp,cắp đôi
pơgăr,làm chắc hạt
'beng,đường
pơgĕch,tranh thủ
pơgĕn,đè đẹp lẫn nhau
pơgĭt,coi trọng
pơgŏ,ép uống rượu
pơgŭm,giúp đỡ lẫn nhau
pơgơn,trộn thêm
pơgơng,các chức sắc trong làng
pơgơr,làm điệu
pơgơ̆m,đàn áp
pơgơ̆p,góp phần
pơh'ngial,thoắt
pơhach,làm tan
pơhal,khó khăn
pơham,cây chay
pơhan,làm sắc bén
pơhang,làm đau lòng
pơhau,làm nản lòng
pơhek,xé chia cho nhau
pơhiah,làm rách
pơhiang,càng ngày càng suy nhược
pơhiar,trải ra
pơhiôk,làm cho dễ dàng
pơhiăng,làm cực lòng
pơhiĕm,cho ăn
pơhiơk,giảm bớt công việc
pơhiơt,làm quên lãng
pơhiơ̆,giải trí
pơhlah,làm tách đôi
pơhlah jơ̆ng,kẽ ngắn tay
pơhle,chọc chơi
pơhleh hloh,đi không gặp nhau
pơhlit,gây hoang mang
pơhlom,có lẽ
pơhlot,bán cho hết
pơhlum,giả
pơhlôh,chọc thủng
pơhlăng,lọc
pơhlơp,làm kín đáo
pơhmoi,làm cho kêu
pơhngiôm,lấy sương
pơhngăm,làm cho nặng
pơhnhơ̆m,giải tội
pơhoch,dẫn nước vào
pơhon,bịa chuyện
pơhong,làm sứt mẻ
pơhoăng,thả xuống
pơhrah,gây đói kém
pơhram,làm rỉ nước
pơhrat,làm khổ sở
pơhrong,giữ gìn nguyên vẹn
pơhruh,bắt đền
pơhrui,đi săn có dẫn theo chó
pơhrăl,làm mất ngủ
pơhrăn,can
pơhrăp,làm thoả mãn
pơhrăt,gây trở ngại
pơhrĕl,diệt sạch
pơhrĕng,phơi khô
pơhrŏk,làm tăng sức mạnh
pơhrŭ,bắt vạ
pơhrơ̆,làm cạn nước
pơhrơ̆ng,làm ồn ào
pơhrơ̆p,mặc cho
pơhrưng dĩh bơ̆l,nhường nhịn
pơhuit,làm chóng mặt
pơhuơl,ở không
pơhyiu,làm trôi
pơhôch,nhân vật hoang đường
pơhôp,kiêu ngạo
pơhăk,làm ói mửa
pơhăng,trái ớt
pơhăt,quan trọng hóa
pơhĕch,làm nát vụn
pơhĕl,gây buồn phiên
pơhŏnh,làm héo
pơhŭm,tắm cho
pơhơ,làm nhẹ bớt
pơhơi,lơ là
pơhơk,lưỡi gà trong cổ họng
pơhơ̆k,làm vui lòng
pơhơ̆l,nóng nực
pơhơ̆t,ngộp thở
pơhư,hư
pơhưch,làm sảng khoái
pơjil,húc nhau
pơjo,làm cho què
pơjoh,đá nhau
pơjrah,tham lam
pơjrak,chặn lại
pơjuô̆ pơđep,nạt
pơjô,làm héo úa
trong tĩh,đường cái
pơjô̆,cây rui
pơjăm,không có bao nhiêu
pơjăng,chống đối
pơjĕ,làm cho gần lại
pơjĭ,đánh đòn
pơjĭl,chọi
pơjĭldih,húc
pơjơ̆l,làm phiền
kơduang,đường cong
trôm sơ lu`ng,đường hầm
trong chem chom,đường hẻm
trong kơ long,đường lối
pơkep,ép
pơkhô,sấy
pơkiu,làm nũng
pơkren,rủa nhau bị cùi hủi
pơkro,làm cho khô
pơkroch,ốm teo
pơkrê,làm sợ hãi
pơkrôp,ôm nhau
pơkrăl,làm đông
pơkrăm,làm chim
pơkrơt,làm mắc cỡ
pơkrẽnh,làm cho khô ráo
pơkrỡng,vây giữ con vật ở một chỗ
pơkrứp,ra oai
pơkuh, nằm đầu
pơkut,giỗ đan bằng tre
pơkuê̆ pơkuă,ẩu
trong năm bơ ngia,đường mòn
pơkă,dặn
pơkũp,tựa đầu vào
pơkưh,giao phó hết của cải 
pơl,hói
trong hling pet,đường nhựa
trong mam trong xe treng,đường sắt
pơlah,gạo tấm
pơlao,bãi cát
pơlap,làm uống công
pơlat,làm mỏng lại
pơlau,vô sinh
pơle,cây le 
trong 'dak trong duk,đường thủy
pơleu,chim chào mào
pơling,liên vùng
pơliêu,chào mào
pơliẽng,rê lúa
pơloi pơloi,tiếng chê chỉ thái quá 
pơloih,cho trọc
pơlom,loại mốì trắng
pơlui,phỉnh gạt
lo,dương vật
pơlum,một loại nấm
pơluôch,giết
pơluờ,nịnh hót
pơluờk pơluổl,phát âm không rõ
pơluỡn,bắt nuốt
pơlâu,lá trầu
pơlêch,cho ra
pơlêh,uống rượu mừng 
pơlêng,đặt ngửa
jüng,đường vòng
pơlìĩt,cúcbâm
pơlô,không lãi
pơlôih,cho sạch
pơlõng hoh,thấy gì xin nấy
tơdrong 'blok hơdrơr,duy vật lịch sử
pơlăk,cằn
pơlăm,chim rau rất
pơlăp,làm hai lòng
pơlăt,cho lội qua
pơlđi,chia cho mình phần hơn
ĕch,é
kơdỡ,e lệ
pơlũk,ăn quá độ
pơlơk,xem xét kỹ
pơlẽm,thiêu
pơlẽng,hoàn tất
pơlẽngjep,chảng hảng
pơlễ,mủi
pơlốm,ăn bắp
kưt keng,ếch
pơlỡng,cải thiện
pơm sơ̆i,xây
pơm ăn đe 'yŏk 'boi,làm gương
pơman jĭ,làm cho đau
pơmang,cây trái trắng
pơmil,làm cho giận
pơmot,bỏ đói
pơmun,làm tóc
pơmă,một chút xíu
pơmăk,thấy kệ
pơmăm,ướt muối cá làm mắm
pơmũt,cho vào
pơmổm,cho bú
pơmỡm,đầy ngang mặt
pơn,băng bó
ŏh,em
pơnai,đũa bếp
pơnam inh,phủ nhận
pơnan,cây dứa rừng 
pơnat,sắc bén
pơne,vừa đủ
oh dră kăn,em gái
pơng long klong,đóng nêm
pơng lơng,con bọ rầy
pơnga,một kiểu hoa văn
pơngach,làm nguội
nhô,em rể
pơngang,kiến nhọt
pơngar,thổi than cho hừng lên
pơnge,nhỏng nhẽo
pơngeh,hứa suông
pơnglon,trố mắt nhìn giận dữ
pơngo,bắt ai đứng chờ 
pơngok,đổ nước
pơngua,làm cho thuần
pơnguan,tập cho biết vâng lời
pơngôi,dỗ bằng đồ chơi 
oh pôm mĕ 'bă,em ruột
pơngăl,cây laá tấm
pơngũr,nung đỏ bắt
oh drŏ nglo,em trai
pơngơk,ngước đầu lên
pơnhah,say mă
pơnhen,chúng mình
pơnheo pơnhăp,chỉ tiếng chim hót líu lo
ga u`nh,ga
pơnhrong,một tấm khăn
pơnhuôi,con trút
'ier,gà
pơnhẽch,tránh qua một bên
pơniet,chen chúc
pơnong,bộ lạc pơnong
pơnuk,bãi sình lầy voi
pơnung,vũng
pơnung kiẽk,bọ ngựa 
pơnunh,cây hoa cà
pơnuổt,tả lót
pơnên,cái nhau
pơnăk,cây nẹp tranh
pơnăt,cánh mũi tên
pơnũng,cái đục
pơnẽnh,bật bông
pơnổ,vàng nguyên chất
pơnỡk,sào
pơnỡt,bờ cát
pơp,tiếng bốp bốp
pơpel,mằn
pơphoih,làm cho luông công
pơpik,quét vôi
pơpiăk,lội
pơplach,nói dối
pơplỡ,bươi
pơpraih,thanh minh
pơprang,nói rõ ràng
pơpray,lăng chạ
pơprẽp,bặm môi tỏ ý không hài lòng
pơprổn,làm cho dạn dĩ
pơpung,đầm mình trong bùn
pơpêt,tiếng chiêng giữ nhịp
pơpôk,phong chức
pơpông,nở ra
pơpăk,tiết
pơpăng,nghe ngóng
pơpũi,ru ngủ
pơpơk,làm ngã
pơpơm,giả bộ
pơpơm jĭ,giả vờ đau
pơpơm loeh,giả vờ chết
pơpơm tep,giả vờ ngủ
pơpẽnh,giãy giụa
pơpỡr,làm bay đi
pơra,đóng góp
pơrang,soi sáng
râng,gã
pơranh,ỏng
pơre,bất và
pơreng,lo  trước
pơri,ép sát lại gần nhau
pơring,vừa tầm khoảng cách bằng cầm tay nhau
ie`r chơ choh,gà chọi
pơro,ủ cho lên đen 
pơrrnn,đẻ chung một ổ
pơrìm,chia đủ cho từng người
pơrô,trang hoang
pơrônh,nhem thèm
pơrŏ,trang trí
pơrũng,phá thai 
pơrơih,kén ăn
pơrơngei,giải phóng
pơrỡm,giết vật 
chang kri,gà đá
pơsel yang yai,én
pơsiêm,bón
iĕr hơ kăn,gà mái
pơsum,hâu
pơsuât,chắn lại
pơsâu,ốc suối
thum,gà nước
pơt,pă
'yĕr bri,gà rừng
iĕr  tơ mông,gà trống
pơte,nhát đau
pơtho,bơtho
pơtih,pơkao
pơtil,chứng minh
pơtir,và nhíp lại
pơtit,bị chai
pơtoch,đàn hồi
pơtoi,tiếp tục
pơtok,dẫn qua
pơtol,làm cho đui mù
pơtom,nảy
pơtop,nẹp lại
pơtrok,vá chỗ bị rách
pơtrăl,làm tỉnh thức
pơtu,đội cho
pơtuah,gièm pha
pơtual,làm hề
pơtuch,pha
pơtui,cỏ chửa bệnh
pơtuih,rẫy đã phát xong
pơtum,khối u dưới da
pơtuôch,nhọt
pơtuổl,ổ mối
pơtêng,nghinh
pơtôch,kết thúc
pơtôh,làm nổ
pơtôi,đặt lên vai
pơtôk,phỏng
pơtông,trương
pơtăl,thay thế tổng
pơtăng,làm cho đắng
pơtăp,dặn dò
pơtŏ,hâm
pơtŏk,bị bỏng
pơtũch,xúi giục
pơtơl,lên cơn  
gach,gạch
pơtơng,viễn thị
pơtơnh,hước
pơtơ̆p,bày
pơtẽ,quan hệ tình dục
pơtẽng,một ngọt
pơtẽnh,hối thúc
pơtẽp,sát gần
pơtổt,chắn lại đi
pơtỗ,làm phấn khởi
pơtỡng 'dak,chặn nước lại
pơtữl,làm cho tà
pơu brẽk,tung tàn lửa lên
pơu pao,tiếng nổ lốp đốp của lồ ô
gat gah ala,gạch dưới
pơvvil,làm không nhận ra
pơvvẽch,rẽ sang đường
pơvvẽch măt,diễn xiếc 
chơla,gai
pơwao,giải thích rõ
pơwat,vạch rộng ra
pơweh,nói cạnh
pơwih,lải
pơwing,làm nước đứng yên
pơwơch,làm nhớ nhung
pơwẽ,làm cong
pơwỉt,cứ vòng lại chỗ cũ
pơwỡr,làm cho quay
pơxa,thanh giật để chỉ khít lại với nhau khi dệt vải
pơxak,bị sướt
pơxang,thức hiện
pơxao,hợp
pơxap,làm lạt
pơxem,cây bứa lá nhỏ
pơxin,làm cho chín
pơxir,làm cho kín lại
drăkan,gái
pơxoai,làm cho mê muội
pơxoch,phong phụ
pơxre,làm cho mắc nợ
pơxrep,họp mặt
pơxroi,trả góp
pơxruh,cắt bớt
pơxrôp,ăn mặc đẹp
pơxrăp,làm cho thỏa mãn
pơxrơ,làm cản trở
pơxrẽng,phơi khô ráo
pơxrổp,mặc quần áo cho
pơxrở,làm cho cạn
pơxrỡng,gây ồn ào
pơxur,thúc đẩy
pơxuỡt pơxuăt,đi đi lại lại  
pơxô,ưh tiên
pơxõ,khuyên thích
pơxă,làm cho rộng thêm
pơxăn,làm cho nát vừa
pơxăr,vu oan
pơxũt,tự hạ
pơxơr,làm ghê tởm
pơxẽm,đút cho ăn
pơxẽnh,gây chuyện
pơxền,xích lại gần
pơxổn,kiên troì cháu đựng
pơxỗ,làm cho sạch
pơxữ,di lại của cải thừa kế
pơya,dưa leo
pơyah,ghê tởm
gam,gam
ôr tơ ke`ch,gầm thét
pơyat,bạnh
pơyoch,làm cho người khác vi phạm
pơyom,bắt phải để
khin,gan
pơyong,tặng cho nhau
pơyuh,nấu sôi
pơyuơ,làm cho có ích
pơyêr,gây nguy hiểm
pơyôn,ngất đi
pơyăm,giảm bớt
pơyũm,nói tóm lại
pơyũp,kết hợp
pơyưp,che rợp
pơyẽ,làm nhỏ lại
pơyẽng,phải làm
pơyỡng,tiễu tiện
pơíik,trêu ghẹo
pơđep,bắt buộc
pơđêch,cố
pơđôr,phình ra
pơđơng,cuốn trôi
pơ̆n,dám
pơ̆ng kơ đinh,đóng đinh
pơ’lũt,nài ép
pơ’nhô,ưu đãi
pổỉ,bớt đen trên da
pờ,năn nỉ
pỡr yỡr,chạy một mạch
pợtrêu pơtrao,thưa  
pụh,rẫy cũ
pữlpăl,rối chằng chịt 
quy,quy
radê,dân tộc ê đê 
rah,mổ bụng
rah kơ,trả dần
rah rỉng,theo nhịp điệu 
huan,gân
hơđa,gang
tơ̆t,găng
chơđa,gang tay
rang ja,cây sa nhân
rang reh,lỗ nhỏ chưa ở vách
rang rẽl,cây đậu khấn
rang trol,hoa bằng lăng
rang ẽch,bông hoa chuối bằng le
ranh,căng sữa
rao,thông báo
rd'ding rd'dang,tiếng rầm vật lớn đổ ngã
rd'dut rơ'đat,lúc nha lúc nhúc
rd'mei,rách rưới
rd'müt,bậm
rd'nhai,tươm
rd'nhih,nhầy nhụa
tơ̆t ti,găng tay
rech,chim sẻ
tuh,gạo
rel,cắt sát đất
khĭng khŭng,gàu
reng deng,tiếng làng keng
rero,do dự
rerẽk,đen thui
ret,chặt khác
chơ gâu,gấu
reu,không con đối
rey,trắc nết
ri rach,ngày xữa ngày xưa
rih,dụ
rih rih,run lập cập
rim,các
ring khing rang khang,ào ào
ring rung,chim biồ chào hót báo điểm xấu
ring rông,rất cạp năng  
ring răk,giúp đỡ dẫn nhau
rip,kêu kéo đòi ăn
roch,móc ruột
roh,một cây
roih,chọe
roih tơtoih,đất cứng ngắc
hơmt,gay
rtf,tiếng nhắc êm dịu
rtf'boch,tụm lại
rtf'joh,tèm lem
'long jra,gậy
rtfwang,ống đựng tên
rtfwet,thai chết trong bụng mẹ
rtfwin,xanh um
rtôp,vây
rui ra,anh em thông gia
ruih,lấy ra
ruih rang,mửa lâm râm
rum,làm lẽ
ruri,lật đật
ruyông,phất
ruôh,tháo
ruô̆,siết
râu,tránh móc
rêk,kiến bò nhiều trên đường
rôh,làm lúa sớm
rôih,con voi
rôm,gầm nhà sần
gen,gen
rông,hỏa
bũng bung,ghè
rông jông,rông
rôp 'yŏk,chộp
dang dŏ,ghế
rõk rõn,một loại cây thường nấu cháu heo
rõm,cặp sừng 
rõn rõn,tiếng xe nổ giòn giã
rùk khũk,chan
ră rël,đầu bạc răng long  
răm,hư hại
răm 'băm,khổ thân  ƀôh
răm leh,khan khổ
răn,ngớt
răng,chết khô
rđlũk,ttụ chính của cây nêu
rđmet,sửa đoạn
rĕnh rê̆,liền
rĭt,côi
rŏ,trí
rũk,lật
rũng dũng,tiếng cây to đổ
rũng khũng,tiếng lăn lăn hòm
rơ duk,điên
rơ heng,im
rơ mo hơ kăn,bò cái
rơ mo tơ no,bò đực
rơ na,rêu
rơ neh,đẻ
rơ pao,vo
pơrang chŭ,ghẻ
rơ'bũch,tập một chỗ
rơ'bũng,da nhiễm trùng
rơ'bơh,vụng về
rơ'bễ,hay khóc
rơ'bỗng,mau bể
rơ'dũk rơ'dăk,tiếng chân chạy rầm rầm trên sân nhà
rơ'jo,bại liệt
rơ'leng,rớt xuống
rơ'lêp rơ'lap,mặt dẹp  
rơ'nhei,rách tươm
rơ'nhut rơ'nhat,vừa kéo vừa giật
rơ'nhăk rtf'nhën,nắm tay nhau
rơ'nẽnh,tay máy
rơba,ướp
rơbiín,kẽm gai
rơblă rơblũm,khuôn mặt bầu bỉnh và đẹp
rơblũm,rơblũm
rơblễ,rơblă
kơrĕt,ghẻ lở
rơbom,đập giập
rơbong,mương nước
rơbâu,ngàn
rơbăn,đường trang trí trên ge
rơbăng,cái cũi nhốt tù binh
rơbư rơbơ,cây lấy lá trị đau răng
rơbẽk,tả
rơbổp,ê
rơchak,rõ ràng mạnh lạc
rơchũk rơchăk,chen lấn nhau giành
rơchỡk rơchăk,nhiều dấu chân chồng chéo lên nhau
rơcứng,sườn đồi
rơdang,phới
rơdeng rơdong,tiếng rổn rang
rơding rơdang,tiếng chân chạy rầm rầm trên sàn nhà
ung,gia
rơdu,chùng
rơdê,căng sữa 
rơdô rơda,thõng xuống
rơdôp,từ đầu đến chân
rơdăk,mỗi người một việc
rơdũk rơdăk,tiếng trái cây rơi bịch
rơdũk rơđăk,người hay vật chết dịch liên tiếp
rơdố,đi đôi
rơga,đối đá
rơgah,mỗi
rơgeh,sai trái
rơgep,gắp cho nhau
rơgi,níu kéo dẫn nhau
rơgo,nhuốm
rơgôn,cột dính lại với nhau
rơgôn rơgan,nhiều người đè lên nhau
rơgăk rơgong,xứng đôi vừa lứa
rơgĩil rơglăl,nốt nổi trên da
rơgơi,thông minh
rơgẽk,có đuôi dài
rơgẽn,ôm nhau vật lộn
rơgổp,hang lớn
rơh,chọn
rơh rơnh,cầm giác ớn lạnh trước khi đau
rơhal,niềm nở
rơhau,xong xuôi
rơhel,làm mãi không xong
rơheng,im lặng
rơhiak,mỏng tanh
rơhing,chỉ than hồng
rơhiỡl rơhiăl,thịt nhiều mỡ
rơhlơk,phâ't
rơhnhă,nô
rơhnhăp,nức
rơhoch,buột miệng nói 
rơhoh,nhà bỏ trống
rơhok,chỉ lỗ sâu và nhỏ
rơhong,chưng cách thủy
jă,giá
rơhrũk rơhrăk,tiếng người hay vật chạy thình thịch
rơhrố rơhră,tiếng lửa cháy rào rào
rơhu,thèm ăn 
rơhui,dềnh
rơhuăk rơhueo,chỉ lổ nhỏ li ti
rơhuẽ,tuyệt
rơhuẽn,lúa gơn sóng trước gió
rơhuỡk,dành dàng
rơhêm,đỏ rực
rơhô,sún răng
rơhôh,mở to 
rơhôk,rỗng không
rơhõi,lộ hàm răng đẹp
rơhă,vui tính
rơhău,xui
rơhơi,lơi lỏng
rơhơk,hêch
rơhẽm,đỏ chót
rơhẽnh kơne xa 'bum 'bỉang,để lại vết cắn  pơhăng kơne xa bum ơlơnga chuột ăn củ mì còn để lại vết răng
rơih,chọn 
rơiik,cặm cụi
rơiư,cây lá chửa đau răng 
rơjei,cỏ mật
rơjim,mưa bão kéo dài
rơjong,khánh kiệt
rơjuên,chằn
rơjuơ rtfjua,xõa
rơjơy,qur dùi
rơkak rơkẽch,tiếng chó cắn nhau ăng ẳng
rơkhau,ráo
rơkheu rơkhẽch,nhánh cây nhỏ và cong queo
sem tơ rong,gia cầm
rơkhêu rơkhao,chỉ nhánh cây ngỗn ngang
rơkhũk,lởm
rơkhẽk rơkhõk,câu nói có vần với nhau
rơkhẽl rơkhôl,chỉ những khúc cây ngắn
hnam dơ nŏ,gia đình
rơkit,cây lớn
rơkiổk rơkiăk,tiếng lắc cắc của đồng xu hay cong đeo tay chạm nhau
rơkiỡk rơkiăk,bẩn thỉu và lếch thếch
rơkop,chuối kép
rơktìỉk rơkhũk,tiếng lộc cộc cây hay đá va chạm nhau
rơkuk,chim quốc
rơkuăn,loại dừa rừng
rơkâu,chông nhau
rơkìín rơklăn,nhẹt
rơkũl,nằm ngang
tơnglổng,già làng
rơkổp,ngỗn
rơlach,sảo thai
rơlah,xẻ thịt
rơlah rơlay,cắt thịt ra thành từng miếng nhỏ
tơ mu`k tơmam,gia tài
rơleh,sụp đổ
rơloch,thói rữa
rơlôh,lở dở
rơlôk,một loại lồ ô mắt nhặt
rơlõn,cá bông
rơlă,tra cán
rơlăng,mừng chiến thắng
rơlũm,xum xuê
rơlũng,đổ nát
rơlẽ,bải hoải
rơm,rừng âm u
rơm dỡm,tiếng sấm sét âm ầm
rơmal,cây gỗ trắng
rơmam,cây tranh hạ nhà sàn
gi`t,giá trị
rơmeh,vét lại
rơmlunh,mập phì
rơmlôh,phì nộn
tơmam 'bâu phu,gia vị
hngiêl,giấc
rơmo kon păng rơrno yõng,bò cho con bú
rơmok,lửa cháu lên
rơmong,khăn sọc
rơmu,rậm rạp
rơmuih,dịu dàng
rơmuổn,rơmỡn
rơmêng,làm nhẹ tay
rơmôih,vuốt ve
rơmõl,khúc cây
rơmăi,cây me
rơmăn,dịu
rơmăt,tự vệ
rơmơn,đuối sức
rơmơt,nhờm
rơn,đề cập
rơnao,chữa lành
rơneh,phụ
hngiêl tep,giấc ngủ
rơng rơnga,chó theo cái
rơngei,tự do
rơngiau,bên họ ngoại
rơngiăng,cây ngành ngạnh đỏ
rơnguã,vắng vẻ
rơnguẽt,cái roi
yai,giai
rơngâu,hạt mè trắng
rơngôi,chói vót
rơngăt,chết lúc mới lọt lòng
rơngơi,dịu mát
rơnhong,tong teo
rơnhêng,ánh sáng tỏa rực
rơnhăk,mỗi người mỗi việc
rơnhăl,chặt đất từng khúc
hơtang,giải
rơnom,lá non cuốn trong bọc
rơnong,chỗ nước sâu
rơnõ,chuẩn bị
rơot,cái cưa
rơpa rơpu,gây phiền phức
rơpang,cá xíu
rơphă,gặp tai họa
tơanguơ̆,giai điệu
rơplũm,đóng váng
rơpoch,xoa bóp
rơpok,cây chết khô
rơpui,cây từ bi
rơpuơl,trời bí đao
rơpuơn,cây kè
rơpăt,trái bồ hòn
rơreh,run rẩy
rơrey,run sợ
rơrih,run lấy bẩn
rơriíng,đãi
rơroh,răm rắp
rơrôk,mỡ bằng óng tre
rơrăk,tiếng thả
'nhŭ ,giấm
rơrĩp,hồi hộp
rơrũp,phành phạch
rơrơch,thưa thớt
rơrơk,trôi chảy
rơrẽk,ngón trỏ đưa lến
rơrữk rơrăk,tiếng rột rột cá quẫy trong ống tre
rơrữm,tiếng cây lớn ngã 
tơtrỡm,giậm chân
khoa wĕi lăng,giám đốc
alah plach,gian
rơtong,đường viền hoa văn 
rơtuh,triệu
rơtêh,cây rừng 
rơtênh,mối đen nhỏ
rơtìi,húm chim tủm tỉm
rơtìỉng,thối hoắc
rơtíỉl rơứl,lâtn quẩn một chỗ
rơtă,bằng phẳng và cao
rơtăk rơtôp,to và dài
rơtăl,tỷ
rơtũl rơtăl,hàng hà sa số
rơtổm,chặt cây cho ngã
rơu rao,tiếng sấm sét ầm âm
rơvving,ngọn tre le chưa ra lá
rơvvăl,vừa vặn
rơwai,đường đánh dấu không cho đi
rơwak,gian nhã
rơwan,đủ chỗ
rơwel,bệt
rơwey,tẩu
rơwăk,ngôi
rơwẽk,xa tít
rơwẽn,uột
rơwẽng rơwẽng,xa tít mù khơi
rơwứh,dạo
rơxang,chói lọi
rơxei,lá cau rừng
rơxiu,thì thầm
rơxoeh,đánh rơi
rơxot,vượt quá đích
rơxue,chú tâm
rơxũt,hoàn lại
rơxơng,nhảy vồ
rơxỡt,kéo giật lại
rơxữt,lê gót
rơya,dĩ nhiên
rơyah,thoáng đãng
rơyu,le bẻ
rơyuh teng neng,rung chuông
rơyông,cao và đẹp
rơyõch,tàn
rơyũch,lôi thôi 
rơyũt,trĩu quả
rơyẽch,tồi
rơyễ,nghiêng xiêu vẹo
rơíik,đật
rơíip,ngậm chặt không nhả
rơđai,ống bễ lò rèn
adra,giàn bếp
rơđõ rơđặch,tiếng rộn rang
rơđăn,lóng tre
rơĩlôp,lá non 
rơ’mui,nát bét
rơ’muk,mềm mại
rưng,chỗ có toàn
rẽ,loại đơm lớn
rẽng,gùi đan thô sơ
rẽp,con xén tóc
rỗ,vỡ gốc cây
rợịuan,chịt
rữk khũk răk khăk,rũk khũk
'yăo,giáo
sa 'năr dưng,ăn trưa
sap,nhạt
sem băk,chim cút con
sem kring,chim phượng hoàng
sem kơkìít,chim sọc trùn
sem đơsuk,chim bắt muỗi
ekledia,giáo hội
sinh,sinh
sir,đào
sodrô,rưou ghè
soh,châm
song,cho
tẽ,giao hợp
srah,quật
srok,đơm
tơguăt,giao ước
sră kang,nỏ
ka'bâp,giập
suaih,tỉnh to
suih,gầm
pơchũ pơm kơnê̆,giật dây
sung,cái rìu
cho khŏ,giày
sêp hla 'nhem,hái rau
sômôch,ong nhỏ
săp,rấm
sĕi,xay
giây,giây
sŭng,đái
baar,giấy
sơhngeu,cóng
sơhngơ̆m,dạ
sơlah,rẽ
sơmah wă tuk atơ̆u,làm ma
sơmăt,ngục
sơngot,lẽo
sơnguat,kịt
sơnăm,sang
hla ar pơ tơm,giấy mời
hla ar hơkă,giấy nhám
tơnglèp,giẻ lau
kơlĕp,giẻ rách
pơtah,gièm
mŏt,giêng
dak hơ lŭng,giếng
sư̆ lơ̆m klak,để bụng
sư̆ tơ'boh ăn kơđe,trưng bày
sư̆ ăn,nhường
sỡk,phơi
ta,rải
tah măng,trái lại 
tah rah,chung cho mọi người
tah rang,san sa chút ít
tah tai,ngồi thả thông chân  
tah wah,hướng mắc trong hôn nhân
taih,sét đánh
tak mặt,gọi tên tộc
takơl,ngả
tal,qui đầu
jul adrêch,gieo trồng
tang taih,chim chìa với
tang wang,nghe phong nhanh
kiang,gió
tanh,cửi
tanh brai,dệt
tao wao,chim tu hú
tap,tát
tar,chẽn
tat,đối diện
td'bronh,lôm đốm
td'bông,quây quần
td'dot,làm nhổ lên
td'ngam,răng hàm
td'nglel,ngồi chễm chê
td'ngua,chồng chất
td'ngöi tơ'ngẽch,chỉ bọn trẻ nhỏ ở xa
td'ngök,tơ ngõl
td'nhip,vá tạm
büng,giỏ
td’nhëng,trinhăk
teh brư̆,đất cằn cỗi
teh liêm,đất màu mỡ
ơu,giờ
tek,bán
tel tel,tiếng chíp chíp
tem,dân tộc chàm
ten tơnen,ở yên một chỗ
teng brẽỉ,sát cánh bên nhau  
teng leng,bị vào cổ
teo,cái xẻng
pơhŭt,gió bão
tep 'lep,lược qua lược lại
tep hlơ̆k,mơ
tep tơkuh kỡl,ngủ 
phu`t,gió xoáy
than chơ 'ba,cây thuốc độc
thanh,thành
thar,chạy đến
giơ̆i,giới
thep,hàn
plĕi nâr yoi,giới từ
thong,khe suối
adrẽch,giông
hơ bŏ,giống
thuô,thua
thuôi,nghía
'bâr,giọng
thôi,gò đất
thôi thôi,nhảy nhót vật lớn
thôp,cột hình xoăn ốc
thôt,tháp 
thŏng,thuyển
thũi,ước gì
thŭ,thuê
bõng,giống đực
'bơ̆l pơma,giọng nói
tơnglang,giọt
anê̆,giữa
thơthữt,thơm phức
huôi,giun
thư năng kah,nếm
thưc,thực
huar,giun đất
rơmơng,giun đũa
tih rih,trưng ví dụ ra
tik,arăk ting
jương,giường
tin,aăn tin
ting bill,đi sánh đôi
ting gling^,bộ nhạc tre chuyển động bằng nước
ting glơng,không cân bằng
ting lìỉng,cái đàn bầu
chrek'long,gỗ
tir,chồn dơi
tiu,cứng ngắn
tiêm,tiêm
tiêng jok,cây phong lan
tiẽhg,cái định
tiẽng,trau
tiổ,hung đỏ
to'wer tơwei,chăm sóc dẫn nhau
toah,lấy bớt ra
toang,giạng chân
toh,tháo ra
toi tối,nhỏ từng giọt
tomgôi,giao họp
long dơnăng,gỗ lim
joch,góc
tong anễ,ở chính giữa
torwaih,gùi thưa
totêk,mồm mép
toăng,bị đứt
trach diêu,trách
trom,cái vòi
dơngỡl,gốc
hnen kơl,gối
trât,trật
trôm,lỗ
trŏch,vót
trŏk,quyển
dơhlŏng,gông
ttf,nặng trĩu
ttf'bich,đặt cho nằm
ttf'bit,đầy ngang miệng
ttf'blënh,mịn màng
ttf'bonh,xoắn
ttf'leng,rớt ra khỏi nhánh
ttf'lüt,xô đẩy từ sau
ttf'mang,nhìn rõ từ xa
ttf'mlêk,vết sẹo 
ttf'män,giữa phòng 
hơ'noch,gót
ttf'ngläp,nấu quan tài
ttf'ngül,không nhúc nhích
ttf'ntfng,ưỡn ngực về phía trước
ttfchrâ,rọi đèn vào nhau
ttfjang^ttöhläk^,bận bịu
ttfjao,giao dịch
ttfngo,cây nhựa nhuộm vải
ttfnhüm,gỗ cẫm lai
ttfpang,cãi lại
ttfriïk,cây đuốc
ttfrot,đau lan
ttfrüng,làm cho rụng
ttfyö,khoen
ttf’bünh,chụm lại
ttìil,xạ
ttíxuch,suỵt để ra hiệu
kơ'nơl,gót chân
chơkho` along,guốc
bơnĭl,gương
ju`k,gương mẫu
tung ngaihg,cái cùm chân voi
tuôi,vác
tuôt,nhị
hecta,ha
tơhlu,hà
tê,ngựa đi nước hiệu
têh rơnổm têh khok,cho quách đi
têl,lủng
têl hlêl,lủng lẳng 
têm brêm,thùng thình nhiều tua
tên,củ sắc dây
kơting tơ'bong,hàm
tìu,ngắc
tíơxôm,bùi nhùi 
tôch kơ,xong
tôch tăl mă pêng,tốt nghiệp
tôi,vác trên hai
tôi blôi,trôi nổi 
tôk tồk,tiếng gõ cửa cốc cốc
chơhlung,hầm
tôlô,dân tộc tôlổ
tô̆,hạ
tõ ti,đỡ bằng tay
tõng,xúc
tõxẽt xẽn,quá ít 
tök plôk,rau mọc ven bờ suối ăn được
töl bõl,ngã lăn cu
töng,đọng
tă,bắt 
tă ling,toàn là  
tăk,thắc
tăk tai,ngồi thả thông chân
tăk tam,loại cây hoa tím
tăl,chắc hạt
kơting tơ'bong sơnĕnh,hàm răng
tăng ar,sâu nái  
tăng kei,ve chó
tăng lă,dây trái tròn
tăng pet,ve chó loại lớn
tăng plă,ống giật đuổi chim
tăng tep,gùi dẹp có ba ngăn của người yhnang
tăng tơlôp,trái rừng chín có đầu hồng
tăng tư,làm suốt không nghỉ
tăr bang,có đường học nhiều màu xen kẽ vải hay chiếu
tăr huang,con rắn roi
tăr jang kang dũr,hàng rào tiên cố xung quanh làng
tđhlũp,tóc ngắn
hăn,hạn
tŏ phang,hạn hán
kơnam,hận thù
kơpar,hang
hmăch,hàng
tơ băt 'năo lôch,đám giỗ
tơ drong haioh,chuyện thơ
tơ drong xo sơ ki,chuyện cổ tích
tơ grôn tơgram,gồ ghề
tơ hlê,bông hoa
gơp trôm kông,hang động
tơ kŏi ao,cổ áo
pra hang lơng,hàng hiên
tơ luek,tả người mù
tơ lơ̆i 'monh,dây thừng
tơ môch krăm,nhận chìm
kơdrong,hàng rào
nhong hnê̆ chan,hàng xóm
tơ ngơl 'long,gốc cây
bơngai tõk gre,hành khách
jơnap,hạnh phúc
tơdrong ,hành vi
rơbông rơbang,hào
tơ pên 'dak,sàn nước
tơ pên hnam,nền nhà
gĕr,hạt
tơ'ba,chúng cây
tơ'bat,lây nhiễm
tơ'bet,đâm nhau
tơ'boch,ghẻ chóc
tơ'boi,bắt chước nhau
tơ'bot,trao cong cho
tơ'boy mă tơ'boy,xinh đẹp
tơ'brônh,lốm đốm
tơ'brẽt,tiến triển
tơ'brỡk tơ'brỡl,có khoang đen khoang trắng
tơ'buah,khiến cho tiếc rẻ
tơ'buh,quẳng vào lửa
tơ'but,sừng sững
tơ'buăn,thề hứa
tơ'bă,vừa khi
ger adrêch,hạt giống
tơ'bơch,tập tành
tơ'bơm,đụng
tơ'dik,nhích
tơ'dom,dính kết nhau
tơ'dă,đố nhau
tơ'dưk,nhất nặng
tơ'dỗ,xiết cổ lẫn nhau
tơ'jring,tiếng trống
tơ'jrong,tơ jrẽng
tơ'jrông,inh ỏi
tơ'jrũng tơ'jrăng,nhiều tiếng chó sủa câu câu
tơ'jố,cửa tổ chim dồng tộc
tơ'lek,tróc vỏ
tơ'long,nâng tầm bắn
tơ'lêp,to bản
tơ'lơ̆ pơ̆k tơ kơ̆l,xô ngã
tơ'mal,ra xem
tơ'me,nuôi dưỡng nhau
tơ'mech,để giống
tơ'mok,đứng một mình
tơ'mong,đền cho nhau
tơ'monh,làm xoắn lại
tơ'môi,giận hờn nhau
tơ'măk,vắt lên
tơ'măl,thêm
tơ'mơch,bong bung
tơ'mơn,đưa cho nhau
tơ'mơng,giận không nhìn nhau
tơ'mốt,nối đây lại
dơxuh,hậu môn
tơ'ngiơh,tơ ngiah
tơ'nglaih,buông
tơ'nglel,đâu trần
tơ'nglêl,ngồi chễm chệ
tơ'ngoh,cái sọ
tơ'ngum,lùi túm đồ ăn
tơ'nguơt,kết lại
tơ'ngõl,tơ'ngõl
tơ'ngăk tơ'ngõl,ngồi bệt
tơ'ngăk tơ'ngũl,chỉ hai người lớn đứng hay ngồi bệt
tơ'ngẽl,td'ngak
tơ'ngẽl tơ'ngõl,td ngak tơ ngõl
tơ'nhak,lạnh nổi da gà
tơ'nhan,dính vào nhau
tơ'nhek,cây sầm
tơ'nhoi,chán chường
tơ'nhrăk tơ’nhrăng,chỉ nhiều người đứng thẳng bất động
tơ'nhrăng,bất động
tơ'nhrỡng,tơ nhrăng
tơ'nhôi,chán thường
tơ'nhăk,dẫn nhau
tơ'nhẽk,tơ nhăk
tơ'nhối,chế giễu nhau
tơ'niang,cân đối
tơ'nông,chình ình
tơ'nă,làm cho cười
tơ'ro,chìa tay ra
tơ'đim,gặp nhau
tơ'đưk,vang dội
kơtiêng,hè
tơbatnar,đám
tơbeng,huýnh vai nhau
tơber,tre đan
tơbinh,rối
tơbiông,hình buông
tơbiăl,lỡ miệng
tơbiơm ah yong,nằm xoài trên dường
hê,hệ
tơbleh,toét ra
tơbleu,nổi mụt
tơblôch,vuột
tơblôi,tròn vo
tơblăl,thông dâm
tơblũng,bị bung ra
tơblơih,trượt
tơblơu,bự
tơblẽch,kỳ cục
hê thông,hệ thống
tơblờr,đường trơn
tơblỡt,bị lột da
tơbok,một loại nứa
heta,héc ta
tơboy,dựng đứng
tơbrai,tan máu bầm
tơbral,làm cho hối cải
tơbrinh,chằng chịt
tơbroch,rơi vãi
tơbroi,lúa thưa
tơbrot,bắt làm không nghỉ
tơbrơl tơbral,tắm trần truồng
tơbrơnh,bụng to căng
tơbrẽl,sát nhau
tơbrẽnh,quăn
tơbrẽt,trầy
tơbrỡt,tranh giành nhau
tơbrỡt tơbrăt,vết nổi phong trên da 
tơbuah,trong nõn
tơbunh,nằm chình ình
tơbuơh,trắng nõn
tơbuỡn,cây cốc rừng
tơbêng,bù
tơbô,đáng lẽ
tơbôl,vật tròn nhỏ
tơbôp,trang trí sừng trâu
tơbõ leh ieh,chỉ sự tiếc rẻ
nhung,heo
tơbũch,trốc gốc
tơbũk,dìm xuống
tơbơ,nựng nịu
tơbơih,vỗ nhẹ
tơbơrtơbăr,vương vãi
tơbẽnh,uốn tóc
tơchang,mong mỏi
tơcheh,thêm 
tơchop,theo dõi nhau
tơchro,chìa bắt tay nhau
tơchruh,chảy nhận vào
tơchuang,chéo
tơchê,khing chê nhau
tơchêk,loại chồn lớn
tơchêm,chải phồng tóc
tơchôl,xỉa tay vào mặt nhau
tơchă,tìm nhau
tơchũch,xịt chó
tơchũm,hôn nhau
tơchũng,hợp sức
tơchơm,tông nhau
tơchơng,chặt khúc chia nhau
tơchẽng,suy nghĩ
tơchỡp,đánh vẫn chữ
tơctìỉ,đuổi chó 
tơdap,cây vông đồng
tơdeh,biền biệt
tơdo,thòng xuống
tơdoch,cùng uống
tơdreh,chặt bớt nhánh
tơdrep,tàn cây nhỏ
tơdroh,hú reo
chãl,hiện
tơdrong kơdô̆ suang,điệu múa
tơdrong tơdrỡl,sự việc xảy ra 
tơdrŏi,chảy cuồn cuộn
tơdrêp,tàn cây lớn
tơdrôp,giỏ mồm bồ
tơdrăng,về hướng
tơdrơl,mốc ranh giới
hơnang,hiện giờ
tơduang,rón rén
tơdung,ùm
tơdêk,nhích lên
tơdêl,rất xa
tơdôh,thênh thang
tơdôl,luủng lẳng
tơdông,to dài
tơdõl,xúm nhau đỡ lên
tơdõn,đất cao
tơdõng,cứu giúp nhau
tơdă,kịp
tơdă kơnh,sớm muộn gì
harei,hiện nay
tơdũl,lủng lẳng
tơdũng,mãi đến
tơdũng klũng wôk,rền vang
tơdơt,ngăn cẩn
tơdẽl,sắp
tơdẽr,mỏng manh
tơdỉng,suối thời gian
tơdỗ,trĩu xuống
tơga,tấm bảng chiến thắng
tơgai,đính hôn
tơgang,cong đuôi
ahrẽi,hiện tại
tơgir,chuyên cần
tơgit,quí trọng nhau
tơgiẽp,cái kèn
hiêp,hiệp
tơgleh,chơi kéo ngắn tay
tơgluơ tơglua,luồng cỏ
tơglơh,sụp đổ  đi 
tơglơm,ném vật qua lại
tơglẽ,trùng tên
tơglẽch,trật xương
akõm chă pôm đon,hiệp thương
hla ar pơkă,hiệp ước
tơgrang,nghiêng về
tơgrel,gần đứt
tơgron,nhô
tơgrop,ghép thành đôi
tơgrên,gầy đét (vật lớn
tơgrẽn,gầy còm
tơgrẽng,gầy 
tơgrỗ,trốc lên
tơguêng,lớn và cong
tơguẽng,nhỏ và cong
hiêu,hiệu
tơgíi,lỉnh
tơgíi tơgrăn,dây trói choàng khắp người
tơgô,chờ đợi nhau
tơgă,cái rựa
tơgăng,chỉ cây lồ lộ
tơgŭm,giúp
tơgẽn,đè lên nhau
tơgỡng,chí cây lồ lộ
thu ‘yok,hiệu quả
tơha,vạch
tơhah,chỉ há học miệng
tơhao,trèo lên nhau
tơhia,một loại đó nhỏ
tơhiau,vểnh tai nghe
tơhieo,thả trôi
khoa hnam trưng,hiệu trưởng
tơhiup,biể thổi lò rèn
tơhlam,thâm sáng
tơhlap,kẽ tay chân
tơhle,chỉ vành nhỏ
tơhlel,thoáng thấy 
tơhli,làm cho sợ
tơhling,rót cho nhau
tơhlâu,chỉ trỏ
tơhlê,chỉ vành to
ngu,hình
tơhlôih,mịn màng 
tơhlông 'măng,cái then cửa
tơhlõng,gông mang gông
tơhlũm,có hình nón
tơhlũn,lún xuống  
tơhlũt,mập và lùn
tơhlơm,thâm sũng
tơhmoi,la lối
tơhmăi,chửi rủa nhau
tơhmơt,quen thói
tơhmẽt,đẩy xuống
tơhna,mũi de 
tơhnal,tuyệt vời
tơhnet,chen lấn nhau
tơhngâm,chào nhau
tơhnhik,nhe răng trên mắt
tơhnhuơl,mắt kéo mây
tơhnhêl,vật to phát sáng 
tơhnhôk,vật tỏa sáng
tơhnhẽl,vật nhỏ phát sáng
tơhning,che khuất 
tơhntíinh,nhe răng trợn mắt
tơhoah,sứt mẻ  
tơhoang,giúp nhau  
tơhoch,tuột ra
tơhok,lỗ nhỏ và sâu
tơhong,làm mẻ
tơhoăng,thả rớt
tơhrau,cao ráo
tơhreh,sũng
tơhren,ốm giơ xương 
tơhret,làm siết chặt
tơhrik,nối đuôi nhau
tơhrip,hút chung
tơhriính,vỗ cây me sù sì
tơhrot,đau lan tới
tơhrăng,trụi
tơhrăt,làm chật chội
tơhrơng,đi hàng ngang
bơum rup bơngai,hình ảnh
tơhrẽl,ra quả ít
tơhrẽng,biết bao
tơhrổl,khoang trắng đen
tơhrổng,bò ăn lúa chỉ còn trơ gốc
tơhuch,đút cho uống
tơhut,lõm vào
tơhuơng,cao đẹp người
tơhyei,ửng hồng
tơhyiu,thả trôi dòng
tơhyoi,làm rớt
tơhyơi,môi trề
tơhíil,vướng mắc
tơhõt,ngắn ngủn
tơhũt,mập lùn
tơhư,làm hư
tơhẽ,tiếng gọi heo
tơhỉk,giận nhau  
tơhốl,ngắn cụt
rup to,hình chữ nhật
tơja tơhlăk tơhlăk,ấp úng
tơjet,hỏi han dẫn nhau
tơji,đáng
tơjil,báng lộn
tơjom,kính trọng nhau
tơjot,đua
tơjro,cho nhau
tơjrot,đạp chân nhau
tơjruh,hạ tầm bắn
tơjră,phản đối
tơjuh,tính nhăn
tơjui,chùm lông đuôi xòe ra
tơjuă,đạp cho chuyện
tơjôi,dài thòng  (khi dài
tơjõm,túm lại
tơjĕng,bàn cãi
tơjẽ,gần nhau 
tơkah,tôn trọng nhau
tơkai,chối
tơkal,cầu khẩn
chuai,hình dáng
tơkang,sửa đoạn rượu (nhận lá
jrống,hình nón
tơkeh,hắt bằng cây
tơket,bóp cổ nhau
tơkhan,mách nhau
tơkhop,lễ đính hôn
rup kơlang,hình tam giác
tơkhuẽnh,nằm hay ngủ có ro
tơkhơr,chọc ghẹo nhau
tơkia,cong lên
tơkieh,nhỏ con và rách dưới
rup plĕi tơroi,hình thoi
tơkiẽn,cái nhẫn  
lơm tơdrong pơm,hình thức
blon,hình vuông
tơklal,hai trán
tơklep,dính với nhau
tơkloh,phải màu
tơklôk,rên la
tơklũl,mập mập
tơklơm,ném nhau
tơkoh,giao chiến 
tơkol,bao phơ
hơlŭng,hố
tơkong nuh ũnh,khuôn bếp
tơkot,con kỳ đà
tơkrao,kêu nhau
tơkua,gác chân
tơkual,từ chỉ tính từ
tơkuh,cúi đầu chào nhau
tơkul,cuỗn
tơkuăr,ôm vai nhau
tơkuăt,kết nhau
hồ,hồ
tơkă tơkôl,bạc phụ  
tơkơn,chồng lên
tơkơĭ,ghếnh
tơkưu,hú gọi
tơkẽng,một loại ghè đất
tơkổp,họp mặt gặp nhau
tơlah,chia tay
tơlang,tỏa
tơlang hông,trống vách 
tơlei tang,cây dây hôi
tơlek,bĩu môi chê bai nhau
tơleng,chiêng nhỏ nhất 
tơliê̆,cái sáo
tơluh,vội vàng
tơlul,trùm kín mít 
tơlunh,chnằm bất động
tơlur,quyết tâm 
tơluẽnh,co mình lại
tơlôl,chỉ vật lổn lồi ra
tơlõl,nghẹn tới cổ
tơlõng hoi,rỗng hai đầu
tơlăng,tỉnh lại
tơlăr,theo thức
tơlũl,xa mặt
tơlũm wang,bao vây  
tơlũng pũng păng,đùng đùng nối giận
tơlũt khüt,khúc củi tắt chưa cháy hết
tơlẽch,phóng thích
tơlễ,con sên
'bok kyĕk,hổ
mù,hộ
tơm a la chă,nguyên thủy  
tơma,vậy mà
tơmar,hai ngắn tay
tơmiẽt,nhận xuống
tơnõ,hộ khẩu
hĕn hrek hrok,ho lao
tơmo pơgâu,đầu rau 
tơmo tó neh,đá lửa
'rang,hoa
tơmon,nắm
tơmring,ngà ngà say
tơmui,tua chuốt bằng tre
tơmul,chủ buôn
tơmunh,về sau
tơmuổt,nối dây lại
tơmôch,dìm xuống nước
tơmôh,búa tạ
tơmăk,đỗ lỗi
tơmĕt,kỉa
tơnai,chỗ khác
tơnang,áp
tơnanh,dệt khăn
tơner,một miếng
tơng mông,ngoảnh mặt làm ngơ
tơngah,trong thời gian
tơngih,tơngeh
tơngiẽng,cục cản 
tơnglăng,tố cáo gian
tơnglơ̆p,cái nút
tơngu,dđừng thù lù
tơngê,lắng tại
tơngăm,quan trọng
tơngăng,nhựa thuốc
tơngũk tơngăk,nhiều cục đá lớn 
tơngơi,du mương
tơngơih,rên
tơngơk,đỡ ngứa đầu
đak pơ jrŏu,hoá chất
tơngưíh,rên ri
tơngổr,chọc gheo nhau
đak pơ jro`u,hóa chất
tơnhok,đứng sừng sững
tơnhu,một loại gâu
tơnhẽch,xích ra
tơnieu,vòng eo
rang rô xia,hoa hồng
tơniêu,quả thận
tơniẽng,cấi
tơnoh,chỗ đó
pơ kau lan,hoa lan
jơdri,hoa mai
tơntìil,thình lình
tơnueng,cây chay mít 
tơbla măt,hoa mắt
ĭ,hoa màu
bơ ngai chih 'byeh um,họa sĩ
tơnôih,thể địa
tơnôm,góp sức
tơnõt,cắt nhỏ
tơnăl,rút
tơnăng xa,bắt cá
tơnăp,chọt 
'dok,hoa văn
tơnũk,cái cân
tơnũl,cây sào
tơnũng,cây vừng
tơnũr,tấm cót
tơnồ,như là
tơnỗ,gan dạ
tơpah,nứt làm đôi
pah klau,hoạn
jăl,hoàn cảnh
đĕi tơdrong truh,hoạn nạn
ah kơ xơ,hoàng hôn
tơpe,tắp
tơpeng,xo nhau
tơpey,một cục
tơphẽ,bị bể
tơphẽch,bẻ nhỏ
tơpin,đưa cho ẩm
tơpiê,phình
tơpleh,tách rời ra
tơplôh,mở toang
tơplôt,vừa bé vừa lùn
tơplõ,trốn vỏ
tơplõi,tơplong
tơplŏk,bong
tơplũi,béo ụ
tơplơ̆,tốc
tơplẽng,văng ra
tơplỗi,bụng to để lộ ra
tơpo,trong lúc
tơpraih,xin lỗi
tơprang,đuổi con vật đi xa
tơpreh,làm trụi lá
tơpring,che chở nhau
tơproch,bị rách te
tơpruch,sứt chỉ
tơprăi,dãn ra
tơprũp,thổi bẹt khinh chê
tơprẽl,rụng hạt
tơprẽp,thổi bẹt khing chê
tơpung yang,cây tầm gửi lá rất lớn
tơpuăt,làm đứt đôi
kon drõ nglo pơtao,hoàng tử
tơpuỡt,làm đứt
tơpìp,mặt ngắn
tơpôch,bị trụi lông
tơpôk,đỡ nhau lên cao
nhueh,hoắt
tơpôk băn,kết nghĩa cha con
chơgŏk,hốc
tơpôm,ngồi yên
tơpông yang,cây tầm gửi lá lớn
tơpăi boih,chòi đổ nát
tơpăl wăl,rối chằng chịt
tơpăng,lắng nghe nhau
tơpăr,thả bay
tơpĕnh,lao vào
tơpũ,sai hạt lúa
tơpũ lum,dính liên nhau
'bơ'but,học đòi
mu pơ xrăm,học sinh
tơpơi,cục sáp ong
tơpơk,quật ngã
tơpơr,cuốn bay đi
tơpơu,ngồi chơi
tơpẽl,thấp bé
tơpẽt,thoi bop
tơpỗ 'băn,kết nghĩa anh em
tơra klak,đau quặn bụng
tơrah,chặt sạch
tơrak,ngày thứ nhất 
tơreh,rảy ngón tay
tơro,ló
tơroih,sượt trên mặt đất
tơrong,trò chuyện
gơhơ̆ng,hoe
tơrum,chung một chỗ
tơrê,rô
tơrôp,rượt nhau
tơrõi,bắc ngang
pơgot,hồi
tơrăi,bung ra
tơrăk,chăm sóc lẫn nhau
tơrăk tơrong,tơdrŏu
tơrăp,hẹn gặp 
tơrũng,ngồii
tơrơ,bận tâm
tơrưh,rảy
tơsi,cái lược
'bret,hơi
tơtak,lật lên
tơtap,cùng nhau vỗ
tơtar,gằn tấm hay
tơtat,đối điện
tơtey,run rẩy 
tơtheng,liếc dao cho sắc
tơtih,loại lớn 
tơtim,thúc ngựa bằng chân
tơting,thúc
tơtit,đè
tơto,đằng kia
tơtoch,có dãn
tơtŏ,bên nhau
tơtroi,nhiều người đi
tơtrok,tham gia
tơtrũn,giậm xuống
tơtrẽn,khoác các
tơtuh,giữ
tơtôh,đánh nhau bằng cây
tơtông,cướp
tơtõl,đỡ nhau lên
tơtõt,chọt cây vào nhau
tơtũk,làng phụ
tơtơl,đối đáp
tơtơn,vừa đi vừa nhún
tơtơng,chuyền cho nhau
tơtơt,gọi chó về
tơtơy,run rẩy vì sợ hay lạnh
tơtổ,hát rung giọng
tơvih'bai,trả bài
tơvvat,bẹt ra
tơvveng,ôm nhau ngủ  
tơvvẽch,chệch hướng
tơwang,vòng quanh
tơweng,phang
tơwer,tránh mặt nhau
tơwih,nầy
tơwín,cong lại
tơwăr,quấn lấy nhau
tơwŏch,mó
tơwơih,khểu
tơwẽnh,bắt quần áo
tơwổt,vật lộn nhau
tơxak,xước da dưới chân
tơxal,màu ảnh
tơxep,ngắt véo nhau
tơxoch,số ra
tơxrang,phóng với nhau
diĕng,hội
tơxut,lau cho nhau
tơxă,phóng đại
tơxăr,áo giác
tơxĩ,đổ vỡ
tơxũl,rối loạn
tơxơt,trầy da
tơxẽn,xê xích
tơxẽr dẽr,trẻ em chơi trò cầu trướt
tơxỉ,đổ tháo
tơxững,hướng mặt trời lặn
tơyak,lá rừng có vị chua ăn được
tơyơ,đâu
tơíing,phía ngoài
tơđrah,rừng thưa 
tơđring,dây xâu cá
tơđưr tơdar,hang có nhiều ngõ ngách
tơĩir,cỏ đầy dẫn
tơ̆k ŭnh,thắp
tơ̆k ŭnh đen,thắp đèn
tơ̆p sơ̆p hla bơ,quyển sách
tơ’dih,đối
tại wai,đưa qua đưa lại
tẽch,lạt
tẽk tốk,bình xông hương
tẽnh,hối thúc 
tẽnh lơluẽnh,ngã chổng vó lên trời
tẽp,lây ra
tẽp 'nhoi,nguýt
tẽp lẽp,nhiều đứng hay ngồi sát bên nhau
tỉk pơìik tăk pơlăk,bị vướng mắc
tỉk tõk,tiếng tích tắc của đồng hồ
et  sa tih,hội hè
tốl pơtốl,trôi lềnh bềnh trên mặt nước
tống,múc
tỗ,nóng
tỗỉ tồi,nhỏ từng giọt lớn
tợjữm,nhanh miệng
tợyõ krong,chim bắt tôm
tợịing,sinh sự với nhau
tợịoh,mổ nhau 
tợịuer,lảng tránh
tợịên,dẫn nhau đi
tợịõnh,lạnh buốt thấu xương
hẽi,hồi nãy
uaih,đau đớn
hôi nghi,hội nghị
jơhngỡm,hơi thở
hip,hòm
yơ̆ng,hôm
uĕi akău soh,ở trần
uĕi ha,nhàn
vai,nhện
'năr yơ̆ng xơ̆,hôm kia
vĭt,việt
wai,giớn
waih,khua
'năr tơman,hôm kìa
'năr adrơu,hôm nay
'năr yơ ơ̆u,hôm nọ
wi,ủy
'năr abri,hôm qua
bing,hòn
wêl,lẳng
wông,anôphen
wăn,rảnh
wăng,cái liềm
bơhngol,hồn
wĕi tơ to,ở kia
wơih,quờ
wơng,lùn
xah,hăm
oĕi klo kăn,hôn nhân
xang,đã
'ngiêng,hông
rôsa,hồng
hơlŏ̆ng,họng
xung,rìu
gơraxia,hồng ân
xăr,hoang
tơnglăp,hộp
bổ`i,hũ
xơh,đốt
xơnêp,hòa bình
kơchơng,hứa hôn
soh jrênh,hương
xỗ,vui
y,y
kơchong,hướng
yaih,dỡ
yak yak,bước chân
joy,hươu
yok 'long ŭnh,tro củi
yom,hiếu thảo
hưu,hữu
huên,huyện
yor,vì
yua,do
yuăn,dân tộc kinh
yêr,hiểm
yôm,thấm
khu`l tơdăm apung,huyện đoàn
tơdrong hơ amon,huyền thoại
huyên uy,huyện uỷ
kơtu`m,huyết
hơkăl,huyệt
huyêt du,huyết dụ
chơnglôk,í
yă yai,yểng
đĕi,ích
kali,kali
re`k,kẻ
bơ ngai tơ tung,kẻ cướp
hơyăt,kẻ địch
rơwah,kẽ hở
yŏng kră sut,ong chúa
chă tơdrong rơgĕi,kế hoạch
lu ayăt,kẻ thù
¡,ba đời
¡ă,một ít
ã,như ra
ê,không ngờ
êng,mênh
êp,loại gùi lớn
êp êp,tiếng ve ve của con ve sầu
êr,nán lại
êê̆ kưu,tiếng hoan hô reh mừng
íik tir gring tik tir grang,tiếng cong chạm vào nhau kêu leng keng
ô,ngạc nhiên
hơtĭ hơdroi,kẻ trước người sau
krem,kem
ôi,quả ổi
krem dak toh,kem sữa
ôm,hôi thối
gơdiêp,kèn
ông rơ,khóc hu hu
ôp,chái nhà
ăi,tiếng ái kêu đau
ăk,uất
ăng,máy bay rầm rầm
ăr,ĭng ơ
rơbũng rơbăng,kênh
keo,keo
kg,kg
kơ hak kơ xoh,khạc nhổ
đau,gươm
tơmoi,khách
hnam tep kơjung,khách sạn
pơtơm mât blŭng,khai trường
kơu,khăn
đeu,co
đim đi,sót
chê 'nhau măt,khăn mặt
khang sinh,kháng sinh
khanh,khánh
jơp,khắp nơi
khâu,khẩu
đu,ngớ ngẩn
pit muh,khẩu trang
đuk,bực
sơđiêng đak,khe
đí,tất
đôm,bấy
đĭkđam,đầy tớ
pơyan,khí
đơng,của
đơng tơkan,đạt
rơnăk,khí giới
pơlĕnh,khí hậu
lơ như yơ,khi nào
lơm rim tơdrong,khía cạnh
ĕ,đi cầu
kŭ sum,kho
ĕl ŏl,nướng sơ qua
ĕnh,tự chủ
ĩẽr tơhao,gà đạp mải
ĭ kơ mŏ ŏ kơ dăm,vâng lời triển để
ĭk,hung
ĭng ơ,gió thôi vù vù
ĭr,tiếng chim vỗ cánh bay
ĭr ơ,tiếng đàn chim bay vù vù
ŏm,không muốn
ũ,đầy ấp
ũch,một nhóm
ũk,làm đổ
ŭng ơ,tiếng gió thổi vù vù
kơ pen,khố
sriêng hŏnh,khô héo
khuă,khoá
khia,khóa
ơ khê,sừng trâu chạng
ơchuang,vẩn
ơdrĕ,bị thần giáng hoạ
ơm rơ,chưa thành thạo
ơn,hành động
ơnglŏ,một thế kỷ
ơnglŏng,cục nến
ơngoch,cột tóc
khkt,khoa học kỹ thuật
ơp,lấy hơ
ơxuang,nhảy múa
ơxŭng,bệnh thủng
ơxêng,nia lớn
ơ̆l,nài xin
'bum khoai,khoai
ơ̆ng,mùi hăng
ơ̆ng kơrơ̆ng,có mùi hăng
ơ̆r ơ̆r,tiếng nói chuyện
ơ̆t,không tránh khỏi
ưih,không chung thủy
ư̆,ừ
ẽ,một loại thuốc bùa ngãi
ỡi,cầu xin
'bunh 'bơ̆k,khoai lang
ủnh bong,bóng điện tròn
kumi,khoai mì
bum rơ boa,khoai môn
khoan,khoản
khoang,khoang
kơ plah wah,khoảng cách
jĭnh măt,khóe
'ba kon drŏ nglo alơ̆p,bố cu
'nhon,khoeo
'nhui,khói
'bet kơ pô,đâm trâu
'biên chi sô̆ gre,biển số xe
'biên chih anăn măt,biển tên
glŏk,khớp
'bloh,lam
'blĕp,hảo
'blĭk,ngát
tơgret,khớp xương
apung,khu
'broih,khô khan
hơh,khúc
'brêng,trưng
'brăng,con sò
'brơih,ấu
'brơ̆t,soạt
kơnong,khung
'buh tơ ŏu,ai lại
'bum chrŏu,củ khoai môn
'bum dăng,củ khoai lang
'buông,cái thìa
'bâl,bở
hno`ng,khuôn
'bôh,chứng
anong măng,khuya
'bă tơmŏm,cha kết nghĩa
'băk tơnam,đeo hạt cườn
'bŏu,giác
'bŭ bơngai lôch,an táng
'bŭh,nướng
wong,khuỷu
alâng,kì
ngơkõt,kì đà
pơm pơ chơt,kịch
kich thươk,kích thước
hmuôch,kiến
jrũm,kim
'yŏu,sành
a la kơ hnam,dưới nhà
a năr pơgê,lúc sáng
gơhlâu,kim cương
a taih yaih,heo hút
jru ̆ m bet pơgang,kim tiêm
abe ̆n,vái
abŏu,ôc
abŏu dak dơxĭ,ốc biển
ac hăng hiơt,bỏ quên
achao,cái võng
adrach sơdang,dân tộc sê đăng
jên pơm,kinh phí
kinh tê,kinh tế
ky,kỳ
adrơ ̆,xốc
adrỡm,để cho
apĕch,kỳ cọ
mơkuôi,kỳ nhông
ake krŭ,sừng bò tót
ake mĭm,sừng tê giác
ake rơ mo,sừng bò
bơlêk,kỷ niệm
l,l
bích,lá
akôih sõk hang,cạo râu
kơ ̆ ng,lá lách
akơn bơ tho,bục giảng
'măng,lần
along 'bơm,bơm
along bơ o,lồ ô
along chơ choh,cái thớt
along drih,đa
ngô,lang
along kơtonh,cây dương xỉ
along pơ,cây lồ ô
along pơle,le
alongrê,cây nghiêg
alâng ro ̆,lộng lẫy
lei,làng
alăk bŏu khôi,rượu khê
amach,thỉu
ame,nấng
ame ăn oh sa,cho em ăn
nhŏr,lăng
ami`n,ăm
amlaih,hối hận
tơ jê ̆,láng giềng
amrĕ,ơt
amrĕak,ớt quạ
amrĕkok,ớt trắng
kơkŏr,lăng xăng
amãn tơ mam,cất của
amêm kơ eng,yêu mến
tơmũp,lãnh đạm
pơgơ ̆ r,lãnh đạo
kuli,lao công
an kơ anhŏng,cho anh
an kơ oh,cho em
jang đe ̆ch,lao dịch
anar blŭng,ngày khai mạc
anau tơđah,mới nảy mầm
angok,óc
angok sem brih,não thú
anguaih,dọn sạch
angơn ako ̆ u,vươn mình
tăl kơnhư̆,lầu
anhie ̆t đah,cỏ mọc
'nhông,lầy
anho`ng bôl buăl,anh bạn
goi,lẽ
diăng,lễ
anhrong,đoạn cây
anhrât,ngừng
anhê̆,dễ khóc
anhĕm,thị
anhĕng,tị
anhĕp,khinh
anhĕu,nhó
đak măt,lệ
anhŏng oh pôm mĕ 'bă,anh em ruột
paxka,lễ phục sinh
anhơr,đờ
ploh tơ 'yung,lệnh
pơxu ̆n,lều
anih jang,nơi làm việc
anih khăm lãng jĭ,phòng y tế
anih kơdră,chỗ lãnh đạo
anih kơdră bơtho pơjing,bộ giáo dục
anih kơjung,chỗ cao cấp
hnhei,lí
lich,lịch
anih tơm joh suang,sở văn hoá
anih wĕi tơdrong bơtho,phòng giáo dục đào tạo
anu`ng,bọc
sơ ̆  ki,lịch sử
uĕ,liềm
anăn măt,họ và tên
jơnu ̆m bal,liên hợp
anăng,lốì
liên nganh,liên ngành
ple ̆i nâr pơma tơ til,liên từ
'long dơnăng,lim
anăr brĕi,ngày hôm qua
anăr kơxơ̆,trời xế chiều
anăr lĕch,mặt trời mọc
anĕ,đừng
anĕbơhle,đừng nghịch
ao do dui ti tai,áo thun tay dài
ao hơayuih djơ djih,áo ướt đẫm
ao tăr,áo mi ô
pơ'nghol,linh hồn
apah jang,trả công làm
api`nh,hỏi xin
bok pơ tho,linh mục
rơdai,lò
blô,lô
mơhiưch,lơ
arih minh hơnih,định cư
at kơ por,nhịn đói
ataih kơ hnam,xa nhà
chuơm,lọ
ato ̆ k kơjung,nâng cao
ato ̆ k lăm gre,lên xe
atâng brai,khung dệt vải
atõk,đưa lên
atŏng plĕi along,cuống quả
trôm muh,lỗ mũi
hơ nih tơ têm,lò rèn
axxong pơm 'bar,chia đôi
ayoi,tịch
trôm đon,lỗ tai
loai,loại
agăm anho ̆ ng oh,loạn luân
huơ̆r,lốc
hơlôh,lối
b`lo`k,hững
b`lõk,ngờ
b`oh,muoi
yo,lỗi
'bỡl,lời
b`ro,khan tiếng
alưng,lợi
tơnhôi,lỗi hẹn
hơpluch,lời lãi
gơlong,lon
ba mơh atâu,đưa cơm nguời chết
ba por atâu,đưa cơm nguôi chết
ba pơ yan,vụ mùa
babơ ̆ t jên,xài tiền
babơ ̆t,xài
‘nhung,lợn
sơke,lợn rừng
hơdăn,lóng
bao,cái bao
bar jĭt,hai mươi sáu
bech,lẹ
bek tơ pă,béo thật
bek đak toh alâng,bụ sữa
bi ̆ ch cheng,nằm nghiêng
bi ̆ ch kơ 'mu ̆ brum,nằm úp
bi ̆ ch tep,nằm ngu ̆
bi ̆ ch tơ giăng,nằm lăn lóc
bi ̆ ch tơ glăng,nằm lăn tròn
bi ̆ ch đang,nằm ngửa
nêp,lòng
biao,mựơt
bioh,đánh võ
biơu,trông rỗng
blah along u`nh,bổ củi
blah aya ̆ t,đánh giặc
blah rơ mo,mổ bò
blang pơ kau,nở hoa
blei kơ bă,chửi cha
blep kơ đon,vừa ý
gơxor,lông
blêt,loá sáng
blê̆,xớt
blĕi,chửi
blĕp,khăng
blŏk kơ 'bă,nhớ cha
blŏk kơ mĕ,nhớ mẹ
blơ ̆ ble ̆ch,lắt léo
blơch,ngậy
blưnhip,lấp bóng
tơ'nhơp,lông lá
so ̆ k sop tơ hăng,lông măng
tơ̆k bơ̆k krong,lòng sông
kơjoi,lòng thòng
brach,rì
lop,lớp
lăm pơ srăm,lớp học
bring brông,kẻ ca rô
bro ̆ k tơ hnam,về nhà
tơthũt,lũ
brui,cái cọ
brul,con dúi
brunh,tủm tỉm
brâk,mủi lòng
đưk,lư
'bạ,lúa
brĕ pă 'bôh,biệt tăm
brơ ̆ m,viên đạn
brơ̆k,thương hại
brơ̆t,khiếp vía
buh 'bum 'blang,nướng sắn
minh hnưr,lửa
bâu,có mùi
bâu phu dêh,thơm quá
bãt rơđah,biết chính xác
'ba tơ yông,lúa nếp
bôbông,rộng tuếch
ba hơ răng,lúa tẻ
chih tơ 'bôh,luận án
bôn kơne ti,bắp tay
bônh put,nhẹ dạ cả  tin
tơgăn,luân phiên
khôi juăt,luật
băk tơnam,đeo dây chuyền
luơ̆t,luật pháp
dăr,lúc
băt tơdrong jang,biết việc
băt tơpăt,biết sự thật
bătyă,biết điều
bĭ anhŏng k,còn anh
bĭ mai k,còn chị
bĭ oh k,còn em
bĭng kơ kial,khuất gió
bŏuroi,phao tin
bŭng,bung
hngâm,lực
bơ 'bang kiơ,thiếu gì
bơ bôl,thấy mờ mờ
bơ lŭk,dại
jơnang 'noh ,lúc đó
lưk lương,lực lượng
bơ ngai kơnê̆,biến chất
bơ ngai sem bri,cầm thú
bơ ngai tung tơmam,kẻ trộm
jơnang 'noh hĕi,lúc nãy
bơ o klak,trướng bụng
bơ tho khan,bảo ban
trŭ,lũng
bơ ̆  jang,làm việc
bơ ̆  jang alâng,làm tốt
chơkŭr,lưng
bơbe bram,dê đực đầu đàn
bơblông,ngùn ngụt
bơbo`ng,cái bình bầu
bơbrĭng,san sát
bơbrơ̆k,thầm thì
bơbrơ̆ng,nằm thẳng
bơbu ̆k teh,xúc đất
bơbu ̆k trôk,xúc bùn
bơbâp,lập cập
bơhleng,nghén
bơluăn,nguyệt
bơlăm,bàn tán
hlơm,lưới
bơmông,lễ tang không hài cốt
bơmĕch,nhọ
bơmơ̆t,hướng tây
bơneh,tối đa
guem,lưỡi
bơngai chơvong hơkĕ,người gầy
kâuvah,lưỡi câu
hla piêt 'yĕr,lưỡi gà
bơngai jang mir na,làm nông
rơnŭng,lươn
luô̆ng,luống
bơngai pơma pơm jang hơlĕnh,cái già
lương,lương
lươ̆ng,lượng
bơngaí pơma pơm jang hơle`nh,cáo già
towng jơ hngơ̆m,lượng sức
bơnê,cám ơn
bơnê kră alŏ,mừng thọ
bơnŭng,bánh tẻ
bơnơ,con đê
tơthăt,lượt
bơnơ̆ng,nắp xoong
bơrơng,dìu dắt
rơlat,lụt lội
bơvang,bao vây
bơve`nh,cái xoáy
bơvĭnh,quanh quẩn
bơxŭn,túp lều
rĕng,luỹ
bơyơ̆ng,đi qua lại
bơ̆ jang chŭn,nghề nông
lĭ,lý
bền,bền
bổi,cái hũ
đe ̆i tơdrong,lý do
atău,ma
cak,loang đuôi
cham ngôi sok iĕr,sân cầu lông
cham pah 'bŏng lŏng,sân bóng chuyền
cham să,sân vân động
cham đă 'bŏng lŏng,sân bóng đá
kaka,má
che sut cơ'bang găm,giẻ lau bảng
cheng găn tep,buồng ngủ
chho ̆ ng io ̆ k ka,vớt cá
chhur,đau lòng
chhut kơ 'bang,lau bàn
chhut kơ 'bang găm,lau bảng
chhut tang do ̆,lau ghế
chhôk,khoan khoái
chhŏk,thuẫn
chhơ̆,họa
pơtao,mã
chi tơbăt ăn,đăng kí
bơxat,mả
chih hla pơar,viết sách
chih tơroi,viết phóng sự
chok dih băl,đấm nhau
chom,hóc
chong hơnong 'ba,phát rạ
chop bơngai tơdông,rình trộm
tơđah 'ba anỡp,mạ non
lêh lêm,ma quỷ
rơhai,mác
chrek hla ar,rọc giấy
chroch so ̆ ng,vót chông
chrât,ngàng
chrêng,ngạc
chrêng chrangỉ blư,đột nhiên
trong pham,mạch máu
trong dak lĕch,mạch ngầm
chrĕm,buốt
chrĕng,vọng
'năr dơning,mai
chrơp,lạ
chrơ̆t,dừng
chu ̆p,vồ
chue,vận
chuơ ̆ r,vọt
chuơ ̆r,vụt
chuơh đak dơxĭ,cát biển
chã,du
chã juang tơmang,du lịch
chêng klŏng,chiêng cải tiến
'yŏng,mái
chôn,ích kỷ
chă along ũnh,kiếm củi
chă hơvơ̆ ka,mò cá
chă yâu ka,xúc cá
chăl hle,thời đại mới
chăl ning mônh,thời sau
chăr along ŭnh,chẻ củi
chĕ,chế
chĕng iŏk bri,lấy rừng
chĕng sơlam,chia ranh giới
kŏ jong,mai mối
bơ bŭng hnam,mái nhà
ning nai kai kơnh,mai sau
klôk,mâm
chĭt kơ̆l,bịt đầu mối
chŏu,bấu vứu
'dak,mầm
chơ cho hơbăn,may váy
chơ choh anhe`m,băm thịt
chơ choh ao,may áo
chơ choh chư,đánh máy
chơ choh hơbĕn,may quần
chơ choh kơ ting,băm xương
chơ chre ̆ng,vang vọng
chơ chrơ̆,tiếng nước chảy
chơ khŏ đă 'bŏng lŏng,giày thể thao
chơ nglai ao,lai áo
măm ruô̆k,mắm ruốc
kơmung,màn
chơchĕr,lóng lánh
chơgăm,chăm chỉ
chơi,sướng
jrŏng,máng
'lang,măng
chơng rơng gơng,bắc cầu
chơng rơng tôl,giàn bí
chơng rơng tơyĕn,giàn mướp
chơnglai hơbe ̆ n,lai quần
chơvơ,láng cháng
chơâng,gàn dở
chư ̆  hơle ̆nh,xảo quệt
chắ,lằn
chết,chết
mang,mạng
hơ tong dak,máng xối
d joh suang,văn hoá nghệ thuật
d krang mang yang,đèo mang yang
dak,phủ
dam dă 'biơ̆,đỡ chưa
tơnăr jrăng amăng,mành
akĕ akĕ blong blong,mảnh mai
jơmang,mào
jtfmrang,mào gà
djơ,uớt
boy,mào lông
dong .,đập
chơ'nit,mập ú
dong doi hnam,dãy nhà
dou,liệu
măt găr,mắt
drong găn,ghé
drong kơ pô,chuồng trâu
dru ̆k,xám
druĕi,ngán
drâng,nhất trí
drăi,gượng
kơmăt,mật
drŏ kăn drŏ nglo,gái trai
'mŏ,mặt
drơ̆,xốc lên
drơ̆ng pơm,đồng ý làm
duda,bất kỳ cái gì
duh lĕi lăi,như vậy
dui jơhngâm lap,hì hục
măt teh,mặt đất
mât đô,mật độ
dak ngam hong,mật ong
dôm anu bơ ngai,mây người
dôm tŏ along,mấy cây
dôm tŏ lăm,mấy phòng
dôm tơdra nâr pơma,các dấu câu
dô̆ song dih băl,chia nhau
dõng bơngai ji`,cấp cứu
dă 'biơ̆ bơih,đỡ rồi
dă biơ̆,đỡ
khẽi,mặt trăng
dăn,khụ
dĭ drơ̆ng,đã đồng ý
măt 'năr,mặt trời
dŏm,đŭ
pham,máu
dơ dui ̆ nh,loay hoay
nhêm,màu
dơduinh,quay cuồng
dơduir,loanh quanh
chhek,mâu
mâu,mẫu
mơu giao,mẫu giáo
pang gah mĕ,mẫu hệ
hơpĭk,màu sắc
'bap,máy
dơnâu pĭk pŭk,ao bèo
dơnỡng,gỗ hương
hơmuơl,mây
dơyĕn,quả mướp
dầu,"""đak dâu ủnh"
dẽng,đung
dỡng,ngay
ei tht,ấy
et pô̆ băn,kết nghĩa
fê,phê
hơmơy,mày đay
anal,máy in
gah bơbah gah tu,bắc nam
dôm kơ măy,máy móc
lơgâu,me
lơnga,mè
gat jâng chư,gạch chân
get chai pơ kau,lọ hoa
get chai pơchah,chai vỡ
get đak mư ̆ c,lọ mực
get đak pơgang,lọ thuốc
tơhueh,mẻ
mẽ,mẹ
giep,và
gil gu ̆l,lặc lè
giăn,nhằn
giơ,đòi
giơ` đêl hre,đoi nợ
mĕ kơ drăng,mẹ chồng
giơ̆ đêl hre,đòi nợ
mĭ yăng ,mẹ ghẻ
mĕrong,mẹ kế
gle ̆k glo ̆ k,viêm khớp
gli ̆ p,xẩm tồi
gloch,né
gloh kơ oh,hơn em
mĕ hơ kăn,mẹ vợ
glăr,lỏi
glĕk,viêm
kõt,mèn
glơgleng kơ đon,inh tai
glơi đak dơnâu,bơi hồ
glơi đak tơxĭ,bơi biển
glơng tơ mam sa,bưng đồ ăn
glơ̆l,chới với
go ̆,xoong
go ̆  hlôh,xoong thủng
go ̆  ngân,xoong nhôm
gokơdŭ,lưng còng
meo,mèo
hơlĕnh,mẹo
meu bri,mèo rừng
gre blơ ̆,lật xe
bĕp,mép
gro ̆ l along,lăn cây
gro ̆ l jâng gre,lăn bánh xe
gro ̆ l tơmo,lăn đá
groi along hơ ngo,đồi thông
bum blang,mì
grĕng sơke,nanh heo rừng
grŭp pơhrăm,nhóm học tập
gu ̆ t,vịn
gu ̆ t along,vịn cây
kơ tao,mía
'bơr,miệng
gât,cai
gô mâng kơgâp,ỷ lại
gô mâng năng,yên trí
gôlăng,chă lễ`
găn tơ 'ngoaih,gạt ra
găn tơ drong jĭ,phòng bệnh
gĩp,dồn
gĭt kơ oh,quý em
hnam bô,miếu
mi`n,mìn
gŭi,trái gùi
gŭt hră,lên dây ná
lơmek ,mịn
gơ lŏng get chai,súc chai
gơ`r along khir,cán cào
gơ`r along ko`ng,cán cân
gơ`r săng kô,cán liềm
gơamêm,nhân đạo
mơnăt,mít
gơgap,xê
gơgo ̆ nh,lon ton
gơgăm,đen đen
kõk,mõ
hul,mồ
gơnam,thù địch
gơnam dih băl,thù nhau
gơnuang,cái vành
gơnăp,cái cạp
gơnăp kơ đum,vành nia
chơ'bong,mỏ
ha bơ̆h,há to miệng
hakŏp,cộng
hao kơ pô,cưỡi trâu
hek he ̆ch,xé nát
hek hla ar,xé vở
hi`a,dự trữ
hiap athĕi lôch,rủa chết
hiom hiom,hơi lành lặn
kơđôp,mớ
lơma,mỡ
hiâng,lự
hiôk chơt tơ pă,rất sung sướng
hiĕm nhŭng,cho heo ăn
hiŏu,phóng qua
hiơt tơ hnam,quên nhà
hiơt đĭ dunh,quên lâu
mô hinh,mô hình
đak hul hang,mồ hôi
hla ar rơneh,khai sinh
tơ drơl,mốc
hla ar tơbăt,tờ báo
hla ar ăn bơngai lôch,khai tử
bơ̆long,mộc
hla e ̆ ch,lá é
hla kơ gôh,cờ đỏ
hla sơbe ̆ i,lá cải
hlach,xén
hlak hla ar,trang vở
mơmơ̆u,mộc nhĩ
hlap,vãi
tơkhul,mốc thếch
hlep,đắn
hli ̆ ch hlăch,lạ lùng
hloh kơ i`nh,hơn tôi
hlu`ng,bao tử
bep,môi
hlăch,lùng
hlĕng,chang
hlĕp,đáo
hlŭng jơma,dạ dầy nhím
hlơ hlư ̆,mơn mởn
hlơr,trẻo
hlơ̆m,thấm thía
hlư̆,mởn
hmo ̆ ng hmo ̆ ng,lấp loáng
hmăi tam mă,đáng chưa
moa,mối
lơgah,mồi
krô,mọi khi
hnam kơjung dêh,cao ốc
chơ'băp,móm
hnam man xi măng,nhà xây
hnam pơgang,trạm y tế
tơ'bong,mõm
hnam wê̆ vê tơmam gĭt,bảo tang
kơ'bâl,mồm
hngach,dầm
hnhum,xít
hnhơ,xúm
hnhơr,phau
môn,môn
tơ mam xa,món ăn
hnơk,ngổn
kơ wah pơ xrăm,môn học
ho`nh,hon
hot,tấp
tơ 'ngiah,móng
hrao,khiu
hrat pơmat tat,khắc nghiệt
hre`p,bí mật
hrech klo kăn,ly dị
hreh tơte ̆ ng,lặng ngắt
hrih chrang,cao giọng hát
hrou hre ̆k,lần lộn
hru`,đền
hrân,nhở
hrâng,àm
hrăt hrot dêh,bận lam
hrĕi,ngột
hrŏk,rận
hrŏu,ghép
hrũ,bồi thường
hrơ kơ kiơ,ngại gì
jơduih,mông
hu ̆ i ho ̆,lác đác
hu ̆t lê ̆,vứt bỏ
huai,chuộc
huan deh,đanh đaá quá
hueh,hỏng
hum đak dơnâu,tắm hồ
hum đak krong,tắm sông
hum đak thong,tắm suối
hum đak tơxĭ,tắm biển
huŏk pơ ŏ,quả xoài
huơ ̆ r gre,lái xe
năr minh,mồng
ngui,mọng
huỡr thong nan,chèo thuyền
hyai,thướt
hyang,lao
hying,ngơ
hyôi,lướt
hyơ̆ dinh đăng,lâu nhất
hâr,háo hức
chởmang,mồng gà
bar tõ măt,móng tay
hõk,bổng
kơmot,mọt
hŏk hơ bu lăm to,triết học duy tâm
đuôn,mũ
rd'nhêng,mủ
hơ 'nơ̆k đak,sặc nước
hơ anơ̆r praih,thức tỉnh
pah pŭng,mùa
hơ ar chih thư,bức thư
mi pơ ler,mưa đá
hơ chô̆ gia,bó tranh
hơ chăng kơ dâu,bỏ trôn
hơ dru ̆ng ie ̆r,lồng gà
hơ drĕng 'boh,rang muối
hơ drĕng hơ 'bo,rang bắp
pơ yan tơ nget,mùa đông
hơ jŏm 'nhik,rèn cuốc
hơ jŏm rơ,rèn rựa
hơ jŏm sung,rèn rìu
hơ jŏm săng,rèn dao
hơ jơ̆m 'long,khắc gỗ
hơ lie ̆ng,lõi
pơ yan tô̆,mùa hạ
'mi hơ măi,mưa phùn
hơ ngơi,mê
'mi rah rah,mưa rào
hơ pôih along,bào gỗ
hơ păh pơ nê,khen thưởng
pơ hla long rung,mùa thu
hơ rao phe,vo gạo
hơ tu`k kơting,hầm xương
hơ tõk ăn,đề cao
hơ yŭn jâng,nhún chân
hơ đuh,giựt
hơ'blo,phù
hơ`k,cảm động
khla 'longchơ nă,mùa xuân
hơben trong,quần kẻ sọc
hơblo jâng păng ti,phù chân tay
hơbloch so ̆ k,vuốt tóc
hơbur,bị thương
hơbăn,cái váy
hơbăn găm,cái váy đen
hơbăn pơkao,cái váy hoa
hơbăng,thính
bŭk,mục
hơbĕn adaih,cái quần dài
hơbŏu,con ốc
hơch,lâng
hơchô̆ 'ba iĕ,lượm lúa
hơdai plĕi nâr,đồng nghĩa
hơdar,lò dò
kơli,mức
dak mơ̆k,mực
hơdri,van
hơdro axi,con ve sầu
hơdrol,tri
atơ̆l,mức độ
khuơ̆k,mực nước
hơdrom along ŭnh,chất củi
hơdru ̆ng,lồng
hơdrôp,rợn
gơwong,mùi
hơdu`,đệm
hơdôm dak dơxi ̆,viễn dương
hơdĕ,tránh né
hơdĕ tơnai,tránh chỗ khác
hơdŭ,cái nêm
hơdơ̆ng,yên tĩnh
hơdơ̆r,nhớ lại
mŭh,mũi
bơhngir,mùi hôi
hơgơ ̆m kơ wă,nếu muốn
hơgơn tang do,kê ghế
hơhrah,bực bội
hơhul,cáu gắt
hơhâng,nực
hơhơch,quen mùi
hơhơk,rượi
pơduôch,mụn
hơiă,vui vẻ
bơtôch,mụn cóc
hơjâm săng,rèn lại dao
chơhlot,mùng
kơđŏng thŭng,mủng
'duh,mưng mủ
hơla kơ the,dưới đất
hơle ̆nh hơleo,láo toét
hơlen,chi li
hơleo,toét
hơli,ghê
hơlu`k,để úp
hơlâk,luyện
'bŏh,muối
hmĕch,muỗi
hơlơ ̆,xới
hơlơ ̆ ba,xới lúa
hơlơ ̆ mơh,xới cơm
hơlơp,tái nhợt
hơlẽnh,dốì
hơmar,tăng
hơmet ming,sửa chữa lại
hơmih tơ nam jang jên lâm char,sở tài chính
hơmih tơ nam jang mir ba,sở nông nghiệp
hơmrah,dễ dãi
hơmu`l,chẵn
'nhŭ hla chơ'bĕi,muối dưa
minh jĭt pơđăm,mười lăm
kơnuăn,muống
hơng lu`ng prit,buồng chuôi
hơnganh,sửng sốt
hơngie`ng,bả vai
hơnglar,ngái ngủ
mương,mương
bơ yĕn,mướp
tơyăn tăng,mướp đắng
rơgĕi,mưu
rơlek,mưu tính
hơnih bơ tho,sở giáo dục đào tạo
hơnih chă tơdrong,sở khoa học công nghệ
gơh chhơ̆,mỹ
mang kâu,na
hơnih tơ nơm jang mir 'ba,sở nông ngiệp
hơnih tơnơm,cãn cứ cách mạng
dung ak,nách
hơnong 'ba kro,rơm khô
hơnâng,bình đẳng
hơpi ̆ nh hơdri ̆,van nài
hơpinh,thăm
hơpok,thăn
hơpuih along 'ba,chổi rơm
juôi,nai
hơret,xiết
hơret kơ jăp,xiết chặt
hơrnăt,trang bị
grŏnh,nái
hơtiguang,đi săn
hơtâp,đấm
hơtãng hiơ hiơr,mỏnh dính
hơtăng hiơ hiơr,mỏng dính
gah nam,nam
hơtơih,vấp
hơvir,loạng choạng
hnăm,năm
hơvăl,bận rộn
hơvĕng,gây gổ
hơvơi,với lấy
hơvơr,khuấy
hơvơ̆,mẫm
hơvơ̆l,nhầm
hơvơ̆t,vẫy
hơyuh tơ angiĕt,âm độ
hơyơ̆l along,rợp bóng cây
hơô,dứ
hơđăl,xắn
hơđơ,yên
hơđơr,lờ đờ
i ̆,vâng
i ̆  ah,vâng dạ
i`ch,ỉa
i`nh,tao
ie`m,các anh
io ̆ k,lĩnh
io ̆ k kle ̆nh,vụng trộm
io ̆ k mơng,vay mượn
io`k,hốt
io`k klo hơkăn,kết hôn
iok,hưởng
iôr,còi cọc
bơm âu,nấm
iă kơ tau,bã mía
iĕr bri,con gà rừng
iĕr tơchoh bă,chọi gà
iŏ đơng sơ̆,bảo thủ
iŏk hơkăn plơ̆ng,tái giá
iẽm,các bạn
j`ơ dãr,đồng hồ quay
jah tơ te`nh,khẩn cấp
drănglo,nam giới
mơ̆u ding dơl,nấm hương
dơnơ̆r,nấm mồ
sơnăm ơ̆u,năm nay
hơ năm xơ̆,năm ngoái
drŏ nglo drŏ kăn,nam nữ
hơ năm kơnh,năm tới
jang bơbrot,làm liên tục
jang gu ̆ m,làm giúp
jang lơ anăr,dày công
jang pơđi ̆,làm hết
jang ăn,hầu
tŏ̆,nắng
jek,nhồi
jo ̆ u,vu
jo ̆ u kư kă,vu khống
long jra,nạng
chơngưt,nặng tai
drĕng,nanh
kơniêng sâu,nanh sấu
jroh păng jâng,đạp chân
jrok kơ trong,lệch đề
jru ̆ m,kim khâu
kơblŭng,nắp
jră năng,đánh gia thử
jrơng,hứng
jrưt,chôm
drŏu tơning tơmônh,nay mai
nem,nem
jua,hiu quạnh
juaih,thành thạo
jre`nh,nến
juen,dẻo dai
kơnơn,nền
juăt bơ̆ jang,quen làm
juăt kơeng,cưng
dơnăl,nền tảng
jâng kung,chân cầu thang
jãk,di
jên hu su kak,tiền xu
jên khăm lăng jĭ,bệnh phí
tơ yông,nếp
jô̆  pơraih,đếm thứ tự
jô̆ kơl  bơngai,đếm người
jăi,tràn lan
gơrrang,ngà
jăl trong,kilômét
jăm kơ nê̆,chê xấu
chơlah,ngã ba
jĩ kơ ting,đau khớp
jĩ rơka,đau ngoài da
jĩ sơ nẽnh,đau răng
jĭ bŏ,bệnh quai bị
jŏng,ngóc đầu
ống nhíing tăng nhrăng,ngà ngà
hơ nglah puăn,ngã tư
so nglŏng tung yă,ngân hà
anih wei jên,ngân hàng
jơhngâm đon alâng,nhân đức
jơhngơ ̆m đon,ýchí
tơnglơh,ngăn kéo
nơ̆r so sơ̆,ngạn ngữ
jeân,ngân sách
gơhêm,ngàu
jơhnơr,hoàn
jơhnơr sơ̆,thế hệ trước
jơjê̆,kế cận
jơk adrih,xanh lá cây
jơk alơ ̆ ng,xanh lơ
jơk bli ̆ k,xanh ngát
jơk kơxe ̆,xanh biếc
jơk plĕnh,xanh da trời
jơlak,cái lạt
jơmŭl,chọc tỉa
jơnu`m măt trâ`n,đai hội mặt trận
jơnŭm măt trâ̆n,đại hội mặt trận
jơprê,xoè quat
jơ̆l,ngùng
k rưp dêh,khủng khiếp
‘năr,ngày
'năr kơnă kơnơ̆l,ngày hội
năr dơmuônh kơnh,ngày kia
ka pơ ôh,cá ươn
năr tơ ning,ngày mai
ka'bah,hẹp hòi
Chơđong,ngày nay
'năr 'năr,ngày ngày
anăr đâng rŏng,ngày sau
'năr chruh kơ̆l,ngày tết
kanh đak dơxĩ,cảnh biển
kaoxã phao,cao xạ pháo
'năr 'lưng,ngày tốt
karate,karate
ke ̆ t keng,la liệt
'năr brư,ngày xấu
ke`p along chih,cài bút
xơ̆ki,ngày xưa
kek,chạch
kon kơpô,nghé
keo 'bum ngô,kẹo lạc
hwih,nghề
kho 'brum phao,kho đạn
kho đak xăng,kho xăng
kho`,hoi
khoa đam iĕng,phó ct
khok kơ ting,hóc xương
kó mưt,nghệ
khor kơ đak,khát nước
khua,chỉ đạo
khua kuôk hô̆i,chủ tịch quốc hội
khuen,khâ u
khuen lơ bâk,khâu rựa
khul ưh kơ đĕi pơm teh đa,phi chính phŭ
bơngai joh suang,nghệ sĩ
pơm pơ trŏ,nghị quyết
rơđah,nghĩa
nơ̆r lăn to,nghĩa bóng
nơ̆r yan ŏu,nghĩa đen
khăi kơ đĕi,hiếm có
khăm lăng ji`,khám bệnh
bri atơ̆u,nghĩa địa
khĕch,trung quốc
nghiêp,nghiệp
khĕi tơ pơxat,cúng tháng
khŏ pơ chuă,dép da
khŭl nhôn,nhóm chúng tôi
khŭl tơdăm kong san hô chĭ minh,trung ương đoàn
khơ̆i,biến mất
h'bo,ngô
ki kơ jăp,ki kết
ki`,cái bè
gah hơgah,ngoài
kit ing,con ếch ương
kit jrang,con chàng hiu
kit kơpô,con ếch đồng
kiĕt kơ doh,gọt vỏ
kiỡ,hoá
klak tih tap,bụng bự
klal,quản
chel,ngoại
kle ̆ch,xuyên
klep hla ar,dán giấy
ttf'ngah,ngoại đạo
tŏk bŏk dơxĭ,ngoài khơi
teh đak nguaih,ngoại quốc
klôt,cái quần đùi
oĕi tơ anguaih,ngoại trú
klõk,cái rốn
klõk đak,đáy.nước
klăh,rĕ
klăn pơnga,con trăn hoa
hơnglŏng,ngôi sao
klĩk,dập
klŏ,sõi
rơdja,ngón
klơmg,nhấc lên
klẽ,ẳn
klẽnh,biến
ko`ng,cân
kơnhông,ngọn
hơ drăng chĭng,ngón chân
kon drŏ nglo,con trai
hơ drăng ti,ngón tay
pơlih,ngữ
kram pơ nŭng,tre non
krao iung,gọi phải dậy
nâr trŏ 'blep,ngữ pháp
kret tơ xen,keo kiệt
hseh,ngựa
krăk,trắc
krĕo kơ pô,thiến trâu
krĕo rơ mo,thiến bò
kơ tơh,ngực
krơ'bang,cái bàn
'luôn,ngụm
ku`i tơ lẽi,bện dây
'blê 'bla,người
kue ̆ ch kue ̆ l,vòng vèo
kuĕl,vèo
kâm tơrông,cúng nhà rông
kâp,cấp
kô cho`u,cấu
kông lôk,gò
kăl dang ĕi,đột xuất
kăl kơ oh,cần em
kăp hăm 'bar,cấn miệng
kăp hăm 'bâr,cắn miệng
kăp sơ nĕnh,cắn răng
kăt kơ tĕch,cắt đứt
kĕ chơ̆n,rất bình tĩnh
kĕu,nghéo
kĩlô,kilôgam
kĭ hla ar pơ dŏng jang,ký quyết định bổ nhiệm
kĭ hla ar rôp,ra lệnh bắt
kĭ hla ar tơdrong,ký sắc lệnh
kĭ hla ar ưh kơ yua,ký quyết định bãi nhiệm
kĭhla,ký
bơngai wĕi,người bảo vệ
bơngai kră ŭnh,người chủ
bơngai kră,người già
mu pơ drŏng,người giàu
kŏ grĕnh,chó gầm gừ
kŏh along chơ choh,chém thớt
kŏiĕ,chó con
kŏm,com
yuôn,người kinh
bơngai kuê̆,người lạ
bơngai grông,người lớn
bơngai juăt,người quen
'de,người ta
mơ mŭh băt,người yêu
kơ bang chih tơanguai,pa nô
kơ chĕng 'ma 'ngiĕo,ngẫm nghĩ
nguôn,nguồn
tơm jơ hngâm,nguồn lực
kơ do`u pơlong,chạy đua
kơ drei prit,nõn chuôi
ngương,ngưỡng
kơ jung hloih,cao hơn
kơ keng hlôm pih 'bơ̆r,kèn môi
kơ keng ĭe,kèn bè
kơ kuh kơ 'bă,chào bố
kơ kuh kơ bôl,chào bạn
kơ kuh kơ ma,chào chú
kơ kuh kơ mih,chào bác
kơ kuh kơ mĕ,chào mẹ
kơ lâp,at
hơjăk,nguyên
kơ nê̆ dêh,ác quá
kơ thơ hla ar bơnê,thư chúc mừng
oĕi lĕi lăi,nguyên bản
oĕi thoi so,nguyên hình
nguyên vât liêu,nguyên vật liệu
anih anơ̆m,nhà
kơ xô̆ jô̆,số đếm
kơ đo nhŭng,bì lợn
kơ đŏng pŭng,cái thúng
kơango ̆ enh,nằm khèo
kơanhip măt,nhắm mắt lại
kơanŏn,ngồi co
kơbah,thiếu thốn
kơche ̆ ng truh,liên tưởng
kơcheh get chai,mẻ chai
kơcheng ling lang,mơ màng
kơchi`k,cà chít
kơchuh lu ̆t,vấp ngã
kơchôp rơ mo,móng bò
kơchĕng ling lang,lưu luyến
bơngai chih tơbăt,nhà báo
hnam pai por,nhà bếp
kơdră kră teh đak,chủ tịch nước
hnam tơ nŏ,nhà cửa
kă sum,nhà kho
kơdâr,hoài
kơdâu he ̆nh,lao vút
hnam kơ măi,nhà máy
kơdŭn,lui
hnam sơlung atău,nhà mồ
bơngai jang mir,nhà nông
kôpal,nhà nước
kơhreh,thương tâm
kơhăl,nản
kơiŏk,truất
kơjap,dặc
jual,nhà rông
hnam kê nhơ̆,nhà sàn
kơka hơdar deh,nhấp nháp
hnam bă yang,nhà thờ
kơkuh du`ch hơ tho,chào cô giáo
kơkuh kơ anho`ng,chào anh
kơkuh kơ mai,chào chị
kơkuh thâi bơ tho,chào thầy
kơkur,chong chóng
kơlâp,vùi
kơm,óng
hnam tĕch bơgang,nhà thuốc
hnam đe mam,nhà trệt
kơmu`ng,cái màn
hnam pơ nă,nhà tù
hnam chă pơyâng,nhà xí
kơmăi pơm rơ ngơp,điều hoà
kơmăl,đậm
kơmĭl,kính
khul mu reh,nhạc công
kơnhrao,cao lêu đêu
bơngai joh hơri,nhạc sĩ
tơm khul hat,nhạc trưởng
'bliowh 'bliah,nhẫn
kơpen găm,cái khố đen
kơpi`t,bấm
kơpla,thường thường
kơpô găm,con trâu đen
kơpô kŏk,con trâu trắng
gơbăt,nhân cách
kơtih,dở dang
kon tring,nhân dân
bơngai kơpal the,nhân gian
măt ŭnh hnam,nhân khẩu
kơwah,nhánh
rơwìn,nhão nhẹt
măr,nhát
kơtăp klao bơbe,dái dê
kơtơh hai,ngực nở nang
kơxeng,lụi
gieng,nhật
dih bơl,nhau
kơđang trong,bước qua đường
kơđe`i,hoằn
kơđông linh,doanh trại quân đội
kơ̆l bơ be,đầu dê
kơ̆l ka pô,đầu trâu
nhiêm ky,nhiệm kỳ
le ̆ch blung,xuất phát
le ̆ch đơ ̆ ng kho,xuất kho
le ̆ch đơ ̆ng li ̆ nh,xuất ngũ
tơdrong pơm,nhiệm vụ
leng kơ,tất cả đều
sơng,nhiệt
pơ tŏ hơyuh,nhiệt độ
li`ng,khư
liĕl,thè
lo ̆ ng akar,lột da
jơma ,nhím
lu`t,cắm vào
lui kiơ̆ yang,mê tín dị đoan
pơxuăt,nhịp
luâk,hác
klul,nhóm
ngân,nhôm
tơdrong wă,nhu cầu
lăm cheng găn,trong phòng
lăm hnam trưng,trong trường
lăm hơioh,lớp mẫu giáo
kơtăc,nhựa
lăm kơplah,trong bối cảnh
lăm kơvăl,trong phạm vi
lăm lăp ai,trung cấp
lăm tŏk bŏk,chính giữa
anhŭm,nhúm
lăp be ̆nh,vừa đầy
lăp jơ hngâm,đồng tình
lăp jơhngơ ̆ m,vừa lòng
lăp minh đon,thống nhất
lĕch blung,ra đầu tiên
lĕch đơ̆ng hŏk,tan học
'lâp,niên
ninh,ninh
lŏu,định
nitrat,nitrat
đĭch,nô lệ
bơ'nuôl,nóc
lơlu ̆t,lấn
lơlŏu,thế này
lẽnh,trá
lề`,chừa
hơpĭng,nọc độc
mach,uế
mai oh pôm mĕ 'bă,chị em ruột
bơ nuôi hnam,nóc nhà
bai tơbĭnh,nôi
mak klĕng rơ mo,bướm trên trán con bò
gố,nồi
mam pơjing,sắ xây dựng
man tơmam ngôi ngơ,nặn đồ chơi
meng,g
dơno,nơi
nt,nội
ming rông,cúng rửa tội
minh ’măng gieng,một tuần
mir 'bum 'blang,nương sắn
ml`ăi,cái pháo
todrong ,nội dung
hapu,nơi ở
bet pam,nơm
mrô,đáp
mul,tạc tượng
mum pơ gar,góc vườn
mâm toh me`,bú mẹ
đoăn,nón
mãk,đắt
mêk,loang lổ
mêu,hề
môch hrơ hrĕng,chìm nghỉm
mô̆t,nhập
kơdret,nõn
'duơ̆n,nón lá
rơmlốnh,nõn nà
mă hlom tơ lăn,nhìn vào trong
nuir,nông
tơmam choh jang,nông cụ
bongai jang mir na,nông dân
măt mèng par,bướm bay
măt mêng dreng,bướm vàng
măt mêng juang,bướm lượn
măt mêng kŏk,bớm trắng
nông lâm,nông lâm
nông nghiêp,nông nghiệp
nông san,nông sản
hơnih jang sa,nông trường
pơkeh,nốt
mĭnh dong doi,một dãy
mĭnh puăt jơ,nửa tiếng
dyŏng,nữ
mŏmai,con dâu
hơyơl,nứa
tong măng,nửa đêm
hơrĕng,núi
'blăng,nước
mơ nhal,chói
mơ ̆t tơlăm,vào trong
mơ`k,bọt xà phòng
mơkoh,khó tính
mơliơn,rờn
mơlâu,e thẹn
mơlôh,lỡ cờ
mơmân,ăm ắp
mơmâng,lắng nghe
mơ̆r,màu mỡ
mỡng,thám
na ưh lei,tất nhiên
đartuak,nước dừa
teh đak anguai,nước nhà
đak sach,nước sạch
đak pum dơ,nước thải
tak hơ yô,nước tiểu
nguôi,nguôi
ngôi dang tŏ,sưởi nắng
ngôi ngơ ̆r,vui đùa
ngõr,cụi
ngăn the ̆ng,lặng yên
ngĕ kơ jang,cứ làm
kơdĕn,nút
ngơp,hoà
em,ô
nhuang,khảnh
nhung tơ no,heo nọc
nhân iŏk yŏng,nhận chức
tơpu,ổ
nhơ nhue ̆i,xâu hoắm
prong,oang
abâu,ốc
nu`k,phúc
klău,ốc sên
nâr pơma keh kong,câu hoàn chỉnh
yan tơ tŏ,ôn đới
puhong,ong
nã,bác gái
nôm tah ka,giỏ cá
nă hõk char đe,du học
năm ba,dẫn
năm ba brŏk,đưa đón
năm blah,đi đánh giặc
năm chă ngôi,đi chơi
năm chă ĩch,đi ỉa
dkơdrăng,ông
năm dăr lăng,đi tuần
năm tơ 'bôh,cho thấy
năm tơ bri roh,đi vào rừng
năng hla bơar,xem sách
năp,tới
nĩng,gong
nơr pơma amônh,câu đơn
nơr pơma tơnat,câu phức
xrŭp,ống
rơxuk,ống bơm
kơdrot,ong đất
mai noh,ông già
nơ̆r tơblang,từ giải nghĩa
nơ̆r tơchĕng,từ suy nghĩ
boh gah kon dră kăn,ông ngoại
oe ̆i blo ̆ k,vấn vương
oe`i pơma dih băl,đàm thọai
'bok gah kơdrăng,ông nội
tơliơ,ống sáo
'bok kơi dơi,ông táo
ot hơ 'bo,xay ngô
ot tơ ̆r,xẻ gỗ
oĕi hnam akă,ở rể
oĕi hơnơ̆ng,còn nguyên vẹn
amrẽ,ớt
oĕi lăng,gác
oĕi nge,còn thơ dại
oĕi pơma dih băl,đàm thoại
oĕi ti,ở phía trên
oĕi tŏk bŏk,ớ giữa
oĕi tŏk bŏk cham,ở giữa sân
oĕi tŏk bŏk hnam,ở giữa nhà
oĕi tơblang,đang giải thích
oĕi đĕi,còn tồn tại
oễi,đang
pah bŏng lông,chuyền bóng
pahrăm,luyện tập
palti,trên kia
palôch,án mang
hơdrĕch ŭnh hnam,phả hệ
phăi,phái
peng pong,bẹp
khul tơm plông,phái đoàn
‘lỡng,phẩm
mu đe kron,phạm nhân
phe hơlom,gạo không gãy
kơvăl,phạm vi
phiơl hơ iơch,nhẹ tênh
'mrăng,phấn
phuih,phục suống
phêng,toang
phôrn,đánh rắm
phô̆i,phối
phăk,giam
phĕt,phảy
phĭ tơ nŏ,ấm no
phĭn,chup
kơlah,phần
pi`k pu`k,bèo
"pi`t""",dập tắt
piơng,lé
plah pơ alâng,giảng hòa
phân chuông,phân chuồng
ple ̆ i tơdăm,làng thanh niên
phân hưu kơ,phân hữu cơ
hla long arih,phân xanh
bliah,phẳng
plei 'long bri,quả rừng
plih ndr ponia,biến âm
ploi,vượt qua
pluơk,bước ra
plêr plar,toả
plõ,gỡ
kơphăo,pháo
plĕi boh nul,quả me
plĕi bơ lău,trái cau
plĕi nâr pơ rŏ,tính từ
phơlăng,pháp
plĕi pia,quả dưa leo
plĕi puol,quả bí trắng
plĕi su,quả su su
plĕi tơdrong mât lĕch,nghĩa phát sinh
plĕi tơneh,quả đu đủ
plŏng kơ jung,nhảy cao
plŏng kơ tơlĕi,nhảy dây
plư̆,xước
plẽi khuă,chìa kho á
khôi juăt krao,pháp lệnh
phap luât,pháp luật
poh đak dơxĭ,sóng biển
pohiă,dự bị
chươ,phật
porting,đọ
povao,tự hiểu
povat,đŭ bữa nay
nhơ như̆r,phệ
pram,cường
phen,phèn
tanh tơmar,phên
pro pơ nhan,cà bát
nhŭ phen,phèn chua
sêh,phép
bơxêh,phép lạ
pêng rơ 'bâu,ba ngàn
phĭ,phí
pôk hla ar,bầu cử
chui,phì
pôtơm,đề
bơngai huơ̆r gre par,phi công
pă gơh jing,đồi bại
pă hiôk klak,não ruột
pă hlot,ế
hdang xe par,phi trường
pă trŏ jơ hngơ̆m,không hiệp lực
păng bu kng,với ai
păng kơ tao,lómg mía
pŭ yoch,oan
đưng kơdŭ,phía sau
anô̆,phía trước
phiê̆u,phiếu
fiml,phim
phim bơngai hơ iă,phim hoạt hình
pơ anheng,khoe sự thích
pơ chah pơ nhan,bể bát
pơ gang alâng akâu,bổ dược
pơ hrăm ho`k chư,học bổ túc
phô̆,phố
phỗ`i,phôi
pơ lô ch pơđĩ,diệt vong
pơ ma dơnuh,bình luận
pơ ma hơ lĕnh,bốc phét
pơ ma to`xe`,bớt lời
dơxoh,phổi
pơ ngai lao,người lào
aninh,phòng
pơ nhan alăk,bát rượu
pơ nhan anhõt,bát canh
pơ nhan mơh,bát cơm
pơ nhan pham,bát tiết
pơ nhan đak,bát nước
pơ nhơk,giương
pơ năr sem,cánh chim
ih ah ơh,phòng khi
pơ pe ̆nh,vận động
phong sư,phóng sự
pơ ten lăng,nhận xét
tan,phong tục
pơ tơm ăn pơ đĭ,quyết toán
phu ja minh,phụ gia
bă mĕ hŏk tro,phụ huynh
dyong,phụ nữ
pơ đum mit,dấm mít
pơ đum ôi,dấm ổi
pơ đĩ tơ drong,bế mạc
pơ đĩ tơ drong bơtho,bế giảng
rơxam,phù sa
pơ ơ̆t,để nhịn đói
pơ'brơih,bất nhã
pơal,vịn cớ
pơalâng,trải chuốt
pơamêm,phí phạm
pơang,hãnh diện
pơangam,lời ngọt ngào
pơjŏu,phù thuỷ
ebiang,phúc âm
pơhoach,phung phí
pơanguaih,làm sạch
pơanhang,đổi thừa
phươc,phước
pơanhŏ,dành riêng
pơche`,bịa
pơcheh,chế biến
pơcher,chen nhau
pơchrơ ̆ m,làm đại
pơchŭt,kích động
pơchơt,hoan
pơchẽ,giả tạo
phương,phương
pơdam,toạ
pơdo ̆ ng,yểm trợ
pơdro sem 'bri,buôn thú
pơdro tơdrong kâm,buôn lậu
pơdrỡng,thông qua
pơdrủt,đồn đốc
pơdung,níu
pơdâng tơiung,kiến thiết bênh
pơdã,đặt
pơdõng,giá đỡ
pơdŏdđg,bênh nhau
pơdŭ,luân
pơdơ kla,hoà n trá
phut,phút
pơdơ̆ng jang tơm kơdi,thường trực bộ chính trị
'bin,pin
pơgang kơting klăn,cao trăn
pơgang kơting đõk,cao khỉ
pơgang rơngơp,thuốc giảm đau
pơgao,qua mặt
pơge brưch,sáng ban mai
pơgiơ̆,chia của
pơgo`u,cái kiềng
ple`i,quả
pơgê 'brưch,sáng han mai
pơgõ,ép buộc
pơgơ`t,bắt giữ
pơgẽnh,giục
pơgỡm,hối lộ
pơgỡt,giữ lại
pơhiă,đề phòng
pơhlu,xúi
pơhuach,tiêu dùng
tơdrong rong,quá trình
pơji`p,ẳn gian
pơjip,nhũng
pơjuang,nói bóng gió
pơjuă,trả giá
pơjĕi,giành
pơjĭp,ăn gian
pơk lep tơbăt,niêm yết
pơkoh,gắt gỏng
pơkơ̆p,kết đôi
pơle ̆ i anau,làng mới
pơle ̆ i gơh rơge ̆ i,làng văn hóa
pơle ̆ i nhôn,làng tôi
pơle ̆ i so,làng cu ̆
pơliĕm,trả ơn
ƀơm,quan
pơlong choh jang,thi đua lao động
pơlong wă kơbăt,chuẩn đoán
pơlu` đe ioh,dụ dỗ trẻ em
pơlôch adrĕch adrung,diệt chủng
pơlõ,bị sốt
tơoĕi,quán
pơrtrui,quân
bĕn,quần
pơm 'beng 'bŏng,đánh bạc
pơm anhe ̆ m,làm thịt
pơm ngôi along sơng,chơi cà kheo
pơm ngôi sŏk iĕr,chơi cầu lông
pơm so ̆ k,làm lông
hơ băn ao,quần áo
pơma chrang,giọng nói cao
pơma kơ tul,nói dở
pơma mơ̆ng,nói phải nghe
pơma pơ dĭ,cạn lời
hơ bĕn blõng,quần âu
pơnam kơ hŏk,siêng học
pơnam kơ jang,siêng làm
hơ băm đôt,quần cụt
pơnhung tơmam sa,ngộ độc thực phẩm
kông lôk tih bât đak dơxĭ,quần đảo
kuân sư,quân sự
pơnâr măt mêng,cánh bướm
mŭng,quang
pơnăr klang kok,cánh cò
lơluơ̆ng,quang đãng
pơnŭng,còn non
plim măt 'yĕr,quáng gà
pơpi anhui,hun
pơpi anhui kơne,hun chuột
pơprơ̆n,cố đi
pơpĕnh,thao
rok jih,quanh
pơrĕng,dọc
pơsĕl,lẻ loi
pơsư̆,kế thừa
pơto`k,bị hỏng
pơto`l,gò mốì
rơpeh,que
pơtrơp,nối
pơtõ na chu`n,đo ruộng
pơtĕm,dán vào
pơtơm mât blu`ng,khai ưường
pơtỡp,huấn luyện
pơvat,đủ bữa nay
pơver,nói bóng
pơvir,ngụy trang
kuê̆ ,quế
pơxat linh,nghĩa trang liệt sĩ
pơxe,mỉa mai
pơxĕl,hoang vu
pơxư̆,lưu truyền
kyak xơmat,quỉ
pơyeh,nũng nịu
pơyua,bo ích
pơđum,dấm
pơđôh brum phao,nổ đạn
pơđông,thả nổi
pơđăng,kéo dài
pơđĕch,tranh thŭ
pơđơ`m,trắm
pơƀrơih,hại người
pơịrot,thi đua
kuô̆c,quốc
ra jên,góp
teb'đak,quốc gia
rai ie` ie`ch,càng ít
rak,tái
rak muh măt,tái mặt
wĕi teh đak,quốc phòng
lêm,quỷ
kuy chuân,quy chuẩn
rek hla ar,cắt giấy
reng yak,bước  từ từ
ret hla ar,căt giấy
rim pơgê,mỗi buổi sáng
ro ̆ l anhe ̆m,xay thịt
ro`,diệu
kueân,quyền
roi khan đĕi bơngai lôch,cáo phó
roi rơ đah,phân tích
roi đĕi bơngai loch,báo tang
rorte ̆n rơte ̆n,lăn tăn
chơhnong,rạ
rơ̆n,rác
'duih,rác rến
chong kro,rạch
rêng,ngưởng
rôt,rốt
ră rĕl,đầu bạc răng long 
khĕi pơnil,rằm
rĭh kơ pơma,không nói
hơmôi,rậm
srồk,rân
tăr,rắn
rơ tơgloh,rựa sút cán
rơ uơ chŭn,cày ruộng
rơ uơ khir,cày bừa
pơlống,rắn lục
'bih ka,rắn nước
rơdơ̆,êm đềm
hnĕng,răng
rơhŏi,tĩnh
rơhẽl rơhỡl,chặt đứt từng khúc ngắn 
rơmơ̆n,yếu sức
sun,rặng
rơnge`i,hoa bình
rơngo ̆ u,vừng trắng
rơngĕnh,say ngà ngà
rơngŏu,mè trắng
rơnhău,tấp nập
rơnok,tàn thuôc
trong thoat đak,rãnh
rơnŭk,bình yên
tơkăng,ranh giới
bơgal,rào
rơri ̆ r,xúc động
rơrinh,run
rơtĕn,tăn
rơvơn,rảnh rỗi
yơ̆p,rạp
agâu,rau
rơ̆ng,gả
rơ̆ng kon drŏ kăn,gả con gái
rơ̆ng ăn drŏ nglo,gả chồng
sa bơlŭk,ăn  quá nhiều
sa mŏk,cúng nhập kho
sa pơ ghe,ăn sáng
sa săi,ăn ít đg
sal,dây bẩn
sdđg,lâu dài
sek,xét
sŏk kang,râu
sem bô,chim cú mèo
sem grơ̆,chim kền kền
hla xơ bey,rau cải
si so,con bọ chét
hrŭm,rau dền
si`t,hiệu nghiệm
hla lŭng hŭng,rau húng
sih,ngăn
hla klah ka,rau má
simel,nhòm
sip,tấm bia
so ̆ k ie ̆r,lông gà
so ̆ k sop,lông chân
anhot hla kơ nuăn,rau muống
kơxơ̆m,rau răm
soh along ünh,đốt củi
soh pôi bruih brăm,đốt rác
hla grê,rau tàu bay
hla mâu phu,rau thơm
mir kông,rẫy
sor,xo
riêh,rễ
suai et tơdrô,say rượu
suang rơmuăn,múa mềm mại
suet,đen nhạt
suit,thui
sung rơ hơi,riu lòng
sut kơ'bang găm,chùi bảng
suăn,lên cao
sâl,bấc
sân,kiên nhẫn
sơnguĕt,roi
kroa,rùa
bâk,rựa
rơret,rùng
dơdring,rừng
sŭp nhem iĕr,phở gà
sŭp nhem nhũng,phở heo
sŭp nhem rơmo,phở   bò
kơmrơ̆ng,rừng già
sơ nglŏng hla hơ puih,sao chổi
sơ đong sem 'brih,bẫy thú rừng
bri kông,rừng núi
bri anat,rừng rậm
sơanhoi,rũ rượi
sơk jơhngâm,ngẩn
sơkat,làm phép
mir na,ruộng
sơleng,khó hiểu
sơdrô,rượu
sơmaih,cầu cứu
sơmĕch,con muỗi
sơngah,thề
sơnong,nhiệm
jơrô ghe,rượu cần
sơđong,bầy thòng lọng
sơđơ̆ng,xuyến
hla plăng,sả
sơ̆k anong 'ba,phơi rơm
charchuơh,sa mạc
sư bu,họ là ai
sương,ngan ngát
hla bar pơre,sách
tah lăm kơdung,bỏ túi
tam mă pơngot,chưa đói
tam mă đĕi,chưa có
pot,sạch bách
plaih ti,sải
brỗ,sấm
jrnh,sàn
teng kơ cho`k,cạn li
the ̆ ng hreh,lặng im
thoi yơ,như thế nào
jung kung,sân
'bum 'blang,sắn
thơ thŭt thơ thăt,nườm nượp
ti ̆ nh,làm toán
san,sản
cham gre păr,sân bay
hnih hat xoang,sân khấu
jrah hnam tơ̆r hnam,sàn nhà
đô san phâm,sản phẩm
dră kăn rơneh,sản phụ
to angla wơr thŏng,thu thủy
to anguơ̆ hơri,vè
to biêt tơbiat,mếu máo
to bluch kơting,rục xương
to dra kuĕch 'bar,dấu hoặc kép
to dra kuĕch mĭnh,dấu hoặc đơn
to păl,cối giã gạo
to ̆  dreng,nắng vàng
to ̆ k hnam,lên nhà
to ̆ k hnam hle,về nhà mới
to ̆ k io ̆ k,vay
to ̆ t,xâu
toh me ̆,vú mẹ
chrê,sáng
tom gơgo ̆ nh,lần đầu tiên
tong tang dŏ,chiếc ghế
tong tơ xi,chiếc lược
tre`ng,cái cần
trep iõk pham,hút máu
tro` tơpă,đúng sự thật
trong kơduing,đường uốn lượn
trong rơvơ̆ng,đường vắng vẻ
chơchêr,sáng bóng
dơdrê,sáng chói
bơgê sruôih ,sáng sớm
dơdah,sáng sủa
truh hnam trưng,đến trường
truh jing,đến thành công
truh tơ pơlĕi,đến làng
trum,nước nhuộm
trôih,giảm
bơxey,sắt
trôl,hoả
trô̆ chơ khŏ,mang giày
trĩn,ạch
trơvơ,cao lương
tu`n,đẩy ra
gah rong,sau
tuh phu,đổ
tuĕnh,quặn
tê̆,quái
tôk,lộp
tõ hlơ hlẽng,hầm hập
tăh,xen
tăng do` hyủ hyủ,ghế mềm
jơrông ji ,sâu bệnh
đưng rŏng 'nơ̆u,sau đây
tĩk,đến gần
anô̆ ană,sau này
đêl rơka,sẹo
giaih,sét
tŏk bŏk đak dơxĭ,thái bình dương
tŏk kơ pal,đi lên
tŏt,luồn qua
tŭn,khiêng
'nhing,sình
sinh hok,sinh học
tơ 'bôh khan,chỉ thị
tơ 'ngleh theng,bóp cò
tơ amâng,đọt
tơ amêm băl,thương lượng
'bơ'brak,số
tơ angla wơr thŏng iŏk hơmet,thu thuỷ
tơ hưch dih băl,ái an
tơ kla băl,giải toả
tơ klah tơ klang,toán loạn
tơ lo`ng phe,gánh gạo
tơ lõng b`a,gánh lúa
tơ lĕi tân,dây lưng
'mok,sổ
hapoi,sọ
tơ pôl axeh,bầy ngựa
tơ pôl chơt,đông vui
tơ pôl iĕi,bầy gà
tơ pôl kŏ,bầy chó
tơ pôl kơpo,bầy trâu
tơ pôl sem,bầy chim
tơ tuh hơ ben,dô quần
tơ tuh khăn,dũ chăn
tơ tŏ kơ jung,nhiệt độ cao
tơ ̆r hơbơ ̆l,ván dày
aneh,số mệnh
tơ'blak,loáng
tơ'blêk,loang
haneh,số phận
tơ`p li hle,cải tiến
tơangot,xát
tơangươ̆,âm điệu
tơb`ôh,chỉ cho thấy
tơblah wĕi teh đak,kháng chiến
sữ,sóc
tơbronh,chím hoa
tơbrĭnh,chi chít
tơbrŏk,trở về
hơkol,sóng
tơcheng,duy
đak krong,sông
gor,sống mũi
poh yă tih,sóng thần
tơnghêt,sốt rét
xu,su
thơi,sư
tơdrong ho ̆ k,việc học
tơdrong kơnê ̆,lêu lổng
tơdrong nâr tơm,nghĩa gốc
tơdrong rơgĕi,sự thông minh
pơgâr,sứ
tơdrŏ,khuấy động
tơdĭu,u ám
tơgle`ch,bong gân
tơglăng,nằm lăn lộn
tơglĕ,láy
tơglơ̆m,vật lộn
tơgo ̆ n,lom khom
tơgăk han rơ han,rựa bén
tơgŭn,khum
tơgơ`,bị gãy
tơhil,sự
sư kiên,sự kiện
gah bơ ngai khin kaon,sử thi
tơh lo ̆ u,xác định
tơh lăk,vướng
tơh lăk tơhli ̆ n,vướng víu
tơhleh,rời ra
tơhlou,trỏ
tơhngơi,hả hê
tơđrong,sự việc
dak tơh,sữa
tơhrông,nhảy tới
tơiung,gây dựng
tơiung rông,dựng nhà rông
tơke`ch,kêu
tơklă,trúng đích
tơkŏei,con hoẵng
tơkơ`l,bị ngã
hơlal,sức
tơlãng,đùm bọc
tơlõ,cái dùi
tơlõ teh hơgơr,dùi trông
tơlĕch tơdrong jang,đuổi việc
tơm gơgŏnh,lần đầu ticn
jơ hngâm pran,sức khỏe
arih sa rơgĕi,sức sống
tơmam sap 'boh,đồ nhạt
tơmam tăng 'boh,đồ mặn
phau,súng
'ngrơ̆t,sừng
tơmum,ở xó
tơmôk,dìm
tơmŏng,toát
phao kơ tuang,súng ống
tơmơ̆t,đưa vào
phao chă hrui,súng săn
tơnal,éo le
tơnam yă kiơ,loại gì
tơngie ̆ t gơ gleng,lạnh lẽo
tơngiot,rét
tơngiĕt gơ gleng,lạnh lĕo
đak thong,suối
tơnglâp,vung
'ngil,sườn
tơno`k,gáo
tơno`ng,cư
đak lơngom,sương
tơnĕi,cha mẹ phái chồng vợ
kơwơ,sương mai
kơ nguă măng mrơ̆t,sương mù
tơp lih ao,đổi áo
tơpai brih,con thỏ rừng
tơplih anih jang sa,du canh
tơplih anih oĕi,du cư
tơplu`n,béo tròn
tơpu`,đổ vặ
tơpô,đòan
đak ngom boh,sương muối
koy,suy dinh dưỡng
tơpŭ,sinh đẻ
hơngơ̆t,suyễn
tơr,quãng thời gian
kơkel,suýt nữa
'đon,tai
tơrăn,yếu
tơthă,cúng gieo trồng
tơtrăp tơtri ̆ n,nặng nề
tơtrĭn,nề
tơtĭnh,luận ra
tơvir,cải trang
tơxi` b`a .,đổ lúa
tơxĕr,trơn tru
tơxĭ,bị đổ
tơxŭl,lộn xộn
tơyum,luận
tơđon,chạy chữa
tơƀôh,gợi
bơngairơgli,tài
tẽk tẽk,ăn ít 
tởr,tấm ván
tụm,con kì nhông đẩy ra
u`nh sa ao,cháy áo
u`nh sa hnam,cháy nhà
u`nh sa đĩ,cháy trụi
ui,uỷ
tơphă,tai họa
uĕt,ngoe
ŭnh hnam chă đon tơ plih,kế hoạch hóa gia đình
bơ ngai git,tài xế
wa,trọng
wai dŭng,nhện giăng tơ
wang pơ dŏng,tiếp sức
wang sơ angon,chia buồn
hnhĕch,tâm
wat,vát
we ̆ nh dơve ̆nh,lắt chắt
we ̆nh ao,vắt áo
we ̆nh hơben,vắt quần
we ̆nh sôm ao,vắt quần áo
wek,bị trầy
wet,vét
wing măt,ngợp
wir,biến hoá
bơblă̆k,tăm
wă jê ̆,xấp xỉ
wă jê̆ păt,gần tắt
wă kơ anhŏng,cần anh
wă kơ hâr,khuyến khích
wă mă tôm,mãn nguyện
píik,tầm
tằm,tằm
tâm vông,tầm vông
gơgrŭng,tấn
wĕi bơ be,chăn dê
wĕi mă alâng,tự trọng
wĕi pơ alâng,giữ gìn
wĕi vê tơmam,bảo tồn
wĕnh,lất
wơ ̆l jrok,lầm lối
sơangol,tang
wơnh sem,bệnh thần kinh
wơvit,vùn vụt
wơvĕr,quyến luyến
wưch,loáng thoáng
hơ pong lôch,tang lễ
oĕi băl hrôih,tảo hôn
dôm hla ar,tạp chí
pơh hrăm đŏk,tập đọc
kotum,tập thể
yang pă song,xấu số
jăh,tật
yo ̆ u areng,xúc cua
yo ̆ u hơdang,xúc tôm
yo ̆ u se,xúc tép
yoh,đi thẳng
yua kơdih,tự sử dụng
yuh,hơi nóng
yuă,căt
juăt kơ nê̆,tật xấu
rơnop,tàu
yô,tiểu tiện
tău hoa,tàu hỏa
yă kiơ,cái gì kia
reh tơ dru,tấu nhạc
yĕng,đặt được
duk oei tơ đak,tàu thủy
yŭn,theo nhịp
yŭn hơri,theo nhịp hát
yŭn suang,theo nhịp múa
iĕp,tay
âp,nấu
âr,xôn
ât,lưỡng
ôp mă goh,rửa sạch
ă,ái
ăn bơnê,biếu
ăn kơ e,cho mày
ăn kơ ĭnh,cho tôi
gah 'năr mữt,tây
tiao,tay áo
tê̆,tế
hơmaih,tê giác
bonhuõl,tê tê
đak dơxĩ gah hơ le`ch,biển đông
đak dơxĩ gah hơlẽch,bể đông
đak dơxĩ găm,biển đen
đak dơxĭ ân đô,ấn độ dương
đak hlak,mật ong ruồi
đak hlăng,nước trong vắt
đak lâp lah lai,nước triều
tem kơthơ,tem
đak măt lĕch,lệ rơi
đak ngom 'boh,sương muôi
brưm,ten
'brư̆m,tên
đak toh mĕ,sữa mẹ
đak toh rơmo,sữa bò
đak xăng gre,xăng xe
đe ̆i bơm,liên quan
đe`i đơ`ng ie`,bẩm sinh
đi đăng bơngai,mọi người
đing et tơdrô,cần rượu
đing lem,ông thị muối
đo`k,đoc
đoh hơle,đeo bông tai
đoh măt kơmil,đeo kính
đok,con khỉ
đon gah ama,tai phải
đon gah angiĕu,tai trái
đon johngâm mĕ,nghĩa mẹ
đon rơ gĕi,tài giỏi
đui,lôi kéo
đâng rŏng kơ,sau khi
đâng sơ ̆,xa xưa
đãi,ng
bơgui,tên cúng cơm
yă kơsŏng,tép
đêl đăi thoi sơ̆,giống như cũ
đăk bơngai tơlăm,cài người
kơ̆r,tết
đĕi anat,có trở lại
đĕi jơ hngâm,sảng khoái
têt nguyên đan,tết nguyên đán
chơ hei đak,thác nước
thâm kanh,thâm canh
tham mưu trương,tham mưu trưởng
kơweh,thám tử
ĭch kơ pô,phân trâu
ĭn ĭn,ỉn
ngal,than
ŏŏ,o o
hkău 'long,thân
ŭnh hnam chã đon tơ plih,kế hoạch hoá gia đình
ŭnh hnam hiôk chơt,đầm ấm
xêh,thần
lĕn,thận
ngar tơ mo,than đá
kơthang,thang
ơi,ơi
ư ang rơgĕi,anh minh
khĕi mônh,tháng
ưh hơ kĕ,ốm yếu
ưh hơ nỡng,chênh lệch
ưh hơnâng tơnĭl,bất hoà
ưh kơ 'blep,không khớp
ưh kơ 'mêm,không thương
ưh kơ ai,hèn mọn
ưh kơ alơng,không tốt
ưh kơ ameh,ngao ngán
ưh kơ ană,không mừng
ưh kơ chă,không tìm
ưh kơ chơt,không vui
ưh kơ et,không hút
ưh kơ gơh dĕi yua,không hiệu quả
ưh kơ hlôh,không hiểu
ưh kơ hăt,ung dung
ưh kơ hăt hot,không vội
ưh kơ hơ 'bôn,không êm
ưh kơ jê̆,không gần
ưh kơ jăng,không khoẻ
ưh kơ jĕi,không thắng
ưh kơ jĭ,không đau
ưh kơ klaih,không thoát
ưh kơ klă,không bù
ưh kơ lũn,không vừa
ưh kơ lŭ,không ngả theo chiều
ưh kơ mah,càng thiếu
ưh kơ man,không xây
ưh kơ măm,không bú
ưh kơ mơ̆t,khuât phục
ưh kơ ngeh,hoài nghi
ưh kơ năm,không đi
ưh kơ nĩt,chi phôi
ưh kơ praih,lạnh nhạt
ưh kơ pơm,không làm
ưh kơ sŭk,nôn nao
ưh kơ thiu,không thiếu
ưh kơ trŏ,không đúng
ưh kơ yoch,vô tội
ưh kơ đah,không mọc
ưh kơ đang,không xong
ưh kơ đe`i lơ,khan hiếm
ưh kơ đunh,không lâu
ưh kơ đĭ,không hết
ưh kơbăt alâng,quan liêu
ưh kơgơ tep,mất ngủ
ưh kơrtam băt,bất ngờ
ưh pă yua,không dùng
ưh pơ ư,khiêm tốn
ưh pơ̆n,không tự tin
ưh sơđơ ̆ng,xao xuyến
ưh trŏ 'blep,phi nghĩa
ưh trŏ tơdrong,mơ hồ
ưh tơplih,không thay đổi
̆i,ổn
khei tơ pơh,tháng bảy
khei'bar,tháng hai
ỵă kiơ noh,cái kia
khei minh jĭt,tháng mười
jơrông phă ‘long,sâu đục thân
pơgloh la,nhất là
pơnhroh sơnăm,hoạchnăm
khei minh jĭt bar,tháng mười hai
'bak kơmŏng,trắng bóc
'bak si,báo sĩ
'băo,bạo
'beng 'ngam,đường ăn
khei minh jĭt mônh,tháng mười một
'binh đinh,bình định
'bling nhip,nhấp nháy
khĕi pơ đăm,tháng năm
khei'tơhnam,tháng tám
'bot ti,thò tay
'brông 'brang,sặc sỡ
'brữ kơnĕ,xấu xa
rơ'nhet,thánh
'bum ngu,đơn giản
dăm,thanh niên
'bă rong,bố nuôi
thanh phô,thành phố
'blach,thảo mộc
thap,tháp
'bơ̆i Bơhnar,tiếng Ba na
'bokthây,thầy
'bơ̆l krau,tiếng gọi
'bơ̆l kơkuh,lời chào
'bơ̆l nhĩm,tiếng khóc
'bưp 'bưp,rung rinh
'long 'bươ,tay bừa
'long sơhmuôn,cây cóc
'long tung,đòn khiêng
'long wăk,que chòi
'lê̆p,nhởn
'lê̆p lê̆p,nhởn nhơ
'lơ̆p 'lang,trẻ măng
'lưng liêm,tốt đẹp
'mi prăng măng sơđah,mưa thuận gió hòa
'moih dĕk,buồn cười
'moih sŭng,buồn đái
'măng năm,chuyến đi
'bok pơ jou,thầy bói
bơ jâu xoiyang,thầy cúng
bok thây bơllo,thầy giáo
pojŏu,thầy mo
bok pơ gang,thầy thuốc
juătyua,thể lệ
'năr minh jït,ngày mồng mười
thê trân,thế trận
'năr tơmĕt,hôm kỉa
'yŏk,dùng
'yvung,đứng dậy
'yĕr pdơ̆n kơtăp,gà ấp
bơnga1 luôch,thi hài
thi xa,thị xã
Adrung,Chuồng
Adrĭng,cùng với
Asêch,Thịt
Atung,Đang
Chruh,Tưới
Chănh,Chánh
cho hmŏk,thìa
Cuï,Cụ
Dech,Thường
Gô r̆ap,Quản lý
Hmăng,Đề nghị
Hơ̆u,Hậu
Jan,Vụ
Jung,Sử dụng
Jơnangpơm,Thời gian thực hiện
Kai kăch,Cải cách
Kâp,Cấp
Khŏa,Khóa
Kuyê,Quý
Kyê tŭk sa,Ký túc xá
Kŭt,Quyết
Kơtuôih,Cũng
Lơmjơ yâu,Thời gian qua
Lơ̆p,Lớp
Mơu,Nấm
Phŏ,Phó
Pơgơl,Chỉ đạo
Pơnhroh ni,Đặc biệt
Pơtho khan,Hướng dẫn
Pơtruh,Giới thiệu
Rim sơbăn,Hàng năm
Rĭng,Riêng
Sĭt,Đóng
Sră tơnŏ tơnăn,Ánh nắng ấm áp
Sơnăm 'nau,sang năm
Tiê̆p,Tiếp
Tăi,Tái
Tơlĕi,Dây
Tơm,thực hiện
Tơmo,Hòn đá
Tơng,Tổng
Viê,Ví
Vĭ,Vị
Xak,Xác
Xŭk,Xúc
Yam Đôk,Giám Đốc
Yok,Dùng
Yua noh,Vì vậy
a xĕch nhŭng,thịt heo
adb,ngân hàng adb
adrach,chăn nuôi
adrung 'yĕr,chuồng gà
dĭk,thịch
lăm plenh the,thiên nhiên
mơyang,thiên thần
thiêt ‘bi,thiết bị
amem bơnat,yêu quý
an toan,an toàn
an toan đô xa,attp
anglŏ anglơi,bình thường
anh hương,ảnh hưởng
anu mao gôh pơgloh,khoẻ
anvil,anvil
ap jung,áp dụng
apinh sa ,ăn xin
xeiu,thịt
ară tơplih,điều chỉnh
asĕng asĕng,nghiêng nghiêng
atung 'yung,lớn lên
atăk măt,đặt tên
auriculariaceae,auriculariaceae
ân,ân
tơ pai,thỏ
bar ,tiếng 
bavistin,bavistin
bek 'bŏ,phính má
hơon,thơ
bioseed,bioseed
bling bling,bập bùng
jơnoi sot,thọ
blŏch ti,xoa tay
blŭ blă,rộn ràng
blơng khơng,đàn bơ lơng khơng
bnnptnt,bnnptnt
bo pơnal khêng,bọ cánh cứng
thơ̆,thợ
dơnôih,thổ địa
bơngai jang 'long,thợ mộc
breh grăng,khỏe khoắn
brix,brix
brơu brơt,vàng thẫm
jyăt,thợ rèn
brư̆ brich ,xấu xí
brư̆ kơnĕ ,hung ác
btc,btc
btp,btp
bui 'nhông ,nhộn nhịp
bơngai chă druh,thợ săn
găr ba,thóc
thơĭ,thời
bĭ man,không nổi
bĭ sư kơ trêch,không để bị động
bĭ yôk,khó chịu
thơi yan,thời gian
bơdô̆ 'mi,trú mưa
bơdŏ năng,so sánh
chăl dang ĕi,thời nay
rơ'bơch,thói quen
bơgrong sa kơpô ,lễ đâm trâu
thơi vu,thời vụ
thôn,thôn
bơlang kai,chích chòe
bơliêh,lang ben
bơlŏ lơngoh,cảm lạnh
pơtho khan,thông tin
khong bri,thú
bơngai hơ'yoh,người trẻ
bơnăt,cái đập
bơđô,ru
bơĭ lơĭ,đót
kơ thơ,thư
khoch,thứ
carbendo,carbendo
carzate,carzate
ccs,ccs
centimet,centimet
mă minh jĭt,thứ mười
chep chơ,vận chuyển
chep năm,tiến hành
yông gah linh,thủ tướng
chih akău,xăm mình
choh jang,sản xuất
choh jang tech bơdro,sxkd
chqs,chqs
thu y,thú y
chro đi,lo toan
alưng lơm,thuận lợi
thuât,thuật
chruh kơ̆r,ăn tết
chu đông,chủ động
chuên,chuyên
bơlun,thức ăn
chă jơluk jơlăk ,Sục sạo
chă yuô,chuyên dùng
chăm Hroi ,Chăm Hroi
đô xa,thực phẩm
chĭh,ghi
chŭt ŭnh,nhóm lửa
bơ ngai iok yên,thuế
chơhleng chơhlot,mịt mùng
chơlŏk,yết
chơnglôk chơnglak,íới
chơhuk,thung
cm,cm
coli,virus e.coli
cp,cp
crsd,crsd
ct,ct
ctubnd,ctubnd
'đŏng,thúng
côt,cốt
cươm,cườm
'monh,thừng
hop hơ hop,thung lũng
dgưm,hỗ trợ
diazinon,diazinon
hô̆t,thuốc
dih plơh,mong muốn
distant,distant
diêng diêu sơmah ơmat,phong tục tập quán
diêu,diêu
dră drang,bề bộn
duyêt,duyệt
'long thưk vaih,thước
dôm ơ̆i,bấy nhiêu
dĕk chơt,tươi cười
dơnuh nan,nghèo khổ
ec,ec
enterprise,enterprise
f,f
akơ̆m,thuốc độc
giam,giám
giam sat,giám sát
hô̆t hla pơlô̆u,thuốc lá
giâm,giâm
kơnăk,thuốc nhuộm
gloh luôi,vượt quá
thuôk ngoi phau,thuốc súng
glêh glang ,mệt mỏi
gmp,gmp
gôm,gồm
gps,gps
krơu,thường lệ
rơxuỡn,thướt tha
thuy,thuỷ
grĕng nĕng,lục lạc
gt,gt
gô adrol,phục kích
gô đech,sẵn sàng
gĕI măt 'bak,lòng trắng mắt
thuih,thủy
thuy san,thuỷ sản
gĭt găl ,đặc biệt
gưm,trợ
plung duk,thuyền
h'yoh,đứa bé
haccp,haccp
hach hŏch,tan nát
hâ̆u,hậu
hgei,chăm lo
hgĕi,hiệu quá
hiah hiông,rách toạc
hiah hŏch,rách nát
'biĕ,tí
hiong bơngol,kinh hãi
hiong hiơt,thất thoát
hiê hiê,khúc khích
hiêm,nhiễm
kơ'nher,ti hí
tivi,ti vi
sư̆ amăn,tích trữ
tiêm lưk,tiềm lực
hlâu,dễ dàng
yă yang,tiên
hling tra,pha chè
hlung đak,dòng nước
hlôh hlăk,khôn lớn
hlôl hlal,cổng kểnh
hlŏ hlang,xa Xôi
hmăng,yêu cầu
hn,hn
jên,tiền
tiên đô,tiến độ
hoai muk,hoai mục
hoat,hoạt
hom,hom
hon sơnĕnh,mọc răng
'nơr,tiếng
hrat tơnap,vất vả
hrul hnam,vắng nhà
hut mơ̆u,đánh hơi
huy,huy
huâên,huấn
hyong,mai một
hyôk hiăn ,vui mừng
hyôk pơtơnh,hài hước
hô xuân anh,hồ xuân ánh
hôi đoan thê,hội đoàn thể
hăm đunh,bao lâu
hđnd,hđnd
hơbo tơlôp,ngô bầu
hơgĕi,chủ yếu
hơnung hơnăng,ì ầm
hơđŏng atău,cúng ma
hơ̆p tak,hợp tác
hưch driêu,hò reo
adrŏ,tiếng động
h’rê,h’rê
'bơ̆I angiêng,tiếng kêu
nơ̆r pơ ma,tiếng nói
jăk,di dời
jăn,chữa bênh
nơ̆r ư ang,tiếng tăm
jê̆,cận
re chơ chrĕng,tiếng vọng
tiêu chuân,tiêu chuẩn
juêng,dụng
juô jot,buồn bã
plai nuih,tim
jên biêa,vốn ít
jăng pran,khoẻ mạnh
tơ drong dơ̆ng nôh nai,tin tức
jơdrap ,cái thuống
'jrông,tinh
blal,tình
jơrông keo,sâu keo
jơrơau,hoà tan
jơûaú dêh,đẩy mạnh
jư vei,bảo quản
tơgră,tỉnh
kaly,kaly
khŭl tơdăm char,tỉnh đoàn
ơkơ̆u,tính mạng
bơyô,tình nhân
karen,karen
kcl,kcl
hơdrăl,tỉnh rượu
nưih sơngưm,tính tình
ken đĕch ,bé nhỏ
khao,khảo
yä,tổ
khiêl,khê
tơ pu xut,tổ ong
khul pơgơl,ban chỉ đạo
khuyên,khuyến
khuân,khuẩn
khôn kheŭ,hiền lành
Jĕl bok ư bok,tổ tiên
khĕ khă,ì ạch
khĕ khĕ,yếu ớt
khĕi 'nơ̆u,tháng này
khĕi adrol,tháng trước
khoa tơ pôl,tổ trưởng
mŏk lol,tò vò
toa,toà
khŏ kơpơm,trở ngại
toan,toán
lơ̆m teh đak,toàn quốc
kiê,kiểm
sõk kang,tóc
kilôgam,kilogram
kilôwat,kilôwat
kiêl klŏng ,vực sâu
kiêm,kiêm
kleng kleng,ngó ngó
klik klang ,ồn ào
klăm klu,tối mịt
pơ̆drong,tộc
klăm  ,tối
gơdĭm,tỏi
rơbõk,tơi
hô̆,tội
kông kô̆ng,công cộng
kriêm,kriem
krong 'Bung,sông Kôn
jơỉíp,tối đen
kră pơlĕi,trưởng bản
đĕi tơdrong yoch,tội lỗi
kơtĕi,tôm
"ku thê,",cụ thể
kue ,què tần tật
kueng kueng ,ầm ầm
kuet đinh,quyết định
kuê̆t,quyết
kung kô,củng cố
kup kơ̆i ,cúi đầu
kuy pham phap luât,quy phạm pháp luật
kuy đinh,quy định
đĭ,tổng
tre,trà
kuôt đon ,hiểu ra
kuăng rĕnh ,nhanh chóng
kuĕnh ,vượn
hơchong,trai
kêt kơu,kết cấu
kôjaêp,kiên cố
kông khai,công khai
pổih,trại
kăn hăp,từ ba người trở lên
kăn hăp ,chúng nó
tram,tràm
tram xa ,trạm xá
kơ dô̆ xoang,biểu diễn nghệ thuật
thâq,trán
kơ wă,mong
kơ'nhiêm,cây họ đậu
nưih tơblah,trận đánh
tơteh,trần gian
kơdơ̆u hli,chạy trốn
kơhriêng,hàng trăm
kơjăp dêh,vững mạnh
kơmuh đak,bọt nước
kơnh 'biễ,lúc sau
nâr pơma hlôi,trạng ngữ
khĕi mơ nil,trăng tròn
plĕi nâr pơma rơđah,trạng từ
trât tư,trật tự
kpô,trâu
kơïaëp,cố định
hla blơ̆u,trầu
k’nang,k’nàng
lam jung,lạm dụng
lang tang,mênh mông
lcasp,lcasp
je,tre
let,lét
lieâu,lliệu
ling lang,mãi mãi
loa ken,loa kèn
loan,loan
logistics,logistics
đe hơ 'yĕ,trẻ con
loih,rễ cọc
long arĕn,cây dâu
ha'lơ̆p,trẻ em
triên,triển
hŏk hơ len,triết học
luôch,tử vong
hơnuh ŭnh,tro
lĭ ơ̆i,vì vậy
lơkah lơkai  ,thừa thãi
lơm pơlok,tổ chức
lơm rim drong,trong các
lơm rim sơnăm,từng năm
lơm tơring,trên địa bàng
plẽnh,trời
lơ̆m minh ksô̆ tơdrong,thông tư
lơ̆m minh sơnăm,mỗi năm
lơ̆m rim tơdrong,trong các lĩnh vực
lơ̆m tơdrong tơguêm,chính sách hỗ trợ
lơ̆m tơring tinh,trên địa bàn tỉnh
lư dơno,hư hỏng
lư lang,rất nhiều
lư tơdrong pơm,hoạt động
lưk lương vu trang,llvt
lưu y,lưu ý
'năr dưng,trưa
m,m
mai hông sơn,mai hồng sơn
măi,mại
kram yai,trúc
mililit,mi
milimet,milimet
minh 'biĕ,một tí
minh 'măng ,một lần
minh 'nu ,cô đơn
minh hĕi,một chốc
minh jĭt ,một chục
minh pơnuôt ,một nửa
minh ‘bach,minh bạch
ktăp,trứng
oĕi sa alơ̆ng,trung hậu
chruh kơ̆l đe hơ'yoh,trung thu
mttqvn,mttqvn
tai wai tuơh đak,trung tiện
adrol đơng,trước sau
mw,mw
mwp,mwp
mô,mô
trương,trường
pơgơ̆n,trưởng
tơ hơ drung,trưởng họ
hnam pơ srâm,trường học
rim tơdrong,trường hợp
mơhiưch mơhiach,lơ lửng
khoa tơm jang,trưởng phòng
trương thôn,trưởng thôn
mơtơ̆ng ,nếu như
mưĭ,sửa soạn
oeng,truyền thông
tt,tt
tuh pơgang,tủ
lĭnh huam phak,tù binh
tuh hla bơ ar,tủ sách
hai năng de,tù trưởng
nghiêm,nghiệm
nghiên,nghiên
ngo hnhe,quản lý
ngô̆,ngộ
nguôn ,nguồn 
ngâm,ngâm
ngâêm,ngấm
hke kpô đe hlôm,tù và
ngŏ 'boh,nhìn thấy
nhat thê hoa,nhất thể hoá
nhcsxh,ngân hàng chính sách xã hội
nhuân,nhuận
tuân,tuần
nhĭm hmoi,khóc lóc
giĕng gơ gơl,tuần lễ
nhŭn thê,nhuyễn thể
nhơ̆t đinh,nhất định
nhưh,kiểm tra
niê̆m,niệm
nilon,nilon
nissorun,nissorun
noh hĕi,nãy
rơnhăp,tục
nô̆i tru,nội trú
tơdrong diêng diêu,tục lệ
h'mon pơ dơ̆k,tục ngữ
tuê,tuệ
kơdŭng,túi
năm adrol,đi trước
năm chă ,tìm kiếm
chơbĭ,túi xách
nơi,tại chỗ
kơnuk,tướng
chơnĕng,tường
oei lơ̆m teh,ở trong
oncol,oncol
tương,tượng
tuên kuân,tuyển quân
hơ mơl,tuyết
phe 'ba  ,thóc gạo
ty lê,tỷ lệ
ubnd,ubnd
pho,phó
phong dơt,phòng trừ
nưih 'moih,ước mơ
phong thu,phòng thủ
phô,phổ
ương,ương
ưu điêm,ưu điểm
kơdrưh,uy tín
chơ nĕng,vách
phân phô̆i,phân phối
phí phoi,no nê
phô ‘biên,phổ biến
hơ `ngiăng,vai
pit pha,chuối lùn
pit pơnang,chuối tiêu
bô ̆i,vại
lơk,ván
plŏk 'biê̆,hé ra
plơ̆ plech,nhiều lần
plư̆ng plưng,mới hơn
popuôn,popuôn
praih ,dàn
ptnt,ptnt
pôk xuôn,nâng cấp
pă lê̆,không biết
pă tơđuk,tha thứ
pĭm tru,bướu cổ
pĭng păng,thình thịch
pơ tĕp rang minh,thắp sáng
pơ'nhau nưih ,làm lành
pơchi ,hướng dẫn 
pơdriêu jên,trả tiền
pơdriê̆u,chủ chăn nuôi
pơgal 'măng,song cửa
pơgei piêu,duy trì
văn,văn
pơjin,phát triển
pơjuŏ pơđep,bắt nạt
pơkau 'ba,bông lúa
pơlôm hlĕnh,giả dối
tang khim,vằn
pơm adrung,thiết kế
pơm glăi,vi phạm
pơm liêm,làm dáng
pơm pơlôm,giả vờ
pơm sa,làm ăn
pơm tơjul,hạn chế
pơm đôi,kết bạn
văn ‘ban,văn bản
pơna1 chơraih,que cời
pơnhan grông,bát lớn
pơnhan ken,bát nhỏ
pơnhro,triển khai
amek,vấn đề
chih pơđơ ̆k,văn học
wăn nge ̆,văn nghệ
pơnil hnam ,vách nhà
chih tơ roi,văn xuôi
'brŏu,vàng
pơteo,gắn
pơth nưih ,mạnh dạn
pơthgo khan,báo cáo
pơthop khan,đề nghị
pơtĕp,kèm
pơtĕp ,lồng ghép
pơtơm lêch ,ra đời
pơtơ̆p pơtho ,bày vẽ
pơtơ̆p thê jŭk,tập thể dục
pơđăm,lăm
pưnhôm tơmưt,tập trung vào
rang jơdah,sáng rực
'brơ̆u 'brơt,vàng khè
brơu hla,vàng lá
riêng hơyô,săn bắn
dreng bre ̆ u,vàng rực
ruô̆k,ruốc
rôp hnhĕi,bắt thăm
rôp ti,bắt tay
rĕk rĕk,róc rách
rơret akău,rùng mình
sa et,ăn uống
sa uĕi,ăn ở
sang glang ,đẹp đẽ
score,score
sem blang kĕi,vành khuyên
sem diĕ ,con vẹt
sem klang ,chim diều hâu
sem kơwơng ,chim công
sem lơ-oh ,cú mèo
hơkŏu,vạt
siêm rong,săn sóc
vât liêu,vật liệu
sp,sp
vât tư,vật tư
srôp kơdiŏng,lấy vợ
srôp tơhnglo,lấy chồng
suât,xuất
să lang tang ,rộng mênh mông
sơgiêng 'long,cành cây
sơhmĕch wông,muỗi anôphen
wê,vệ
sơmah sơmat,cúng bái
sơnăm 'nau piêu,sang năm nữa
chơkuĭl,vẹo vọ
drơl,vết
sưa,sửa
sưa chưa,sửa chữa
blam,vết bầm
sưt rŏng,quay lại
sư̆ akap,đặt bẫy
sư̆ anhơl,biết ơn
chơbơ̆u,vết thương
pơnơi,vi
tâl,đầy đủ
tâ̆p huâ̆n,tập huấn
tăo,tạo
tech bơdro,kinh doanh
teh bri,giang sơn
teh brữ,đất cằn
teng tong,bập bềnh
tep hlêk,ngủ say
tep hyơt,ngủ quên
tham dư,tham dự
viê,vị
thanh tra,thanh tra
thâu,thầu
thi hanh,thi hành
vi sinh,vi sinh
thinh,thịnh
thiê nghiêm,thí nghiệm
thiêng,thiêng
thiêu,thiểu
thoat,thoát
thô̆ng,thống
thu thanh,thu thanh
^^,việc
thuoâc,thuộc
thuân,thuần
lơm drong pơm,việc làm
ji ̆  hơlo ̆ ng,viêm họng
thŭ,thụ
thâm,thâm
gonh,viền
vien,viện
tiê̆p,tiếp
vinh,vịnh
hơ ra,vịt
tiêu kưk,tiêu cực
tiêu thoat,tiêu thoát
toi noh,Đồng thời
toi thiêu,tối thiểu
ton pơnưng,đánh trống
tong sră,cánh nỏ
trao,trào
trâ̆n,trấn
tri giă,trị giá
trinh,trình
pjo,võ
gơ'doh,vỏ
trong kial,luồng gió
hla ar chih,vở
trong đak,rãnh nước
truiên,truyền
trung,trung
trơ tro,phù hợp
trơ̆,trớ
trưk,trực
trưk thuôc,trực thuộc
trưk tiêp,trực tiếp
ttyt,trung tâm y tế
tuanh đak,vắt nước
cỗ,vợ
tuh piêu,bón thúc
tuk kơso,bỏ dở
tuk mŏm,cai sữa
tuy,tuy
tuên,tuyên
tw,tw
tyê,tý
ngao,vỏ sò
tôn chinh,đánh chiêng
tôn kơlok,đánh đàn
ruôih,voi
tông hơp,tổng hợp
tăp trôm,chọc lỗ
chul,vôi
sra bôt,vôi bột
hơdrum,vòm
kơwang,vòng
dĭng dŭng,võng
tơ'nhươ̆i,trở lên
tơ'yung sŏk,xù lông
tơ-uh sơhngơ̆m,hà hơi
kong băk tơ koi,vòng cổ
tơdang,tương tự
gơwang,vòng tròn
vu,vụ
tơdrong ară,tồn dư
tơdrong joh,điệu hát
hơnuak,vũ khí
tơdrong pơm boi,làm theo
tơdrong pơm lĕch,tạo ra
tơdrong pơđam,công tác
dơ tao,vua
tơguam,phục vụ
tơgǔm,bổ sung
chơhuh,vực thẳm
tơja bơluk bơluk,nói lảm nhảm
tơjung pơm,xây dựng
apu ̆ng,vùng
tơmăn 'ba,đồng lúa
tơmăn tơl,bảo đảm
tơmăn tơl trơ trêo tơdong wă,đảm bảo đúng yêu cầu
tơnŏ tơnang,ấp áp
tơpăt klak,chân thật
tơpăt tơpe,thắng tắp
tơpơ̆h,số bảy
tơtanh,xoắn lại
vưng,vừng
tơwĕch tơwŏch,méo mó
suôn apung kông,vùng cao
teh dal hnam,vườn
tưk khưk,tắc kè
hlêp,vương
u,cây dừa
vuông gok,vuông góc
urê,phân urê
usd,usd
uât,uật
uênh hnam,hộ gia đình
uĕi kah,đứng lại
teh đak pơtau pơgâr,vương quốc
vâ̆n,vấn
vietgap,vietgap
a pŭng,xã
vinh son,vĩnh sơn
vinh thanh,vĩnh thạnh
sơ'beng,xà beng
viêt nam,việt nam
vn,vn
khu ̆l tơdăm tơring,xã đoàn
xa hôi,xã hội
sơlat,xà lách
sibo ̆ ng,xà phòng
vê sinh,vệ sinh
web,trang web
website,website
wi 'ban sa,ŭy ban xă
wih piêu,trở lại
wimax,wimax
wêng trong,lạc đường
wă tep,buôn ngủ
dak yâu xăng,xăng
xich đu,xích đu
xoe,xoè
xuyên,xuyên
xx,xx
xăo,xáo
xư ly,xử lý
yang kông ,thần núi
yang plĕnh ,thần trời
yang đak ,thần nước
gre pi ̆ t u ̆nh,xe cứu hoả
hiơ dui brai,xe đạp
yiêu hanh,diễu hành
'bonh,xe dây
yok ja ,tro tranh
xe hơ yuh,xe hơi
yung,dung
yuô lơnhư,vì sao
gre gro ̆ l,xe lăn
yên tâm,yên tâm
gre tơ reng,xe lửa
gre bơbi ̆ t,xe máy
gre hơ xeh,xe ngựa
yă yai ,con yểng
xe kơ pô,xe trâu
yăl arih,sinh trưởng
'năr jrang,xế trưa
seng suk,xẻng
yưă tŭn,dự tuyển
xi măng,xi măng
ô nhiêm,ô nhiễm
ôxi,ôxy
ăn lech,ban hành
ăn tơdrong pơm,cơ sở cho việc
ăn tơdrong pơm hơgei,cơ bản
đ,đ
đah ơkău,nứt nanh
pơ ŏ,xoài
đai ngô̆,đãi ngộ
đak dơwing,xoáy nước
đak pơluk,vũng nước
por tơyông,xôi
đăi,đại
đăp,nghiêm trọng
đe yoh,nít
đech tơplah,chiến đấu
đei pơm ,cải tạo 
đei đô xa ger,thức ăn viên
đi đăng,toàn bộ
phu ̆i phu ̆i,xốp
đinh văn lơm,đinh văn lơm
wă kiơ ̆,xu thế
đôk,đốc
đunh đunh,thỉnh thoảng
đuôi loi,cao bằng
đuô̆i,âu
zan,xuân
ju ̆ m dar,xung quanh
tho ̆ ng nan,xuồng
gleu,xương
đông viên,động viên
đŏng đeu,quanh co
kting kơ dŭ,xương sống
đơ̆ng kơpal,của nhà nước
bơnir,xương sườn
đưng sơ̆,từ lâu
Ŭh hnam,Gia đình
Ơêi,Có
lăm kơche ̆ng,ý
ơpă,tận mắt
ơxong,phân công
ưu,ưu
ươk,ước
ươm,ươm
ư̆ng,ứng
‘bat,bạt
‘boh đei,chứng kiến
‘bâp ‘bênh,bập bênh
‘bơl đon,tham mưu
đon tơche ̆ng,ý nghĩ
nâr wă khan,ý nghĩa
yul,yếm
black,yết hầu
